"Cue ID","File","Format","Duration","Source or license note","Loop flag","Number of uses","Scenes using it","Orphan status","Duplicate status","Filename-content mismatch","Loudness issue","Playback issue","Recommended action"
"music:baby-snakes.mp3","assets/music/baby-snakes.mp3","MP3","108.46","Artist metadata: Frank Zappa. Booski's entrance, on the [E] that takes the shot. Owner-picked window widened 0.4s at each end on the 2026-08-04 playtest: in at 18.6, out at 22.6. Documentation — the runtime reads signature-music.js. License/source field not recorded in manifest.","No","3","bada_bing_one","No","No byte-identical audit duplicate","UNVERIFIED — manifest text/title is not an audio-content check","UNMEASURED — no integrated-LUFS evidence","No source-level issue; active-play receipt pending","Keep; verify audible content and loudness in the active scene."
"music:cant-you-hear-me-knocking.mp3","assets/music/cant-you-hear-me-knocking.mp3","MP3","435.72","Artist metadata: The Rolling Stones. Beef Run's takeoff needle-drop, right around climbout. No station and no venue -- a cue, not programming. Runtime reads MissionAudio.takeoffAnthemFile in src/beefrun/audio.js, set in src/beefrun/main.js. License/source field not recorded in manifest.","No","2","airstrip_smuggling","No","No byte-identical audit duplicate","UNVERIFIED — manifest text/title is not an audio-content check","UNMEASURED — no integrated-LUFS evidence","No source-level issue; active-play receipt pending","Keep; verify audible content and loudness in the active scene."
"music:codename-sasquatch.mp3","assets/music/codename-sasquatch.mp3","MP3","104.304","THE TAKE's safehouse radio, on the crew's actual fresh start the morning of the job -- not on the preview/resume/return paths. No station and no venue -- a cue, not programming. Runtime reads the file directly in src/heist/main.js's begin(). License/source field not recorded in manifest.","No","1","bank_heist","No","No byte-identical audit duplicate","UNVERIFIED — manifest text/title is not an audio-content check","UNMEASURED — no integrated-LUFS evidence","No source-level issue; active-play receipt pending","Keep; verify audible content and loudness in the active scene."
"music:driving-jerky-hotel.mp3","assets/music/driving-jerky-hotel.mp3","MP3","224.592","Low-volume, non-diegetic score for the Jerky Motel drive. It is not radio programming and has no world source. License/source field not recorded in manifest.","Yes","1","jerky_motel","No","No byte-identical audit duplicate","UNVERIFIED — manifest text/title is not an audio-content check","UNMEASURED — no integrated-LUFS evidence","No source-level issue; active-play receipt pending","Keep; verify audible content and loudness in the active scene."
"music:driving-the-take.mp3","assets/music/driving-the-take.mp3","MP3","194.712","Low-volume, non-diegetic score for THE TAKE's escape drive. It is not radio programming and has no world source. License/source field not recorded in manifest.","Yes","1","bank_heist","No","No byte-identical audit duplicate","UNVERIFIED — manifest text/title is not an audio-content check","UNMEASURED — no integrated-LUFS evidence","No source-level issue; active-play receipt pending","Keep; verify audible content and loudness in the active scene."
"music:enola-escape-after-drop.mp3","assets/music/enola-escape-after-drop.mp3","MP3","148.2","Non-diegetic escape score. It starts only after the explosion and its authored silent aftermath have landed. License/source field not recorded in manifest.","No","1","enola_squatch","No","No byte-identical audit duplicate","UNVERIFIED — manifest text/title is not an audio-content check","UNMEASURED — no integrated-LUFS evidence","No source-level issue; active-play receipt pending","Keep; verify audible content and loudness in the active scene."
"music:enola-pre-bomb-drop-approach.mp3","assets/music/enola-pre-bomb-drop-approach.mp3","MP3","37.704","Non-diegetic approach score. The mission aligns its ending to bomb release and hard-cuts it if the release happens early. License/source field not recorded in manifest.","No","1","enola_squatch","No","No byte-identical audit duplicate","UNVERIFIED — manifest text/title is not an audio-content check","UNMEASURED — no integrated-LUFS evidence","No source-level issue; active-play receipt pending","Keep; verify audible content and loudness in the active scene."
"music:fortunate-son.mp3","assets/music/fortunate-son.mp3","MP3","232.046","Artist metadata: Creedence Clearwater Revival. The Enola Squatch's takeoff needle-drop, same mechanism as Beef Run's. No station and no venue -- a cue, not programming. Runtime reads MissionAudio.takeoffAnthemFile in src/beefrun/audio.js, set in src/enolasquatch/main.js. License/source field not recorded in manifest.","No","1","enola_squatch","No","No byte-identical audit duplicate","UNVERIFIED — manifest text/title is not an audio-content check","UNMEASURED — no integrated-LUFS evidence","No source-level issue; active-play receipt pending","Keep; verify audible content and loudness in the active scene."
"music:front-and-center-background-35c043f1.mp3","assets/music/front-and-center-background-35c043f1.mp3","MP3","108.072","Artist metadata: lousputthole. Non-diegetic supper-club bed. The Silver runtime filters it in the kitchen hallway, opens it in the dining room, and ducks it under story dialogue. License/source field not recorded in manifest.","Yes","1","silver_room","No","No byte-identical audit duplicate","UNVERIFIED — manifest text/title is not an audio-content check","UNMEASURED — no integrated-LUFS evidence","No source-level issue; active-play receipt pending","Keep; verify audible content and loudness in the active scene."
"music:front-and-center-opening-b3b9d1cc.mp3","assets/music/front-and-center-opening-b3b9d1cc.mp3","MP3","337.176","Artist metadata: lousputthole. The first 27 seconds only, immediately after the band's opening joke; it fades directly into Bananaphone. License/source field not recorded in manifest.","No","1","silver_room","No","No byte-identical audit duplicate","UNVERIFIED — manifest text/title is not an audio-content check","UNMEASURED — no integrated-LUFS evidence","No source-level issue; active-play receipt pending","Keep; verify audible content and loudness in the active scene."
"music:sensi-lou.mp3","assets/music/sensi-lou.mp3","MP3","10.919","Artist metadata: —. Lou's office, on the first entry only. Owner-picked window: in at 5.0, out at 9.7. No station and no venue -- a cue, not programming. License/source field not recorded in manifest.","No","3","bada_bing_one","No","No byte-identical audit duplicate","UNVERIFIED — manifest text/title is not an audio-content check","UNMEASURED — no integrated-LUFS evidence","No source-level issue; active-play receipt pending","Keep; verify audible content and loudness in the active scene."
"music:spy-jazz.mp3","assets/music/spy-jazz.mp3","MP3","159.696","The Bing store room's portable radio during License to Grill (Blond). No station and no venue -- a cue, not programming. Runtime reads signature-music.js's storeRoomJazz. License/source field not recorded in manifest.","No","1","bada_bing_one","No","No byte-identical audit duplicate","UNVERIFIED — manifest text/title is not an audio-content check","UNMEASURED — no integrated-LUFS evidence","No source-level issue; active-play receipt pending","Keep; verify audible content and loudness in the active scene."
"radio.airhorn","assets/sfx/radio.airhorn.mp3","MP3","1.254","Generated SFX prompt recorded. License/source field not recorded in manifest.","No","4","airstrip_smuggling; apartment; bada_bing_one; countryside_cabin; luxury_apartment; mansion; mansion_return; no_wake; silver_pines","No","No byte-identical audit duplicate","UNVERIFIED — manifest text/title is not an audio-content check","UNMEASURED — no integrated-LUFS evidence","No source-level issue; active-play receipt pending","Keep; verify audible content and loudness in the active scene."
"radio.click","assets/sfx/radio.click.mp3","MP3","0.549","Generated SFX prompt recorded. License/source field not recorded in manifest.","No","9","airstrip_smuggling; apartment; bada_bing_one; countryside_cabin; luxury_apartment; mansion; mansion_return; no_wake; silver_pines","No","No byte-identical audit duplicate","UNVERIFIED — manifest text/title is not an audio-content check","UNMEASURED — no integrated-LUFS evidence","No source-level issue; active-play receipt pending","Keep; verify audible content and loudness in the active scene."
"radio.crowd","assets/sfx/radio.crowd.mp3","MP3","2.064","Generated SFX prompt recorded. License/source field not recorded in manifest.","No","2","airstrip_smuggling; apartment; bada_bing_one; countryside_cabin; luxury_apartment; mansion; mansion_return; no_wake; silver_pines","No","No byte-identical audit duplicate","UNVERIFIED — manifest text/title is not an audio-content check","UNMEASURED — no integrated-LUFS evidence","No source-level issue; active-play receipt pending","Keep; verify audible content and loudness in the active scene."
"radio.cut","assets/sfx/radio.cut.mp3","MP3","0.862","Generated SFX prompt recorded. License/source field not recorded in manifest.","No","3","airstrip_smuggling; apartment; bada_bing_one; countryside_cabin; luxury_apartment; mansion; mansion_return; no_wake; silver_pines","No","No byte-identical audit duplicate","UNVERIFIED — manifest text/title is not an audio-content check","UNMEASURED — no integrated-LUFS evidence","No source-level issue; active-play receipt pending","Keep; verify audible content and loudness in the active scene."
"radio.ident.ksqch","assets/sfx/radio.ident.ksqch.mp3","MP3","4.153","Voice: ksqch. License/source field not recorded in manifest.","No","0","None found","YES — no source/runtime use found","No byte-identical audit duplicate","UNVERIFIED — manifest text/title is not an audio-content check","UNMEASURED — no integrated-LUFS evidence","No reachable runtime use found","Mechanical: confirm the cue is dead, then remove manifest/file together only after OWNER decides the legacy station identity."
"radio.ident.squatch","assets/sfx/radio.ident.squatch.mp3","MP3","3.631","Voice: announcer. License/source field not recorded in manifest.","No","2","airstrip_smuggling; apartment; bada_bing_one; countryside_cabin; luxury_apartment; mansion; mansion_return; no_wake; silver_pines","No","No byte-identical audit duplicate","UNVERIFIED — manifest text/title is not an audio-content check","UNMEASURED — no integrated-LUFS evidence","No source-level issue; active-play receipt pending","Keep; verify audible content and loudness in the active scene."
"radio.ident.uncle","assets/sfx/radio.ident.uncle.mp3","MP3","5.878","Voice: uncle. License/source field not recorded in manifest.","No","0","None found","YES — no source/runtime use found","No byte-identical audit duplicate","UNVERIFIED — manifest text/title is not an audio-content check","UNMEASURED — no integrated-LUFS evidence","No reachable runtime use found","Mechanical: confirm the cue is dead, then remove manifest/file together only after OWNER decides the legacy station identity."
"radio.jingle","assets/sfx/radio.jingle.mp3","MP3","2.064","Generated SFX prompt recorded. License/source field not recorded in manifest.","No","9","airstrip_smuggling; apartment; bada_bing_one; countryside_cabin; luxury_apartment; mansion; mansion_return; no_wake; silver_pines","No","No byte-identical audit duplicate","UNVERIFIED — manifest text/title is not an audio-content check","UNMEASURED — no integrated-LUFS evidence","No source-level issue; active-play receipt pending","Keep; verify audible content and loudness in the active scene."
"radio.kazoo","assets/sfx/radio.kazoo.mp3","MP3","2.273","Generated SFX prompt recorded. License/source field not recorded in manifest.","No","2","airstrip_smuggling; apartment; bada_bing_one; countryside_cabin; luxury_apartment; mansion; mansion_return; no_wake; silver_pines","No","No byte-identical audit duplicate","UNVERIFIED — manifest text/title is not an audio-content check","UNMEASURED — no integrated-LUFS evidence","No source-level issue; active-play receipt pending","Keep; verify audible content and loudness in the active scene."
"radio.riff","assets/sfx/radio.riff.mp3","MP3","2.456","Generated SFX prompt recorded. License/source field not recorded in manifest.","No","4","airstrip_smuggling; apartment; bada_bing_one; countryside_cabin; luxury_apartment; mansion; mansion_return; no_wake; silver_pines","No","No byte-identical audit duplicate","UNVERIFIED — manifest text/title is not an audio-content check","UNMEASURED — no integrated-LUFS evidence","No source-level issue; active-play receipt pending","Keep; verify audible content and loudness in the active scene."
"radio.slots","assets/sfx/radio.slots.mp3","MP3","2.064","Generated SFX prompt recorded. License/source field not recorded in manifest.","No","2","airstrip_smuggling; apartment; bada_bing_one; countryside_cabin; luxury_apartment; mansion; mansion_return; no_wake; silver_pines","No","No byte-identical audit duplicate","UNVERIFIED — manifest text/title is not an audio-content check","UNMEASURED — no integrated-LUFS evidence","No source-level issue; active-play receipt pending","Keep; verify audible content and loudness in the active scene."
"radio.static","assets/sfx/radio.static.mp3","MP3","6.06","Generated SFX prompt recorded. License/source field not recorded in manifest.","Yes","6","airstrip_smuggling; apartment; bada_bing_one; countryside_cabin; luxury_apartment; mansion; mansion_return; no_wake; silver_pines","No","No byte-identical audit duplicate","UNVERIFIED — manifest text/title is not an audio-content check","UNMEASURED — no integrated-LUFS evidence","No source-level issue; active-play receipt pending","Keep; verify audible content and loudness in the active scene."
"radio.sting.ksqch","assets/sfx/radio.sting.ksqch.mp3","MP3","2.534","Generated SFX prompt recorded. License/source field not recorded in manifest.","No","0","None found","YES — no source/runtime use found","No byte-identical audit duplicate","UNVERIFIED — manifest text/title is not an audio-content check","UNMEASURED — no integrated-LUFS evidence","No reachable runtime use found","Mechanical: confirm the cue is dead, then remove manifest/file together only after OWNER decides the legacy station identity."
"radio.sting.squatch","assets/sfx/radio.sting.squatch.mp3","MP3","2.534","Generated SFX prompt recorded. License/source field not recorded in manifest.","No","1","airstrip_smuggling; apartment; bada_bing_one; countryside_cabin; luxury_apartment; mansion; mansion_return; no_wake; silver_pines","No","No byte-identical audit duplicate","UNVERIFIED — manifest text/title is not an audio-content check","UNMEASURED — no integrated-LUFS evidence","No source-level issue; active-play receipt pending","Keep; verify audible content and loudness in the active scene."
"radio.sting.uncle","assets/sfx/radio.sting.uncle.mp3","MP3","3.056","Generated SFX prompt recorded. License/source field not recorded in manifest.","No","0","None found","YES — no source/runtime use found","No byte-identical audit duplicate","UNVERIFIED — manifest text/title is not an audio-content check","UNMEASURED — no integrated-LUFS evidence","No reachable runtime use found","Mechanical: confirm the cue is dead, then remove manifest/file together only after OWNER decides the legacy station identity."
"radio.talk","assets/sfx/radio.talk.mp3","MP3","8.072","Generated SFX prompt recorded. License/source field not recorded in manifest.","Yes","12","airstrip_smuggling; apartment; bada_bing_one; bada_bing_two; countryside_cabin; luxury_apartment; mansion; mansion_return; no_wake; silver_pines","No","No byte-identical audit duplicate","UNVERIFIED — manifest text/title is not an audio-content check","UNMEASURED — no integrated-LUFS evidence","No source-level issue; active-play receipt pending","Keep; verify audible content and loudness in the active scene."
"radio.tape.richguys","assets/sfx/radio.tape.richguys.mp3","MP3","34.456","License/source field not recorded in manifest.","No","1","airstrip_smuggling; apartment; bada_bing_one; countryside_cabin; luxury_apartment; mansion; mansion_return; no_wake; silver_pines","No","No byte-identical audit duplicate","UNVERIFIED — manifest text/title is not an audio-content check","UNMEASURED — no integrated-LUFS evidence","No source-level issue; active-play receipt pending","Keep; verify audible content and loudness in the active scene."
"radio.tune","assets/sfx/radio.tune.mp3","MP3","1.672","Generated SFX prompt recorded. License/source field not recorded in manifest.","No","14","airstrip_smuggling; apartment; bada_bing_one; bada_bing_two; countryside_cabin; luxury_apartment; mansion; mansion_return; mansion_siege; no_wake; silver_pines","No","No byte-identical audit duplicate","UNVERIFIED — manifest text/title is not an audio-content check","UNMEASURED — no integrated-LUFS evidence","No source-level issue; active-play receipt pending","Keep; verify audible content and loudness in the active scene."
"radio.vo.announcer.00eb7vf","assets/sfx/radio.vo.announcer.00eb7vf.mp3","MP3","6.113","Voice: announcer. License/source field not recorded in manifest.","No","1","airstrip_smuggling; apartment; bada_bing_one; countryside_cabin; luxury_apartment; mansion; mansion_return; no_wake; silver_pines","No","No byte-identical audit duplicate","UNVERIFIED — manifest text/title is not an audio-content check","UNMEASURED — no integrated-LUFS evidence","No source-level issue; active-play receipt pending","Keep; verify audible content and loudness in the active scene."
"radio.vo.announcer.0177le3","assets/sfx/radio.vo.announcer.0177le3.mp3","MP3","4.702","Voice: announcer. License/source field not recorded in manifest.","No","1","airstrip_smuggling; apartment; bada_bing_one; countryside_cabin; luxury_apartment; mansion; mansion_return; no_wake; silver_pines","No","No byte-identical audit duplicate","UNVERIFIED — manifest text/title is not an audio-content check","UNMEASURED — no integrated-LUFS evidence","No source-level issue; active-play receipt pending","Keep; verify audible content and loudness in the active scene."
"radio.vo.announcer.019vh3l","assets/sfx/radio.vo.announcer.019vh3l.mp3","MP3","4.937","Voice: announcer. License/source field not recorded in manifest.","No","1","airstrip_smuggling; apartment; bada_bing_one; countryside_cabin; luxury_apartment; mansion; mansion_return; no_wake; silver_pines","No","No byte-identical audit duplicate","UNVERIFIED — manifest text/title is not an audio-content check","UNMEASURED — no integrated-LUFS evidence","No source-level issue; active-play receipt pending","Keep; verify audible content and loudness in the active scene."
"radio.vo.announcer.01pa0hb","assets/sfx/radio.vo.announcer.01pa0hb.mp3","MP3","2.247","Voice: announcer. License/source field not recorded in manifest.","No","1","airstrip_smuggling; apartment; bada_bing_one; countryside_cabin; luxury_apartment; mansion; mansion_return; no_wake; silver_pines","No","No byte-identical audit duplicate","UNVERIFIED — manifest text/title is not an audio-content check","UNMEASURED — no integrated-LUFS evidence","No source-level issue; active-play receipt pending","Keep; verify audible content and loudness in the active scene."
"radio.vo.announcer.02o73bt","assets/sfx/radio.vo.announcer.02o73bt.mp3","MP3","4.624","Voice: announcer. License/source field not recorded in manifest.","No","1","airstrip_smuggling; apartment; bada_bing_one; countryside_cabin; luxury_apartment; mansion; mansion_return; no_wake; silver_pines","No","No byte-identical audit duplicate","UNVERIFIED — manifest text/title is not an audio-content check","UNMEASURED — no integrated-LUFS evidence","No source-level issue; active-play receipt pending","Keep; verify audible content and loudness in the active scene."
"radio.vo.announcer.035km9h","assets/sfx/radio.vo.announcer.035km9h.mp3","MP3","4.467","Voice: announcer. License/source field not recorded in manifest.","No","1","airstrip_smuggling; apartment; bada_bing_one; countryside_cabin; luxury_apartment; mansion; mansion_return; no_wake; silver_pines","No","No byte-identical audit duplicate","UNVERIFIED — manifest text/title is not an audio-content check","UNMEASURED — no integrated-LUFS evidence","No source-level issue; active-play receipt pending","Keep; verify audible content and loudness in the active scene."
"radio.vo.announcer.03x8fj5","assets/sfx/radio.vo.announcer.03x8fj5.mp3","MP3","7.915","Voice: announcer. License/source field not recorded in manifest.","No","1","airstrip_smuggling; apartment; bada_bing_one; countryside_cabin; luxury_apartment; mansion; mansion_return; no_wake; silver_pines","No","No byte-identical audit duplicate","UNVERIFIED — manifest text/title is not an audio-content check","UNMEASURED — no integrated-LUFS evidence","No source-level issue; active-play receipt pending","Keep; verify audible content and loudness in the active scene."
"radio.vo.announcer.04ofbcl","assets/sfx/radio.vo.announcer.04ofbcl.mp3","MP3","5.825","Voice: announcer. License/source field not recorded in manifest.","No","1","airstrip_smuggling; apartment; bada_bing_one; countryside_cabin; luxury_apartment; mansion; mansion_return; no_wake; silver_pines","No","No byte-identical audit duplicate","UNVERIFIED — manifest text/title is not an audio-content check","UNMEASURED — no integrated-LUFS evidence","No source-level issue; active-play receipt pending","Keep; verify audible content and loudness in the active scene."
"radio.vo.announcer.054iw8l","assets/sfx/radio.vo.announcer.054iw8l.mp3","MP3","5.904","Voice: announcer. License/source field not recorded in manifest.","No","1","airstrip_smuggling; apartment; bada_bing_one; countryside_cabin; luxury_apartment; mansion; mansion_return; no_wake; silver_pines","No","No byte-identical audit duplicate","UNVERIFIED — manifest text/title is not an audio-content check","UNMEASURED — no integrated-LUFS evidence","No source-level issue; active-play receipt pending","Keep; verify audible content and loudness in the active scene."
"radio.vo.announcer.05i3ov7","assets/sfx/radio.vo.announcer.05i3ov7.mp3","MP3","11.494","Voice: announcer. License/source field not recorded in manifest.","No","1","airstrip_smuggling; apartment; bada_bing_one; countryside_cabin; luxury_apartment; mansion; mansion_return; no_wake; silver_pines","No","No byte-identical audit duplicate","UNVERIFIED — manifest text/title is not an audio-content check","UNMEASURED — no integrated-LUFS evidence","No source-level issue; active-play receipt pending","Keep; verify audible content and loudness in the active scene."
"radio.vo.announcer.06cunix","assets/sfx/radio.vo.announcer.06cunix.mp3","MP3","9.718","Voice: announcer. License/source field not recorded in manifest.","No","1","airstrip_smuggling; apartment; bada_bing_one; countryside_cabin; luxury_apartment; mansion; mansion_return; no_wake; silver_pines","No","No byte-identical audit duplicate","UNVERIFIED — manifest text/title is not an audio-content check","UNMEASURED — no integrated-LUFS evidence","No source-level issue; active-play receipt pending","Keep; verify audible content and loudness in the active scene."
"radio.vo.announcer.06vu9sz","assets/sfx/radio.vo.announcer.06vu9sz.mp3","MP3","9.3","Voice: announcer. License/source field not recorded in manifest.","No","1","airstrip_smuggling; apartment; bada_bing_one; countryside_cabin; luxury_apartment; mansion; mansion_return; no_wake; silver_pines","No","No byte-identical audit duplicate","UNVERIFIED — manifest text/title is not an audio-content check","UNMEASURED — no integrated-LUFS evidence","No source-level issue; active-play receipt pending","Keep; verify audible content and loudness in the active scene."
"radio.vo.announcer.08ovzxi","assets/sfx/radio.vo.announcer.08ovzxi.mp3","MP3","11.442","Voice: announcer. License/source field not recorded in manifest.","No","1","airstrip_smuggling; apartment; bada_bing_one; countryside_cabin; luxury_apartment; mansion; mansion_return; no_wake; silver_pines","No","No byte-identical audit duplicate","UNVERIFIED — manifest text/title is not an audio-content check","UNMEASURED — no integrated-LUFS evidence","No source-level issue; active-play receipt pending","Keep; verify audible content and loudness in the active scene."
"radio.vo.announcer.08sys7m","assets/sfx/radio.vo.announcer.08sys7m.mp3","MP3","6.661","Voice: announcer. License/source field not recorded in manifest.","No","1","airstrip_smuggling; apartment; bada_bing_one; countryside_cabin; luxury_apartment; mansion; mansion_return; no_wake; silver_pines","No","No byte-identical audit duplicate","UNVERIFIED — manifest text/title is not an audio-content check","UNMEASURED — no integrated-LUFS evidence","No source-level issue; active-play receipt pending","Keep; verify audible content and loudness in the active scene."
"radio.vo.announcer.09jz70p","assets/sfx/radio.vo.announcer.09jz70p.mp3","MP3","8.098","Voice: announcer. License/source field not recorded in manifest.","No","1","airstrip_smuggling; apartment; bada_bing_one; countryside_cabin; luxury_apartment; mansion; mansion_return; no_wake; silver_pines","No","No byte-identical audit duplicate","UNVERIFIED — manifest text/title is not an audio-content check","UNMEASURED — no integrated-LUFS evidence","No source-level issue; active-play receipt pending","Keep; verify audible content and loudness in the active scene."
"radio.vo.announcer.09x693c","assets/sfx/radio.vo.announcer.09x693c.mp3","MP3","10.475","Voice: announcer. License/source field not recorded in manifest.","No","1","airstrip_smuggling; apartment; bada_bing_one; countryside_cabin; luxury_apartment; mansion; mansion_return; no_wake; silver_pines","No","No byte-identical audit duplicate","UNVERIFIED — manifest text/title is not an audio-content check","UNMEASURED — no integrated-LUFS evidence","No source-level issue; active-play receipt pending","Keep; verify audible content and loudness in the active scene."
"radio.vo.announcer.0abcdkw","assets/sfx/radio.vo.announcer.0abcdkw.mp3","MP3","2.952","Voice: announcer. License/source field not recorded in manifest.","No","1","airstrip_smuggling; apartment; bada_bing_one; countryside_cabin; luxury_apartment; mansion; mansion_return; no_wake; silver_pines","No","No byte-identical audit duplicate","UNVERIFIED — manifest text/title is not an audio-content check","UNMEASURED — no integrated-LUFS evidence","No source-level issue; active-play receipt pending","Keep; verify audible content and loudness in the active scene."
"radio.vo.announcer.0bdknc0","assets/sfx/radio.vo.announcer.0bdknc0.mp3","MP3","5.642","Voice: announcer. License/source field not recorded in manifest.","No","1","airstrip_smuggling; apartment; bada_bing_one; countryside_cabin; luxury_apartment; mansion; mansion_return; no_wake; silver_pines","No","No byte-identical audit duplicate","UNVERIFIED — manifest text/title is not an audio-content check","UNMEASURED — no integrated-LUFS evidence","No source-level issue; active-play receipt pending","Keep; verify audible content and loudness in the active scene."
"radio.vo.announcer.0bwdtn9","assets/sfx/radio.vo.announcer.0bwdtn9.mp3","MP3","3.866","Voice: announcer. License/source field not recorded in manifest.","No","1","airstrip_smuggling; apartment; bada_bing_one; countryside_cabin; luxury_apartment; mansion; mansion_return; no_wake; silver_pines","No","No byte-identical audit duplicate","UNVERIFIED — manifest text/title is not an audio-content check","UNMEASURED — no integrated-LUFS evidence","No source-level issue; active-play receipt pending","Keep; verify audible content and loudness in the active scene."
"radio.vo.announcer.0c5i559","assets/sfx/radio.vo.announcer.0c5i559.mp3","MP3","9.535","Voice: announcer. License/source field not recorded in manifest.","No","1","airstrip_smuggling; apartment; bada_bing_one; countryside_cabin; luxury_apartment; mansion; mansion_return; no_wake; silver_pines","No","No byte-identical audit duplicate","UNVERIFIED — manifest text/title is not an audio-content check","UNMEASURED — no integrated-LUFS evidence","No source-level issue; active-play receipt pending","Keep; verify audible content and loudness in the active scene."
"radio.vo.announcer.0calrbi","assets/sfx/radio.vo.announcer.0calrbi.mp3","MP3","7.158","Voice: announcer. License/source field not recorded in manifest.","No","1","airstrip_smuggling; apartment; bada_bing_one; countryside_cabin; luxury_apartment; mansion; mansion_return; no_wake; silver_pines","No","No byte-identical audit duplicate","UNVERIFIED — manifest text/title is not an audio-content check","UNMEASURED — no integrated-LUFS evidence","No source-level issue; active-play receipt pending","Keep; verify audible content and loudness in the active scene."
"radio.vo.announcer.0cbpm0j","assets/sfx/radio.vo.announcer.0cbpm0j.mp3","MP3","5.59","Voice: announcer. License/source field not recorded in manifest.","No","1","airstrip_smuggling; apartment; bada_bing_one; countryside_cabin; luxury_apartment; mansion; mansion_return; no_wake; silver_pines","No","No byte-identical audit duplicate","UNVERIFIED — manifest text/title is not an audio-content check","UNMEASURED — no integrated-LUFS evidence","No source-level issue; active-play receipt pending","Keep; verify audible content and loudness in the active scene."
"radio.vo.announcer.0cdawco","assets/sfx/radio.vo.announcer.0cdawco.mp3","MP3","4.284","Voice: announcer. License/source field not recorded in manifest.","No","1","airstrip_smuggling; apartment; bada_bing_one; countryside_cabin; luxury_apartment; mansion; mansion_return; no_wake; silver_pines","No","No byte-identical audit duplicate","UNVERIFIED — manifest text/title is not an audio-content check","UNMEASURED — no integrated-LUFS evidence","No source-level issue; active-play receipt pending","Keep; verify audible content and loudness in the active scene."
"radio.vo.announcer.0d1vxsw","assets/sfx/radio.vo.announcer.0d1vxsw.mp3","MP3","7.628","Voice: announcer. License/source field not recorded in manifest.","No","1","airstrip_smuggling; apartment; bada_bing_one; countryside_cabin; luxury_apartment; mansion; mansion_return; no_wake; silver_pines","No","No byte-identical audit duplicate","UNVERIFIED — manifest text/title is not an audio-content check","UNMEASURED — no integrated-LUFS evidence","No source-level issue; active-play receipt pending","Keep; verify audible content and loudness in the active scene."
"radio.vo.announcer.0f5l8z4","assets/sfx/radio.vo.announcer.0f5l8z4.mp3","MP3","8.046","Voice: announcer. License/source field not recorded in manifest.","No","1","airstrip_smuggling; apartment; bada_bing_one; countryside_cabin; luxury_apartment; mansion; mansion_return; no_wake; silver_pines","No","No byte-identical audit duplicate","UNVERIFIED — manifest text/title is not an audio-content check","UNMEASURED — no integrated-LUFS evidence","No source-level issue; active-play receipt pending","Keep; verify audible content and loudness in the active scene."
"radio.vo.announcer.0g9ycag","assets/sfx/radio.vo.announcer.0g9ycag.mp3","MP3","13.401","Voice: announcer. License/source field not recorded in manifest.","No","1","airstrip_smuggling; apartment; bada_bing_one; countryside_cabin; luxury_apartment; mansion; mansion_return; no_wake; silver_pines","No","No byte-identical audit duplicate","UNVERIFIED — manifest text/title is not an audio-content check","UNMEASURED — no integrated-LUFS evidence","No source-level issue; active-play receipt pending","Keep; verify audible content and loudness in the active scene."
"radio.vo.announcer.0gen8dz","assets/sfx/radio.vo.announcer.0gen8dz.mp3","MP3","6.139","Voice: announcer. License/source field not recorded in manifest.","No","1","airstrip_smuggling; apartment; bada_bing_one; countryside_cabin; luxury_apartment; mansion; mansion_return; no_wake; silver_pines","No","No byte-identical audit duplicate","UNVERIFIED — manifest text/title is not an audio-content check","UNMEASURED — no integrated-LUFS evidence","No source-level issue; active-play receipt pending","Keep; verify audible content and loudness in the active scene."
"radio.vo.announcer.0hk4r6y","assets/sfx/radio.vo.announcer.0hk4r6y.mp3","MP3","6.896","Voice: announcer. License/source field not recorded in manifest.","No","1","airstrip_smuggling; apartment; bada_bing_one; countryside_cabin; luxury_apartment; mansion; mansion_return; no_wake; silver_pines","No","No byte-identical audit duplicate","UNVERIFIED — manifest text/title is not an audio-content check","UNMEASURED — no integrated-LUFS evidence","No source-level issue; active-play receipt pending","Keep; verify audible content and loudness in the active scene."
"radio.vo.announcer.0j0s8av","assets/sfx/radio.vo.announcer.0j0s8av.mp3","MP3","9.953","Voice: announcer. License/source field not recorded in manifest.","No","1","airstrip_smuggling; apartment; bada_bing_one; countryside_cabin; luxury_apartment; mansion; mansion_return; no_wake; silver_pines","No","No byte-identical audit duplicate","UNVERIFIED — manifest text/title is not an audio-content check","UNMEASURED — no integrated-LUFS evidence","No source-level issue; active-play receipt pending","Keep; verify audible content and loudness in the active scene."
"radio.vo.announcer.0jx3pgo","assets/sfx/radio.vo.announcer.0jx3pgo.mp3","MP3","9.639","Voice: announcer. License/source field not recorded in manifest.","No","1","airstrip_smuggling; apartment; bada_bing_one; countryside_cabin; luxury_apartment; mansion; mansion_return; no_wake; silver_pines","No","No byte-identical audit duplicate","UNVERIFIED — manifest text/title is not an audio-content check","UNMEASURED — no integrated-LUFS evidence","No source-level issue; active-play receipt pending","Keep; verify audible content and loudness in the active scene."
"radio.vo.announcer.0l9km5t","assets/sfx/radio.vo.announcer.0l9km5t.mp3","MP3","6.191","Voice: announcer. License/source field not recorded in manifest.","No","1","airstrip_smuggling; apartment; bada_bing_one; countryside_cabin; luxury_apartment; mansion; mansion_return; no_wake; silver_pines","No","No byte-identical audit duplicate","UNVERIFIED — manifest text/title is not an audio-content check","UNMEASURED — no integrated-LUFS evidence","No source-level issue; active-play receipt pending","Keep; verify audible content and loudness in the active scene."
"radio.vo.announcer.0m4q0kv","assets/sfx/radio.vo.announcer.0m4q0kv.mp3","MP3","3.5","Voice: announcer. License/source field not recorded in manifest.","No","1","airstrip_smuggling; apartment; bada_bing_one; countryside_cabin; luxury_apartment; mansion; mansion_return; no_wake; silver_pines","No","No byte-identical audit duplicate","UNVERIFIED — manifest text/title is not an audio-content check","UNMEASURED — no integrated-LUFS evidence","No source-level issue; active-play receipt pending","Keep; verify audible content and loudness in the active scene."
"radio.vo.announcer.0mggvzp","assets/sfx/radio.vo.announcer.0mggvzp.mp3","MP3","2.064","Voice: announcer. License/source field not recorded in manifest.","No","1","airstrip_smuggling; apartment; bada_bing_one; countryside_cabin; luxury_apartment; mansion; mansion_return; no_wake; silver_pines","No","No byte-identical audit duplicate","UNVERIFIED — manifest text/title is not an audio-content check","UNMEASURED — no integrated-LUFS evidence","No source-level issue; active-play receipt pending","Keep; verify audible content and loudness in the active scene."
"radio.vo.announcer.0mpkoei","assets/sfx/radio.vo.announcer.0mpkoei.mp3","MP3","2.9","Voice: announcer. License/source field not recorded in manifest.","No","1","airstrip_smuggling; apartment; bada_bing_one; countryside_cabin; luxury_apartment; mansion; mansion_return; no_wake; silver_pines","No","No byte-identical audit duplicate","UNVERIFIED — manifest text/title is not an audio-content check","UNMEASURED — no integrated-LUFS evidence","No source-level issue; active-play receipt pending","Keep; verify audible content and loudness in the active scene."
"radio.vo.announcer.0n8zivc","assets/sfx/radio.vo.announcer.0n8zivc.mp3","MP3","7.784","Voice: announcer. License/source field not recorded in manifest.","No","1","airstrip_smuggling; apartment; bada_bing_one; countryside_cabin; luxury_apartment; mansion; mansion_return; no_wake; silver_pines","No","No byte-identical audit duplicate","UNVERIFIED — manifest text/title is not an audio-content check","UNMEASURED — no integrated-LUFS evidence","No source-level issue; active-play receipt pending","Keep; verify audible content and loudness in the active scene."
"radio.vo.announcer.0npqmix","assets/sfx/radio.vo.announcer.0npqmix.mp3","MP3","4.441","Voice: announcer. License/source field not recorded in manifest.","No","1","airstrip_smuggling; apartment; bada_bing_one; countryside_cabin; luxury_apartment; mansion; mansion_return; no_wake; silver_pines","No","No byte-identical audit duplicate","UNVERIFIED — manifest text/title is not an audio-content check","UNMEASURED — no integrated-LUFS evidence","No source-level issue; active-play receipt pending","Keep; verify audible content and loudness in the active scene."
"radio.vo.announcer.0o3o1tt","assets/sfx/radio.vo.announcer.0o3o1tt.mp3","MP3","9.639","Voice: announcer. License/source field not recorded in manifest.","No","1","airstrip_smuggling; apartment; bada_bing_one; countryside_cabin; luxury_apartment; mansion; mansion_return; no_wake; silver_pines","No","No byte-identical audit duplicate","UNVERIFIED — manifest text/title is not an audio-content check","UNMEASURED — no integrated-LUFS evidence","No source-level issue; active-play receipt pending","Keep; verify audible content and loudness in the active scene."
"radio.vo.announcer.0oa8zlv","assets/sfx/radio.vo.announcer.0oa8zlv.mp3","MP3","4.571","Voice: announcer. License/source field not recorded in manifest.","No","1","airstrip_smuggling; apartment; bada_bing_one; countryside_cabin; luxury_apartment; mansion; mansion_return; no_wake; silver_pines","No","No byte-identical audit duplicate","UNVERIFIED — manifest text/title is not an audio-content check","UNMEASURED — no integrated-LUFS evidence","No source-level issue; active-play receipt pending","Keep; verify audible content and loudness in the active scene."
"radio.vo.announcer.0onxfz6","assets/sfx/radio.vo.announcer.0onxfz6.mp3","MP3","6.113","Voice: announcer. License/source field not recorded in manifest.","No","1","airstrip_smuggling; apartment; bada_bing_one; countryside_cabin; luxury_apartment; mansion; mansion_return; no_wake; silver_pines","No","No byte-identical audit duplicate","UNVERIFIED — manifest text/title is not an audio-content check","UNMEASURED — no integrated-LUFS evidence","No source-level issue; active-play receipt pending","Keep; verify audible content and loudness in the active scene."
"radio.vo.announcer.0pl2nhg","assets/sfx/radio.vo.announcer.0pl2nhg.mp3","MP3","11.311","Voice: announcer. License/source field not recorded in manifest.","No","1","airstrip_smuggling; apartment; bada_bing_one; countryside_cabin; luxury_apartment; mansion; mansion_return; no_wake; silver_pines","No","No byte-identical audit duplicate","UNVERIFIED — manifest text/title is not an audio-content check","UNMEASURED — no integrated-LUFS evidence","No source-level issue; active-play receipt pending","Keep; verify audible content and loudness in the active scene."
"radio.vo.announcer.0qdc8ax","assets/sfx/radio.vo.announcer.0qdc8ax.mp3","MP3","6.008","Voice: announcer. License/source field not recorded in manifest.","No","1","airstrip_smuggling; apartment; bada_bing_one; countryside_cabin; luxury_apartment; mansion; mansion_return; no_wake; silver_pines","No","No byte-identical audit duplicate","UNVERIFIED — manifest text/title is not an audio-content check","UNMEASURED — no integrated-LUFS evidence","No source-level issue; active-play receipt pending","Keep; verify audible content and loudness in the active scene."
"radio.vo.announcer.0qgoe7f","assets/sfx/radio.vo.announcer.0qgoe7f.mp3","MP3","10.371","Voice: announcer. License/source field not recorded in manifest.","No","1","airstrip_smuggling; apartment; bada_bing_one; countryside_cabin; luxury_apartment; mansion; mansion_return; no_wake; silver_pines","No","No byte-identical audit duplicate","UNVERIFIED — manifest text/title is not an audio-content check","UNMEASURED — no integrated-LUFS evidence","No source-level issue; active-play receipt pending","Keep; verify audible content and loudness in the active scene."
"radio.vo.announcer.0qx6b0o","assets/sfx/radio.vo.announcer.0qx6b0o.mp3","MP3","2.769","Voice: announcer. License/source field not recorded in manifest.","No","1","airstrip_smuggling; apartment; bada_bing_one; countryside_cabin; luxury_apartment; mansion; mansion_return; no_wake; silver_pines","No","No byte-identical audit duplicate","UNVERIFIED — manifest text/title is not an audio-content check","UNMEASURED — no integrated-LUFS evidence","No source-level issue; active-play receipt pending","Keep; verify audible content and loudness in the active scene."
"radio.vo.announcer.0rc2fyr","assets/sfx/radio.vo.announcer.0rc2fyr.mp3","MP3","3.918","Voice: announcer. License/source field not recorded in manifest.","No","1","airstrip_smuggling; apartment; bada_bing_one; countryside_cabin; luxury_apartment; mansion; mansion_return; no_wake; silver_pines","No","No byte-identical audit duplicate","UNVERIFIED — manifest text/title is not an audio-content check","UNMEASURED — no integrated-LUFS evidence","No source-level issue; active-play receipt pending","Keep; verify audible content and loudness in the active scene."
"radio.vo.announcer.0rf28a0","assets/sfx/radio.vo.announcer.0rf28a0.mp3","MP3","3.971","Voice: announcer. License/source field not recorded in manifest.","No","1","airstrip_smuggling; apartment; bada_bing_one; countryside_cabin; luxury_apartment; mansion; mansion_return; no_wake; silver_pines","No","No byte-identical audit duplicate","UNVERIFIED — manifest text/title is not an audio-content check","UNMEASURED — no integrated-LUFS evidence","No source-level issue; active-play receipt pending","Keep; verify audible content and loudness in the active scene."
"radio.vo.announcer.0rp9kjo","assets/sfx/radio.vo.announcer.0rp9kjo.mp3","MP3","9.9","Voice: announcer. License/source field not recorded in manifest.","No","1","airstrip_smuggling; apartment; bada_bing_one; countryside_cabin; luxury_apartment; mansion; mansion_return; no_wake; silver_pines","No","No byte-identical audit duplicate","UNVERIFIED — manifest text/title is not an audio-content check","UNMEASURED — no integrated-LUFS evidence","No source-level issue; active-play receipt pending","Keep; verify audible content and loudness in the active scene."
"radio.vo.announcer.0tgxpfd","assets/sfx/radio.vo.announcer.0tgxpfd.mp3","MP3","4.807","Voice: announcer. License/source field not recorded in manifest.","No","1","airstrip_smuggling; apartment; bada_bing_one; countryside_cabin; luxury_apartment; mansion; mansion_return; no_wake; silver_pines","No","No byte-identical audit duplicate","UNVERIFIED — manifest text/title is not an audio-content check","UNMEASURED — no integrated-LUFS evidence","No source-level issue; active-play receipt pending","Keep; verify audible content and loudness in the active scene."
"radio.vo.announcer.0ttl6xr","assets/sfx/radio.vo.announcer.0ttl6xr.mp3","MP3","5.773","Voice: announcer. License/source field not recorded in manifest.","No","1","airstrip_smuggling; apartment; bada_bing_one; countryside_cabin; luxury_apartment; mansion; mansion_return; no_wake; silver_pines","No","No byte-identical audit duplicate","UNVERIFIED — manifest text/title is not an audio-content check","UNMEASURED — no integrated-LUFS evidence","No source-level issue; active-play receipt pending","Keep; verify audible content and loudness in the active scene."
"radio.vo.announcer.0twfsvf","assets/sfx/radio.vo.announcer.0twfsvf.mp3","MP3","3.5","Voice: announcer. License/source field not recorded in manifest.","No","1","airstrip_smuggling; apartment; bada_bing_one; countryside_cabin; luxury_apartment; mansion; mansion_return; no_wake; silver_pines","No","No byte-identical audit duplicate","UNVERIFIED — manifest text/title is not an audio-content check","UNMEASURED — no integrated-LUFS evidence","No source-level issue; active-play receipt pending","Keep; verify audible content and loudness in the active scene."
"radio.vo.announcer.0twgwum","assets/sfx/radio.vo.announcer.0twgwum.mp3","MP3","9.247","Voice: announcer. License/source field not recorded in manifest.","No","1","airstrip_smuggling; apartment; bada_bing_one; countryside_cabin; luxury_apartment; mansion; mansion_return; no_wake; silver_pines","No","No byte-identical audit duplicate","UNVERIFIED — manifest text/title is not an audio-content check","UNMEASURED — no integrated-LUFS evidence","No source-level issue; active-play receipt pending","Keep; verify audible content and loudness in the active scene."
"radio.vo.announcer.0u9v7ne","assets/sfx/radio.vo.announcer.0u9v7ne.mp3","MP3","3.135","Voice: announcer. License/source field not recorded in manifest.","No","1","airstrip_smuggling; apartment; bada_bing_one; countryside_cabin; luxury_apartment; mansion; mansion_return; no_wake; silver_pines","No","No byte-identical audit duplicate","UNVERIFIED — manifest text/title is not an audio-content check","UNMEASURED — no integrated-LUFS evidence","No source-level issue; active-play receipt pending","Keep; verify audible content and loudness in the active scene."
"radio.vo.announcer.0vsq7pr","assets/sfx/radio.vo.announcer.0vsq7pr.mp3","MP3","7.732","Voice: announcer. License/source field not recorded in manifest.","No","1","airstrip_smuggling; apartment; bada_bing_one; countryside_cabin; luxury_apartment; mansion; mansion_return; no_wake; silver_pines","No","No byte-identical audit duplicate","UNVERIFIED — manifest text/title is not an audio-content check","UNMEASURED — no integrated-LUFS evidence","No source-level issue; active-play receipt pending","Keep; verify audible content and loudness in the active scene."
"radio.vo.announcer.0wwm83w","assets/sfx/radio.vo.announcer.0wwm83w.mp3","MP3","11.572","Voice: announcer. License/source field not recorded in manifest.","No","1","airstrip_smuggling; apartment; bada_bing_one; countryside_cabin; luxury_apartment; mansion; mansion_return; no_wake; silver_pines","No","No byte-identical audit duplicate","UNVERIFIED — manifest text/title is not an audio-content check","UNMEASURED — no integrated-LUFS evidence","No source-level issue; active-play receipt pending","Keep; verify audible content and loudness in the active scene."
"radio.vo.announcer.0xg2y3x","assets/sfx/radio.vo.announcer.0xg2y3x.mp3","MP3","5.277","Voice: announcer. License/source field not recorded in manifest.","No","1","airstrip_smuggling; apartment; bada_bing_one; countryside_cabin; luxury_apartment; mansion; mansion_return; no_wake; silver_pines","No","No byte-identical audit duplicate","UNVERIFIED — manifest text/title is not an audio-content check","UNMEASURED — no integrated-LUFS evidence","No source-level issue; active-play receipt pending","Keep; verify audible content and loudness in the active scene."
"radio.vo.announcer.0xnsees","assets/sfx/radio.vo.announcer.0xnsees.mp3","MP3","10.057","Voice: announcer. License/source field not recorded in manifest.","No","1","airstrip_smuggling; apartment; bada_bing_one; countryside_cabin; luxury_apartment; mansion; mansion_return; no_wake; silver_pines","No","No byte-identical audit duplicate","UNVERIFIED — manifest text/title is not an audio-content check","UNMEASURED — no integrated-LUFS evidence","No source-level issue; active-play receipt pending","Keep; verify audible content and loudness in the active scene."
"radio.vo.announcer.0y68wik","assets/sfx/radio.vo.announcer.0y68wik.mp3","MP3","4.937","Voice: announcer. License/source field not recorded in manifest.","No","1","airstrip_smuggling; apartment; bada_bing_one; countryside_cabin; luxury_apartment; mansion; mansion_return; no_wake; silver_pines","No","No byte-identical audit duplicate","UNVERIFIED — manifest text/title is not an audio-content check","UNMEASURED — no integrated-LUFS evidence","No source-level issue; active-play receipt pending","Keep; verify audible content and loudness in the active scene."
"radio.vo.announcer.0yk006u","assets/sfx/radio.vo.announcer.0yk006u.mp3","MP3","9.117","Voice: announcer. License/source field not recorded in manifest.","No","1","airstrip_smuggling; apartment; bada_bing_one; countryside_cabin; luxury_apartment; mansion; mansion_return; no_wake; silver_pines","No","No byte-identical audit duplicate","UNVERIFIED — manifest text/title is not an audio-content check","UNMEASURED — no integrated-LUFS evidence","No source-level issue; active-play receipt pending","Keep; verify audible content and loudness in the active scene."
"radio.vo.announcer.0ymg6a2","assets/sfx/radio.vo.announcer.0ymg6a2.mp3","MP3","8.803","Voice: announcer. License/source field not recorded in manifest.","No","1","airstrip_smuggling; apartment; bada_bing_one; countryside_cabin; luxury_apartment; mansion; mansion_return; no_wake; silver_pines","No","No byte-identical audit duplicate","UNVERIFIED — manifest text/title is not an audio-content check","UNMEASURED — no integrated-LUFS evidence","No source-level issue; active-play receipt pending","Keep; verify audible content and loudness in the active scene."
"radio.vo.announcer.0ysnvxe","assets/sfx/radio.vo.announcer.0ysnvxe.mp3","MP3","8.281","Voice: announcer. License/source field not recorded in manifest.","No","1","airstrip_smuggling; apartment; bada_bing_one; countryside_cabin; luxury_apartment; mansion; mansion_return; no_wake; silver_pines","No","No byte-identical audit duplicate","UNVERIFIED — manifest text/title is not an audio-content check","UNMEASURED — no integrated-LUFS evidence","No source-level issue; active-play receipt pending","Keep; verify audible content and loudness in the active scene."
"radio.vo.announcer.0z1j2c4","assets/sfx/radio.vo.announcer.0z1j2c4.mp3","MP3","9.352","Voice: announcer. License/source field not recorded in manifest.","No","1","airstrip_smuggling; apartment; bada_bing_one; countryside_cabin; luxury_apartment; mansion; mansion_return; no_wake; silver_pines","No","No byte-identical audit duplicate","UNVERIFIED — manifest text/title is not an audio-content check","UNMEASURED — no integrated-LUFS evidence","No source-level issue; active-play receipt pending","Keep; verify audible content and loudness in the active scene."
"radio.vo.announcer.0zspw0m","assets/sfx/radio.vo.announcer.0zspw0m.mp3","MP3","4.937","Voice: announcer. License/source field not recorded in manifest.","No","1","airstrip_smuggling; apartment; bada_bing_one; countryside_cabin; luxury_apartment; mansion; mansion_return; no_wake; silver_pines","No","No byte-identical audit duplicate","UNVERIFIED — manifest text/title is not an audio-content check","UNMEASURED — no integrated-LUFS evidence","No source-level issue; active-play receipt pending","Keep; verify audible content and loudness in the active scene."
"radio.vo.announcer.10edjwf","assets/sfx/radio.vo.announcer.10edjwf.mp3","MP3","7.314","Voice: announcer. License/source field not recorded in manifest.","No","1","airstrip_smuggling; apartment; bada_bing_one; countryside_cabin; luxury_apartment; mansion; mansion_return; no_wake; silver_pines","No","No byte-identical audit duplicate","UNVERIFIED — manifest text/title is not an audio-content check","UNMEASURED — no integrated-LUFS evidence","No source-level issue; active-play receipt pending","Keep; verify audible content and loudness in the active scene."
"radio.vo.announcer.10fsahj","assets/sfx/radio.vo.announcer.10fsahj.mp3","MP3","4.441","Voice: announcer. License/source field not recorded in manifest.","No","1","airstrip_smuggling; apartment; bada_bing_one; countryside_cabin; luxury_apartment; mansion; mansion_return; no_wake; silver_pines","No","No byte-identical audit duplicate","UNVERIFIED — manifest text/title is not an audio-content check","UNMEASURED — no integrated-LUFS evidence","No source-level issue; active-play receipt pending","Keep; verify audible content and loudness in the active scene."
"radio.vo.announcer.10i0r0m","assets/sfx/radio.vo.announcer.10i0r0m.mp3","MP3","6.949","Voice: announcer. License/source field not recorded in manifest.","No","1","airstrip_smuggling; apartment; bada_bing_one; countryside_cabin; luxury_apartment; mansion; mansion_return; no_wake; silver_pines","No","No byte-identical audit duplicate","UNVERIFIED — manifest text/title is not an audio-content check","UNMEASURED — no integrated-LUFS evidence","No source-level issue; active-play receipt pending","Keep; verify audible content and loudness in the active scene."
"radio.vo.announcer.10wwqon","assets/sfx/radio.vo.announcer.10wwqon.mp3","MP3","7.915","Voice: announcer. License/source field not recorded in manifest.","No","1","airstrip_smuggling; apartment; bada_bing_one; countryside_cabin; luxury_apartment; mansion; mansion_return; no_wake; silver_pines","No","No byte-identical audit duplicate","UNVERIFIED — manifest text/title is not an audio-content check","UNMEASURED — no integrated-LUFS evidence","No source-level issue; active-play receipt pending","Keep; verify audible content and loudness in the active scene."
"radio.vo.announcer.11ryahr","assets/sfx/radio.vo.announcer.11ryahr.mp3","MP3","2.769","Voice: announcer. License/source field not recorded in manifest.","No","1","airstrip_smuggling; apartment; bada_bing_one; countryside_cabin; luxury_apartment; mansion; mansion_return; no_wake; silver_pines","No","No byte-identical audit duplicate","UNVERIFIED — manifest text/title is not an audio-content check","UNMEASURED — no integrated-LUFS evidence","No source-level issue; active-play receipt pending","Keep; verify audible content and loudness in the active scene."
"radio.vo.announcer.11yz7vl","assets/sfx/radio.vo.announcer.11yz7vl.mp3","MP3","10.136","Voice: announcer. License/source field not recorded in manifest.","No","1","airstrip_smuggling; apartment; bada_bing_one; countryside_cabin; luxury_apartment; mansion; mansion_return; no_wake; silver_pines","No","No byte-identical audit duplicate","UNVERIFIED — manifest text/title is not an audio-content check","UNMEASURED — no integrated-LUFS evidence","No source-level issue; active-play receipt pending","Keep; verify audible content and loudness in the active scene."
"radio.vo.announcer.12bwuzg","assets/sfx/radio.vo.announcer.12bwuzg.mp3","MP3","7.863","Voice: announcer. License/source field not recorded in manifest.","No","1","airstrip_smuggling; apartment; bada_bing_one; countryside_cabin; luxury_apartment; mansion; mansion_return; no_wake; silver_pines","No","No byte-identical audit duplicate","UNVERIFIED — manifest text/title is not an audio-content check","UNMEASURED — no integrated-LUFS evidence","No source-level issue; active-play receipt pending","Keep; verify audible content and loudness in the active scene."
"radio.vo.announcer.12vwbcl","assets/sfx/radio.vo.announcer.12vwbcl.mp3","MP3","10.083","Voice: announcer. License/source field not recorded in manifest.","No","1","airstrip_smuggling; apartment; bada_bing_one; countryside_cabin; luxury_apartment; mansion; mansion_return; no_wake; silver_pines","No","No byte-identical audit duplicate","UNVERIFIED — manifest text/title is not an audio-content check","UNMEASURED — no integrated-LUFS evidence","No source-level issue; active-play receipt pending","Keep; verify audible content and loudness in the active scene."
"radio.vo.announcer.13i20ak","assets/sfx/radio.vo.announcer.13i20ak.mp3","MP3","10.971","Voice: announcer. License/source field not recorded in manifest.","No","1","airstrip_smuggling; apartment; bada_bing_one; countryside_cabin; luxury_apartment; mansion; mansion_return; no_wake; silver_pines","No","No byte-identical audit duplicate","UNVERIFIED — manifest text/title is not an audio-content check","UNMEASURED — no integrated-LUFS evidence","No source-level issue; active-play receipt pending","Keep; verify audible content and loudness in the active scene."
"radio.vo.announcer.147epyh","assets/sfx/radio.vo.announcer.147epyh.mp3","MP3","4.937","Voice: announcer. License/source field not recorded in manifest.","No","1","airstrip_smuggling; apartment; bada_bing_one; countryside_cabin; luxury_apartment; mansion; mansion_return; no_wake; silver_pines","No","No byte-identical audit duplicate","UNVERIFIED — manifest text/title is not an audio-content check","UNMEASURED — no integrated-LUFS evidence","No source-level issue; active-play receipt pending","Keep; verify audible content and loudness in the active scene."
"radio.vo.announcer.14wolqi","assets/sfx/radio.vo.announcer.14wolqi.mp3","MP3","4.101","Voice: announcer. License/source field not recorded in manifest.","No","1","airstrip_smuggling; apartment; bada_bing_one; countryside_cabin; luxury_apartment; mansion; mansion_return; no_wake; silver_pines","No","No byte-identical audit duplicate","UNVERIFIED — manifest text/title is not an audio-content check","UNMEASURED — no integrated-LUFS evidence","No source-level issue; active-play receipt pending","Keep; verify audible content and loudness in the active scene."
"radio.vo.announcer.154eda9","assets/sfx/radio.vo.announcer.154eda9.mp3","MP3","8.751","Voice: announcer. License/source field not recorded in manifest.","No","1","airstrip_smuggling; apartment; bada_bing_one; countryside_cabin; luxury_apartment; mansion; mansion_return; no_wake; silver_pines","No","No byte-identical audit duplicate","UNVERIFIED — manifest text/title is not an audio-content check","UNMEASURED — no integrated-LUFS evidence","No source-level issue; active-play receipt pending","Keep; verify audible content and loudness in the active scene."
"radio.vo.announcer.157erj5","assets/sfx/radio.vo.announcer.157erj5.mp3","MP3","6.296","Voice: announcer. License/source field not recorded in manifest.","No","1","airstrip_smuggling; apartment; bada_bing_one; countryside_cabin; luxury_apartment; mansion; mansion_return; no_wake; silver_pines","No","No byte-identical audit duplicate","UNVERIFIED — manifest text/title is not an audio-content check","UNMEASURED — no integrated-LUFS evidence","No source-level issue; active-play receipt pending","Keep; verify audible content and loudness in the active scene."
"radio.vo.announcer.15n90um","assets/sfx/radio.vo.announcer.15n90um.mp3","MP3","8.568","Voice: announcer. License/source field not recorded in manifest.","No","1","airstrip_smuggling; apartment; bada_bing_one; countryside_cabin; luxury_apartment; mansion; mansion_return; no_wake; silver_pines","No","No byte-identical audit duplicate","UNVERIFIED — manifest text/title is not an audio-content check","UNMEASURED — no integrated-LUFS evidence","No source-level issue; active-play receipt pending","Keep; verify audible content and loudness in the active scene."
"radio.vo.announcer.17jjafg","assets/sfx/radio.vo.announcer.17jjafg.mp3","MP3","3.605","Voice: announcer. License/source field not recorded in manifest.","No","1","airstrip_smuggling; apartment; bada_bing_one; countryside_cabin; luxury_apartment; mansion; mansion_return; no_wake; silver_pines","No","No byte-identical audit duplicate","UNVERIFIED — manifest text/title is not an audio-content check","UNMEASURED — no integrated-LUFS evidence","No source-level issue; active-play receipt pending","Keep; verify audible content and loudness in the active scene."
"radio.vo.announcer.183j44c","assets/sfx/radio.vo.announcer.183j44c.mp3","MP3","4.754","Voice: announcer. License/source field not recorded in manifest.","No","1","airstrip_smuggling; apartment; bada_bing_one; countryside_cabin; luxury_apartment; mansion; mansion_return; no_wake; silver_pines","No","No byte-identical audit duplicate","UNVERIFIED — manifest text/title is not an audio-content check","UNMEASURED — no integrated-LUFS evidence","No source-level issue; active-play receipt pending","Keep; verify audible content and loudness in the active scene."
"radio.vo.announcer.1a16urd","assets/sfx/radio.vo.announcer.1a16urd.mp3","MP3","9.665","Voice: announcer. License/source field not recorded in manifest.","No","1","airstrip_smuggling; apartment; bada_bing_one; countryside_cabin; luxury_apartment; mansion; mansion_return; no_wake; silver_pines","No","No byte-identical audit duplicate","UNVERIFIED — manifest text/title is not an audio-content check","UNMEASURED — no integrated-LUFS evidence","No source-level issue; active-play receipt pending","Keep; verify audible content and loudness in the active scene."
"radio.vo.announcer.1aq9dos","assets/sfx/radio.vo.announcer.1aq9dos.mp3","MP3","12.878","Voice: announcer. License/source field not recorded in manifest.","No","1","airstrip_smuggling; apartment; bada_bing_one; countryside_cabin; luxury_apartment; mansion; mansion_return; no_wake; silver_pines","No","No byte-identical audit duplicate","UNVERIFIED — manifest text/title is not an audio-content check","UNMEASURED — no integrated-LUFS evidence","No source-level issue; active-play receipt pending","Keep; verify audible content and loudness in the active scene."
"radio.vo.announcer.1bd9dp7","assets/sfx/radio.vo.announcer.1bd9dp7.mp3","MP3","9.874","Voice: announcer. License/source field not recorded in manifest.","No","1","airstrip_smuggling; apartment; bada_bing_one; countryside_cabin; luxury_apartment; mansion; mansion_return; no_wake; silver_pines","No","No byte-identical audit duplicate","UNVERIFIED — manifest text/title is not an audio-content check","UNMEASURED — no integrated-LUFS evidence","No source-level issue; active-play receipt pending","Keep; verify audible content and loudness in the active scene."
"radio.vo.announcer.1bqqwwg","assets/sfx/radio.vo.announcer.1bqqwwg.mp3","MP3","3.448","Voice: announcer. License/source field not recorded in manifest.","No","1","airstrip_smuggling; apartment; bada_bing_one; countryside_cabin; luxury_apartment; mansion; mansion_return; no_wake; silver_pines","No","No byte-identical audit duplicate","UNVERIFIED — manifest text/title is not an audio-content check","UNMEASURED — no integrated-LUFS evidence","No source-level issue; active-play receipt pending","Keep; verify audible content and loudness in the active scene."
"radio.vo.announcer.1bsyh44","assets/sfx/radio.vo.announcer.1bsyh44.mp3","MP3","2.56","Voice: announcer. License/source field not recorded in manifest.","No","1","airstrip_smuggling; apartment; bada_bing_one; countryside_cabin; luxury_apartment; mansion; mansion_return; no_wake; silver_pines","No","No byte-identical audit duplicate","UNVERIFIED — manifest text/title is not an audio-content check","UNMEASURED — no integrated-LUFS evidence","No source-level issue; active-play receipt pending","Keep; verify audible content and loudness in the active scene."
"radio.vo.announcer.1dsn9l5","assets/sfx/radio.vo.announcer.1dsn9l5.mp3","MP3","8.411","Voice: announcer. License/source field not recorded in manifest.","No","1","airstrip_smuggling; apartment; bada_bing_one; countryside_cabin; luxury_apartment; mansion; mansion_return; no_wake; silver_pines","No","No byte-identical audit duplicate","UNVERIFIED — manifest text/title is not an audio-content check","UNMEASURED — no integrated-LUFS evidence","No source-level issue; active-play receipt pending","Keep; verify audible content and loudness in the active scene."
"radio.vo.announcer.1dts2dr","assets/sfx/radio.vo.announcer.1dts2dr.mp3","MP3","8.046","Voice: announcer. License/source field not recorded in manifest.","No","1","airstrip_smuggling; apartment; bada_bing_one; countryside_cabin; luxury_apartment; mansion; mansion_return; no_wake; silver_pines","No","No byte-identical audit duplicate","UNVERIFIED — manifest text/title is not an audio-content check","UNMEASURED — no integrated-LUFS evidence","No source-level issue; active-play receipt pending","Keep; verify audible content and loudness in the active scene."
"radio.vo.announcer.1ehexkx","assets/sfx/radio.vo.announcer.1ehexkx.mp3","MP3","3.553","Voice: announcer. License/source field not recorded in manifest.","No","1","airstrip_smuggling; apartment; bada_bing_one; countryside_cabin; luxury_apartment; mansion; mansion_return; no_wake; silver_pines","No","No byte-identical audit duplicate","UNVERIFIED — manifest text/title is not an audio-content check","UNMEASURED — no integrated-LUFS evidence","No source-level issue; active-play receipt pending","Keep; verify audible content and loudness in the active scene."
"radio.vo.announcer.1fd40j6","assets/sfx/radio.vo.announcer.1fd40j6.mp3","MP3","2.247","Voice: announcer. License/source field not recorded in manifest.","No","1","airstrip_smuggling; apartment; bada_bing_one; countryside_cabin; luxury_apartment; mansion; mansion_return; no_wake; silver_pines","No","No byte-identical audit duplicate","UNVERIFIED — manifest text/title is not an audio-content check","UNMEASURED — no integrated-LUFS evidence","No source-level issue; active-play receipt pending","Keep; verify audible content and loudness in the active scene."
"radio.vo.announcer.1g72tm3","assets/sfx/radio.vo.announcer.1g72tm3.mp3","MP3","2.299","Voice: announcer. License/source field not recorded in manifest.","No","1","airstrip_smuggling; apartment; bada_bing_one; countryside_cabin; luxury_apartment; mansion; mansion_return; no_wake; silver_pines","No","No byte-identical audit duplicate","UNVERIFIED — manifest text/title is not an audio-content check","UNMEASURED — no integrated-LUFS evidence","No source-level issue; active-play receipt pending","Keep; verify audible content and loudness in the active scene."
"radio.vo.announcer.1gbemtl","assets/sfx/radio.vo.announcer.1gbemtl.mp3","MP3","9.169","Voice: announcer. License/source field not recorded in manifest.","No","1","airstrip_smuggling; apartment; bada_bing_one; countryside_cabin; luxury_apartment; mansion; mansion_return; no_wake; silver_pines","No","No byte-identical audit duplicate","UNVERIFIED — manifest text/title is not an audio-content check","UNMEASURED — no integrated-LUFS evidence","No source-level issue; active-play receipt pending","Keep; verify audible content and loudness in the active scene."
"radio.vo.announcer.1hwcfyz","assets/sfx/radio.vo.announcer.1hwcfyz.mp3","MP3","8.15","Voice: announcer. License/source field not recorded in manifest.","No","1","airstrip_smuggling; apartment; bada_bing_one; countryside_cabin; luxury_apartment; mansion; mansion_return; no_wake; silver_pines","No","No byte-identical audit duplicate","UNVERIFIED — manifest text/title is not an audio-content check","UNMEASURED — no integrated-LUFS evidence","No source-level issue; active-play receipt pending","Keep; verify audible content and loudness in the active scene."
"radio.vo.announcer.1i92quw","assets/sfx/radio.vo.announcer.1i92quw.mp3","MP3","7.967","Voice: announcer. License/source field not recorded in manifest.","No","1","airstrip_smuggling; apartment; bada_bing_one; countryside_cabin; luxury_apartment; mansion; mansion_return; no_wake; silver_pines","No","No byte-identical audit duplicate","UNVERIFIED — manifest text/title is not an audio-content check","UNMEASURED — no integrated-LUFS evidence","No source-level issue; active-play receipt pending","Keep; verify audible content and loudness in the active scene."
"radio.vo.announcer.1i9iq1a","assets/sfx/radio.vo.announcer.1i9iq1a.mp3","MP3","9.953","Voice: announcer. License/source field not recorded in manifest.","No","1","airstrip_smuggling; apartment; bada_bing_one; countryside_cabin; luxury_apartment; mansion; mansion_return; no_wake; silver_pines","No","No byte-identical audit duplicate","UNVERIFIED — manifest text/title is not an audio-content check","UNMEASURED — no integrated-LUFS evidence","No source-level issue; active-play receipt pending","Keep; verify audible content and loudness in the active scene."
"radio.vo.announcer.1keapkw","assets/sfx/radio.vo.announcer.1keapkw.mp3","MP3","4.989","Voice: announcer. License/source field not recorded in manifest.","No","1","airstrip_smuggling; apartment; bada_bing_one; countryside_cabin; luxury_apartment; mansion; mansion_return; no_wake; silver_pines","No","No byte-identical audit duplicate","UNVERIFIED — manifest text/title is not an audio-content check","UNMEASURED — no integrated-LUFS evidence","No source-level issue; active-play receipt pending","Keep; verify audible content and loudness in the active scene."
"radio.vo.announcer.1l8loyg","assets/sfx/radio.vo.announcer.1l8loyg.mp3","MP3","6.609","Voice: announcer. License/source field not recorded in manifest.","No","1","airstrip_smuggling; apartment; bada_bing_one; countryside_cabin; luxury_apartment; mansion; mansion_return; no_wake; silver_pines","No","No byte-identical audit duplicate","UNVERIFIED — manifest text/title is not an audio-content check","UNMEASURED — no integrated-LUFS evidence","No source-level issue; active-play receipt pending","Keep; verify audible content and loudness in the active scene."
"radio.vo.announcer.1m7fq8e","assets/sfx/radio.vo.announcer.1m7fq8e.mp3","MP3","2.011","Voice: announcer. License/source field not recorded in manifest.","No","1","airstrip_smuggling; apartment; bada_bing_one; countryside_cabin; luxury_apartment; mansion; mansion_return; no_wake; silver_pines","No","No byte-identical audit duplicate","UNVERIFIED — manifest text/title is not an audio-content check","UNMEASURED — no integrated-LUFS evidence","No source-level issue; active-play receipt pending","Keep; verify audible content and loudness in the active scene."
"radio.vo.announcer.1mw08bf","assets/sfx/radio.vo.announcer.1mw08bf.mp3","MP3","10.971","Voice: announcer. License/source field not recorded in manifest.","No","1","airstrip_smuggling; apartment; bada_bing_one; countryside_cabin; luxury_apartment; mansion; mansion_return; no_wake; silver_pines","No","No byte-identical audit duplicate","UNVERIFIED — manifest text/title is not an audio-content check","UNMEASURED — no integrated-LUFS evidence","No source-level issue; active-play receipt pending","Keep; verify audible content and loudness in the active scene."
"radio.vo.announcer.1mxeyam","assets/sfx/radio.vo.announcer.1mxeyam.mp3","MP3","6.949","Voice: announcer. License/source field not recorded in manifest.","No","1","airstrip_smuggling; apartment; bada_bing_one; countryside_cabin; luxury_apartment; mansion; mansion_return; no_wake; silver_pines","No","No byte-identical audit duplicate","UNVERIFIED — manifest text/title is not an audio-content check","UNMEASURED — no integrated-LUFS evidence","No source-level issue; active-play receipt pending","Keep; verify audible content and loudness in the active scene."
"radio.vo.announcer.1o1ovzn","assets/sfx/radio.vo.announcer.1o1ovzn.mp3","MP3","7.027","Voice: announcer. License/source field not recorded in manifest.","No","1","airstrip_smuggling; apartment; bada_bing_one; countryside_cabin; luxury_apartment; mansion; mansion_return; no_wake; silver_pines","No","No byte-identical audit duplicate","UNVERIFIED — manifest text/title is not an audio-content check","UNMEASURED — no integrated-LUFS evidence","No source-level issue; active-play receipt pending","Keep; verify audible content and loudness in the active scene."
"radio.vo.announcer.1ob7c1m","assets/sfx/radio.vo.announcer.1ob7c1m.mp3","MP3","9.221","Voice: announcer. License/source field not recorded in manifest.","No","1","airstrip_smuggling; apartment; bada_bing_one; countryside_cabin; luxury_apartment; mansion; mansion_return; no_wake; silver_pines","No","No byte-identical audit duplicate","UNVERIFIED — manifest text/title is not an audio-content check","UNMEASURED — no integrated-LUFS evidence","No source-level issue; active-play receipt pending","Keep; verify audible content and loudness in the active scene."
"radio.vo.announcer.1p4rsex","assets/sfx/radio.vo.announcer.1p4rsex.mp3","MP3","1.959","Voice: announcer. License/source field not recorded in manifest.","No","1","airstrip_smuggling; apartment; bada_bing_one; countryside_cabin; luxury_apartment; mansion; mansion_return; no_wake; silver_pines","No","No byte-identical audit duplicate","UNVERIFIED — manifest text/title is not an audio-content check","UNMEASURED — no integrated-LUFS evidence","No source-level issue; active-play receipt pending","Keep; verify audible content and loudness in the active scene."
"radio.vo.announcer.1px0vn6","assets/sfx/radio.vo.announcer.1px0vn6.mp3","MP3","9.718","Voice: announcer. License/source field not recorded in manifest.","No","1","airstrip_smuggling; apartment; bada_bing_one; countryside_cabin; luxury_apartment; mansion; mansion_return; no_wake; silver_pines","No","No byte-identical audit duplicate","UNVERIFIED — manifest text/title is not an audio-content check","UNMEASURED — no integrated-LUFS evidence","No source-level issue; active-play receipt pending","Keep; verify audible content and loudness in the active scene."
"radio.vo.announcer.1pykcsl","assets/sfx/radio.vo.announcer.1pykcsl.mp3","MP3","9.3","Voice: announcer. License/source field not recorded in manifest.","No","1","airstrip_smuggling; apartment; bada_bing_one; countryside_cabin; luxury_apartment; mansion; mansion_return; no_wake; silver_pines","No","No byte-identical audit duplicate","UNVERIFIED — manifest text/title is not an audio-content check","UNMEASURED — no integrated-LUFS evidence","No source-level issue; active-play receipt pending","Keep; verify audible content and loudness in the active scene."
"radio.vo.announcer.1qmracr","assets/sfx/radio.vo.announcer.1qmracr.mp3","MP3","8.699","Voice: announcer. License/source field not recorded in manifest.","No","1","airstrip_smuggling; apartment; bada_bing_one; countryside_cabin; luxury_apartment; mansion; mansion_return; no_wake; silver_pines","No","No byte-identical audit duplicate","UNVERIFIED — manifest text/title is not an audio-content check","UNMEASURED — no integrated-LUFS evidence","No source-level issue; active-play receipt pending","Keep; verify audible content and loudness in the active scene."
"radio.vo.announcer.1r4nlag","assets/sfx/radio.vo.announcer.1r4nlag.mp3","MP3","8.411","Voice: announcer. License/source field not recorded in manifest.","No","1","airstrip_smuggling; apartment; bada_bing_one; countryside_cabin; luxury_apartment; mansion; mansion_return; no_wake; silver_pines","No","No byte-identical audit duplicate","UNVERIFIED — manifest text/title is not an audio-content check","UNMEASURED — no integrated-LUFS evidence","No source-level issue; active-play receipt pending","Keep; verify audible content and loudness in the active scene."
"radio.vo.announcer.1rj3emp","assets/sfx/radio.vo.announcer.1rj3emp.mp3","MP3","4.441","Voice: announcer. License/source field not recorded in manifest.","No","1","airstrip_smuggling; apartment; bada_bing_one; countryside_cabin; luxury_apartment; mansion; mansion_return; no_wake; silver_pines","No","No byte-identical audit duplicate","UNVERIFIED — manifest text/title is not an audio-content check","UNMEASURED — no integrated-LUFS evidence","No source-level issue; active-play receipt pending","Keep; verify audible content and loudness in the active scene."
"radio.vo.announcer.1rvx2wq","assets/sfx/radio.vo.announcer.1rvx2wq.mp3","MP3","6.296","Voice: announcer. License/source field not recorded in manifest.","No","1","airstrip_smuggling; apartment; bada_bing_one; countryside_cabin; luxury_apartment; mansion; mansion_return; no_wake; silver_pines","No","No byte-identical audit duplicate","UNVERIFIED — manifest text/title is not an audio-content check","UNMEASURED — no integrated-LUFS evidence","No source-level issue; active-play receipt pending","Keep; verify audible content and loudness in the active scene."
"radio.vo.announcer.1s5l4d2","assets/sfx/radio.vo.announcer.1s5l4d2.mp3","MP3","3.631","Voice: announcer. License/source field not recorded in manifest.","No","1","airstrip_smuggling; apartment; bada_bing_one; countryside_cabin; luxury_apartment; mansion; mansion_return; no_wake; silver_pines","No","No byte-identical audit duplicate","UNVERIFIED — manifest text/title is not an audio-content check","UNMEASURED — no integrated-LUFS evidence","No source-level issue; active-play receipt pending","Keep; verify audible content and loudness in the active scene."
"radio.vo.announcer.1sy134f","assets/sfx/radio.vo.announcer.1sy134f.mp3","MP3","6.243","Voice: announcer. License/source field not recorded in manifest.","No","1","airstrip_smuggling; apartment; bada_bing_one; countryside_cabin; luxury_apartment; mansion; mansion_return; no_wake; silver_pines","No","No byte-identical audit duplicate","UNVERIFIED — manifest text/title is not an audio-content check","UNMEASURED — no integrated-LUFS evidence","No source-level issue; active-play receipt pending","Keep; verify audible content and loudness in the active scene."
"radio.vo.announcer.1t10mwr","assets/sfx/radio.vo.announcer.1t10mwr.mp3","MP3","11.729","Voice: announcer. License/source field not recorded in manifest.","No","1","airstrip_smuggling; apartment; bada_bing_one; countryside_cabin; luxury_apartment; mansion; mansion_return; no_wake; silver_pines","No","No byte-identical audit duplicate","UNVERIFIED — manifest text/title is not an audio-content check","UNMEASURED — no integrated-LUFS evidence","No source-level issue; active-play receipt pending","Keep; verify audible content and loudness in the active scene."
"radio.vo.announcer.1tbxjjr","assets/sfx/radio.vo.announcer.1tbxjjr.mp3","MP3","9.953","Voice: announcer. License/source field not recorded in manifest.","No","1","airstrip_smuggling; apartment; bada_bing_one; countryside_cabin; luxury_apartment; mansion; mansion_return; no_wake; silver_pines","No","No byte-identical audit duplicate","UNVERIFIED — manifest text/title is not an audio-content check","UNMEASURED — no integrated-LUFS evidence","No source-level issue; active-play receipt pending","Keep; verify audible content and loudness in the active scene."
"radio.vo.announcer.1u2ak1b","assets/sfx/radio.vo.announcer.1u2ak1b.mp3","MP3","4.389","Voice: announcer. License/source field not recorded in manifest.","No","1","airstrip_smuggling; apartment; bada_bing_one; countryside_cabin; luxury_apartment; mansion; mansion_return; no_wake; silver_pines","No","No byte-identical audit duplicate","UNVERIFIED — manifest text/title is not an audio-content check","UNMEASURED — no integrated-LUFS evidence","No source-level issue; active-play receipt pending","Keep; verify audible content and loudness in the active scene."
"radio.vo.announcer.1u90o1i","assets/sfx/radio.vo.announcer.1u90o1i.mp3","MP3","5.277","Voice: announcer. License/source field not recorded in manifest.","No","1","airstrip_smuggling; apartment; bada_bing_one; countryside_cabin; luxury_apartment; mansion; mansion_return; no_wake; silver_pines","No","No byte-identical audit duplicate","UNVERIFIED — manifest text/title is not an audio-content check","UNMEASURED — no integrated-LUFS evidence","No source-level issue; active-play receipt pending","Keep; verify audible content and loudness in the active scene."
"radio.vo.announcer.1v05271","assets/sfx/radio.vo.announcer.1v05271.mp3","MP3","2.952","Voice: announcer. License/source field not recorded in manifest.","No","1","airstrip_smuggling; apartment; bada_bing_one; countryside_cabin; luxury_apartment; mansion; mansion_return; no_wake; silver_pines","No","No byte-identical audit duplicate","UNVERIFIED — manifest text/title is not an audio-content check","UNMEASURED — no integrated-LUFS evidence","No source-level issue; active-play receipt pending","Keep; verify audible content and loudness in the active scene."
"radio.vo.announcer.1vtvpq8","assets/sfx/radio.vo.announcer.1vtvpq8.mp3","MP3","4.206","Voice: announcer. License/source field not recorded in manifest.","No","1","airstrip_smuggling; apartment; bada_bing_one; countryside_cabin; luxury_apartment; mansion; mansion_return; no_wake; silver_pines","No","No byte-identical audit duplicate","UNVERIFIED — manifest text/title is not an audio-content check","UNMEASURED — no integrated-LUFS evidence","No source-level issue; active-play receipt pending","Keep; verify audible content and loudness in the active scene."
"radio.vo.announcer.1vxa4x4","assets/sfx/radio.vo.announcer.1vxa4x4.mp3","MP3","4.153","Voice: announcer. License/source field not recorded in manifest.","No","1","airstrip_smuggling; apartment; bada_bing_one; countryside_cabin; luxury_apartment; mansion; mansion_return; no_wake; silver_pines","No","No byte-identical audit duplicate","UNVERIFIED — manifest text/title is not an audio-content check","UNMEASURED — no integrated-LUFS evidence","No source-level issue; active-play receipt pending","Keep; verify audible content and loudness in the active scene."
"radio.vo.announcer.1wvrx46","assets/sfx/radio.vo.announcer.1wvrx46.mp3","MP3","4.284","Voice: announcer. License/source field not recorded in manifest.","No","1","airstrip_smuggling; apartment; bada_bing_one; countryside_cabin; luxury_apartment; mansion; mansion_return; no_wake; silver_pines","No","No byte-identical audit duplicate","UNVERIFIED — manifest text/title is not an audio-content check","UNMEASURED — no integrated-LUFS evidence","No source-level issue; active-play receipt pending","Keep; verify audible content and loudness in the active scene."
"radio.vo.announcer.1xb04qh","assets/sfx/radio.vo.announcer.1xb04qh.mp3","MP3","5.59","Voice: announcer. License/source field not recorded in manifest.","No","1","airstrip_smuggling; apartment; bada_bing_one; countryside_cabin; luxury_apartment; mansion; mansion_return; no_wake; silver_pines","No","No byte-identical audit duplicate","UNVERIFIED — manifest text/title is not an audio-content check","UNMEASURED — no integrated-LUFS evidence","No source-level issue; active-play receipt pending","Keep; verify audible content and loudness in the active scene."
"radio.vo.announcer.1yuhyw6","assets/sfx/radio.vo.announcer.1yuhyw6.mp3","MP3","6.74","Voice: announcer. License/source field not recorded in manifest.","No","1","airstrip_smuggling; apartment; bada_bing_one; countryside_cabin; luxury_apartment; mansion; mansion_return; no_wake; silver_pines","No","No byte-identical audit duplicate","UNVERIFIED — manifest text/title is not an audio-content check","UNMEASURED — no integrated-LUFS evidence","No source-level issue; active-play receipt pending","Keep; verify audible content and loudness in the active scene."
"radio.vo.ape.04r2ni8","assets/sfx/radio.vo.ape.04r2ni8.mp3","MP3","2.664","Voice: ape. License/source field not recorded in manifest.","No","1","airstrip_smuggling; apartment; bada_bing_one; countryside_cabin; luxury_apartment; mansion; mansion_return; no_wake; silver_pines","No","No byte-identical audit duplicate","UNVERIFIED — manifest text/title is not an audio-content check","UNMEASURED — no integrated-LUFS evidence","No source-level issue; active-play receipt pending","Keep; verify audible content and loudness in the active scene."
"radio.vo.ape.05w2wxf","assets/sfx/radio.vo.ape.05w2wxf.mp3","MP3","5.355","Voice: ape. License/source field not recorded in manifest.","No","1","airstrip_smuggling; apartment; bada_bing_one; countryside_cabin; luxury_apartment; mansion; mansion_return; no_wake; silver_pines","No","No byte-identical audit duplicate","UNVERIFIED — manifest text/title is not an audio-content check","UNMEASURED — no integrated-LUFS evidence","No source-level issue; active-play receipt pending","Keep; verify audible content and loudness in the active scene."
"radio.vo.ape.06u9dd0","assets/sfx/radio.vo.ape.06u9dd0.mp3","MP3","6.609","Voice: ape. License/source field not recorded in manifest.","No","1","airstrip_smuggling; apartment; bada_bing_one; countryside_cabin; luxury_apartment; mansion; mansion_return; no_wake; silver_pines","No","No byte-identical audit duplicate","UNVERIFIED — manifest text/title is not an audio-content check","UNMEASURED — no integrated-LUFS evidence","No source-level issue; active-play receipt pending","Keep; verify audible content and loudness in the active scene."
"radio.vo.ape.07d3ee8","assets/sfx/radio.vo.ape.07d3ee8.mp3","MP3","3.918","Voice: ape. License/source field not recorded in manifest.","No","1","airstrip_smuggling; apartment; bada_bing_one; countryside_cabin; luxury_apartment; mansion; mansion_return; no_wake; silver_pines","No","No byte-identical audit duplicate","UNVERIFIED — manifest text/title is not an audio-content check","UNMEASURED — no integrated-LUFS evidence","No source-level issue; active-play receipt pending","Keep; verify audible content and loudness in the active scene."
"radio.vo.ape.0ma2e29","assets/sfx/radio.vo.ape.0ma2e29.mp3","MP3","3.318","Voice: ape. License/source field not recorded in manifest.","No","1","airstrip_smuggling; apartment; bada_bing_one; countryside_cabin; luxury_apartment; mansion; mansion_return; no_wake; silver_pines","No","No byte-identical audit duplicate","UNVERIFIED — manifest text/title is not an audio-content check","UNMEASURED — no integrated-LUFS evidence","No source-level issue; active-play receipt pending","Keep; verify audible content and loudness in the active scene."
"radio.vo.ape.0pr4065","assets/sfx/radio.vo.ape.0pr4065.mp3","MP3","4.65","Voice: ape. License/source field not recorded in manifest.","No","1","airstrip_smuggling; apartment; bada_bing_one; countryside_cabin; luxury_apartment; mansion; mansion_return; no_wake; silver_pines","No","No byte-identical audit duplicate","UNVERIFIED — manifest text/title is not an audio-content check","UNMEASURED — no integrated-LUFS evidence","No source-level issue; active-play receipt pending","Keep; verify audible content and loudness in the active scene."
"radio.vo.ape.0pximyr","assets/sfx/radio.vo.ape.0pximyr.mp3","MP3","4.206","Voice: ape. License/source field not recorded in manifest.","No","1","airstrip_smuggling; apartment; bada_bing_one; countryside_cabin; luxury_apartment; mansion; mansion_return; no_wake; silver_pines","No","No byte-identical audit duplicate","UNVERIFIED — manifest text/title is not an audio-content check","UNMEASURED — no integrated-LUFS evidence","No source-level issue; active-play receipt pending","Keep; verify audible content and loudness in the active scene."
"radio.vo.ape.0rxsr01","assets/sfx/radio.vo.ape.0rxsr01.mp3","MP3","3.135","Voice: ape. License/source field not recorded in manifest.","No","1","airstrip_smuggling; apartment; bada_bing_one; countryside_cabin; luxury_apartment; mansion; mansion_return; no_wake; silver_pines","No","No byte-identical audit duplicate","UNVERIFIED — manifest text/title is not an audio-content check","UNMEASURED — no integrated-LUFS evidence","No source-level issue; active-play receipt pending","Keep; verify audible content and loudness in the active scene."
"radio.vo.ape.0s9mb0h","assets/sfx/radio.vo.ape.0s9mb0h.mp3","MP3","3.631","Voice: ape. License/source field not recorded in manifest.","No","1","airstrip_smuggling; apartment; bada_bing_one; countryside_cabin; luxury_apartment; mansion; mansion_return; no_wake; silver_pines","No","No byte-identical audit duplicate","UNVERIFIED — manifest text/title is not an audio-content check","UNMEASURED — no integrated-LUFS evidence","No source-level issue; active-play receipt pending","Keep; verify audible content and loudness in the active scene."
"radio.vo.ape.0sbiptz","assets/sfx/radio.vo.ape.0sbiptz.mp3","MP3","4.284","Voice: ape. License/source field not recorded in manifest.","No","1","airstrip_smuggling; apartment; bada_bing_one; countryside_cabin; luxury_apartment; mansion; mansion_return; no_wake; silver_pines","No","No byte-identical audit duplicate","UNVERIFIED — manifest text/title is not an audio-content check","UNMEASURED — no integrated-LUFS evidence","No source-level issue; active-play receipt pending","Keep; verify audible content and loudness in the active scene."
"radio.vo.ape.13mrhba","assets/sfx/radio.vo.ape.13mrhba.mp3","MP3","3.736","Voice: ape. License/source field not recorded in manifest.","No","1","airstrip_smuggling; apartment; bada_bing_one; countryside_cabin; luxury_apartment; mansion; mansion_return; no_wake; silver_pines","No","No byte-identical audit duplicate","UNVERIFIED — manifest text/title is not an audio-content check","UNMEASURED — no integrated-LUFS evidence","No source-level issue; active-play receipt pending","Keep; verify audible content and loudness in the active scene."
"radio.vo.ape.15bndo4","assets/sfx/radio.vo.ape.15bndo4.mp3","MP3","4.206","Voice: ape. License/source field not recorded in manifest.","No","1","airstrip_smuggling; apartment; bada_bing_one; countryside_cabin; luxury_apartment; mansion; mansion_return; no_wake; silver_pines","No","No byte-identical audit duplicate","UNVERIFIED — manifest text/title is not an audio-content check","UNMEASURED — no integrated-LUFS evidence","No source-level issue; active-play receipt pending","Keep; verify audible content and loudness in the active scene."
"radio.vo.ape.15mgbv2","assets/sfx/radio.vo.ape.15mgbv2.mp3","MP3","3.187","Voice: ape. License/source field not recorded in manifest.","No","1","airstrip_smuggling; apartment; bada_bing_one; countryside_cabin; luxury_apartment; mansion; mansion_return; no_wake; silver_pines","No","No byte-identical audit duplicate","UNVERIFIED — manifest text/title is not an audio-content check","UNMEASURED — no integrated-LUFS evidence","No source-level issue; active-play receipt pending","Keep; verify audible content and loudness in the active scene."
"radio.vo.ape.180wvl3","assets/sfx/radio.vo.ape.180wvl3.mp3","MP3","4.571","Voice: ape. License/source field not recorded in manifest.","No","1","airstrip_smuggling; apartment; bada_bing_one; countryside_cabin; luxury_apartment; mansion; mansion_return; no_wake; silver_pines","No","No byte-identical audit duplicate","UNVERIFIED — manifest text/title is not an audio-content check","UNMEASURED — no integrated-LUFS evidence","No source-level issue; active-play receipt pending","Keep; verify audible content and loudness in the active scene."
"radio.vo.ape.1979djq","assets/sfx/radio.vo.ape.1979djq.mp3","MP3","6.191","Voice: ape. License/source field not recorded in manifest.","No","1","airstrip_smuggling; apartment; bada_bing_one; countryside_cabin; luxury_apartment; mansion; mansion_return; no_wake; silver_pines","No","No byte-identical audit duplicate","UNVERIFIED — manifest text/title is not an audio-content check","UNMEASURED — no integrated-LUFS evidence","No source-level issue; active-play receipt pending","Keep; verify audible content and loudness in the active scene."
"radio.vo.ape.1b1assm","assets/sfx/radio.vo.ape.1b1assm.mp3","MP3","5.59","Voice: ape. License/source field not recorded in manifest.","No","1","airstrip_smuggling; apartment; bada_bing_one; countryside_cabin; luxury_apartment; mansion; mansion_return; no_wake; silver_pines","No","No byte-identical audit duplicate","UNVERIFIED — manifest text/title is not an audio-content check","UNMEASURED — no integrated-LUFS evidence","No source-level issue; active-play receipt pending","Keep; verify audible content and loudness in the active scene."
"radio.vo.ape.1b42ni8","assets/sfx/radio.vo.ape.1b42ni8.mp3","MP3","4.65","Voice: ape. License/source field not recorded in manifest.","No","1","airstrip_smuggling; apartment; bada_bing_one; countryside_cabin; luxury_apartment; mansion; mansion_return; no_wake; silver_pines","No","No byte-identical audit duplicate","UNVERIFIED — manifest text/title is not an audio-content check","UNMEASURED — no integrated-LUFS evidence","No source-level issue; active-play receipt pending","Keep; verify audible content and loudness in the active scene."
"radio.vo.ape.1bxl6lp","assets/sfx/radio.vo.ape.1bxl6lp.mp3","MP3","6.191","Voice: ape. License/source field not recorded in manifest.","No","1","airstrip_smuggling; apartment; bada_bing_one; countryside_cabin; luxury_apartment; mansion; mansion_return; no_wake; silver_pines","No","No byte-identical audit duplicate","UNVERIFIED — manifest text/title is not an audio-content check","UNMEASURED — no integrated-LUFS evidence","No source-level issue; active-play receipt pending","Keep; verify audible content and loudness in the active scene."
"radio.vo.ape.1mlnkzr","assets/sfx/radio.vo.ape.1mlnkzr.mp3","MP3","3.396","Voice: ape. License/source field not recorded in manifest.","No","1","airstrip_smuggling; apartment; bada_bing_one; countryside_cabin; luxury_apartment; mansion; mansion_return; no_wake; silver_pines","No","No byte-identical audit duplicate","UNVERIFIED — manifest text/title is not an audio-content check","UNMEASURED — no integrated-LUFS evidence","No source-level issue; active-play receipt pending","Keep; verify audible content and loudness in the active scene."
"radio.vo.ape.1n0f64l","assets/sfx/radio.vo.ape.1n0f64l.mp3","MP3","4.702","Voice: ape. License/source field not recorded in manifest.","No","1","airstrip_smuggling; apartment; bada_bing_one; countryside_cabin; luxury_apartment; mansion; mansion_return; no_wake; silver_pines","No","No byte-identical audit duplicate","UNVERIFIED — manifest text/title is not an audio-content check","UNMEASURED — no integrated-LUFS evidence","No source-level issue; active-play receipt pending","Keep; verify audible content and loudness in the active scene."
"radio.vo.ape.1nv6sd0","assets/sfx/radio.vo.ape.1nv6sd0.mp3","MP3","3.788","Voice: ape. License/source field not recorded in manifest.","No","1","airstrip_smuggling; apartment; bada_bing_one; countryside_cabin; luxury_apartment; mansion; mansion_return; no_wake; silver_pines","No","No byte-identical audit duplicate","UNVERIFIED — manifest text/title is not an audio-content check","UNMEASURED — no integrated-LUFS evidence","No source-level issue; active-play receipt pending","Keep; verify audible content and loudness in the active scene."
"radio.vo.ape.1ra7oiw","assets/sfx/radio.vo.ape.1ra7oiw.mp3","MP3","5.12","Voice: ape. License/source field not recorded in manifest.","No","1","airstrip_smuggling; apartment; bada_bing_one; countryside_cabin; luxury_apartment; mansion; mansion_return; no_wake; silver_pines","No","No byte-identical audit duplicate","UNVERIFIED — manifest text/title is not an audio-content check","UNMEASURED — no integrated-LUFS evidence","No source-level issue; active-play receipt pending","Keep; verify audible content and loudness in the active scene."
"radio.vo.ape.1sg3xkj","assets/sfx/radio.vo.ape.1sg3xkj.mp3","MP3","6.949","Voice: ape. License/source field not recorded in manifest.","No","1","airstrip_smuggling; apartment; bada_bing_one; countryside_cabin; luxury_apartment; mansion; mansion_return; no_wake; silver_pines","No","No byte-identical audit duplicate","UNVERIFIED — manifest text/title is not an audio-content check","UNMEASURED — no integrated-LUFS evidence","No source-level issue; active-play receipt pending","Keep; verify audible content and loudness in the active scene."
"radio.vo.ape.1tp6k1k","assets/sfx/radio.vo.ape.1tp6k1k.mp3","MP3","3.736","Voice: ape. License/source field not recorded in manifest.","No","1","airstrip_smuggling; apartment; bada_bing_one; countryside_cabin; luxury_apartment; mansion; mansion_return; no_wake; silver_pines","No","No byte-identical audit duplicate","UNVERIFIED — manifest text/title is not an audio-content check","UNMEASURED — no integrated-LUFS evidence","No source-level issue; active-play receipt pending","Keep; verify audible content and loudness in the active scene."
"radio.vo.ape.1twzob4","assets/sfx/radio.vo.ape.1twzob4.mp3","MP3","2.56","Voice: ape. License/source field not recorded in manifest.","No","1","airstrip_smuggling; apartment; bada_bing_one; countryside_cabin; luxury_apartment; mansion; mansion_return; no_wake; silver_pines","No","No byte-identical audit duplicate","UNVERIFIED — manifest text/title is not an audio-content check","UNMEASURED — no integrated-LUFS evidence","No source-level issue; active-play receipt pending","Keep; verify audible content and loudness in the active scene."
"radio.vo.ape.1vbtzbx","assets/sfx/radio.vo.ape.1vbtzbx.mp3","MP3","1.959","Voice: ape. License/source field not recorded in manifest.","No","1","airstrip_smuggling; apartment; bada_bing_one; countryside_cabin; luxury_apartment; mansion; mansion_return; no_wake; silver_pines","No","No byte-identical audit duplicate","UNVERIFIED — manifest text/title is not an audio-content check","UNMEASURED — no integrated-LUFS evidence","No source-level issue; active-play receipt pending","Keep; verify audible content and loudness in the active scene."
"radio.vo.ape.1vmtgcz","assets/sfx/radio.vo.ape.1vmtgcz.mp3","MP3","3.187","Voice: ape. License/source field not recorded in manifest.","No","1","airstrip_smuggling; apartment; bada_bing_one; countryside_cabin; luxury_apartment; mansion; mansion_return; no_wake; silver_pines","No","No byte-identical audit duplicate","UNVERIFIED — manifest text/title is not an audio-content check","UNMEASURED — no integrated-LUFS evidence","No source-level issue; active-play receipt pending","Keep; verify audible content and loudness in the active scene."
"radio.vo.booski.00ap4ga","assets/sfx/radio.vo.booski.00ap4ga.mp3","MP3","4.754","Voice: booski. License/source field not recorded in manifest.","No","1","airstrip_smuggling; apartment; bada_bing_one; countryside_cabin; luxury_apartment; mansion; mansion_return; no_wake; silver_pines","No","No byte-identical audit duplicate","UNVERIFIED — manifest text/title is not an audio-content check","UNMEASURED — no integrated-LUFS evidence","No source-level issue; active-play receipt pending","Keep; verify audible content and loudness in the active scene."
"radio.vo.booski.0elwqby","assets/sfx/radio.vo.booski.0elwqby.mp3","MP3","2.9","Voice: booski. License/source field not recorded in manifest.","No","1","airstrip_smuggling; apartment; bada_bing_one; countryside_cabin; luxury_apartment; mansion; mansion_return; no_wake; silver_pines","No","No byte-identical audit duplicate","UNVERIFIED — manifest text/title is not an audio-content check","UNMEASURED — no integrated-LUFS evidence","No source-level issue; active-play receipt pending","Keep; verify audible content and loudness in the active scene."
"radio.vo.booski.0ezdueh","assets/sfx/radio.vo.booski.0ezdueh.mp3","MP3","5.59","Voice: booski. License/source field not recorded in manifest.","No","1","airstrip_smuggling; apartment; bada_bing_one; countryside_cabin; luxury_apartment; mansion; mansion_return; no_wake; silver_pines","No","No byte-identical audit duplicate","UNVERIFIED — manifest text/title is not an audio-content check","UNMEASURED — no integrated-LUFS evidence","No source-level issue; active-play receipt pending","Keep; verify audible content and loudness in the active scene."
"radio.vo.booski.0nkxxtz","assets/sfx/radio.vo.booski.0nkxxtz.mp3","MP3","5.042","Voice: booski. License/source field not recorded in manifest.","No","1","airstrip_smuggling; apartment; bada_bing_one; countryside_cabin; luxury_apartment; mansion; mansion_return; no_wake; silver_pines","No","No byte-identical audit duplicate","UNVERIFIED — manifest text/title is not an audio-content check","UNMEASURED — no integrated-LUFS evidence","No source-level issue; active-play receipt pending","Keep; verify audible content and loudness in the active scene."
"radio.vo.booski.0rfyzi2","assets/sfx/radio.vo.booski.0rfyzi2.mp3","MP3","6.478","Voice: booski. License/source field not recorded in manifest.","No","1","airstrip_smuggling; apartment; bada_bing_one; countryside_cabin; luxury_apartment; mansion; mansion_return; no_wake; silver_pines","No","No byte-identical audit duplicate","UNVERIFIED — manifest text/title is not an audio-content check","UNMEASURED — no integrated-LUFS evidence","No source-level issue; active-play receipt pending","Keep; verify audible content and loudness in the active scene."
"radio.vo.booski.0we71e6","assets/sfx/radio.vo.booski.0we71e6.mp3","MP3","1.541","Voice: booski. License/source field not recorded in manifest.","No","1","airstrip_smuggling; apartment; bada_bing_one; countryside_cabin; luxury_apartment; mansion; mansion_return; no_wake; silver_pines","No","No byte-identical audit duplicate","UNVERIFIED — manifest text/title is not an audio-content check","UNMEASURED — no integrated-LUFS evidence","No source-level issue; active-play receipt pending","Keep; verify audible content and loudness in the active scene."
"radio.vo.booski.0wf752r","assets/sfx/radio.vo.booski.0wf752r.mp3","MP3","4.989","Voice: booski. License/source field not recorded in manifest.","No","1","airstrip_smuggling; apartment; bada_bing_one; countryside_cabin; luxury_apartment; mansion; mansion_return; no_wake; silver_pines","No","No byte-identical audit duplicate","UNVERIFIED — manifest text/title is not an audio-content check","UNMEASURED — no integrated-LUFS evidence","No source-level issue; active-play receipt pending","Keep; verify audible content and loudness in the active scene."
"radio.vo.booski.0xga563","assets/sfx/radio.vo.booski.0xga563.mp3","MP3","4.571","Voice: booski. License/source field not recorded in manifest.","No","1","airstrip_smuggling; apartment; bada_bing_one; countryside_cabin; luxury_apartment; mansion; mansion_return; no_wake; silver_pines","No","No byte-identical audit duplicate","UNVERIFIED — manifest text/title is not an audio-content check","UNMEASURED — no integrated-LUFS evidence","No source-level issue; active-play receipt pending","Keep; verify audible content and loudness in the active scene."
"radio.vo.booski.14lhuqa","assets/sfx/radio.vo.booski.14lhuqa.mp3","MP3","5.538","Voice: booski. License/source field not recorded in manifest.","No","1","airstrip_smuggling; apartment; bada_bing_one; countryside_cabin; luxury_apartment; mansion; mansion_return; no_wake; silver_pines","No","No byte-identical audit duplicate","UNVERIFIED — manifest text/title is not an audio-content check","UNMEASURED — no integrated-LUFS evidence","No source-level issue; active-play receipt pending","Keep; verify audible content and loudness in the active scene."
"radio.vo.booski.17mnqjg","assets/sfx/radio.vo.booski.17mnqjg.mp3","MP3","5.695","Voice: booski. License/source field not recorded in manifest.","No","1","airstrip_smuggling; apartment; bada_bing_one; countryside_cabin; luxury_apartment; mansion; mansion_return; no_wake; silver_pines","No","No byte-identical audit duplicate","UNVERIFIED — manifest text/title is not an audio-content check","UNMEASURED — no integrated-LUFS evidence","No source-level issue; active-play receipt pending","Keep; verify audible content and loudness in the active scene."
"radio.vo.booski.1893doy","assets/sfx/radio.vo.booski.1893doy.mp3","MP3","5.277","Voice: booski. License/source field not recorded in manifest.","No","1","airstrip_smuggling; apartment; bada_bing_one; countryside_cabin; luxury_apartment; mansion; mansion_return; no_wake; silver_pines","No","No byte-identical audit duplicate","UNVERIFIED — manifest text/title is not an audio-content check","UNMEASURED — no integrated-LUFS evidence","No source-level issue; active-play receipt pending","Keep; verify audible content and loudness in the active scene."
"radio.vo.booski.1dv87p9","assets/sfx/radio.vo.booski.1dv87p9.mp3","MP3","5.407","Voice: booski. License/source field not recorded in manifest.","No","1","airstrip_smuggling; apartment; bada_bing_one; countryside_cabin; luxury_apartment; mansion; mansion_return; no_wake; silver_pines","No","No byte-identical audit duplicate","UNVERIFIED — manifest text/title is not an audio-content check","UNMEASURED — no integrated-LUFS evidence","No source-level issue; active-play receipt pending","Keep; verify audible content and loudness in the active scene."
"radio.vo.booski.1jrobac","assets/sfx/radio.vo.booski.1jrobac.mp3","MP3","1.541","Voice: booski. License/source field not recorded in manifest.","No","1","airstrip_smuggling; apartment; bada_bing_one; countryside_cabin; luxury_apartment; mansion; mansion_return; no_wake; silver_pines","No","No byte-identical audit duplicate","UNVERIFIED — manifest text/title is not an audio-content check","UNMEASURED — no integrated-LUFS evidence","No source-level issue; active-play receipt pending","Keep; verify audible content and loudness in the active scene."
"radio.vo.booski.1ofq291","assets/sfx/radio.vo.booski.1ofq291.mp3","MP3","3.971","Voice: booski. License/source field not recorded in manifest.","No","1","airstrip_smuggling; apartment; bada_bing_one; countryside_cabin; luxury_apartment; mansion; mansion_return; no_wake; silver_pines","No","No byte-identical audit duplicate","UNVERIFIED — manifest text/title is not an audio-content check","UNMEASURED — no integrated-LUFS evidence","No source-level issue; active-play receipt pending","Keep; verify audible content and loudness in the active scene."
"radio.vo.booski.1w1br50","assets/sfx/radio.vo.booski.1w1br50.mp3","MP3","6.113","Voice: booski. License/source field not recorded in manifest.","No","1","airstrip_smuggling; apartment; bada_bing_one; countryside_cabin; luxury_apartment; mansion; mansion_return; no_wake; silver_pines","No","No byte-identical audit duplicate","UNVERIFIED — manifest text/title is not an audio-content check","UNMEASURED — no integrated-LUFS evidence","No source-level issue; active-play receipt pending","Keep; verify audible content and loudness in the active scene."
"radio.vo.eric.08sy7wy","assets/sfx/radio.vo.eric.08sy7wy.mp3","MP3","3.683","Voice: eric. License/source field not recorded in manifest.","No","1","airstrip_smuggling; apartment; bada_bing_one; countryside_cabin; luxury_apartment; mansion; mansion_return; no_wake; silver_pines","No","No byte-identical audit duplicate","UNVERIFIED — manifest text/title is not an audio-content check","UNMEASURED — no integrated-LUFS evidence","No source-level issue; active-play receipt pending","Keep; verify audible content and loudness in the active scene."
"radio.vo.eric.0ag3tlg","assets/sfx/radio.vo.eric.0ag3tlg.mp3","MP3","5.042","Voice: eric. License/source field not recorded in manifest.","No","1","airstrip_smuggling; apartment; bada_bing_one; countryside_cabin; luxury_apartment; mansion; mansion_return; no_wake; silver_pines","No","No byte-identical audit duplicate","UNVERIFIED — manifest text/title is not an audio-content check","UNMEASURED — no integrated-LUFS evidence","No source-level issue; active-play receipt pending","Keep; verify audible content and loudness in the active scene."
"radio.vo.eric.0isky6u","assets/sfx/radio.vo.eric.0isky6u.mp3","MP3","5.59","Voice: eric. License/source field not recorded in manifest.","No","1","airstrip_smuggling; apartment; bada_bing_one; countryside_cabin; luxury_apartment; mansion; mansion_return; no_wake; silver_pines","No","No byte-identical audit duplicate","UNVERIFIED — manifest text/title is not an audio-content check","UNMEASURED — no integrated-LUFS evidence","No source-level issue; active-play receipt pending","Keep; verify audible content and loudness in the active scene."
"radio.vo.eric.0jjnx2s","assets/sfx/radio.vo.eric.0jjnx2s.mp3","MP3","3.37","Voice: eric. License/source field not recorded in manifest.","No","1","airstrip_smuggling; apartment; bada_bing_one; countryside_cabin; luxury_apartment; mansion; mansion_return; no_wake; silver_pines","No","No byte-identical audit duplicate","UNVERIFIED — manifest text/title is not an audio-content check","UNMEASURED — no integrated-LUFS evidence","No source-level issue; active-play receipt pending","Keep; verify audible content and loudness in the active scene."
"radio.vo.eric.0k4x5j7","assets/sfx/radio.vo.eric.0k4x5j7.mp3","MP3","5.068","Voice: eric. License/source field not recorded in manifest.","No","1","airstrip_smuggling; apartment; bada_bing_one; countryside_cabin; luxury_apartment; mansion; mansion_return; no_wake; silver_pines","No","No byte-identical audit duplicate","UNVERIFIED — manifest text/title is not an audio-content check","UNMEASURED — no integrated-LUFS evidence","No source-level issue; active-play receipt pending","Keep; verify audible content and loudness in the active scene."
"radio.vo.eric.0l8waiu","assets/sfx/radio.vo.eric.0l8waiu.mp3","MP3","4.885","Voice: eric. License/source field not recorded in manifest.","No","1","airstrip_smuggling; apartment; bada_bing_one; countryside_cabin; luxury_apartment; mansion; mansion_return; no_wake; silver_pines","No","No byte-identical audit duplicate","UNVERIFIED — manifest text/title is not an audio-content check","UNMEASURED — no integrated-LUFS evidence","No source-level issue; active-play receipt pending","Keep; verify audible content and loudness in the active scene."
"radio.vo.eric.0p64d4x","assets/sfx/radio.vo.eric.0p64d4x.mp3","MP3","2.56","Voice: eric. License/source field not recorded in manifest.","No","1","airstrip_smuggling; apartment; bada_bing_one; countryside_cabin; luxury_apartment; mansion; mansion_return; no_wake; silver_pines","No","No byte-identical audit duplicate","UNVERIFIED — manifest text/title is not an audio-content check","UNMEASURED — no integrated-LUFS evidence","No source-level issue; active-play receipt pending","Keep; verify audible content and loudness in the active scene."
"radio.vo.eric.0tbrfgb","assets/sfx/radio.vo.eric.0tbrfgb.mp3","MP3","4.859","Voice: eric. License/source field not recorded in manifest.","No","1","airstrip_smuggling; apartment; bada_bing_one; countryside_cabin; luxury_apartment; mansion; mansion_return; no_wake; silver_pines","No","No byte-identical audit duplicate","UNVERIFIED — manifest text/title is not an audio-content check","UNMEASURED — no integrated-LUFS evidence","No source-level issue; active-play receipt pending","Keep; verify audible content and loudness in the active scene."
"radio.vo.eric.15r0j6n","assets/sfx/radio.vo.eric.15r0j6n.mp3","MP3","1.463","Voice: eric. License/source field not recorded in manifest.","No","1","airstrip_smuggling; apartment; bada_bing_one; countryside_cabin; luxury_apartment; mansion; mansion_return; no_wake; silver_pines","No","No byte-identical audit duplicate","UNVERIFIED — manifest text/title is not an audio-content check","UNMEASURED — no integrated-LUFS evidence","No source-level issue; active-play receipt pending","Keep; verify audible content and loudness in the active scene."
"radio.vo.eric.16d13f8","assets/sfx/radio.vo.eric.16d13f8.mp3","MP3","4.754","Voice: eric. License/source field not recorded in manifest.","No","1","airstrip_smuggling; apartment; bada_bing_one; countryside_cabin; luxury_apartment; mansion; mansion_return; no_wake; silver_pines","No","No byte-identical audit duplicate","UNVERIFIED — manifest text/title is not an audio-content check","UNMEASURED — no integrated-LUFS evidence","No source-level issue; active-play receipt pending","Keep; verify audible content and loudness in the active scene."
"radio.vo.eric.1g63ily","assets/sfx/radio.vo.eric.1g63ily.mp3","MP3","4.519","Voice: eric. License/source field not recorded in manifest.","No","1","airstrip_smuggling; apartment; bada_bing_one; countryside_cabin; luxury_apartment; mansion; mansion_return; no_wake; silver_pines","No","No byte-identical audit duplicate","UNVERIFIED — manifest text/title is not an audio-content check","UNMEASURED — no integrated-LUFS evidence","No source-level issue; active-play receipt pending","Keep; verify audible content and loudness in the active scene."
"radio.vo.eric.1ozuj33","assets/sfx/radio.vo.eric.1ozuj33.mp3","MP3","2.247","Voice: eric. License/source field not recorded in manifest.","No","1","airstrip_smuggling; apartment; bada_bing_one; countryside_cabin; luxury_apartment; mansion; mansion_return; no_wake; silver_pines","No","No byte-identical audit duplicate","UNVERIFIED — manifest text/title is not an audio-content check","UNMEASURED — no integrated-LUFS evidence","No source-level issue; active-play receipt pending","Keep; verify audible content and loudness in the active scene."
"radio.vo.eric.1xc79q8","assets/sfx/radio.vo.eric.1xc79q8.mp3","MP3","4.624","Voice: eric. License/source field not recorded in manifest.","No","1","airstrip_smuggling; apartment; bada_bing_one; countryside_cabin; luxury_apartment; mansion; mansion_return; no_wake; silver_pines","No","No byte-identical audit duplicate","UNVERIFIED — manifest text/title is not an audio-content check","UNMEASURED — no integrated-LUFS evidence","No source-level issue; active-play receipt pending","Keep; verify audible content and loudness in the active scene."
"radio.vo.gratin.0vfnwgm","assets/sfx/radio.vo.gratin.0vfnwgm.mp3","MP3","4.571","Voice: gratin. License/source field not recorded in manifest.","No","1","airstrip_smuggling; apartment; bada_bing_one; countryside_cabin; luxury_apartment; mansion; mansion_return; no_wake; silver_pines","No","No byte-identical audit duplicate","UNVERIFIED — manifest text/title is not an audio-content check","UNMEASURED — no integrated-LUFS evidence","No source-level issue; active-play receipt pending","Keep; verify audible content and loudness in the active scene."
"radio.vo.gratin.0vq9wmw","assets/sfx/radio.vo.gratin.0vq9wmw.mp3","MP3","2.664","Voice: gratin. License/source field not recorded in manifest.","No","1","airstrip_smuggling; apartment; bada_bing_one; countryside_cabin; luxury_apartment; mansion; mansion_return; no_wake; silver_pines","No","No byte-identical audit duplicate","UNVERIFIED — manifest text/title is not an audio-content check","UNMEASURED — no integrated-LUFS evidence","No source-level issue; active-play receipt pending","Keep; verify audible content and loudness in the active scene."
"radio.vo.gratin.0x93c4r","assets/sfx/radio.vo.gratin.0x93c4r.mp3","MP3","3.37","Voice: gratin. License/source field not recorded in manifest.","No","1","airstrip_smuggling; apartment; bada_bing_one; countryside_cabin; luxury_apartment; mansion; mansion_return; no_wake; silver_pines","No","No byte-identical audit duplicate","UNVERIFIED — manifest text/title is not an audio-content check","UNMEASURED — no integrated-LUFS evidence","No source-level issue; active-play receipt pending","Keep; verify audible content and loudness in the active scene."
"radio.vo.gratin.11tbi9u","assets/sfx/radio.vo.gratin.11tbi9u.mp3","MP3","2.482","Voice: gratin. License/source field not recorded in manifest.","No","1","airstrip_smuggling; apartment; bada_bing_one; countryside_cabin; luxury_apartment; mansion; mansion_return; no_wake; silver_pines","No","No byte-identical audit duplicate","UNVERIFIED — manifest text/title is not an audio-content check","UNMEASURED — no integrated-LUFS evidence","No source-level issue; active-play receipt pending","Keep; verify audible content and loudness in the active scene."
"radio.vo.gratin.11vg89r","assets/sfx/radio.vo.gratin.11vg89r.mp3","MP3","3.37","Voice: gratin. License/source field not recorded in manifest.","No","1","airstrip_smuggling; apartment; bada_bing_one; countryside_cabin; luxury_apartment; mansion; mansion_return; no_wake; silver_pines","No","No byte-identical audit duplicate","UNVERIFIED — manifest text/title is not an audio-content check","UNMEASURED — no integrated-LUFS evidence","No source-level issue; active-play receipt pending","Keep; verify audible content and loudness in the active scene."
"radio.vo.gratin.18zagup","assets/sfx/radio.vo.gratin.18zagup.mp3","MP3","3.213","Voice: gratin. License/source field not recorded in manifest.","No","1","airstrip_smuggling; apartment; bada_bing_one; countryside_cabin; luxury_apartment; mansion; mansion_return; no_wake; silver_pines","No","No byte-identical audit duplicate","UNVERIFIED — manifest text/title is not an audio-content check","UNMEASURED — no integrated-LUFS evidence","No source-level issue; active-play receipt pending","Keep; verify audible content and loudness in the active scene."
"radio.vo.gratin.1fyfxb5","assets/sfx/radio.vo.gratin.1fyfxb5.mp3","MP3","1.411","Voice: gratin. License/source field not recorded in manifest.","No","1","airstrip_smuggling; apartment; bada_bing_one; countryside_cabin; luxury_apartment; mansion; mansion_return; no_wake; silver_pines","No","No byte-identical audit duplicate","UNVERIFIED — manifest text/title is not an audio-content check","UNMEASURED — no integrated-LUFS evidence","No source-level issue; active-play receipt pending","Keep; verify audible content and loudness in the active scene."
"radio.vo.gratin.1i7jnn3","assets/sfx/radio.vo.gratin.1i7jnn3.mp3","MP3","2.064","Voice: gratin. License/source field not recorded in manifest.","No","1","airstrip_smuggling; apartment; bada_bing_one; countryside_cabin; luxury_apartment; mansion; mansion_return; no_wake; silver_pines","No","No byte-identical audit duplicate","UNVERIFIED — manifest text/title is not an audio-content check","UNMEASURED — no integrated-LUFS evidence","No source-level issue; active-play receipt pending","Keep; verify audible content and loudness in the active scene."
"radio.vo.gratin.1moi2b0","assets/sfx/radio.vo.gratin.1moi2b0.mp3","MP3","3.187","Voice: gratin. License/source field not recorded in manifest.","No","1","airstrip_smuggling; apartment; bada_bing_one; countryside_cabin; luxury_apartment; mansion; mansion_return; no_wake; silver_pines","No","No byte-identical audit duplicate","UNVERIFIED — manifest text/title is not an audio-content check","UNMEASURED — no integrated-LUFS evidence","No source-level issue; active-play receipt pending","Keep; verify audible content and loudness in the active scene."
"radio.vo.gratin.1oyce4n","assets/sfx/radio.vo.gratin.1oyce4n.mp3","MP3","1.306","Voice: gratin. License/source field not recorded in manifest.","No","1","airstrip_smuggling; apartment; bada_bing_one; countryside_cabin; luxury_apartment; mansion; mansion_return; no_wake; silver_pines","No","No byte-identical audit duplicate","UNVERIFIED — manifest text/title is not an audio-content check","UNMEASURED — no integrated-LUFS evidence","No source-level issue; active-play receipt pending","Keep; verify audible content and loudness in the active scene."
"radio.vo.gratin.1tn1vig","assets/sfx/radio.vo.gratin.1tn1vig.mp3","MP3","3.736","Voice: gratin. License/source field not recorded in manifest.","No","1","airstrip_smuggling; apartment; bada_bing_one; countryside_cabin; luxury_apartment; mansion; mansion_return; no_wake; silver_pines","No","No byte-identical audit duplicate","UNVERIFIED — manifest text/title is not an audio-content check","UNMEASURED — no integrated-LUFS evidence","No source-level issue; active-play receipt pending","Keep; verify audible content and loudness in the active scene."
"radio.vo.gratin.1wry2cb","assets/sfx/radio.vo.gratin.1wry2cb.mp3","MP3","3.448","Voice: gratin. License/source field not recorded in manifest.","No","1","airstrip_smuggling; apartment; bada_bing_one; countryside_cabin; luxury_apartment; mansion; mansion_return; no_wake; silver_pines","No","No byte-identical audit duplicate","UNVERIFIED — manifest text/title is not an audio-content check","UNMEASURED — no integrated-LUFS evidence","No source-level issue; active-play receipt pending","Keep; verify audible content and loudness in the active scene."
"radio.vo.gratin.1x4vx7s","assets/sfx/radio.vo.gratin.1x4vx7s.mp3","MP3","3.605","Voice: gratin. License/source field not recorded in manifest.","No","1","airstrip_smuggling; apartment; bada_bing_one; countryside_cabin; luxury_apartment; mansion; mansion_return; no_wake; silver_pines","No","No byte-identical audit duplicate","UNVERIFIED — manifest text/title is not an audio-content check","UNMEASURED — no integrated-LUFS evidence","No source-level issue; active-play receipt pending","Keep; verify audible content and loudness in the active scene."
"radio.vo.hogmama.04fa4f3","assets/sfx/radio.vo.hogmama.04fa4f3.mp3","MP3","3.631","Voice: hogmama. License/source field not recorded in manifest.","No","1","airstrip_smuggling; apartment; bada_bing_one; countryside_cabin; luxury_apartment; mansion; mansion_return; no_wake; silver_pines","No","No byte-identical audit duplicate","UNVERIFIED — manifest text/title is not an audio-content check","UNMEASURED — no integrated-LUFS evidence","No source-level issue; active-play receipt pending","Keep; verify audible content and loudness in the active scene."
"radio.vo.hogmama.05uiusz","assets/sfx/radio.vo.hogmama.05uiusz.mp3","MP3","2.56","Voice: hogmama. License/source field not recorded in manifest.","No","1","airstrip_smuggling; apartment; bada_bing_one; countryside_cabin; luxury_apartment; mansion; mansion_return; no_wake; silver_pines","No","No byte-identical audit duplicate","UNVERIFIED — manifest text/title is not an audio-content check","UNMEASURED — no integrated-LUFS evidence","No source-level issue; active-play receipt pending","Keep; verify audible content and loudness in the active scene."
"radio.vo.hogmama.0cpuis1","assets/sfx/radio.vo.hogmama.0cpuis1.mp3","MP3","2.795","Voice: hogmama. License/source field not recorded in manifest.","No","1","airstrip_smuggling; apartment; bada_bing_one; countryside_cabin; luxury_apartment; mansion; mansion_return; no_wake; silver_pines","No","No byte-identical audit duplicate","UNVERIFIED — manifest text/title is not an audio-content check","UNMEASURED — no integrated-LUFS evidence","No source-level issue; active-play receipt pending","Keep; verify audible content and loudness in the active scene."
"radio.vo.hogmama.0g0w0qx","assets/sfx/radio.vo.hogmama.0g0w0qx.mp3","MP3","2.978","Voice: hogmama. License/source field not recorded in manifest.","No","1","airstrip_smuggling; apartment; bada_bing_one; countryside_cabin; luxury_apartment; mansion; mansion_return; no_wake; silver_pines","No","No byte-identical audit duplicate","UNVERIFIED — manifest text/title is not an audio-content check","UNMEASURED — no integrated-LUFS evidence","No source-level issue; active-play receipt pending","Keep; verify audible content and loudness in the active scene."
"radio.vo.hogmama.0gtrmr4","assets/sfx/radio.vo.hogmama.0gtrmr4.mp3","MP3","4.206","Voice: hogmama. License/source field not recorded in manifest.","No","1","airstrip_smuggling; apartment; bada_bing_one; countryside_cabin; luxury_apartment; mansion; mansion_return; no_wake; silver_pines","No","No byte-identical audit duplicate","UNVERIFIED — manifest text/title is not an audio-content check","UNMEASURED — no integrated-LUFS evidence","No source-level issue; active-play receipt pending","Keep; verify audible content and loudness in the active scene."
"radio.vo.hogmama.0ht1tgl","assets/sfx/radio.vo.hogmama.0ht1tgl.mp3","MP3","1.358","Voice: hogmama. License/source field not recorded in manifest.","No","1","airstrip_smuggling; apartment; bada_bing_one; countryside_cabin; luxury_apartment; mansion; mansion_return; no_wake; silver_pines","No","No byte-identical audit duplicate","UNVERIFIED — manifest text/title is not an audio-content check","UNMEASURED — no integrated-LUFS evidence","No source-level issue; active-play receipt pending","Keep; verify audible content and loudness in the active scene."
"radio.vo.hogmama.0i4vajs","assets/sfx/radio.vo.hogmama.0i4vajs.mp3","MP3","4.206","Voice: hogmama. License/source field not recorded in manifest.","No","1","airstrip_smuggling; apartment; bada_bing_one; countryside_cabin; luxury_apartment; mansion; mansion_return; no_wake; silver_pines","No","No byte-identical audit duplicate","UNVERIFIED — manifest text/title is not an audio-content check","UNMEASURED — no integrated-LUFS evidence","No source-level issue; active-play receipt pending","Keep; verify audible content and loudness in the active scene."
"radio.vo.hogmama.0mgmll0","assets/sfx/radio.vo.hogmama.0mgmll0.mp3","MP3","5.407","Voice: hogmama. License/source field not recorded in manifest.","No","1","airstrip_smuggling; apartment; bada_bing_one; countryside_cabin; luxury_apartment; mansion; mansion_return; no_wake; silver_pines","No","No byte-identical audit duplicate","UNVERIFIED — manifest text/title is not an audio-content check","UNMEASURED — no integrated-LUFS evidence","No source-level issue; active-play receipt pending","Keep; verify audible content and loudness in the active scene."
"radio.vo.hogmama.0rfi3kc","assets/sfx/radio.vo.hogmama.0rfi3kc.mp3","MP3","3.553","Voice: hogmama. License/source field not recorded in manifest.","No","1","airstrip_smuggling; apartment; bada_bing_one; countryside_cabin; luxury_apartment; mansion; mansion_return; no_wake; silver_pines","No","No byte-identical audit duplicate","UNVERIFIED — manifest text/title is not an audio-content check","UNMEASURED — no integrated-LUFS evidence","No source-level issue; active-play receipt pending","Keep; verify audible content and loudness in the active scene."
"radio.vo.hogmama.0wuklsh","assets/sfx/radio.vo.hogmama.0wuklsh.mp3","MP3","3.683","Voice: hogmama. License/source field not recorded in manifest.","No","1","airstrip_smuggling; apartment; bada_bing_one; countryside_cabin; luxury_apartment; mansion; mansion_return; no_wake; silver_pines","No","No byte-identical audit duplicate","UNVERIFIED — manifest text/title is not an audio-content check","UNMEASURED — no integrated-LUFS evidence","No source-level issue; active-play receipt pending","Keep; verify audible content and loudness in the active scene."
"radio.vo.hogmama.11nkinf","assets/sfx/radio.vo.hogmama.11nkinf.mp3","MP3","4.807","Voice: hogmama. License/source field not recorded in manifest.","No","1","airstrip_smuggling; apartment; bada_bing_one; countryside_cabin; luxury_apartment; mansion; mansion_return; no_wake; silver_pines","No","No byte-identical audit duplicate","UNVERIFIED — manifest text/title is not an audio-content check","UNMEASURED — no integrated-LUFS evidence","No source-level issue; active-play receipt pending","Keep; verify audible content and loudness in the active scene."
"radio.vo.hogmama.12c15xl","assets/sfx/radio.vo.hogmama.12c15xl.mp3","MP3","3.814","Voice: hogmama. License/source field not recorded in manifest.","No","1","airstrip_smuggling; apartment; bada_bing_one; countryside_cabin; luxury_apartment; mansion; mansion_return; no_wake; silver_pines","No","No byte-identical audit duplicate","UNVERIFIED — manifest text/title is not an audio-content check","UNMEASURED — no integrated-LUFS evidence","No source-level issue; active-play receipt pending","Keep; verify audible content and loudness in the active scene."
"radio.vo.hogmama.12smkpl","assets/sfx/radio.vo.hogmama.12smkpl.mp3","MP3","4.859","Voice: hogmama. License/source field not recorded in manifest.","No","1","airstrip_smuggling; apartment; bada_bing_one; countryside_cabin; luxury_apartment; mansion; mansion_return; no_wake; silver_pines","No","No byte-identical audit duplicate","UNVERIFIED — manifest text/title is not an audio-content check","UNMEASURED — no integrated-LUFS evidence","No source-level issue; active-play receipt pending","Keep; verify audible content and loudness in the active scene."
"radio.vo.hogmama.164db6b","assets/sfx/radio.vo.hogmama.164db6b.mp3","MP3","3.631","Voice: hogmama. License/source field not recorded in manifest.","No","1","airstrip_smuggling; apartment; bada_bing_one; countryside_cabin; luxury_apartment; mansion; mansion_return; no_wake; silver_pines","No","No byte-identical audit duplicate","UNVERIFIED — manifest text/title is not an audio-content check","UNMEASURED — no integrated-LUFS evidence","No source-level issue; active-play receipt pending","Keep; verify audible content and loudness in the active scene."
"radio.vo.hogmama.16r6qck","assets/sfx/radio.vo.hogmama.16r6qck.mp3","MP3","4.989","Voice: hogmama. License/source field not recorded in manifest.","No","1","airstrip_smuggling; apartment; bada_bing_one; countryside_cabin; luxury_apartment; mansion; mansion_return; no_wake; silver_pines","No","No byte-identical audit duplicate","UNVERIFIED — manifest text/title is not an audio-content check","UNMEASURED — no integrated-LUFS evidence","No source-level issue; active-play receipt pending","Keep; verify audible content and loudness in the active scene."
"radio.vo.hogmama.17ytci9","assets/sfx/radio.vo.hogmama.17ytci9.mp3","MP3","2.9","Voice: hogmama. License/source field not recorded in manifest.","No","1","airstrip_smuggling; apartment; bada_bing_one; countryside_cabin; luxury_apartment; mansion; mansion_return; no_wake; silver_pines","No","No byte-identical audit duplicate","UNVERIFIED — manifest text/title is not an audio-content check","UNMEASURED — no integrated-LUFS evidence","No source-level issue; active-play receipt pending","Keep; verify audible content and loudness in the active scene."
"radio.vo.hogmama.1bfmzow","assets/sfx/radio.vo.hogmama.1bfmzow.mp3","MP3","1.123","Voice: hogmama. License/source field not recorded in manifest.","No","1","airstrip_smuggling; apartment; bada_bing_one; countryside_cabin; luxury_apartment; mansion; mansion_return; no_wake; silver_pines","No","No byte-identical audit duplicate","UNVERIFIED — manifest text/title is not an audio-content check","UNMEASURED — no integrated-LUFS evidence","No source-level issue; active-play receipt pending","Keep; verify audible content and loudness in the active scene."
"radio.vo.hogmama.1cbt1pi","assets/sfx/radio.vo.hogmama.1cbt1pi.mp3","MP3","4.937","Voice: hogmama. License/source field not recorded in manifest.","No","1","airstrip_smuggling; apartment; bada_bing_one; countryside_cabin; luxury_apartment; mansion; mansion_return; no_wake; silver_pines","No","No byte-identical audit duplicate","UNVERIFIED — manifest text/title is not an audio-content check","UNMEASURED — no integrated-LUFS evidence","No source-level issue; active-play receipt pending","Keep; verify audible content and loudness in the active scene."
"radio.vo.hogmama.1jbq1f7","assets/sfx/radio.vo.hogmama.1jbq1f7.mp3","MP3","3.082","Voice: hogmama. License/source field not recorded in manifest.","No","1","airstrip_smuggling; apartment; bada_bing_one; countryside_cabin; luxury_apartment; mansion; mansion_return; no_wake; silver_pines","No","No byte-identical audit duplicate","UNVERIFIED — manifest text/title is not an audio-content check","UNMEASURED — no integrated-LUFS evidence","No source-level issue; active-play receipt pending","Keep; verify audible content and loudness in the active scene."
"radio.vo.hogmama.1pjiss8","assets/sfx/radio.vo.hogmama.1pjiss8.mp3","MP3","2.482","Voice: hogmama. License/source field not recorded in manifest.","No","1","airstrip_smuggling; apartment; bada_bing_one; countryside_cabin; luxury_apartment; mansion; mansion_return; no_wake; silver_pines","No","No byte-identical audit duplicate","UNVERIFIED — manifest text/title is not an audio-content check","UNMEASURED — no integrated-LUFS evidence","No source-level issue; active-play receipt pending","Keep; verify audible content and loudness in the active scene."
"radio.vo.hogmama.1pvbi35","assets/sfx/radio.vo.hogmama.1pvbi35.mp3","MP3","4.049","Voice: hogmama. License/source field not recorded in manifest.","No","1","airstrip_smuggling; apartment; bada_bing_one; countryside_cabin; luxury_apartment; mansion; mansion_return; no_wake; silver_pines","No","No byte-identical audit duplicate","UNVERIFIED — manifest text/title is not an audio-content check","UNMEASURED — no integrated-LUFS evidence","No source-level issue; active-play receipt pending","Keep; verify audible content and loudness in the active scene."
"radio.vo.hogmama.1qr257e","assets/sfx/radio.vo.hogmama.1qr257e.mp3","MP3","3.631","Voice: hogmama. License/source field not recorded in manifest.","No","1","airstrip_smuggling; apartment; bada_bing_one; countryside_cabin; luxury_apartment; mansion; mansion_return; no_wake; silver_pines","No","No byte-identical audit duplicate","UNVERIFIED — manifest text/title is not an audio-content check","UNMEASURED — no integrated-LUFS evidence","No source-level issue; active-play receipt pending","Keep; verify audible content and loudness in the active scene."
"radio.vo.hogmama.1v3994k","assets/sfx/radio.vo.hogmama.1v3994k.mp3","MP3","1.593","Voice: hogmama. License/source field not recorded in manifest.","No","1","airstrip_smuggling; apartment; bada_bing_one; countryside_cabin; luxury_apartment; mansion; mansion_return; no_wake; silver_pines","No","No byte-identical audit duplicate","UNVERIFIED — manifest text/title is not an audio-content check","UNMEASURED — no integrated-LUFS evidence","No source-level issue; active-play receipt pending","Keep; verify audible content and loudness in the active scene."
"radio.vo.irish.02vlyg2","assets/sfx/radio.vo.irish.02vlyg2.mp3","MP3","4.101","Voice: irish. License/source field not recorded in manifest.","No","1","airstrip_smuggling; apartment; bada_bing_one; countryside_cabin; luxury_apartment; mansion; mansion_return; no_wake; silver_pines","No","No byte-identical audit duplicate","UNVERIFIED — manifest text/title is not an audio-content check","UNMEASURED — no integrated-LUFS evidence","No source-level issue; active-play receipt pending","Keep; verify audible content and loudness in the active scene."
"radio.vo.irish.04wrgzo","assets/sfx/radio.vo.irish.04wrgzo.mp3","MP3","4.937","Voice: irish. License/source field not recorded in manifest.","No","1","airstrip_smuggling; apartment; bada_bing_one; countryside_cabin; luxury_apartment; mansion; mansion_return; no_wake; silver_pines","No","No byte-identical audit duplicate","UNVERIFIED — manifest text/title is not an audio-content check","UNMEASURED — no integrated-LUFS evidence","No source-level issue; active-play receipt pending","Keep; verify audible content and loudness in the active scene."
"radio.vo.irish.072pe3d","assets/sfx/radio.vo.irish.072pe3d.mp3","MP3","3.736","Voice: irish. License/source field not recorded in manifest.","No","1","airstrip_smuggling; apartment; bada_bing_one; countryside_cabin; luxury_apartment; mansion; mansion_return; no_wake; silver_pines","No","No byte-identical audit duplicate","UNVERIFIED — manifest text/title is not an audio-content check","UNMEASURED — no integrated-LUFS evidence","No source-level issue; active-play receipt pending","Keep; verify audible content and loudness in the active scene."
"radio.vo.irish.07vav2n","assets/sfx/radio.vo.irish.07vav2n.mp3","MP3","3.213","Voice: irish. License/source field not recorded in manifest.","No","1","airstrip_smuggling; apartment; bada_bing_one; countryside_cabin; luxury_apartment; mansion; mansion_return; no_wake; silver_pines","No","No byte-identical audit duplicate","UNVERIFIED — manifest text/title is not an audio-content check","UNMEASURED — no integrated-LUFS evidence","No source-level issue; active-play receipt pending","Keep; verify audible content and loudness in the active scene."
"radio.vo.irish.0h2xwb3","assets/sfx/radio.vo.irish.0h2xwb3.mp3","MP3","4.885","Voice: irish. License/source field not recorded in manifest.","No","1","airstrip_smuggling; apartment; bada_bing_one; countryside_cabin; luxury_apartment; mansion; mansion_return; no_wake; silver_pines","No","No byte-identical audit duplicate","UNVERIFIED — manifest text/title is not an audio-content check","UNMEASURED — no integrated-LUFS evidence","No source-level issue; active-play receipt pending","Keep; verify audible content and loudness in the active scene."
"radio.vo.irish.0msv067","assets/sfx/radio.vo.irish.0msv067.mp3","MP3","5.172","Voice: irish. License/source field not recorded in manifest.","No","1","airstrip_smuggling; apartment; bada_bing_one; countryside_cabin; luxury_apartment; mansion; mansion_return; no_wake; silver_pines","No","No byte-identical audit duplicate","UNVERIFIED — manifest text/title is not an audio-content check","UNMEASURED — no integrated-LUFS evidence","No source-level issue; active-play receipt pending","Keep; verify audible content and loudness in the active scene."
"radio.vo.irish.0ndnk0c","assets/sfx/radio.vo.irish.0ndnk0c.mp3","MP3","5.46","Voice: irish. License/source field not recorded in manifest.","No","1","airstrip_smuggling; apartment; bada_bing_one; countryside_cabin; luxury_apartment; mansion; mansion_return; no_wake; silver_pines","No","No byte-identical audit duplicate","UNVERIFIED — manifest text/title is not an audio-content check","UNMEASURED — no integrated-LUFS evidence","No source-level issue; active-play receipt pending","Keep; verify audible content and loudness in the active scene."
"radio.vo.irish.0oaeogj","assets/sfx/radio.vo.irish.0oaeogj.mp3","MP3","4.702","Voice: irish. License/source field not recorded in manifest.","No","1","airstrip_smuggling; apartment; bada_bing_one; countryside_cabin; luxury_apartment; mansion; mansion_return; no_wake; silver_pines","No","No byte-identical audit duplicate","UNVERIFIED — manifest text/title is not an audio-content check","UNMEASURED — no integrated-LUFS evidence","No source-level issue; active-play receipt pending","Keep; verify audible content and loudness in the active scene."
"radio.vo.irish.0rt6h1o","assets/sfx/radio.vo.irish.0rt6h1o.mp3","MP3","2.769","Voice: irish. License/source field not recorded in manifest.","No","1","airstrip_smuggling; apartment; bada_bing_one; countryside_cabin; luxury_apartment; mansion; mansion_return; no_wake; silver_pines","No","No byte-identical audit duplicate","UNVERIFIED — manifest text/title is not an audio-content check","UNMEASURED — no integrated-LUFS evidence","No source-level issue; active-play receipt pending","Keep; verify audible content and loudness in the active scene."
"radio.vo.irish.104t2v0","assets/sfx/radio.vo.irish.104t2v0.mp3","MP3","4.754","Voice: irish. License/source field not recorded in manifest.","No","1","airstrip_smuggling; apartment; bada_bing_one; countryside_cabin; luxury_apartment; mansion; mansion_return; no_wake; silver_pines","No","No byte-identical audit duplicate","UNVERIFIED — manifest text/title is not an audio-content check","UNMEASURED — no integrated-LUFS evidence","No source-level issue; active-play receipt pending","Keep; verify audible content and loudness in the active scene."
"radio.vo.irish.11pzvev","assets/sfx/radio.vo.irish.11pzvev.mp3","MP3","4.571","Voice: irish. License/source field not recorded in manifest.","No","1","airstrip_smuggling; apartment; bada_bing_one; countryside_cabin; luxury_apartment; mansion; mansion_return; no_wake; silver_pines","No","No byte-identical audit duplicate","UNVERIFIED — manifest text/title is not an audio-content check","UNMEASURED — no integrated-LUFS evidence","No source-level issue; active-play receipt pending","Keep; verify audible content and loudness in the active scene."
"radio.vo.irish.1bjuo9p","assets/sfx/radio.vo.irish.1bjuo9p.mp3","MP3","4.702","Voice: irish. License/source field not recorded in manifest.","No","1","airstrip_smuggling; apartment; bada_bing_one; countryside_cabin; luxury_apartment; mansion; mansion_return; no_wake; silver_pines","No","No byte-identical audit duplicate","UNVERIFIED — manifest text/title is not an audio-content check","UNMEASURED — no integrated-LUFS evidence","No source-level issue; active-play receipt pending","Keep; verify audible content and loudness in the active scene."
"radio.vo.irish.1e9kpbb","assets/sfx/radio.vo.irish.1e9kpbb.mp3","MP3","5.355","Voice: irish. License/source field not recorded in manifest.","No","1","airstrip_smuggling; apartment; bada_bing_one; countryside_cabin; luxury_apartment; mansion; mansion_return; no_wake; silver_pines","No","No byte-identical audit duplicate","UNVERIFIED — manifest text/title is not an audio-content check","UNMEASURED — no integrated-LUFS evidence","No source-level issue; active-play receipt pending","Keep; verify audible content and loudness in the active scene."
"radio.vo.irish.1eao9gs","assets/sfx/radio.vo.irish.1eao9gs.mp3","MP3","4.754","Voice: irish. License/source field not recorded in manifest.","No","1","airstrip_smuggling; apartment; bada_bing_one; countryside_cabin; luxury_apartment; mansion; mansion_return; no_wake; silver_pines","No","No byte-identical audit duplicate","UNVERIFIED — manifest text/title is not an audio-content check","UNMEASURED — no integrated-LUFS evidence","No source-level issue; active-play receipt pending","Keep; verify audible content and loudness in the active scene."
"radio.vo.irish.1fd458e","assets/sfx/radio.vo.irish.1fd458e.mp3","MP3","2.482","Voice: irish. License/source field not recorded in manifest.","No","1","airstrip_smuggling; apartment; bada_bing_one; countryside_cabin; luxury_apartment; mansion; mansion_return; no_wake; silver_pines","No","No byte-identical audit duplicate","UNVERIFIED — manifest text/title is not an audio-content check","UNMEASURED — no integrated-LUFS evidence","No source-level issue; active-play receipt pending","Keep; verify audible content and loudness in the active scene."
"radio.vo.irish.1fu1nvy","assets/sfx/radio.vo.irish.1fu1nvy.mp3","MP3","3.605","Voice: irish. License/source field not recorded in manifest.","No","1","airstrip_smuggling; apartment; bada_bing_one; countryside_cabin; luxury_apartment; mansion; mansion_return; no_wake; silver_pines","No","No byte-identical audit duplicate","UNVERIFIED — manifest text/title is not an audio-content check","UNMEASURED — no integrated-LUFS evidence","No source-level issue; active-play receipt pending","Keep; verify audible content and loudness in the active scene."
"radio.vo.irish.1ig6aqa","assets/sfx/radio.vo.irish.1ig6aqa.mp3","MP3","4.624","Voice: irish. License/source field not recorded in manifest.","No","1","airstrip_smuggling; apartment; bada_bing_one; countryside_cabin; luxury_apartment; mansion; mansion_return; no_wake; silver_pines","No","No byte-identical audit duplicate","UNVERIFIED — manifest text/title is not an audio-content check","UNMEASURED — no integrated-LUFS evidence","No source-level issue; active-play receipt pending","Keep; verify audible content and loudness in the active scene."
"radio.vo.irish.1qdrvmg","assets/sfx/radio.vo.irish.1qdrvmg.mp3","MP3","4.859","Voice: irish. License/source field not recorded in manifest.","No","1","airstrip_smuggling; apartment; bada_bing_one; countryside_cabin; luxury_apartment; mansion; mansion_return; no_wake; silver_pines","No","No byte-identical audit duplicate","UNVERIFIED — manifest text/title is not an audio-content check","UNMEASURED — no integrated-LUFS evidence","No source-level issue; active-play receipt pending","Keep; verify audible content and loudness in the active scene."
"radio.vo.irish.1qiudli","assets/sfx/radio.vo.irish.1qiudli.mp3","MP3","1.933","Voice: irish. License/source field not recorded in manifest.","No","1","airstrip_smuggling; apartment; bada_bing_one; countryside_cabin; luxury_apartment; mansion; mansion_return; no_wake; silver_pines","No","No byte-identical audit duplicate","UNVERIFIED — manifest text/title is not an audio-content check","UNMEASURED — no integrated-LUFS evidence","No source-level issue; active-play receipt pending","Keep; verify audible content and loudness in the active scene."
"radio.vo.irish.1quzq60","assets/sfx/radio.vo.irish.1quzq60.mp3","MP3","4.284","Voice: irish. License/source field not recorded in manifest.","No","1","airstrip_smuggling; apartment; bada_bing_one; countryside_cabin; luxury_apartment; mansion; mansion_return; no_wake; silver_pines","No","No byte-identical audit duplicate","UNVERIFIED — manifest text/title is not an audio-content check","UNMEASURED — no integrated-LUFS evidence","No source-level issue; active-play receipt pending","Keep; verify audible content and loudness in the active scene."
"radio.vo.irish.1r3qogs","assets/sfx/radio.vo.irish.1r3qogs.mp3","MP3","3.814","Voice: irish. License/source field not recorded in manifest.","No","1","airstrip_smuggling; apartment; bada_bing_one; countryside_cabin; luxury_apartment; mansion; mansion_return; no_wake; silver_pines","No","No byte-identical audit duplicate","UNVERIFIED — manifest text/title is not an audio-content check","UNMEASURED — no integrated-LUFS evidence","No source-level issue; active-play receipt pending","Keep; verify audible content and loudness in the active scene."
"radio.vo.irish.1r7kisx","assets/sfx/radio.vo.irish.1r7kisx.mp3","MP3","4.284","Voice: irish. License/source field not recorded in manifest.","No","1","airstrip_smuggling; apartment; bada_bing_one; countryside_cabin; luxury_apartment; mansion; mansion_return; no_wake; silver_pines","No","No byte-identical audit duplicate","UNVERIFIED — manifest text/title is not an audio-content check","UNMEASURED — no integrated-LUFS evidence","No source-level issue; active-play receipt pending","Keep; verify audible content and loudness in the active scene."
"radio.vo.irish.1ubioot","assets/sfx/radio.vo.irish.1ubioot.mp3","MP3","3.448","Voice: irish. License/source field not recorded in manifest.","No","1","airstrip_smuggling; apartment; bada_bing_one; countryside_cabin; luxury_apartment; mansion; mansion_return; no_wake; silver_pines","No","No byte-identical audit duplicate","UNVERIFIED — manifest text/title is not an audio-content check","UNMEASURED — no integrated-LUFS evidence","No source-level issue; active-play receipt pending","Keep; verify audible content and loudness in the active scene."
"radio.vo.irish.1yxxzv5","assets/sfx/radio.vo.irish.1yxxzv5.mp3","MP3","3.788","Voice: irish. License/source field not recorded in manifest.","No","1","airstrip_smuggling; apartment; bada_bing_one; countryside_cabin; luxury_apartment; mansion; mansion_return; no_wake; silver_pines","No","No byte-identical audit duplicate","UNVERIFIED — manifest text/title is not an audio-content check","UNMEASURED — no integrated-LUFS evidence","No source-level issue; active-play receipt pending","Keep; verify audible content and loudness in the active scene."
"radio.vo.lou1.04n7oyl","assets/sfx/radio.vo.lou1.04n7oyl.mp3","MP3","6.06","Voice: lou1. License/source field not recorded in manifest.","No","1","airstrip_smuggling; apartment; bada_bing_one; countryside_cabin; luxury_apartment; mansion; mansion_return; no_wake; silver_pines","No","No byte-identical audit duplicate","UNVERIFIED — manifest text/title is not an audio-content check","UNMEASURED — no integrated-LUFS evidence","No source-level issue; active-play receipt pending","Keep; verify audible content and loudness in the active scene."
"radio.vo.lou1.06a6vky","assets/sfx/radio.vo.lou1.06a6vky.mp3","MP3","4.336","Voice: lou1. License/source field not recorded in manifest.","No","1","airstrip_smuggling; apartment; bada_bing_one; countryside_cabin; luxury_apartment; mansion; mansion_return; no_wake; silver_pines","No","No byte-identical audit duplicate","UNVERIFIED — manifest text/title is not an audio-content check","UNMEASURED — no integrated-LUFS evidence","No source-level issue; active-play receipt pending","Keep; verify audible content and loudness in the active scene."
"radio.vo.lou1.0d4c90q","assets/sfx/radio.vo.lou1.0d4c90q.mp3","MP3","5.642","Voice: lou1. License/source field not recorded in manifest.","No","1","airstrip_smuggling; apartment; bada_bing_one; countryside_cabin; luxury_apartment; mansion; mansion_return; no_wake; silver_pines","No","No byte-identical audit duplicate","UNVERIFIED — manifest text/title is not an audio-content check","UNMEASURED — no integrated-LUFS evidence","No source-level issue; active-play receipt pending","Keep; verify audible content and loudness in the active scene."
"radio.vo.lou1.0ftvj3g","assets/sfx/radio.vo.lou1.0ftvj3g.mp3","MP3","1.045","Voice: lou1. License/source field not recorded in manifest.","No","1","airstrip_smuggling; apartment; bada_bing_one; countryside_cabin; luxury_apartment; mansion; mansion_return; no_wake; silver_pines","No","No byte-identical audit duplicate","UNVERIFIED — manifest text/title is not an audio-content check","UNMEASURED — no integrated-LUFS evidence","No source-level issue; active-play receipt pending","Keep; verify audible content and loudness in the active scene."
"radio.vo.lou1.0hkbfrf","assets/sfx/radio.vo.lou1.0hkbfrf.mp3","MP3","4.989","Voice: lou1. License/source field not recorded in manifest.","No","1","airstrip_smuggling; apartment; bada_bing_one; countryside_cabin; luxury_apartment; mansion; mansion_return; no_wake; silver_pines","No","No byte-identical audit duplicate","UNVERIFIED — manifest text/title is not an audio-content check","UNMEASURED — no integrated-LUFS evidence","No source-level issue; active-play receipt pending","Keep; verify audible content and loudness in the active scene."
"radio.vo.lou1.0metb4f","assets/sfx/radio.vo.lou1.0metb4f.mp3","MP3","5.486","Voice: lou1. License/source field not recorded in manifest.","No","1","airstrip_smuggling; apartment; bada_bing_one; countryside_cabin; luxury_apartment; mansion; mansion_return; no_wake; silver_pines","No","No byte-identical audit duplicate","UNVERIFIED — manifest text/title is not an audio-content check","UNMEASURED — no integrated-LUFS evidence","No source-level issue; active-play receipt pending","Keep; verify audible content and loudness in the active scene."
"radio.vo.lou1.0op3f7n","assets/sfx/radio.vo.lou1.0op3f7n.mp3","MP3","5.303","Voice: lou1. License/source field not recorded in manifest.","No","1","airstrip_smuggling; apartment; bada_bing_one; countryside_cabin; luxury_apartment; mansion; mansion_return; no_wake; silver_pines","No","No byte-identical audit duplicate","UNVERIFIED — manifest text/title is not an audio-content check","UNMEASURED — no integrated-LUFS evidence","No source-level issue; active-play receipt pending","Keep; verify audible content and loudness in the active scene."
"radio.vo.lou1.0rl52pp","assets/sfx/radio.vo.lou1.0rl52pp.mp3","MP3","4.885","Voice: lou1. License/source field not recorded in manifest.","No","1","airstrip_smuggling; apartment; bada_bing_one; countryside_cabin; luxury_apartment; mansion; mansion_return; no_wake; silver_pines","No","No byte-identical audit duplicate","UNVERIFIED — manifest text/title is not an audio-content check","UNMEASURED — no integrated-LUFS evidence","No source-level issue; active-play receipt pending","Keep; verify audible content and loudness in the active scene."
"radio.vo.lou1.0s3r5ww","assets/sfx/radio.vo.lou1.0s3r5ww.mp3","MP3","4.023","Voice: lou1. License/source field not recorded in manifest.","No","1","airstrip_smuggling; apartment; bada_bing_one; countryside_cabin; luxury_apartment; mansion; mansion_return; no_wake; silver_pines","No","No byte-identical audit duplicate","UNVERIFIED — manifest text/title is not an audio-content check","UNMEASURED — no integrated-LUFS evidence","No source-level issue; active-play receipt pending","Keep; verify audible content and loudness in the active scene."
"radio.vo.lou1.0tvxvit","assets/sfx/radio.vo.lou1.0tvxvit.mp3","MP3","4.389","Voice: lou1. License/source field not recorded in manifest.","No","1","airstrip_smuggling; apartment; bada_bing_one; countryside_cabin; luxury_apartment; mansion; mansion_return; no_wake; silver_pines","No","No byte-identical audit duplicate","UNVERIFIED — manifest text/title is not an audio-content check","UNMEASURED — no integrated-LUFS evidence","No source-level issue; active-play receipt pending","Keep; verify audible content and loudness in the active scene."
"radio.vo.lou1.0w7k19f","assets/sfx/radio.vo.lou1.0w7k19f.mp3","MP3","4.937","Voice: lou1. License/source field not recorded in manifest.","No","1","airstrip_smuggling; apartment; bada_bing_one; countryside_cabin; luxury_apartment; mansion; mansion_return; no_wake; silver_pines","No","No byte-identical audit duplicate","UNVERIFIED — manifest text/title is not an audio-content check","UNMEASURED — no integrated-LUFS evidence","No source-level issue; active-play receipt pending","Keep; verify audible content and loudness in the active scene."
"radio.vo.lou1.101vvnz","assets/sfx/radio.vo.lou1.101vvnz.mp3","MP3","4.989","Voice: lou1. License/source field not recorded in manifest.","No","1","airstrip_smuggling; apartment; bada_bing_one; countryside_cabin; luxury_apartment; mansion; mansion_return; no_wake; silver_pines","No","No byte-identical audit duplicate","UNVERIFIED — manifest text/title is not an audio-content check","UNMEASURED — no integrated-LUFS evidence","No source-level issue; active-play receipt pending","Keep; verify audible content and loudness in the active scene."
"radio.vo.lou1.14mtsx7","assets/sfx/radio.vo.lou1.14mtsx7.mp3","MP3","2.56","Voice: lou1. License/source field not recorded in manifest.","No","1","airstrip_smuggling; apartment; bada_bing_one; countryside_cabin; luxury_apartment; mansion; mansion_return; no_wake; silver_pines","No","No byte-identical audit duplicate","UNVERIFIED — manifest text/title is not an audio-content check","UNMEASURED — no integrated-LUFS evidence","No source-level issue; active-play receipt pending","Keep; verify audible content and loudness in the active scene."
"radio.vo.lou1.16sis6l","assets/sfx/radio.vo.lou1.16sis6l.mp3","MP3","7.21","Voice: lou1. License/source field not recorded in manifest.","No","1","airstrip_smuggling; apartment; bada_bing_one; countryside_cabin; luxury_apartment; mansion; mansion_return; no_wake; silver_pines","No","No byte-identical audit duplicate","UNVERIFIED — manifest text/title is not an audio-content check","UNMEASURED — no integrated-LUFS evidence","No source-level issue; active-play receipt pending","Keep; verify audible content and loudness in the active scene."
"radio.vo.lou1.1fompl6","assets/sfx/radio.vo.lou1.1fompl6.mp3","MP3","3.631","Voice: lou1. License/source field not recorded in manifest.","No","1","airstrip_smuggling; apartment; bada_bing_one; countryside_cabin; luxury_apartment; mansion; mansion_return; no_wake; silver_pines","No","No byte-identical audit duplicate","UNVERIFIED — manifest text/title is not an audio-content check","UNMEASURED — no integrated-LUFS evidence","No source-level issue; active-play receipt pending","Keep; verify audible content and loudness in the active scene."
"radio.vo.lou1.1greqi9","assets/sfx/radio.vo.lou1.1greqi9.mp3","MP3","5.878","Voice: lou1. License/source field not recorded in manifest.","No","1","airstrip_smuggling; apartment; bada_bing_one; countryside_cabin; luxury_apartment; mansion; mansion_return; no_wake; silver_pines","No","No byte-identical audit duplicate","UNVERIFIED — manifest text/title is not an audio-content check","UNMEASURED — no integrated-LUFS evidence","No source-level issue; active-play receipt pending","Keep; verify audible content and loudness in the active scene."
"radio.vo.lou1.1ianp2b","assets/sfx/radio.vo.lou1.1ianp2b.mp3","MP3","4.284","Voice: lou1. License/source field not recorded in manifest.","No","1","airstrip_smuggling; apartment; bada_bing_one; countryside_cabin; luxury_apartment; mansion; mansion_return; no_wake; silver_pines","No","No byte-identical audit duplicate","UNVERIFIED — manifest text/title is not an audio-content check","UNMEASURED — no integrated-LUFS evidence","No source-level issue; active-play receipt pending","Keep; verify audible content and loudness in the active scene."
"radio.vo.lou1.1ieewiu","assets/sfx/radio.vo.lou1.1ieewiu.mp3","MP3","1.306","Voice: lou1. License/source field not recorded in manifest.","No","1","airstrip_smuggling; apartment; bada_bing_one; countryside_cabin; luxury_apartment; mansion; mansion_return; no_wake; silver_pines","No","No byte-identical audit duplicate","UNVERIFIED — manifest text/title is not an audio-content check","UNMEASURED — no integrated-LUFS evidence","No source-level issue; active-play receipt pending","Keep; verify audible content and loudness in the active scene."
"radio.vo.lou1.1ixqrjg","assets/sfx/radio.vo.lou1.1ixqrjg.mp3","MP3","1.306","Voice: lou1. License/source field not recorded in manifest.","No","1","airstrip_smuggling; apartment; bada_bing_one; countryside_cabin; luxury_apartment; mansion; mansion_return; no_wake; silver_pines","No","No byte-identical audit duplicate","UNVERIFIED — manifest text/title is not an audio-content check","UNMEASURED — no integrated-LUFS evidence","No source-level issue; active-play receipt pending","Keep; verify audible content and loudness in the active scene."
"radio.vo.lou1.1jwngnh","assets/sfx/radio.vo.lou1.1jwngnh.mp3","MP3","1.881","Voice: lou1. License/source field not recorded in manifest.","No","1","airstrip_smuggling; apartment; bada_bing_one; countryside_cabin; luxury_apartment; mansion; mansion_return; no_wake; silver_pines","No","No byte-identical audit duplicate","UNVERIFIED — manifest text/title is not an audio-content check","UNMEASURED — no integrated-LUFS evidence","No source-level issue; active-play receipt pending","Keep; verify audible content and loudness in the active scene."
"radio.vo.lou1.1kfpsm2","assets/sfx/radio.vo.lou1.1kfpsm2.mp3","MP3","5.277","Voice: lou1. License/source field not recorded in manifest.","No","1","airstrip_smuggling; apartment; bada_bing_one; countryside_cabin; luxury_apartment; mansion; mansion_return; no_wake; silver_pines","No","No byte-identical audit duplicate","UNVERIFIED — manifest text/title is not an audio-content check","UNMEASURED — no integrated-LUFS evidence","No source-level issue; active-play receipt pending","Keep; verify audible content and loudness in the active scene."
"radio.vo.lou1.1sjw0yd","assets/sfx/radio.vo.lou1.1sjw0yd.mp3","MP3","3.082","Voice: lou1. License/source field not recorded in manifest.","No","1","airstrip_smuggling; apartment; bada_bing_one; countryside_cabin; luxury_apartment; mansion; mansion_return; no_wake; silver_pines","No","No byte-identical audit duplicate","UNVERIFIED — manifest text/title is not an audio-content check","UNMEASURED — no integrated-LUFS evidence","No source-level issue; active-play receipt pending","Keep; verify audible content and loudness in the active scene."
"radio.vo.lou2.03jk2gz","assets/sfx/radio.vo.lou2.03jk2gz.mp3","MP3","4.571","Voice: lou2. License/source field not recorded in manifest.","No","1","airstrip_smuggling; apartment; bada_bing_one; countryside_cabin; luxury_apartment; mansion; mansion_return; no_wake; silver_pines","No","No byte-identical audit duplicate","UNVERIFIED — manifest text/title is not an audio-content check","UNMEASURED — no integrated-LUFS evidence","No source-level issue; active-play receipt pending","Keep; verify audible content and loudness in the active scene."
"radio.vo.lou2.03pzjqz","assets/sfx/radio.vo.lou2.03pzjqz.mp3","MP3","2.769","Voice: lou2. License/source field not recorded in manifest.","No","1","airstrip_smuggling; apartment; bada_bing_one; countryside_cabin; luxury_apartment; mansion; mansion_return; no_wake; silver_pines","No","No byte-identical audit duplicate","UNVERIFIED — manifest text/title is not an audio-content check","UNMEASURED — no integrated-LUFS evidence","No source-level issue; active-play receipt pending","Keep; verify audible content and loudness in the active scene."
"radio.vo.lou2.05qlf20","assets/sfx/radio.vo.lou2.05qlf20.mp3","MP3","2.795","Voice: lou2. License/source field not recorded in manifest.","No","1","airstrip_smuggling; apartment; bada_bing_one; countryside_cabin; luxury_apartment; mansion; mansion_return; no_wake; silver_pines","No","No byte-identical audit duplicate","UNVERIFIED — manifest text/title is not an audio-content check","UNMEASURED — no integrated-LUFS evidence","No source-level issue; active-play receipt pending","Keep; verify audible content and loudness in the active scene."
"radio.vo.lou2.06egb18","assets/sfx/radio.vo.lou2.06egb18.mp3","MP3","3.736","Voice: lou2. License/source field not recorded in manifest.","No","1","airstrip_smuggling; apartment; bada_bing_one; countryside_cabin; luxury_apartment; mansion; mansion_return; no_wake; silver_pines","No","No byte-identical audit duplicate","UNVERIFIED — manifest text/title is not an audio-content check","UNMEASURED — no integrated-LUFS evidence","No source-level issue; active-play receipt pending","Keep; verify audible content and loudness in the active scene."
"radio.vo.lou2.08ajk1z","assets/sfx/radio.vo.lou2.08ajk1z.mp3","MP3","1.541","Voice: lou2. License/source field not recorded in manifest.","No","1","airstrip_smuggling; apartment; bada_bing_one; countryside_cabin; luxury_apartment; mansion; mansion_return; no_wake; silver_pines","No","No byte-identical audit duplicate","UNVERIFIED — manifest text/title is not an audio-content check","UNMEASURED — no integrated-LUFS evidence","No source-level issue; active-play receipt pending","Keep; verify audible content and loudness in the active scene."
"radio.vo.lou2.096re3b","assets/sfx/radio.vo.lou2.096re3b.mp3","MP3","2.377","Voice: lou2. License/source field not recorded in manifest.","No","1","airstrip_smuggling; apartment; bada_bing_one; countryside_cabin; luxury_apartment; mansion; mansion_return; no_wake; silver_pines","No","No byte-identical audit duplicate","UNVERIFIED — manifest text/title is not an audio-content check","UNMEASURED — no integrated-LUFS evidence","No source-level issue; active-play receipt pending","Keep; verify audible content and loudness in the active scene."
"radio.vo.lou2.0cqixr2","assets/sfx/radio.vo.lou2.0cqixr2.mp3","MP3","4.571","Voice: lou2. License/source field not recorded in manifest.","No","1","airstrip_smuggling; apartment; bada_bing_one; countryside_cabin; luxury_apartment; mansion; mansion_return; no_wake; silver_pines","No","No byte-identical audit duplicate","UNVERIFIED — manifest text/title is not an audio-content check","UNMEASURED — no integrated-LUFS evidence","No source-level issue; active-play receipt pending","Keep; verify audible content and loudness in the active scene."
"radio.vo.lou2.0pw7mlf","assets/sfx/radio.vo.lou2.0pw7mlf.mp3","MP3","3.605","Voice: lou2. License/source field not recorded in manifest.","No","1","airstrip_smuggling; apartment; bada_bing_one; countryside_cabin; luxury_apartment; mansion; mansion_return; no_wake; silver_pines","No","No byte-identical audit duplicate","UNVERIFIED — manifest text/title is not an audio-content check","UNMEASURED — no integrated-LUFS evidence","No source-level issue; active-play receipt pending","Keep; verify audible content and loudness in the active scene."
"radio.vo.lou2.0tcr6a5","assets/sfx/radio.vo.lou2.0tcr6a5.mp3","MP3","1.515","Voice: lou2. License/source field not recorded in manifest.","No","1","airstrip_smuggling; apartment; bada_bing_one; countryside_cabin; luxury_apartment; mansion; mansion_return; no_wake; silver_pines","No","No byte-identical audit duplicate","UNVERIFIED — manifest text/title is not an audio-content check","UNMEASURED — no integrated-LUFS evidence","No source-level issue; active-play receipt pending","Keep; verify audible content and loudness in the active scene."
"radio.vo.lou2.141qlvm","assets/sfx/radio.vo.lou2.141qlvm.mp3","MP3","1.358","Voice: lou2. License/source field not recorded in manifest.","No","1","airstrip_smuggling; apartment; bada_bing_one; countryside_cabin; luxury_apartment; mansion; mansion_return; no_wake; silver_pines","No","No byte-identical audit duplicate","UNVERIFIED — manifest text/title is not an audio-content check","UNMEASURED — no integrated-LUFS evidence","No source-level issue; active-play receipt pending","Keep; verify audible content and loudness in the active scene."
"radio.vo.lou2.17jd61p","assets/sfx/radio.vo.lou2.17jd61p.mp3","MP3","2.978","Voice: lou2. License/source field not recorded in manifest.","No","1","airstrip_smuggling; apartment; bada_bing_one; countryside_cabin; luxury_apartment; mansion; mansion_return; no_wake; silver_pines","No","No byte-identical audit duplicate","UNVERIFIED — manifest text/title is not an audio-content check","UNMEASURED — no integrated-LUFS evidence","No source-level issue; active-play receipt pending","Keep; verify audible content and loudness in the active scene."
"radio.vo.lou2.1a057jc","assets/sfx/radio.vo.lou2.1a057jc.mp3","MP3","4.049","Voice: lou2. License/source field not recorded in manifest.","No","1","airstrip_smuggling; apartment; bada_bing_one; countryside_cabin; luxury_apartment; mansion; mansion_return; no_wake; silver_pines","No","No byte-identical audit duplicate","UNVERIFIED — manifest text/title is not an audio-content check","UNMEASURED — no integrated-LUFS evidence","No source-level issue; active-play receipt pending","Keep; verify audible content and loudness in the active scene."
"radio.vo.lou2.1b28nza","assets/sfx/radio.vo.lou2.1b28nza.mp3","MP3","1.176","Voice: lou2. License/source field not recorded in manifest.","No","1","airstrip_smuggling; apartment; bada_bing_one; countryside_cabin; luxury_apartment; mansion; mansion_return; no_wake; silver_pines","No","No byte-identical audit duplicate","UNVERIFIED — manifest text/title is not an audio-content check","UNMEASURED — no integrated-LUFS evidence","No source-level issue; active-play receipt pending","Keep; verify audible content and loudness in the active scene."
"radio.vo.lou2.1cw0ew7","assets/sfx/radio.vo.lou2.1cw0ew7.mp3","MP3","5.642","Voice: lou2. License/source field not recorded in manifest.","No","1","airstrip_smuggling; apartment; bada_bing_one; countryside_cabin; luxury_apartment; mansion; mansion_return; no_wake; silver_pines","No","No byte-identical audit duplicate","UNVERIFIED — manifest text/title is not an audio-content check","UNMEASURED — no integrated-LUFS evidence","No source-level issue; active-play receipt pending","Keep; verify audible content and loudness in the active scene."
"radio.vo.lou2.1f75e6t","assets/sfx/radio.vo.lou2.1f75e6t.mp3","MP3","4.049","Voice: lou2. License/source field not recorded in manifest.","No","1","airstrip_smuggling; apartment; bada_bing_one; countryside_cabin; luxury_apartment; mansion; mansion_return; no_wake; silver_pines","No","No byte-identical audit duplicate","UNVERIFIED — manifest text/title is not an audio-content check","UNMEASURED — no integrated-LUFS evidence","No source-level issue; active-play receipt pending","Keep; verify audible content and loudness in the active scene."
"radio.vo.lou2.1gkjfpf","assets/sfx/radio.vo.lou2.1gkjfpf.mp3","MP3","3.135","Voice: lou2. License/source field not recorded in manifest.","No","1","airstrip_smuggling; apartment; bada_bing_one; countryside_cabin; luxury_apartment; mansion; mansion_return; no_wake; silver_pines","No","No byte-identical audit duplicate","UNVERIFIED — manifest text/title is not an audio-content check","UNMEASURED — no integrated-LUFS evidence","No source-level issue; active-play receipt pending","Keep; verify audible content and loudness in the active scene."
"radio.vo.lou2.1iviix3","assets/sfx/radio.vo.lou2.1iviix3.mp3","MP3","3.605","Voice: lou2. License/source field not recorded in manifest.","No","1","airstrip_smuggling; apartment; bada_bing_one; countryside_cabin; luxury_apartment; mansion; mansion_return; no_wake; silver_pines","No","No byte-identical audit duplicate","UNVERIFIED — manifest text/title is not an audio-content check","UNMEASURED — no integrated-LUFS evidence","No source-level issue; active-play receipt pending","Keep; verify audible content and loudness in the active scene."
"radio.vo.lou2.1kv3xuq","assets/sfx/radio.vo.lou2.1kv3xuq.mp3","MP3","2.56","Voice: lou2. License/source field not recorded in manifest.","No","1","airstrip_smuggling; apartment; bada_bing_one; countryside_cabin; luxury_apartment; mansion; mansion_return; no_wake; silver_pines","No","No byte-identical audit duplicate","UNVERIFIED — manifest text/title is not an audio-content check","UNMEASURED — no integrated-LUFS evidence","No source-level issue; active-play receipt pending","Keep; verify audible content and loudness in the active scene."
"radio.vo.lou2.1udwvjh","assets/sfx/radio.vo.lou2.1udwvjh.mp3","MP3","3.265","Voice: lou2. License/source field not recorded in manifest.","No","1","airstrip_smuggling; apartment; bada_bing_one; countryside_cabin; luxury_apartment; mansion; mansion_return; no_wake; silver_pines","No","No byte-identical audit duplicate","UNVERIFIED — manifest text/title is not an audio-content check","UNMEASURED — no integrated-LUFS evidence","No source-level issue; active-play receipt pending","Keep; verify audible content and loudness in the active scene."
"radio.vo.lou2.1vvestx","assets/sfx/radio.vo.lou2.1vvestx.mp3","MP3","5.695","Voice: lou2. License/source field not recorded in manifest.","No","1","airstrip_smuggling; apartment; bada_bing_one; countryside_cabin; luxury_apartment; mansion; mansion_return; no_wake; silver_pines","No","No byte-identical audit duplicate","UNVERIFIED — manifest text/title is not an audio-content check","UNMEASURED — no integrated-LUFS evidence","No source-level issue; active-play receipt pending","Keep; verify audible content and loudness in the active scene."
"radio.vo.unknown.0atce2d","assets/sfx/radio.vo.unknown.0atce2d.mp3","MP3","2.717","Voice: unknown. License/source field not recorded in manifest.","No","1","airstrip_smuggling; apartment; bada_bing_one; countryside_cabin; luxury_apartment; mansion; mansion_return; no_wake; silver_pines","No","No byte-identical audit duplicate","UNVERIFIED — manifest text/title is not an audio-content check","UNMEASURED — no integrated-LUFS evidence","No source-level issue; active-play receipt pending","Keep; verify audible content and loudness in the active scene."
"track:10-drunk-cigarettes.mp3","assets/music/10-drunk-cigarettes.mp3","MP3","137.509","Artist metadata: Silver Sasquatches. License/source field not recorded in manifest.","Runtime-dependent","1","airstrip_smuggling; apartment; bada_bing_one; countryside_cabin; luxury_apartment; mansion; mansion_return; no_wake; silver_pines","No","No byte-identical audit duplicate","UNVERIFIED — manifest text/title is not an audio-content check","UNMEASURED — no integrated-LUFS evidence","No source-level issue; active-play receipt pending","OWNER: record provenance/license; keep the selected track unchanged meanwhile."
"track:booskibro.mp3","assets/music/booskibro.mp3","MP3","225.048","Artist metadata: Silver Sasquatches. License/source field not recorded in manifest.","Runtime-dependent","2","bada_bing_one","No","No byte-identical audit duplicate","UNVERIFIED — manifest text/title is not an audio-content check","UNMEASURED — no integrated-LUFS evidence","No source-level issue; active-play receipt pending","OWNER: record provenance/license; keep the selected track unchanged meanwhile."
"track:cosmic-drift.mp3","assets/music/cosmic-drift.mp3","MP3","158.304","License/source field not recorded in manifest.","Runtime-dependent","1","apartment; bada_bing_one; no_wake","No","No byte-identical audit duplicate","UNVERIFIED — manifest text/title is not an audio-content check","UNMEASURED — no integrated-LUFS evidence","No source-level issue; active-play receipt pending","OWNER: record provenance/license; keep the selected track unchanged meanwhile."
"track:daydream-diner-2.mp3","assets/music/daydream-diner-2.mp3","MP3","139.968","License/source field not recorded in manifest.","Runtime-dependent","1","mansion; mansion_return","No","No byte-identical audit duplicate","UNVERIFIED — manifest text/title is not an audio-content check","UNMEASURED — no integrated-LUFS evidence","No source-level issue; active-play receipt pending","OWNER: record provenance/license; keep the selected track unchanged meanwhile."
"track:front-and-center-bananaphone-e786d7fe.mp3","assets/music/front-and-center-bananaphone-e786d7fe.mp3","MP3","194.424","Artist metadata: Raffi. License/source field not recorded in manifest.","Runtime-dependent","1","silver_room","No","No byte-identical audit duplicate","UNVERIFIED — manifest text/title is not an audio-content check","UNMEASURED — no integrated-LUFS evidence","No source-level issue; active-play receipt pending","OWNER: record provenance/license; keep the selected track unchanged meanwhile."
"track:good-ole-days.mp3","assets/music/good-ole-days.mp3","MP3","128.904","Artist metadata: Silver Sasquatches. License/source field not recorded in manifest.","Runtime-dependent","3","airstrip_smuggling; apartment; bada_bing_one; bada_bing_two; countryside_cabin; luxury_apartment; mansion; mansion_return; no_wake; silver_pines","No","No byte-identical audit duplicate","UNVERIFIED — manifest text/title is not an audio-content check","UNMEASURED — no integrated-LUFS evidence","No source-level issue; active-play receipt pending","OWNER: record provenance/license; keep the selected track unchanged meanwhile."
"track:i-aint-gay.mp3","assets/music/i-aint-gay.mp3","MP3","124.891","Artist metadata: Silver Sasquatches. License/source field not recorded in manifest.","Runtime-dependent","1","airstrip_smuggling; apartment; bada_bing_one; countryside_cabin; luxury_apartment; mansion; mansion_return; no_wake; silver_pines","No","No byte-identical audit duplicate","UNVERIFIED — manifest text/title is not an audio-content check","UNMEASURED — no integrated-LUFS evidence","No source-level issue; active-play receipt pending","OWNER: record provenance/license; keep the selected track unchanged meanwhile."
"track:nehoo-with-a-guu.mp3","assets/music/nehoo-with-a-guu.mp3","MP3","251.481","Artist metadata: Silver Sasquatches. License/source field not recorded in manifest.","Runtime-dependent","1","airstrip_smuggling; apartment; bada_bing_one; countryside_cabin; luxury_apartment; mansion; mansion_return; no_wake; silver_pines","No","No byte-identical audit duplicate","UNVERIFIED — manifest text/title is not an audio-content check","UNMEASURED — no integrated-LUFS evidence","No source-level issue; active-play receipt pending","OWNER: record provenance/license; keep the selected track unchanged meanwhile."
"track:sallie-j.mp3","assets/music/sallie-j.mp3","MP3","39.264","Artist metadata: Silver Sasquatches. License/source field not recorded in manifest.","Runtime-dependent","1","bada_bing_one","No","No byte-identical audit duplicate","UNVERIFIED — manifest text/title is not an audio-content check","UNMEASURED — no integrated-LUFS evidence","No source-level issue; active-play receipt pending","OWNER: record provenance/license; keep the selected track unchanged meanwhile."
"track:squatch-up.mp3","assets/music/squatch-up.mp3","MP3","137.448","Artist metadata: Silver Sasquatches. License/source field not recorded in manifest.","Runtime-dependent","1","bada_bing_one","No","No byte-identical audit duplicate","UNVERIFIED — manifest text/title is not an audio-content check","UNMEASURED — no integrated-LUFS evidence","No source-level issue; active-play receipt pending","OWNER: record provenance/license; keep the selected track unchanged meanwhile."
"track:squatches-in-the-house.mp3","assets/music/squatches-in-the-house.mp3","MP3","101.184","Artist metadata: Silver Sasquatches. License/source field not recorded in manifest.","Runtime-dependent","1","bada_bing_one","No","No byte-identical audit duplicate","UNVERIFIED — manifest text/title is not an audio-content check","UNMEASURED — no integrated-LUFS evidence","No source-level issue; active-play receipt pending","OWNER: record provenance/license; keep the selected track unchanged meanwhile."
"track:through-the-night.mp3","assets/music/through-the-night.mp3","MP3","289.128","License/source field not recorded in manifest.","Runtime-dependent","1","airstrip_smuggling; apartment; bada_bing_one; countryside_cabin; luxury_apartment; mansion; mansion_return; no_wake; silver_pines","No","No byte-identical audit duplicate","UNVERIFIED — manifest text/title is not an audio-content check","UNMEASURED — no integrated-LUFS evidence","No source-level issue; active-play receipt pending","OWNER: record provenance/license; keep the selected track unchanged meanwhile."
"vo.news.radio.big_night.1","assets/sfx/vo.news.radio.big_night.1.mp3","MP3","10.292","Voice: announcer. License/source field not recorded in manifest.","No","0","None found","YES — no source/runtime use found","No byte-identical audit duplicate","UNVERIFIED — manifest text/title is not an audio-content check","UNMEASURED — no integrated-LUFS evidence","No reachable runtime use found","Mechanical: confirm the cue is dead, then remove the manifest row and file together; do not hide drift by renaming it."
"vo.news.radio.date.1","assets/sfx/vo.news.radio.date.1.mp3","MP3","15.151","Voice: announcer. License/source field not recorded in manifest.","No","0","None found","YES — no source/runtime use found","No byte-identical audit duplicate","UNVERIFIED — manifest text/title is not an audio-content check","UNMEASURED — no integrated-LUFS evidence","No reachable runtime use found","Mechanical: confirm the cue is dead, then remove the manifest row and file together; do not hide drift by renaming it."
"vo.news.radio.day_two.1","assets/sfx/vo.news.radio.day_two.1.mp3","MP3","14.367","Voice: announcer. License/source field not recorded in manifest.","No","0","None found","YES — no source/runtime use found","No byte-identical audit duplicate","UNVERIFIED — manifest text/title is not an audio-content check","UNMEASURED — no integrated-LUFS evidence","No reachable runtime use found","Mechanical: confirm the cue is dead, then remove the manifest row and file together; do not hide drift by renaming it."
"vo.news.radio.heist_day.1","assets/sfx/vo.news.radio.heist_day.1.mp3","MP3","8.829","Voice: announcer. License/source field not recorded in manifest.","No","0","None found","YES — no source/runtime use found","No byte-identical audit duplicate","UNVERIFIED — manifest text/title is not an audio-content check","UNMEASURED — no integrated-LUFS evidence","No reachable runtime use found","Mechanical: confirm the cue is dead, then remove the manifest row and file together; do not hide drift by renaming it."
"vo.news.radio.post_heist.1","assets/sfx/vo.news.radio.post_heist.1.mp3","MP3","12.565","Voice: announcer. License/source field not recorded in manifest.","No","0","None found","YES — no source/runtime use found","No byte-identical audit duplicate","UNVERIFIED — manifest text/title is not an audio-content check","UNMEASURED — no integrated-LUFS evidence","No reachable runtime use found","Mechanical: confirm the cue is dead, then remove the manifest row and file together; do not hide drift by renaming it."
"vo.news.tv.big_night.1","assets/sfx/vo.news.tv.big_night.1.mp3","MP3","6.844","Voice: ksqch. License/source field not recorded in manifest.","No","0","None found","YES — no source/runtime use found","No byte-identical audit duplicate","UNVERIFIED — manifest text/title is not an audio-content check","UNMEASURED — no integrated-LUFS evidence","No reachable runtime use found","Mechanical: confirm the cue is dead, then remove the manifest row and file together; do not hide drift by renaming it."
"vo.news.tv.date.1","assets/sfx/vo.news.tv.date.1.mp3","MP3","10.057","Voice: ksqch. License/source field not recorded in manifest.","No","0","None found","YES — no source/runtime use found","No byte-identical audit duplicate","UNVERIFIED — manifest text/title is not an audio-content check","UNMEASURED — no integrated-LUFS evidence","No reachable runtime use found","Mechanical: confirm the cue is dead, then remove the manifest row and file together; do not hide drift by renaming it."
"vo.news.tv.day_two.1","assets/sfx/vo.news.tv.day_two.1.mp3","MP3","10.057","Voice: ksqch. License/source field not recorded in manifest.","No","0","None found","YES — no source/runtime use found","No byte-identical audit duplicate","UNVERIFIED — manifest text/title is not an audio-content check","UNMEASURED — no integrated-LUFS evidence","No reachable runtime use found","Mechanical: confirm the cue is dead, then remove the manifest row and file together; do not hide drift by renaming it."
"vo.news.tv.heist_day.1","assets/sfx/vo.news.tv.heist_day.1.mp3","MP3","9.117","Voice: ksqch. License/source field not recorded in manifest.","No","0","None found","YES — no source/runtime use found","No byte-identical audit duplicate","UNVERIFIED — manifest text/title is not an audio-content check","UNMEASURED — no integrated-LUFS evidence","No reachable runtime use found","Mechanical: confirm the cue is dead, then remove the manifest row and file together; do not hide drift by renaming it."
"vo.news.tv.post_heist.1","assets/sfx/vo.news.tv.post_heist.1.mp3","MP3","9.247","Voice: ksqch. License/source field not recorded in manifest.","No","0","None found","YES — no source/runtime use found","No byte-identical audit duplicate","UNVERIFIED — manifest text/title is not an audio-content check","UNMEASURED — no integrated-LUFS evidence","No reachable runtime use found","Mechanical: confirm the cue is dead, then remove the manifest row and file together; do not hide drift by renaming it."
"vo.radio.ad.1","assets/sfx/vo.radio.ad.1.mp3","MP3","2.299","Voice: player. License/source field not recorded in manifest.","No","1","airstrip_smuggling; apartment; bada_bing_one; countryside_cabin; luxury_apartment; mansion; mansion_return; no_wake; silver_pines","No","No byte-identical audit duplicate","UNVERIFIED — manifest text/title is not an audio-content check","UNMEASURED — no integrated-LUFS evidence","No source-level issue; active-play receipt pending","Keep; verify audible content and loudness in the active scene."
"vo.radio.ad.2","assets/sfx/vo.radio.ad.2.mp3","MP3","2.351","Voice: player. License/source field not recorded in manifest.","No","1","airstrip_smuggling; apartment; bada_bing_one; countryside_cabin; luxury_apartment; mansion; mansion_return; no_wake; silver_pines","No","No byte-identical audit duplicate","UNVERIFIED — manifest text/title is not an audio-content check","UNMEASURED — no integrated-LUFS evidence","No source-level issue; active-play receipt pending","Keep; verify audible content and loudness in the active scene."
"vo.radio.ad.3","assets/sfx/vo.radio.ad.3.mp3","MP3","2.664","Voice: player. License/source field not recorded in manifest.","No","1","airstrip_smuggling; apartment; bada_bing_one; countryside_cabin; luxury_apartment; mansion; mansion_return; no_wake; silver_pines","No","No byte-identical audit duplicate","UNVERIFIED — manifest text/title is not an audio-content check","UNMEASURED — no integrated-LUFS evidence","No source-level issue; active-play receipt pending","Keep; verify audible content and loudness in the active scene."
"vo.radio.ad.4","assets/sfx/vo.radio.ad.4.mp3","MP3","2.429","Voice: player. License/source field not recorded in manifest.","No","1","airstrip_smuggling; apartment; bada_bing_one; countryside_cabin; luxury_apartment; mansion; mansion_return; no_wake; silver_pines","No","No byte-identical audit duplicate","UNVERIFIED — manifest text/title is not an audio-content check","UNMEASURED — no integrated-LUFS evidence","No source-level issue; active-play receipt pending","Keep; verify audible content and loudness in the active scene."
"vo.radio.song.1","assets/sfx/vo.radio.song.1.mp3","MP3","2.011","Voice: player. License/source field not recorded in manifest.","No","1","airstrip_smuggling; apartment; bada_bing_one; countryside_cabin; luxury_apartment; mansion; mansion_return; no_wake; silver_pines","No","No byte-identical audit duplicate","UNVERIFIED — manifest text/title is not an audio-content check","UNMEASURED — no integrated-LUFS evidence","No source-level issue; active-play receipt pending","Keep; verify audible content and loudness in the active scene."
"vo.radio.song.2","assets/sfx/vo.radio.song.2.mp3","MP3","2.116","Voice: player. License/source field not recorded in manifest.","No","1","airstrip_smuggling; apartment; bada_bing_one; countryside_cabin; luxury_apartment; mansion; mansion_return; no_wake; silver_pines","No","No byte-identical audit duplicate","UNVERIFIED — manifest text/title is not an audio-content check","UNMEASURED — no integrated-LUFS evidence","No source-level issue; active-play receipt pending","Keep; verify audible content and loudness in the active scene."
"vo.radio.song.3","assets/sfx/vo.radio.song.3.mp3","MP3","2.247","Voice: player. License/source field not recorded in manifest.","No","1","airstrip_smuggling; apartment; bada_bing_one; countryside_cabin; luxury_apartment; mansion; mansion_return; no_wake; silver_pines","No","No byte-identical audit duplicate","UNVERIFIED — manifest text/title is not an audio-content check","UNMEASURED — no integrated-LUFS evidence","No source-level issue; active-play receipt pending","Keep; verify audible content and loudness in the active scene."
"vo.radio.song.4","assets/sfx/vo.radio.song.4.mp3","MP3","2.769","Voice: player. License/source field not recorded in manifest.","No","1","airstrip_smuggling; apartment; bada_bing_one; countryside_cabin; luxury_apartment; mansion; mansion_return; no_wake; silver_pines","No","No byte-identical audit duplicate","UNVERIFIED — manifest text/title is not an audio-content check","UNMEASURED — no integrated-LUFS evidence","No source-level issue; active-play receipt pending","Keep; verify audible content and loudness in the active scene."
"vo.radio.song.5","assets/sfx/vo.radio.song.5.mp3","MP3","1.045","Voice: player. License/source field not recorded in manifest.","No","1","airstrip_smuggling; apartment; bada_bing_one; countryside_cabin; luxury_apartment; mansion; mansion_return; no_wake; silver_pines","No","No byte-identical audit duplicate","UNVERIFIED — manifest text/title is not an audio-content check","UNMEASURED — no integrated-LUFS evidence","No source-level issue; active-play receipt pending","Keep; verify audible content and loudness in the active scene."
"vo.radio.song.6","assets/sfx/vo.radio.song.6.mp3","MP3","1.176","Voice: player. License/source field not recorded in manifest.","No","1","airstrip_smuggling; apartment; bada_bing_one; countryside_cabin; luxury_apartment; mansion; mansion_return; no_wake; silver_pines","No","No byte-identical audit duplicate","UNVERIFIED — manifest text/title is not an audio-content check","UNMEASURED — no integrated-LUFS evidence","No source-level issue; active-play receipt pending","Keep; verify audible content and loudness in the active scene."
