Row,Scene,Character,Cue id,Filename,Recorded,Direction,Current line,Words,Flags,Punch-up (house),Tarantino,McDonagh,Houser,Coen,Pick,Notes
1,Radio,announcer,radio.ident.squatch,radio.ident.squatch.mp3,yes,,Ninety seven point EIGHT! THE SQUAAATCH!,6,,,,,,,,
2,Radio,uncle,radio.ident.uncle,radio.ident.uncle.mp3,yes,,Uncle Squatch Beats. Ninety eight point eight. Nobody here is qualified and nobody here is leaving.,16,,Uncle Squatch Beats. Ninety eight point eight. Nobody here is qualified and nobody here is leaving.,"Uncle Squatch Beats. Ninety eight point eight. Same six records, same guy, same chair. I haven't been outside since March.",Uncle Squatch Beats. Ninety eight point eight. I've been in this room eleven hours and I've stopped noticin' the smell.,"Uncle Squatch Beats. Ninety eight point eight. Legally distinct from every other station, according to a letter we received.",Uncle Squatch Beats. Ninety eight point eight. Take it easy. There's not a lot else to do.,ACCEPTED 2026-08-19,"A stock real-radio sign-off. It is the weakest of the three station idents it sits beside, and station idents are free personality."
3,Radio,ksqch,radio.ident.ksqch,radio.ident.ksqch.mp3,yes,,K-S-Q-C-H! One oh one point seven! Turn it UP!,9,,,,,,,,
4,Apartment and shared,player,vo.wake.1,vo.wake.1.mp3,yes,,Nope.,1,short,,,,,,,
5,Apartment and shared,player,vo.wake.2,vo.wake.2.mp3,yes,,"What time is… no. No, that is not right.",9,,,,,,,,
6,Apartment and shared,player,vo.wake.3,vo.wake.3.mp3,yes,,Right. Awake. Great.,3,short,,,,,,,
7,Apartment and shared,player,vo.getup.1,vo.getup.1.mp3,yes,,Feet. Floor. Fine.,3,short,,,,,,,
8,Apartment and shared,player,vo.getup.2,vo.getup.2.mp3,yes,,Up. There we go.,4,,,,,,,,
9,Apartment and shared,player,vo.liedown.1,vo.liedown.1.mp3,yes,,Just for a minute.,4,,,,,,,,
10,Apartment and shared,player,vo.liedown.2,vo.liedown.2.mp3,yes,,"Yeah, no, this was the right call.",7,,,,,,,,
11,Apartment and shared,player,vo.sleep.1,vo.sleep.1.mp3,yes,,Goodnight to me.,3,short,,,,,,,
12,Apartment and shared,player,vo.sleep.2,vo.sleep.2.mp3,yes,,"See you tomorrow, I suppose.",5,,,,,,,,
13,Apartment and shared,player,vo.fridge.1,vo.fridge.1.mp3,yes,,Same as it was an hour ago.,7,,,,,,,,
14,Apartment and shared,player,vo.fridge.2,vo.fridge.2.mp3,yes,,Cold air. Great. Love that.,5,,,,,,,,
15,Apartment and shared,player,vo.fridge.3,vo.fridge.3.mp3,yes,,I keep thinking something new will be in here.,9,,,,,,,,
16,Apartment and shared,player,vo.beer.open.1,vo.beer.open.1.mp3,yes,,There we go.,3,short,,,,,,,
17,Apartment and shared,player,vo.beer.open.2,vo.beer.open.2.mp3,yes,,Six-oh-four. Somewhere it's five.,4,,,,,,,,
18,Apartment and shared,player,vo.beer.good.1,vo.beer.good.1.mp3,yes,,"Oh, that's the one.",4,,,,,,,,
19,Apartment and shared,player,vo.beer.good.2,vo.beer.good.2.mp3,yes,,Yep. That's it. That's the feeling.,6,,,,,,,,
20,Apartment and shared,player,vo.beer.many.1,vo.beer.many.1.mp3,yes,,Should probably slow down. Noted. Ignored.,6,,,,,,,,
21,Apartment and shared,player,vo.beer.many.2,vo.beer.many.2.mp3,yes,,That one went somewhere different.,5,,,,,,,,
22,Apartment and shared,player,vo.beer.many.3,vo.beer.many.3.mp3,yes,,"Okay. Okay, we're doing this.",5,,,,,,,,
23,Apartment and shared,player,vo.beer.last.1,vo.beer.last.1.mp3,yes,,That was the last one. That's a decision I made.,10,,,,,,,,
24,Apartment and shared,player,vo.whiskey.1,vo.whiskey.1.mp3,yes,,"Oh, that's horrible.",3,short,,,,,,,
25,Apartment and shared,player,vo.whiskey.2,vo.whiskey.2.mp3,yes,,Nope. Still horrible.,3,short,,,,,,,
26,Apartment and shared,player,vo.whiskey.3,vo.whiskey.3.mp3,yes,,Jack. And Daniels. Both of them.,6,,,,,,,,
27,Apartment and shared,player,vo.cig.light.1,vo.cig.light.1.mp3,yes,,Right.,1,filler short,,,,,,,
28,Apartment and shared,player,vo.cig.light.2,vo.cig.light.2.mp3,yes,,Last one. Obviously not the last one.,7,,,,,,,,
29,Apartment and shared,player,vo.cig.drag.1,vo.cig.drag.1.mp3,yes,,Mm.,1,filler short,,,,,,,
30,Apartment and shared,player,vo.cig.drag.2,vo.cig.drag.2.mp3,yes,,There it is.,3,short,,,,,,,
31,Apartment and shared,player,vo.cig.last.1,vo.cig.last.1.mp3,yes,,"That's the pack. I'll be buying more, then.",8,,,,,,,,
32,Apartment and shared,player,vo.zyn.1,vo.zyn.1.mp3,yes,,In she goes.,3,short,,,,,,,
33,Apartment and shared,player,vo.zyn.2,vo.zyn.2.mp3,yes,,Six milligrams of feeling something.,5,,,,,,,,
34,Apartment and shared,player,vo.bong.1,vo.bong.1.mp3,yes,,"Oh, that's a mistake.",4,,,,,,,,
35,Apartment and shared,player,vo.bong.2,vo.bong.2.mp3,yes,,Right. Well. There goes the afternoon.,6,,,,,,,,
36,Apartment and shared,player,vo.shrooms.1,vo.shrooms.1.mp3,yes,,This is a terrible idea and I'm doing it anyway.,10,,,,,,,,
37,Apartment and shared,player,vo.shrooms.2,vo.shrooms.2.mp3,yes,,"I'll be honest, I don't remember buying these.",8,,,,,,,,
38,Apartment and shared,player,vo.pee.1,vo.pee.1.mp3,yes,,Ohhh. Yeah.,2,short,,,,,,,
39,Apartment and shared,player,vo.pee.2,vo.pee.2.mp3,yes,,That was overdue.,3,short,,,,,,,
40,Apartment and shared,player,vo.poop.urge.1,vo.poop.urge.1.mp3,yes,,Oh. Oh no. Okay.,4,,,,,,,,
41,Apartment and shared,player,vo.poop.urge.2,vo.poop.urge.2.mp3,yes,,"Nope, that's happening. Move.",4,,,,,,,,
42,Apartment and shared,player,vo.poop.relief.1,vo.poop.relief.1.mp3,yes,,We got there.,3,short,,,,,,,
43,Apartment and shared,player,vo.poop.relief.2,vo.poop.relief.2.mp3,yes,,Do not want to talk about it.,7,,,,,,,,
44,Apartment and shared,player,vo.fart.1,vo.fart.1.mp3,yes,,Yep.,1,short,,,,,,,
45,Apartment and shared,player,vo.fart.2,vo.fart.2.mp3,yes,,Nobody here. Nobody to mind.,5,,,,,,,,
46,Apartment and shared,player,vo.fart.3,vo.fart.3.mp3,yes,,Excuse me. To nobody.,4,,,,,,,,
47,Apartment and shared,player,vo.pc.sit.1,vo.pc.sit.1.mp3,yes,,"Right, let's have a look.",5,,,,,,,,
48,Apartment and shared,player,vo.pc.sit.2,vo.pc.sit.2.mp3,yes,,Just one game.,3,short,,,,,,,
49,Apartment and shared,player,vo.cs.death.early.1,vo.cs.death.early.1.mp3,yes,,What. What was that?,4,,,,,,,,
50,Apartment and shared,player,vo.cs.death.early.2,vo.cs.death.early.2.mp3,yes,,Through the wall. Straight through the wall.,7,,,,,,,,
51,Apartment and shared,player,vo.cs.death.early.3,vo.cs.death.early.3.mp3,yes,,I hadn't even moved.,4,,,,,,,,
52,Apartment and shared,player,vo.cs.death.late.1,vo.cs.death.late.1.mp3,yes,,Yeah. Sure. Why not.,4,,,,,,,,
53,Apartment and shared,player,vo.cs.death.late.2,vo.cs.death.late.2.mp3,yes,,I've not fired a shot all game.,7,,,,,,,,
54,Apartment and shared,player,vo.cs.death.late.3,vo.cs.death.late.3.mp3,yes,,I'm reporting him. It won't do anything.,7,,,,,,,,
55,Apartment and shared,player,vo.cs.kill.1,vo.cs.kill.1.mp3,yes,,"OH! Oh, did you see that? That was me. That was me!",12,,,,,,,,
56,Apartment and shared,player,vo.smash.1,vo.smash.1.mp3,yes,,"Right, come on.",3,short,,,,,,,
57,Apartment and shared,player,vo.smash.2,vo.smash.2.mp3,yes,,Not the hikers. Not the hikers!,6,,,,,,,,
58,Apartment and shared,player,vo.radio.song.1,vo.radio.song.1.mp3,yes,,"Oh, this is us. This is actually us.",8,,,,,,,,
59,Apartment and shared,player,vo.radio.song.2,vo.radio.song.2.mp3,yes,,Turn it up. Nobody's here. Turn it up.,8,,,,,,,,
60,Apartment and shared,player,vo.radio.ad.1,vo.radio.ad.1.mp3,yes,,I've heard this one about four hundred times.,8,,,,,,,,
61,Apartment,player,vo.idle.1,vo.idle.1.mp3,yes,,Right.,1,filler short,,,,,,,
62,Apartment,player,vo.idle.2,vo.idle.2.mp3,yes,,So.,1,short,,,,,,,
63,Apartment,player,vo.idle.3,vo.idle.3.mp3,yes,,Hm.,1,short,,,,,,,
64,Apartment,player,vo.idle.4,vo.idle.4.mp3,yes,,There's nothing on.,3,short,,,,,,,
65,Apartment,player,vo.idle.5,vo.idle.5.mp3,yes,,"I could do something. I'm not going to, but I could.",11,,,,,,,,
66,Apartment and shared,player,vo.shower.1,vo.shower.1.mp3,yes,,"Cold. Cold. Cold — oh, there we go.",8,,,,,,,,
67,Apartment and shared,player,vo.shower.2,vo.shower.2.mp3,yes,,Right. That's better. That's much better.,6,,,,,,,,
68,Apartment and shared,player,vo.eat.1,vo.eat.1.mp3,yes,,"Pasture raised, apparently.",3,short,,,,,,,
69,Apartment and shared,player,vo.eat.2,vo.eat.2.mp3,yes,,That's the first thing I've eaten since yesterday.,8,,,,,,,,
70,Apartment and shared,player,vo.dress.1,vo.dress.1.mp3,yes,,Clean shirt. Look at me.,5,,,,,,,,
71,Apartment,player,vo.door.shower.1,vo.door.shower.1.mp3,yes,,No. I need a shower first. I'm aware.,8,,,,,,,,
72,Apartment,player,vo.door.dressed.1,vo.door.dressed.1.mp3,yes,,I'm in what I slept in. Can't turn up in this.,11,,,,,,,,
73,Apartment,player,vo.door.eat.1,vo.door.eat.1.mp3,yes,,I've not eaten. I'll be useless.,6,,,,,,,,
74,Apartment,player,vo.door.cs.1,vo.door.cs.1.mp3,yes,,I told the boys I'd get a game in. Should probably do that.,13,,,,,,,,
75,Apartment,player,vo.door.piss.1,vo.door.piss.1.mp3,yes,,Ninety minutes in that room. I should go first.,9,,,,,,,,
76,Apartment,player,vo.door.poop.1,vo.door.poop.1.mp3,yes,,Absolutely not. Not until that's dealt with.,7,,,,,,,,
77,Apartment,player,vo.door.beer.1,vo.door.beer.1.mp3,yes,,Can't turn up holding this. Well. Shouldn't.,7,,,,,,,,
78,Apartment,player,vo.door.drunk.1,vo.door.drunk.1.mp3,yes,,…No. Not like this. They'd know.,6,,,,,,,,
79,Apartment,player,vo.door.leave.1,vo.door.leave.1.mp3,yes,,Right. That's everything. Let's go.,5,,,,,,,,
80,Apartment,player,vo.door.leave.2,vo.door.leave.2.mp3,yes,,Okay. Wednesday. Here we go.,5,,,,,,,,
81,Apartment and shared,player,vo.wake.4,vo.wake.4.mp3,yes,,"Oh, absolutely not.",3,short,,,,,,,
82,Apartment and shared,player,vo.wake.5,vo.wake.5.mp3,yes,,Six. It is six. Why is it six.,8,,,,,,,,
83,Apartment and shared,player,vo.wake.6,vo.wake.6.mp3,yes,,"I was having a good one, as well.",8,,,,,,,,
84,Apartment and shared,player,vo.wake.7,vo.wake.7.mp3,yes,,Ceiling. Same ceiling.,3,short,,,,,,,
85,Apartment and shared,player,vo.getup.3,vo.getup.3.mp3,yes,,Right. Up. Vertical. Doing it.,5,,,,,,,,
86,Apartment and shared,player,vo.getup.4,vo.getup.4.mp3,yes,,Floor is cold. Noted. Ignored.,5,,,,,,,,
87,Apartment and shared,player,vo.getup.5,vo.getup.5.mp3,yes,,One thing at a time.,5,,,,,,,,
88,Apartment and shared,player,vo.getup.6,vo.getup.6.mp3,yes,,Okay. What are we doing today.,6,,,,,,,,
89,Apartment and shared,player,vo.liedown.3,vo.liedown.3.mp3,yes,,This is not going back to sleep. This is lying down.,11,,,,,,,,
90,Apartment and shared,player,vo.liedown.4,vo.liedown.4.mp3,yes,,It is still early. Technically.,5,,,,,,,,
91,Apartment and shared,player,vo.sleep.3,vo.sleep.3.mp3,yes,,Nothing was going to happen today anyway.,7,,,,,,,,
92,Apartment and shared,player,vo.pc.sit.3,vo.pc.sit.3.mp3,yes,,Right then.,2,short,,,,,,,
93,Apartment and shared,player,vo.pc.sit.4,vo.pc.sit.4.mp3,yes,,Ten minutes. That is all this is.,7,,,,,,,,
94,Apartment and shared,player,vo.pc.sit.5,vo.pc.sit.5.mp3,yes,,Let us see what the boys are doing.,8,,,,,,,,
95,Apartment and shared,player,vo.cs.death.early.4,vo.cs.death.early.4.mp3,yes,,"Okay, that is a wallbang. That is through a wall.",10,,,,,,,,
96,Apartment and shared,player,vo.cs.death.early.5,vo.cs.death.early.5.mp3,yes,,I did not even hear him.,6,,,,,,,,
97,Apartment and shared,player,vo.cs.death.early.6,vo.cs.death.early.6.mp3,yes,,Great. Off to a strong start.,6,,,,,,,,
98,Apartment and shared,player,vo.cs.death.early.7,vo.cs.death.early.7.mp3,yes,,He was already looking at me.,6,,,,,,,,
99,Apartment and shared,player,vo.cs.death.late.4,vo.cs.death.late.4.mp3,yes,,"This is not a game any more, this is a documentary.",11,,,,,,,,
100,Apartment and shared,player,vo.cs.death.late.5,vo.cs.death.late.5.mp3,yes,,Report. Report. Nothing is going to happen but report.,9,,,,,,,,
101,Apartment and shared,player,vo.cs.death.late.6,vo.cs.death.late.6.mp3,yes,,I have not fired a bullet. Not one.,8,,,,,,,,
102,Apartment and shared,player,vo.cs.death.late.7,vo.cs.death.late.7.mp3,yes,,Nine hour old account. Nine hours.,6,,,,,,,,
103,Apartment and shared,player,vo.cs.death.late.8,vo.cs.death.late.8.mp3,yes,,I am going to go and have a shower.,9,,,,,,,,
104,Apartment and shared,player,vo.cs.death.late.9,vo.cs.death.late.9.mp3,yes,,That is enough of that. That is genuinely enough.,9,,,,,,,,
105,Apartment and shared,player,vo.cs.kill.2,vo.cs.kill.2.mp3,yes,,That went in! That actually went in!,7,,,,,,,,
106,Apartment and shared,player,vo.cs.kill.3,vo.cs.kill.3.mp3,yes,,Did anyone see that? Nobody saw that.,7,,,,,,,,
107,Apartment and shared,player,vo.cs.kill.4,vo.cs.kill.4.mp3,yes,,One. I got one. That is the day made.,9,,,,,,,,
108,Apartment and shared,player,vo.smash.3,vo.smash.3.mp3,yes,,That is a score. That is a real score.,9,,,,,,,,
109,Apartment and shared,player,vo.smash.4,vo.smash.4.mp3,yes,,Beat it. Barely. But beat it.,6,,,,,,,,
110,Apartment and shared,player,vo.smash.5,vo.smash.5.mp3,yes,,One more. One more and then I get on with things.,11,,,,,,,,
111,Apartment and shared,player,vo.smash.6,vo.smash.6.mp3,yes,,This game is rigged and I love it.,8,,,,,,,,
112,Apartment and shared,player,vo.fridge.4,vo.fridge.4.mp3,yes,,There is nothing in here. There is never anything in here.,11,,,,,,,,
113,Apartment and shared,player,vo.fridge.5,vo.fridge.5.mp3,yes,,Eggs. There are eggs. That is breakfast sorted.,8,,,,,,,,
114,Apartment and shared,player,vo.fridge.6,vo.fridge.6.mp3,yes,,That has been in there a while.,7,,,,,,,,
115,Apartment and shared,player,vo.fridge.7,vo.fridge.7.mp3,yes,,Cold air. Good. Just going to stand here a moment.,10,,,,,,,,
116,Apartment and shared,player,vo.eat.3,vo.eat.3.mp3,yes,,Not bad. Not good. Eaten.,5,,,,,,,,
117,Apartment and shared,player,vo.eat.4,vo.eat.4.mp3,yes,,That is food in me. That counts.,7,,,,,,,,
118,Apartment and shared,player,vo.eat.5,vo.eat.5.mp3,yes,,Should have done that hours ago.,6,,,,,,,,
119,Apartment and shared,player,vo.beer.open.3,vo.beer.open.3.mp3,yes,,Go on then.,3,short,,,,,,,
120,Apartment and shared,player,vo.beer.open.4,vo.beer.open.4.mp3,yes,,It is somewhere in the world.,6,,,,,,,,
121,Apartment and shared,player,vo.beer.good.3,vo.beer.good.3.mp3,yes,,That is the one.,4,,,,,,,,
122,Apartment and shared,player,vo.beer.good.4,vo.beer.good.4.mp3,yes,,"Oh, that is cold. That is properly cold.",8,,,,,,,,
123,Apartment and shared,player,vo.beer.many.4,vo.beer.many.4.mp3,yes,,How many is that. Do not answer that.,8,,,,,,,,
124,Apartment and shared,player,vo.beer.many.5,vo.beer.many.5.mp3,yes,,I am going to regret the arithmetic on this.,9,,,,,,,,
125,Apartment and shared,player,vo.beer.many.6,vo.beer.many.6.mp3,yes,,One more and then I am stopping. Genuinely.,8,,,,,,,,
126,Apartment and shared,player,vo.whiskey.4,vo.whiskey.4.mp3,yes,,"Right in the chest, that.",5,,,,,,,,
127,Apartment and shared,player,vo.whiskey.5,vo.whiskey.5.mp3,yes,,That was more than I meant to take.,8,,,,,,,,
128,Apartment and shared,player,vo.whiskey.6,vo.whiskey.6.mp3,yes,,Bit early for this. Bit early.,6,,,,,,,,
129,Apartment and shared,player,vo.whiskey.7,vo.whiskey.7.mp3,yes,,Woof. Okay.,2,short,,,,,,,
130,Apartment and shared,player,vo.cig.light.3,vo.cig.light.3.mp3,yes,,Filthy. Necessary.,2,short,,,,,,,
131,Apartment and shared,player,vo.cig.light.4,vo.cig.light.4.mp3,yes,,"Out of the window, out of the window.",8,,,,,,,,
132,Apartment and shared,player,vo.cig.drag.3,vo.cig.drag.3.mp3,yes,,That is better. That is actually better.,7,,,,,,,,
133,Apartment and shared,player,vo.cig.drag.4,vo.cig.drag.4.mp3,yes,,Should not enjoy that as much as I do.,9,,,,,,,,
134,Apartment and shared,player,vo.cig.last.2,vo.cig.last.2.mp3,yes,,Last one. That is the pack.,6,,,,,,,,
135,Apartment and shared,player,vo.cig.last.3,vo.cig.last.3.mp3,yes,,Well. That is that decision made for me.,8,,,,,,,,
136,Apartment and shared,player,vo.zyn.3,vo.zyn.3.mp3,yes,,Upper lip. Sorted.,3,short,,,,,,,
137,Apartment and shared,player,vo.zyn.4,vo.zyn.4.mp3,yes,,That is a strong one.,5,,,,,,,,
138,Apartment and shared,player,vo.zyn.5,vo.zyn.5.mp3,yes,,Hands are steady. That is all I wanted.,8,,,,,,,,
139,Apartment and shared,player,vo.bong.3,vo.bong.3.mp3,yes,,Okay. Okay. That was a big one.,7,,,,,,,,
140,Apartment and shared,player,vo.bong.4,vo.bong.4.mp3,yes,,Not going anywhere for a bit.,6,,,,,,,,
141,Apartment and shared,player,vo.bong.5,vo.bong.5.mp3,yes,,Everything just got very reasonable.,5,,,,,,,,
142,Apartment and shared,player,vo.bong.6,vo.bong.6.mp3,yes,,Right. I still have things to do. I am aware.,10,,,,,,,,
143,Apartment and shared,player,vo.shrooms.3,vo.shrooms.3.mp3,yes,,Tastes like a shed.,4,,,,,,,,
144,Apartment and shared,player,vo.shrooms.4,vo.shrooms.4.mp3,yes,,Nothing is happening. Nothing is happening at all.,8,,,,,,,,
145,Apartment and shared,player,vo.shrooms.5,vo.shrooms.5.mp3,yes,,"Oh. Oh, there it is.",5,,,,,,,,
146,Apartment and shared,player,vo.shrooms.6,vo.shrooms.6.mp3,yes,,The wall is doing something. The wall is definitely doing something.,11,,,,,,,,
147,Apartment and shared,player,vo.pee.3,vo.pee.3.mp3,yes,,That is a relief and a half.,7,,,,,,,,
148,Apartment and shared,player,vo.pee.4,vo.pee.4.mp3,yes,,Some of that went in.,5,,,,,,,,
149,Apartment and shared,player,vo.pee.5,vo.pee.5.mp3,yes,,I will clean that up. Later. Probably.,7,,,,,,,,
150,Apartment and shared,player,vo.poop.urge.3,vo.poop.urge.3.mp3,yes,,"Nope. Nope, that is happening now.",6,,,,,,,,
151,Apartment and shared,player,vo.poop.urge.4,vo.poop.urge.4.mp3,yes,,"Bathroom. Bathroom, immediately.",3,short,,,,,,,
152,Apartment and shared,player,vo.poop.relief.3,vo.poop.relief.3.mp3,yes,,Right. That is the day properly started.,7,,,,,,,,
153,Apartment and shared,player,vo.poop.relief.4,vo.poop.relief.4.mp3,yes,,Ten out of ten. No notes.,6,,,,,,,,
154,Apartment and shared,player,vo.poop.relief.5,vo.poop.relief.5.mp3,yes,,I feel like a different man.,6,,,,,,,,
155,Apartment and shared,player,vo.fart.4,vo.fart.4.mp3,yes,,Nobody heard that.,3,short,,,,,,,
156,Apartment and shared,player,vo.fart.5,vo.fart.5.mp3,yes,,That was not on purpose.,5,,,,,,,,
157,Apartment and shared,player,vo.fart.6,vo.fart.6.mp3,yes,,"Bit of a big one, that.",6,,,,,,,,
158,Apartment and shared,player,vo.fart.7,vo.fart.7.mp3,yes,,Beer does that.,3,short,,,,,,,
159,Apartment and shared,player,vo.shower.3,vo.shower.3.mp3,yes,,Cold. Cold. There we go.,5,,,,,,,,
160,Apartment and shared,player,vo.shower.4,vo.shower.4.mp3,yes,,I could stay in here all day.,7,,,,,,,,
161,Apartment and shared,player,vo.shower.5,vo.shower.5.mp3,yes,,Right. Out. Come on.,4,,,,,,,,
162,Apartment and shared,player,vo.shower.6,vo.shower.6.mp3,yes,,Clean. Genuinely clean. That is new.,6,,,,,,,,
163,Apartment and shared,player,vo.dress.2,vo.dress.2.mp3,yes,,A shirt. A whole clean shirt.,6,,,,,,,,
164,Apartment and shared,player,vo.dress.3,vo.dress.3.mp3,yes,,That will do. That will absolutely do.,7,,,,,,,,
165,Apartment and shared,player,vo.dress.4,vo.dress.4.mp3,yes,,Looking almost like a person.,5,,,,,,,,
166,Apartment and shared,player,vo.radio.ad.2,vo.radio.ad.2.mp3,yes,,I have heard this one about four hundred times.,9,,,,,,,,
167,Apartment and shared,player,vo.radio.ad.3,vo.radio.ad.3.mp3,yes,,Every host thinks he is the smartest man in the building.,11,,,,,,,,
168,Apartment and shared,player,vo.radio.ad.4,vo.radio.ad.4.mp3,yes,,Eat those pasture raised eggs. Yes. Alright.,7,,,,,,,,
169,Apartment and shared,player,vo.radio.song.3,vo.radio.song.3.mp3,yes,,"Hang on, this is us. This is actually us.",9,,,,,,,,
170,Apartment and shared,player,vo.radio.song.4,vo.radio.song.4.mp3,yes,,Somebody in this group made this. In a basement.,9,,,,,,,,
171,Apartment and shared,player,vo.radio.song.5,vo.radio.song.5.mp3,yes,,Turn that up.,3,short,,,,,,,
172,Apartment and shared,player,vo.radio.song.6,vo.radio.song.6.mp3,yes,,This one still holds up.,5,,,,,,,,
173,Apartment and shared,player,vo.notice.1,vo.notice.1.mp3,yes,,Wednesday. Right. That is tomorrow.,5,,,,,,,,
174,Apartment and shared,player,vo.notice.2,vo.notice.2.mp3,yes,,Seven o clock. I can do seven o clock.,9,,,,,,,,
175,Apartment and shared,player,vo.notice.3,vo.notice.3.mp3,yes,,"Showered, dressed, fed. That is not a lot to ask.",10,,,,,,,,
176,Apartment and shared,player,vo.notice.4,vo.notice.4.mp3,yes,,I am not being the one who turns up at half seven.,12,,,,,,,,
177,Apartment and shared,player,vo.notice.5,vo.notice.5.mp3,yes,,Good. Glad they said. I would have forgotten.,8,,,,,,,,
178,Apartment,player,vo.door.shower.2,vo.door.shower.2.mp3,yes,,Not like this. I need a shower first.,8,,,,,,,,
179,Apartment,player,vo.door.shower.3,vo.door.shower.3.mp3,yes,,I can smell myself. That is a bad sign.,9,,,,,,,,
180,Apartment,player,vo.door.dressed.2,vo.door.dressed.2.mp3,yes,,I am in what I slept in. Absolutely not.,9,,,,,,,,
181,Apartment,player,vo.door.dressed.3,vo.door.dressed.3.mp3,yes,,Clean shirt first. Come on.,5,,,,,,,,
182,Apartment,player,vo.door.eat.2,vo.door.eat.2.mp3,yes,,I have not eaten. I will be useless.,8,,,,,,,,
183,Apartment,player,vo.door.eat.3,vo.door.eat.3.mp3,yes,,There are eggs. Two minutes. Do the eggs.,8,,,,,,,,
184,Apartment,player,vo.door.cs.2,vo.door.cs.2.mp3,yes,,I said I would get a game in with the boys.,11,,,,,,,,
185,Apartment,player,vo.door.cs.3,vo.door.cs.3.mp3,yes,,"One match. I promised. Well, I implied.",7,,,,,,,,
186,Apartment,player,vo.door.piss.2,vo.door.piss.2.mp3,yes,,Not making that journey like this.,6,,,,,,,,
187,Apartment,player,vo.door.piss.3,vo.door.piss.3.mp3,yes,,Bathroom first. Obviously bathroom first.,5,,,,,,,,
188,Apartment,player,vo.door.poop.2,vo.door.poop.2.mp3,yes,,Absolutely not. Not with this going on.,7,,,,,,,,
189,Apartment,player,vo.door.poop.3,vo.door.poop.3.mp3,yes,,That is not a public transport situation.,7,,,,,,,,
190,Apartment,player,vo.door.beer.2,vo.door.beer.2.mp3,yes,,One for the road first.,5,,,,,,,,
191,Apartment,player,vo.door.beer.3,vo.door.beer.3.mp3,yes,,There is time. There is loads of time.,8,,,,,,,,
192,Apartment,player,vo.door.drunk.2,vo.door.drunk.2.mp3,yes,,I am not turning up like this.,7,,,,,,,,
193,Apartment,player,vo.door.drunk.3,vo.door.drunk.3.mp3,yes,,Give it an hour. Give it a good hour.,9,,,,,,,,
194,Apartment,player,vo.door.drunk.4,vo.door.drunk.4.mp3,yes,,They will know. They always know.,6,,,,,,,,
195,Apartment,player,vo.door.leave.3,vo.door.leave.3.mp3,yes,,"Right. Wallet, keys, door.",4,,,,,,,,
196,Apartment,player,vo.door.leave.4,vo.door.leave.4.mp3,yes,,"Off we go, then.",4,,,,,,,,
197,Apartment,player,vo.door.leave.5,vo.door.leave.5.mp3,yes,,See you on the other side of that.,8,,,,,,,,
198,Apartment,player,vo.idle.6,vo.idle.6.mp3,yes,,"This is the day, then.",5,,,,,,,,
199,Apartment,player,vo.idle.7,vo.idle.7.mp3,yes,,Something should probably happen at some point.,7,,,,,,,,
200,Apartment,player,vo.idle.8,vo.idle.8.mp3,yes,,I could just stand here. That is an option.,9,,,,,,,,
201,Apartment,player,vo.idle.9,vo.idle.9.mp3,yes,,Nobody is coming round. I checked.,6,,,,,,,,
202,Apartment,player,vo.idle.10,vo.idle.10.mp3,yes,,Long way to anything happening.,5,,,,,,,,
203,Apartment and shared,player,vo.photo.1,vo.photo.1.mp3,yes,,Three of them in that photo are dead and one of them owes me forty bucks.,16,,Three of them in that photo are dead and one of them owes me forty bucks.,"Look at that. Nobody in that picture knew what was coming. That's what a photograph is, when you get down to it. It's a room full of people who don't know yet.","God, look at that. Half of them are dead and the other half stopped ringin'.","Great night. Two of those people are incarcerated and one of them is a witness, so it's really more of a document now.",Huh. That was a good time. That was — yeah. That was a while ago now.,ACCEPTED 2026-08-19,"Vague nostalgia filler, sitting right next to the excellent 'Everyone in that picture owes me money'."
204,Apartment and shared,player,vo.photo.2,vo.photo.2.mp3,yes,,Let me hear you. Let me sing.,7,,,,,,,,
205,Apartment and shared,player,vo.photo.3,vo.photo.3.mp3,yes,,It is all love.,4,,,,,,,,
206,Apartment and shared,player,vo.photo.4,vo.photo.4.mp3,yes,,Let it be known: that was a great time.,9,,That was the last good night before everything got complicated.,That was a great night. That was the last one where nobody at the table had done anything you couldn't come back from.,"That was a great night, that was. Last one before it all went sideways, mind.",Great night. Everyone in that picture still had a clean record and a functioning liver.,That was a great time. That was before all the — well. It was before.,open,"Could describe any photograph ever taken. No specificity, no crudeness, no personality."
207,Apartment and shared,player,vo.photo.5,vo.photo.5.mp3,yes,,Piping hot.,2,short,,,,,,,
208,Apartment and shared,player,vo.photo.6,vo.photo.6.mp3,yes,,"Oh, that is a good one.",6,,,,,,,,
209,Apartment and shared,player,vo.photo.7,vo.photo.7.mp3,yes,,We were so young. That was eighteen months ago.,9,,,,,,,,
210,Apartment and shared,player,vo.photo.8,vo.photo.8.mp3,yes,,Everyone in that picture owes me money.,7,,,,,,,,
211,Apartment and shared,player,vo.photo.9,vo.photo.9.mp3,yes,,I remember about half of that.,6,,,,,,,,
212,Apartment and shared,player,vo.photo.10,vo.photo.10.mp3,yes,,"That was the night, that was.",6,,,,,,,,
213,Apartment and shared,player,vo.photo.11,vo.photo.11.mp3,yes,,Look at the state of us.,6,,,,,,,,
214,Apartment and shared,player,vo.photo.12,vo.photo.12.mp3,yes,,Good lads. All of them. Mostly.,6,,,,,,,,
215,Apartment and shared,player,vo.photo.13,vo.photo.13.mp3,yes,,That is going to stay up there forever now.,9,,,,,,,,
216,Apartment and shared,player,vo.photo.14,vo.photo.14.mp3,yes,,I have walked past that a thousand times.,8,,,,,,,,
217,Apartment and shared,player,vo.photo.15,vo.photo.15.mp3,yes,,Been meaning to straighten that.,5,,,,,,,,
218,Apartment and shared,player,vo.photo.16,vo.photo.16.mp3,yes,,"One of the good ones, that.",6,,,,,,,,
219,Apartment and shared,player,vo.photo.17,vo.photo.17.mp3,yes,,Should get everyone together again.,5,,,,,,,,
220,Apartment and shared,player,vo.photo.18,vo.photo.18.mp3,yes,,Nobody has aged well. Including me.,6,,,,,,,,
221,Apartment and shared,player,vo.glue.1,vo.glue.1.mp3,yes,,All over the wall. Every time.,6,,,,,,,,
222,Apartment and shared,player,vo.glue.2,vo.glue.2.mp3,yes,,That is the whole bottle. On the wall.,8,,,,,,,,
223,Apartment and shared,player,vo.glue.3,vo.glue.3.mp3,yes,,"Well, the frame is not going anywhere now.",8,,,,,,,,
224,Apartment and shared,player,vo.glue.4,vo.glue.4.mp3,yes,,Should have bought a new one months ago.,8,,,,,,,,
225,Apartment and shared,player,vo.glue.5,vo.glue.5.mp3,yes,,"That is going to set like that. That is permanent, that is.",12,,,,,,,,
226,Apartment and shared,player,vo.glue.6,vo.glue.6.mp3,yes,,Hands are stuck together. Brilliant.,5,,,,,,,,
227,Apartment and shared,player,vo.heave.a.1,vo.heave.a.1.mp3,yes,,Hnngh. Come on. Come on.,5,,,,,,,,
228,Apartment and shared,player,vo.heave.b.1,vo.heave.b.1.mp3,yes,,Nnngh. Nearly. Nearly.,3,short,,,,,,,
229,Apartment and shared,player,vo.heave.c.1,vo.heave.c.1.mp3,yes,,"Hhrrgh — that is it, that is it, oh—",9,,,,,,,,
230,Apartment and shared,player,vo.hunghigh.1,vo.hunghigh.1.mp3,yes,,Wee woo.,2,short,,,,,,,
231,Apartment and shared,player,vo.hunghigh.2,vo.hunghigh.2.mp3,yes,,Oh my gosh.,3,short,,,,,,,
232,Apartment and shared,player,vo.hunghigh.3,vo.hunghigh.3.mp3,yes,,Who hung that. Who did that.,6,,,,,,,,
233,Apartment and shared,player,vo.hunghigh.4,vo.hunghigh.4.mp3,yes,,It is a foot too high and it always will be.,11,,,,,,,,
234,Apartment and shared,player,vo.hunghigh.5,vo.hunghigh.5.mp3,yes,,Nobody has ever been able to see it properly.,9,,,,,,,,
235,Apartment and shared,player,vo.hunghigh.6,vo.hunghigh.6.mp3,yes,,That has been crooked since we put it up.,9,,,,,,,,
236,Apartment and shared,player,vo.hunghigh.7,vo.hunghigh.7.mp3,yes,,I would need a chair. I am not getting a chair.,11,,,,,,,,
237,Apartment and shared,player,vo.hunghigh.8,vo.hunghigh.8.mp3,yes,,One day I will sort that out. Not today.,9,,,,,,,,
238,Apartment and shared,player,vo.hunghigh.9,vo.hunghigh.9.mp3,yes,,Wee woo. Every time I look at it.,8,,,,,,,,
239,Apartment and shared,player,vo.hunghigh.10,vo.hunghigh.10.mp3,yes,,It is the principle of the thing now.,8,,,,,,,,
240,Apartment and shared,player,vo.hungfixed.1,vo.hungfixed.1.mp3,yes,,"Straight. Glued to the wall, but straight.",7,,,,,,,,
241,Apartment and shared,player,vo.hungfixed.2,vo.hungfixed.2.mp3,yes,,Wee woo. Still.,3,short,,,,,,,
242,Apartment and shared,player,vo.hungfixed.3,vo.hungfixed.3.mp3,yes,,"Not moving that again. Cannot, actually.",6,,,,,,,,
243,Apartment and shared,player,vo.hungfixed.4,vo.hungfixed.4.mp3,yes,,It is level. Nobody needs to know how.,8,,,,,,,,
244,Apartment and shared,player,vo.hungfixed.5,vo.hungfixed.5.mp3,yes,,Oh my gosh. Look at the state of it.,9,,,,,,,,
245,Apartment and shared,player,vo.hungfixed.6,vo.hungfixed.6.mp3,yes,,Worth it. Mostly worth it.,5,,,,,,,,
246,Apartment and shared,player,vo.gun.fire.1,vo.gun.fire.1.mp3,yes,,…Okay. That was extremely loud.,5,,,,,,,,
247,Apartment and shared,player,vo.gun.fire.2,vo.gun.fire.2.mp3,yes,,The neighbours are going to have an opinion about that.,10,,,,,,,,
248,Apartment and shared,player,vo.gun.fire.3,vo.gun.fire.3.mp3,yes,,That is coming out of the deposit.,7,,,,,,,,
249,Apartment and shared,player,vo.gun.fire.4,vo.gun.fire.4.mp3,yes,,I would like to state that I did not think that would work.,13,,,,,,,,
250,Apartment and shared,player,vo.gun.empty.1,vo.gun.empty.1.mp3,yes,,That is it. That is all of them.,8,,,,,,,,
251,Apartment and shared,player,vo.gun.empty.2,vo.gun.empty.2.mp3,yes,,There is nothing in this flat that reloads that.,9,,,,,,,,
252,Apartment and shared,player,vo.tap.1,vo.tap.1.mp3,yes,,Glad that works. I probably should not leave that running.,10,,,,,,,,
253,Apartment and shared,player,vo.tap.2,vo.tap.2.mp3,yes,,Still got water. That is something.,6,,,,,,,,
254,Apartment and shared,player,vo.tap.3,vo.tap.3.mp3,yes,,No reason for that. None at all.,7,,,,,,,,
255,Apartment and shared,player,vo.tap.4,vo.tap.4.mp3,yes,,"I am going to leave that on for a bit, I think.",12,,,,,,,,
256,Apartment and shared,player,vo.hr.replied.1,vo.hr.replied.1.mp3,yes,,Sent. Copied nobody. Perfect.,4,,,,,,,,
257,Apartment and shared,player,vo.hr.replied.2,vo.hr.replied.2.mp3,yes,,I feel I struck the right tone there.,8,,,,,,,,
258,Apartment and shared,player,vo.hr.replied.3,vo.hr.replied.3.mp3,yes,,That is the most honest thing I have written in four years.,12,,,,,,,,
259,Apartment,player,vo.door.hr.1,vo.door.hr.1.mp3,yes,,HR wants me on the late shift tomorrow. I should answer that first.,13,,,,,,,,
260,Apartment,player,vo.door.hr.2,vo.door.hr.2.mp3,yes,,There is an email downstairs in my brain I have not dealt with.,13,,,,,,,,
261,Apartment and shared,player,vo.milk.1,vo.milk.1.mp3,yes,,Right off the top. That is the cream. That is the good bit.,13,,,,,,,,
262,Apartment and shared,player,vo.milk.2,vo.milk.2.mp3,yes,,Unpasteurised. My gut is going to have an opinion about that.,11,,,,,,,,
263,Apartment and shared,player,vo.milk.3,vo.milk.3.mp3,yes,,"Oh, that is farm. That is properly farm.",8,,,,,,,,
264,Apartment,player,vo.door.wait.1,vo.door.wait.1.mp3,yes,,"Not yet. He said he would ring, so he will ring.",11,,,,,,,,
265,Apartment,player,vo.door.wait.2,vo.door.wait.2.mp3,yes,,Turning up unasked is how you stop getting asked.,9,,,,,,,,
266,Apartment,player,vo.door.wait.3,vo.door.wait.3.mp3,yes,,I am not guessing. I have never once guessed right.,10,,,,,,,,
267,Apartment,player,vo.door.hint.poop.1,vo.door.hint.poop.1.mp3,yes,,Nothing is moving. Nothing has moved all morning.,8,,,,,,,,
268,Apartment,player,vo.door.hint.poop.2,vo.door.hint.poop.2.mp3,yes,,"A dart would sort that. Or a zyn. One of the two, and quickly.",14,,,,,,,,
269,Apartment,player,vo.door.hint.poop.3,vo.door.hint.poop.3.mp3,yes,,There is raw milk in the fridge. That has never once failed me.,13,,,,,,,,
270,Apartment,player,vo.door.hint.piss.1,vo.door.hint.piss.1.mp3,yes,,It’s a toilet. I’ve done this before. I’ve done this thousands of times.,13,,It's a toilet. I've done this before. I've done this thousands of times.,It's a toilet. I have used a toilet every day of my life since I was three years old and somehow this one is a decision.,It's a jacks. I've used a jacks. Why am I stood here thinkin' about it.,It's a toilet. I have a mortgage and a criminal record and I am standing here strategising about a toilet.,It's a toilet. I know how to do this. I've just — okay. Here we go.,ACCEPTED 2026-08-19,"DOCTRINE VIOLATION — the character speaks the keybind. The tone doc names this exact failure: the character speaks first, the HUD clarifies in the onDone. Every variant below leaves the button to the screen."
271,Apartment,player,vo.door.hint.piss.2,vo.door.hint.piss.2.mp3,yes,,Bathroom. North door. It is not a maze.,8,,,,,,,,
272,Apartment,player,vo.door.hint.eat.1,vo.door.hint.eat.1.mp3,yes,,There are eggs in the fridge and a pan on the hob. Two minutes.,14,,,,,,,,
273,Apartment,player,vo.door.hint.eat.2,vo.door.hint.eat.2.mp3,yes,,Or there is a slice on the table. I am not proud.,12,,,,,,,,
274,Apartment,player,vo.door.hint.shower.1,vo.door.hint.shower.1.mp3,yes,,"Shower. I smell like a car. Not my car. Somebody else’s car, which is worse.",15,,Shower. I smell like the inside of somebody's car.,"Shower. I smell like a car. Not my car. Somebody else's car, which is worse.",A shower. I smell like the inside of a car that isn't mine.,Shower. I currently smell like a rental vehicle and a decision I regret.,I should shower. I smell like — yeah. I should shower.,ACCEPTED 2026-08-19,'North door' is a map callout. A man in his own apartment does not navigate by compass.
275,Apartment,player,vo.door.hint.dressed.1,vo.door.hint.dressed.1.mp3,yes,,The closet. The clothes are on the rail in the closet.,11,,Clothes. There were clothes. They were in the nightstand and I was wearing some of them.,The nightstand. There's a drawer in it. There's been a drawer in it for four years and I have never once opened it sober.,"The nightstand. There's a drawer. I know there's a drawer, I've been avoidin' it.",Nightstand. There's a drawer. I keep everything in there I'd rather not explain to anyone.,The nightstand. There's a drawer there. I put things in it. That's where things go.,open,An interactable-object label with a voice on it. Nobody describes their own furniture to themselves.
276,Apartment and shared,player,vo.fired.1,vo.fired.1.mp3,yes,,…Huh.,1,short,,,,,,,
277,Apartment and shared,player,vo.fired.2,vo.fired.2.mp3,yes,,Four fifty-one in the morning. Somebody wrote that at four fifty-one in the morning.,14,,,,,,,,
278,Apartment and shared,player,vo.fired.3,vo.fired.3.mp3,yes,,"Well. That is the day free, then.",7,,,,,,,,
279,Apartment and shared,player,vo.tap.5,vo.tap.5.mp3,yes,,That is the sound of a bill.,7,,,,,,,,
280,Apartment and shared,player,vo.spooky.1,vo.spooky.1.mp3,yes,,"Did that just… no. No, that was always like that.",10,,,,,,,,
281,Apartment and shared,player,vo.spooky.2,vo.spooky.2.mp3,yes,,Old building.,2,short,,,,,,,
282,Apartment and shared,player,vo.spooky.3,vo.spooky.3.mp3,yes,,That is the fridge. That is definitely the fridge.,9,,,,,,,,
283,Apartment and shared,player,vo.spooky.4,vo.spooky.4.mp3,yes,,I'm not turning round. There's no reason to turn round.,10,,,,,,,,
284,Apartment and shared,player,vo.spooky.5,vo.spooky.5.mp3,yes,,Hello? …Right. Good. Great.,4,,,,,,,,
285,Apartment and shared,player,vo.spooky.6,vo.spooky.6.mp3,yes,,I did that. I definitely did that earlier and forgot.,10,,,,,,,,
286,Apartment and shared,player,vo.spooky.7,vo.spooky.7.mp3,yes,,Upstairs is allowed to walk around. That is what upstairs does.,11,,,,,,,,
287,Apartment and shared,player,vo.spooky.8,vo.spooky.8.mp3,yes,,Okay so the clock is broken. Mystery solved. Moving on.,10,,,,,,,,
288,Apartment and shared,player,vo.spooky.9,vo.spooky.9.mp3,yes,,I would like it on the record that I am extremely calm.,12,,,,,,,,
289,Apartment and shared,player,vo.spooky.10,vo.spooky.10.mp3,yes,,Nope. Not tonight. Absolutely not tonight.,6,,,,,,,,
290,Apartment and shared,player,vo.spooky.11,vo.spooky.11.mp3,yes,,That is a normal amount of nothing.,7,,,,,,,,
291,Apartment and shared,player,vo.spooky.12,vo.spooky.12.mp3,yes,,"See, this is why I don't do this on a weeknight.",11,,,,,,,,
292,Apartment and shared,player,vo.mail.booski.1,vo.mail.booski.1.mp3,yes,,He emailed twice about meeting minutes. This is apparently an emergency.,11,,,,,,,,
293,Apartment and shared,player,vo.mail.booski.2,vo.mail.booski.2.mp3,yes,,"Right. Well. Now I have to actually go to a meeting, do not I.",14,hud-speak,,,,,,,
294,Apartment and shared,player,vo.mail.booski.3,vo.mail.booski.3.mp3,yes,,"Cheers, Booski.",2,short,,,,,,,
295,Apartment and shared,player,vo.mail.hate.1,vo.mail.hate.1.mp3,yes,,Period much?,2,short,,,,,,,
296,Apartment and shared,player,vo.mail.hate.2,vo.mail.hate.2.mp3,yes,,Period much? …That was uncalled for. From both of us.,10,,,,,,,,
297,Apartment and shared,player,vo.mail.hate.3,vo.mail.hate.3.mp3,yes,,Nobody there likes me. Noted. Added to the list.,9,,,,,,,,
298,Apartment and shared,player,vo.mail.hate.4,vo.mail.hate.4.mp3,yes,,She was awake at four in the morning to type that. I am the one with the problem.,18,,,,,,,,
299,Apartment and shared,player,vo.mail.ape.1,vo.mail.ape.1.mp3,yes,,He said he would sort it. He says that.,9,,,,,,,,
300,Apartment and shared,player,vo.mail.ape.2,vo.mail.ape.2.mp3,yes,,So I am bringing it. Obviously I am bringing it.,10,,,,,,,,
301,Apartment and shared,player,vo.mail.ape.3,vo.mail.ape.3.mp3,yes,,"""More than none, which is what I currently have."" Brilliant.",10,,,,,,,,
302,Apartment and shared,player,vo.mail.irish.1,vo.mail.irish.1.mp3,yes,,Forty one thousand people reviewed this. Overwhelmingly positive.,8,,,,,,,,
303,Apartment and shared,player,vo.mail.irish.2,vo.mail.irish.2.mp3,yes,,"He bought it, then read what it was, and sent it anyway.",12,,,,,,,,
304,Apartment and shared,player,vo.mail.irish.3,vo.mail.irish.3.mp3,yes,,"That is in my library now. That is on my account, permanently.",12,,,,,,,,
305,Apartment and shared,player,vo.mail.irish.4,vo.mail.irish.4.mp3,yes,,"The bit at the end was almost normal, to be fair to him.",13,,,,,,,,
306,Apartment and shared,player,vo.slice.1,vo.slice.1.mp3,yes,,Cold. As intended.,3,short,,,,,,,
307,Apartment and shared,player,vo.slice.2,vo.slice.2.mp3,yes,,That is breakfast. That is a breakfast.,7,,,,,,,,
308,Apartment and shared,player,vo.slice.3,vo.slice.3.mp3,yes,,I would like to thank whoever I was last night.,10,,,,,,,,
309,Apartment and shared,player,vo.ammo.1,vo.ammo.1.mp3,yes,,Right. Why do I have these.,6,,,,,,,,
310,Apartment and shared,player,vo.ammo.2,vo.ammo.2.mp3,yes,,In the bedside table. Next to the charger.,8,,,,,,,,
311,Apartment and shared,player,vo.ammo.3,vo.ammo.3.mp3,yes,,I have absolutely no memory of buying these.,8,,,,,,,,
312,Apartment and shared,player,vo.gun.reload.1,vo.gun.reload.1.mp3,yes,,There. Fully operational again. Wonderful.,5,,,,,,,,
313,Apartment and shared,player,vo.gun.reload.2,vo.gun.reload.2.mp3,yes,,I want it noted that I know how to do this and that is its own problem.,17,,,,,,,,
314,Apartment,lou1,vo.call.lou.bada_bing.1,vo.call.lou.bada_bing.1.mp3,yes,,Kid. You awake?,3,short,,,,,,,
315,Apartment,lou1,vo.call.lou.bada_bing.2,vo.call.lou.bada_bing.2.mp3,yes,,Meet me at the Bada Bing. Back office.,8,,,,,,,,
316,Apartment,lou1,vo.call.lou.bada_bing.3,vo.call.lou.bada_bing.3.mp3,yes,,"I’ve a thing here for you and it needs doin’ tonight. Not tomorrow. Tonight, before it turns into somethin’ worse.",20,,There's a thing here with your name on it and it stops being useful at midnight.,"I've got something here for you, and it's got a clock on it. Not a metaphor. An actual clock. It stops mattering at midnight and after that it's just a problem I own.","I've a thing here for you and it needs doin' tonight. Not tomorrow. Tonight, before it turns into somethin' worse.","I have an item with a very short shelf life and your name attached to it. Tonight, or it becomes a liability with my name attached to it.",I've got a package for you. It needs handling tonight. Not tomorrow. That's the part that matters.,ACCEPTED 2026-08-19,Generic mob-boss phrasing with none of the specific menace of Lou's better lines.
317,Apartment,lou1,vo.call.lou.bada_bing.4,vo.call.lou.bada_bing.4.mp3,yes,,"Eat, shower, and put on something clean before you come down. I am serious.",14,,,,,,,,
318,Apartment,player,vo.call.lou.bada_bing.tony.1,vo.call.lou.bada_bing.tony.1.mp3,yes,,I am now.,3,short,,,,,,,
319,Apartment,player,vo.call.lou.bada_bing.tony.2,vo.call.lou.bada_bing.tony.2.mp3,yes,,The back office. Right.,4,,,,,,,,
320,Apartment,player,vo.call.lou.bada_bing.tony.3,vo.call.lou.bada_bing.tony.3.mp3,yes,,Handled how?,2,short,,,,,,,
321,Apartment,player,vo.call.lou.bada_bing.tony.4,vo.call.lou.bada_bing.tony.4.mp3,yes,,"Eat, shower, clean shirt. I can do that.",8,,,,,,,,
322,Apartment,lou,vo.call.lou.attaboy.1,vo.call.lou.attaboy.1.mp3,yes,,Kid. That thing I asked you to take care of.,10,,,,,,,,
323,Apartment,lou,vo.call.lou.attaboy.2,vo.call.lou.attaboy.2.mp3,yes,,"Nice work. That is all I am going to say about it, and it is all you are going to say about it.",23,,,,,,,,
324,Apartment,lou,vo.call.lou.attaboy.3,vo.call.lou.attaboy.3.mp3,yes,,Keep doing work like that and you’ll be somebody in this family. Keep doing it too well and you’ll be somebody they talk about.,24,,Keep doing work like that and you'll be somebody in this family. Keep doing it too well and you'll be somebody they talk about.,"Keep working like that and you'll go a long way here. And I want you to hear both halves of that, because a long way in this family is a long way from where you started, and there's no road back down it.","Keep doin' work like that and you'll do well here. And that's a warnin' as much as anythin', but take it however suits you.",Keep performing like that and there's a real path for you in this organization. There's also a shorter one. Both of them are paths.,"You keep doing work like that, you'll do all right here. That's not nothing. That's about the most anybody gets told.",ACCEPTED 2026-08-19,"A middle manager's pep talk from a mob boss, immediately after a violent job. 'Bright future' drains every drop of menace out of the moment."
325,Apartment,lou,vo.call.lou.attaboy.4,vo.call.lou.attaboy.4.mp3,yes,,Get some sleep. Tomorrow is a different day and it has its own thing in it.,16,,,,,,,,
326,Apartment,player,vo.call.lou.attaboy.tony.1,vo.call.lou.attaboy.tony.1.mp3,yes,,It is taken care of.,5,,,,,,,,
327,Apartment,player,vo.call.lou.attaboy.tony.2,vo.call.lou.attaboy.tony.2.mp3,yes,,Then neither of us says it.,6,,,,,,,,
328,Apartment,player,vo.call.lou.attaboy.tony.3,vo.call.lou.attaboy.tony.3.mp3,yes,,A bright future. Here.,4,,,,,,,,
329,Apartment,player,vo.call.lou.attaboy.tony.4,vo.call.lou.attaboy.tony.4.mp3,yes,,I will sleep.,3,short,,,,,,,
330,Apartment,lou,vo.call.lou.1,vo.call.lou.1.mp3,yes,,Kid. You up?,3,short,,,,,,,
331,Apartment,lou,vo.call.lou.2,vo.call.lou.2.mp3,yes,,"Good. Listen — I sent you a thing this morning, do not make it weird.",15,,,,,,,,
332,Apartment,lou,vo.call.lou.3,vo.call.lou.3.mp3,yes,,Tomorrow. Seven. Bring nothing.,4,,,,,,,,
333,Apartment,lou,vo.call.lou.4,vo.call.lou.4.mp3,yes,,And eat something. You never eat.,6,,,,,,,,
334,Apartment,booski,vo.call.booski.airstrip.1,vo.call.booski.airstrip.1.mp3,yes,,You awake? Good.,3,short,,,,,,,
335,Apartment,booski,vo.call.booski.airstrip.2,vo.call.booski.airstrip.2.mp3,yes,,Meet the Captain at the airstrip. Captain Lou Sasole. Not Lou from the Bing.,14,,,,,,,,
336,Apartment,booski,vo.call.booski.airstrip.3,vo.call.booski.airstrip.3.mp3,yes,,He has a beef jerky run and needs another set of hands.,12,,,,,,,,
337,Apartment,booski,vo.call.booski.airstrip.4,vo.call.booski.airstrip.4.mp3,yes,,Get moving. He hates waiting more than the other Lou does.,11,,,,,,,,
338,Apartment,player,vo.call.booski.airstrip.tony.1,vo.call.booski.airstrip.tony.1.mp3,yes,,Everybody keeps asking me that.,5,,,,,,,,
339,Apartment,player,vo.call.booski.airstrip.tony.2,vo.call.booski.airstrip.tony.2.mp3,yes,,Two Lous. Of course there are two Lous.,8,,,,,,,,
340,Apartment,player,vo.call.booski.airstrip.tony.3,vo.call.booski.airstrip.tony.3.mp3,yes,,A beef jerky run.,4,,,,,,,,
341,Apartment,player,vo.call.booski.airstrip.tony.4,vo.call.booski.airstrip.tony.4.mp3,yes,,Airstrip. Going.,2,short,,,,,,,
342,Apartment,lou1,vo.call.lou.bing_second.1,vo.call.lou.bing_second.1.mp3,yes,,Kid. Back to the Bing.,5,,,,,,,,
343,Apartment,lou1,vo.call.lou.bing_second.2,vo.call.lou.bing_second.2.mp3,yes,,Billy HotDog is home. Closed party. Family only.,8,,,,,,,,
344,Apartment,lou1,vo.call.lou.bing_second.3,vo.call.lou.bing_second.3.mp3,yes,,Bring nothing. Come through the front and keep your phone in your pocket.,13,,,,,,,,
345,Apartment,lou1,vo.call.lou.bing_second.4,vo.call.lou.bing_second.4.mp3,yes,,You will leave from here. You are not going home first.,11,,,,,,,,
346,Apartment,player,vo.call.lou.bing_second.tony.1,vo.call.lou.bing_second.tony.1.mp3,yes,,I was just there.,4,,,,,,,,
347,Apartment,player,vo.call.lou.bing_second.tony.2,vo.call.lou.bing_second.tony.2.mp3,yes,,Closed party. Understood.,3,short,,,,,,,
348,Apartment,player,vo.call.lou.bing_second.tony.3,vo.call.lou.bing_second.tony.3.mp3,yes,,Nothing. Got it.,3,short,,,,,,,
349,Apartment,player,vo.call.lou.bing_second.tony.4,vo.call.lou.bing_second.tony.4.mp3,yes,,Then I will not pack.,5,,,,,,,,
350,Apartment,booski,vo.call.booski.bignight.1,vo.call.booski.bignight.1.mp3,yes,,Tonight is the night. Do not make other plans.,9,,"Tonight's the night. Whatever else you had on, you didn't.","Tonight's the night. Whatever else you had planned — and I know you had nothing planned, but on the off chance — you didn't.","Tonight's the night. Whatever else you'd on, you hadn't.","Tonight's the night. Everything else in your calendar has been cancelled by me, on your behalf, without consultation.",Tonight's the night. Don't make any other plans. Not that you had any.,open,Stock action-movie opener on a major story gate.
351,Apartment,booski,vo.call.booski.bignight.2,vo.call.booski.bignight.2.mp3,yes,,"Everyone is coming. All five founders, the whole Circle, in one room.",12,,,,,,,,
352,Apartment,booski,vo.call.booski.bignight.3,vo.call.booski.bignight.3.mp3,yes,,"Shower, shave, wear something clean. This one is about you, Tony.",11,,"Shower, shave, wear something clean. Everybody in that room is going to be looking at you and most of them are hoping you screw it up.","Shower. Shave. Wear something clean. And I mean clean — every man in that room is going to look at you for exactly four seconds and decide something, and you don't get a second four seconds.","Shower, shave, wear somethin' clean. Every fella in that room'll look at you for four seconds and make his mind up forever. That's how it works and it's not fair and there it is.","Shower, shave, wear something clean. This is a first impression with a room full of people who make permanent decisions in under five seconds.","Shower, shave, put on something clean. This one's about you. That's — that's not always a good thing, but it's about you.",open,"'This one is about you, Tony' is a sports-movie mentor speech. The instruction half is great; the sentiment half is too tender for this world."
353,Apartment,booski,vo.call.booski.bignight.4,vo.call.booski.bignight.4.mp3,yes,,Seven sharp. Do not be early and do not be late.,11,,,,,,,,
354,Apartment,player,vo.call.booski.bignight.tony.1,vo.call.booski.bignight.tony.1.mp3,yes,,I have no other plans. I have never had other plans.,11,,,,,,,,
355,Apartment,player,vo.call.booski.bignight.tony.2,vo.call.booski.bignight.tony.2.mp3,yes,,All five of them. In one room.,7,,,,,,,,
356,Apartment,player,vo.call.booski.bignight.tony.3,vo.call.booski.bignight.tony.3.mp3,yes,,It does not feel like it is about me.,9,,,,,,,,
357,Apartment,player,vo.call.booski.bignight.tony.4,vo.call.booski.bignight.tony.4.mp3,yes,,"Seven. Not early, not late.",5,,,,,,,,
358,Apartment,booski,vo.call.booski.1,vo.call.booski.1.mp3,yes,,you good?,2,short,,,,,,,
359,Apartment,booski,vo.call.booski.2,vo.call.booski.2.mp3,yes,,im driving tomorrow so dont get a bus or whatever it is you do,14,,,,,,,,
360,Apartment,booski,vo.call.booski.3,vo.call.booski.3.mp3,yes,,seven. the usual place.,4,,,,,,,,
361,Apartment,booski,vo.call.booski.4,vo.call.booski.4.mp3,yes,,right. thats it. thats the call.,6,,,,,,,,
362,Apartment,hr,vo.call.hr.1,vo.call.hr.1.mp3,yes,,Hi! Just following up on my email.,7,,,,,,,,
363,Apartment,hr,vo.call.hr.2,vo.call.hr.2.mp3,yes,,It looks like the message I received back from you may have been sent in error.,16,,,,,,,,
364,Apartment,hr,vo.call.hr.3,vo.call.hr.3.mp3,yes,,I am going to log it as a system fault and we will say no more about it.,18,,,,,,,,
365,Apartment,hr,vo.call.hr.4,vo.call.hr.4.mp3,yes,,So — can I put you down for tomorrow evening?,10,,,,,,,,
366,Apartment,unknown,vo.call.unknown.1,vo.call.unknown.1.mp3,yes,,…,1,short all-caps,,,,,,,
367,Apartment,unknown,vo.call.unknown.2,vo.call.unknown.2.mp3,yes,,Is this the man from the flat.,7,,,,,,,,
368,Apartment,unknown,vo.call.unknown.3,vo.call.unknown.3.mp3,yes,,It is. It is the man from the flat.,9,,,,,,,,
369,Apartment,unknown,vo.call.unknown.4,vo.call.unknown.4.mp3,yes,,We will see you tomorrow.,5,,,,,,,,
370,Bada Bing,player,vo.bj.win.1,vo.bj.win.1.mp3,yes,,Fine. That is one.,4,,,,,,,,
371,Bada Bing,player,vo.bj.win.2,vo.bj.win.2.mp3,yes,,Oh. I won that one.,5,,,,,,,,
372,Bada Bing,player,vo.bj.win.3,vo.bj.win.3.mp3,yes,,That is money I did not have a minute ago.,10,,,,,,,,
373,Bada Bing,player,vo.bj.win.4,vo.bj.win.4.mp3,yes,,I would like to point out that I did nothing clever there.,12,,,,,,,,
374,Bada Bing,player,vo.bj.lose.1,vo.bj.lose.1.mp3,yes,,Right. That is gone.,4,,,,,,,,
375,Bada Bing,player,vo.bj.lose.2,vo.bj.lose.2.mp3,yes,,That is fine. That is what that money was for.,10,,,,,,,,
376,Bada Bing,player,vo.bj.lose.3,vo.bj.lose.3.mp3,yes,,"I had a plan, and the plan was that.",9,,,,,,,,
377,Bada Bing,player,vo.bj.lose.4,vo.bj.lose.4.mp3,yes,,No notes. That was simply worse.,6,,,,,,,,
378,Bada Bing,player,vo.bj.blackjack.1,vo.bj.blackjack.1.mp3,yes,,Blackjack. I did not do anything. It just arrived.,9,,,,,,,,
379,Bada Bing,player,vo.bj.blackjack.2,vo.bj.blackjack.2.mp3,yes,,Twenty-one. Off the first two. Sure.,6,,,,,,,,
380,Bada Bing,player,vo.bj.blackjack.3,vo.bj.blackjack.3.mp3,yes,,That is the best available outcome and I feel nothing.,10,,,,,,,,
381,Bada Bing,player,vo.bj.bust.1,vo.bj.bust.1.mp3,yes,,Twenty-two. Excellent.,2,short,,,,,,,
382,Bada Bing,player,vo.bj.bust.2,vo.bj.bust.2.mp3,yes,,I asked for that card. That is the part that bothers me.,12,,,,,,,,
383,Bada Bing,player,vo.bj.bust.3,vo.bj.bust.3.mp3,yes,,Over. By one. It is always by one.,8,,,,,,,,
384,Bada Bing,player,vo.bj.bust.4,vo.bj.bust.4.mp3,yes,,That is my own fault in a very specific way.,10,,,,,,,,
385,Bada Bing,player,vo.bj.double.1,vo.bj.double.1.mp3,yes,,I doubled it and it worked. I am as surprised as anybody.,12,,,,,,,,
386,Bada Bing,player,vo.bj.double.2,vo.bj.double.2.mp3,yes,,That is twice the money for the same bad decision.,10,,,,,,,,
387,Bada Bing,player,vo.bj.double.3,vo.bj.double.3.mp3,yes,,Do not let me do that again.,7,,,,,,,,
388,Bada Bing,player,vo.bj.broke.1,vo.bj.broke.1.mp3,yes,,That is all of it. That is everything I walked in with.,12,,,,,,,,
389,Bada Bing,player,vo.bj.broke.2,vo.bj.broke.2.mp3,yes,,Well. That is the evening decided.,6,,,,,,,,
390,Bada Bing,player,vo.bj.broke.3,vo.bj.broke.3.mp3,yes,,I would like to state that I knew this would happen.,11,,,,,,,,
391,Bada Bing,dealer,vo.bj.dealer.deal.1,vo.bj.dealer.deal.1.mp3,yes,,Cards coming out.,3,short,,,,,,,
392,Bada Bing,dealer,vo.bj.dealer.deal.2,vo.bj.dealer.deal.2.mp3,yes,,Good luck.,2,short,,,,,,,
393,Bada Bing,dealer,vo.bj.dealer.deal.3,vo.bj.dealer.deal.3.mp3,yes,,No more bets. Cards.,4,,,,,,,,
394,Bada Bing,dealer,vo.bj.dealer.hit.1,vo.bj.dealer.hit.1.mp3,yes,,Card.,1,short,,,,,,,
395,Bada Bing,dealer,vo.bj.dealer.hit.2,vo.bj.dealer.hit.2.mp3,yes,,Hitting.,1,short,,,,,,,
396,Bada Bing,dealer,vo.bj.dealer.hit.3,vo.bj.dealer.hit.3.mp3,yes,,One more.,2,short,,,,,,,
397,Bada Bing,dealer,vo.bj.dealer.stand.1,vo.bj.dealer.stand.1.mp3,yes,,Standing on that.,3,short,,,,,,,
398,Bada Bing,dealer,vo.bj.dealer.stand.2,vo.bj.dealer.stand.2.mp3,yes,,Dealer plays.,2,short,,,,,,,
399,Bada Bing,dealer,vo.bj.dealer.stand.3,vo.bj.dealer.stand.3.mp3,yes,,Very good. Dealer to sixteen.,5,,,,,,,,
400,Bada Bing,dealer,vo.bj.dealer.blackjack.1,vo.bj.dealer.blackjack.1.mp3,yes,,Dealer has twenty-one.,3,short,,,,,,,
401,Bada Bing,dealer,vo.bj.dealer.blackjack.2,vo.bj.dealer.blackjack.2.mp3,yes,,Blackjack. House takes it.,4,,,,,,,,
402,Bada Bing,dealer,vo.bj.dealer.bust.1,vo.bj.dealer.bust.1.mp3,yes,,Too many.,2,short,,,,,,,
403,Bada Bing,dealer,vo.bj.dealer.bust.2,vo.bj.dealer.bust.2.mp3,yes,,Over. Bet is mine.,4,,,,,,,,
404,Bada Bing,dealer,vo.bj.dealer.bust.3,vo.bj.dealer.bust.3.mp3,yes,,That’s a bust. The house doesn’t feel anything about it.,10,,That's a bust. The house doesn't feel anything about it.,"Bust. And I want you to know I felt nothing. Twenty-two years, and I have never once felt anything.",Bust. I'd say I'm sorry but I'd be lyin' and we've enough of that in here.,Bust. The house thanks you for your contribution to the renovation fund.,That's a bust. Yeah. These things happen.,ACCEPTED 2026-08-19,"A mob-club dealer apologising undercuts the house's cold energy, which the sibling line ('The house always liked me better') gets right."
405,Bada Bing,dealer,vo.bj.dealer.payout.1,vo.bj.dealer.payout.1.mp3,yes,,Paid.,1,short,,,,,,,
406,Bada Bing,dealer,vo.bj.dealer.payout.2,vo.bj.dealer.payout.2.mp3,yes,,Pays even money.,3,short,,,,,,,
407,Bada Bing,dealer,vo.bj.dealer.payout.3,vo.bj.dealer.payout.3.mp3,yes,,Three to two. Good hand.,5,,,,,,,,
408,Bada Bing,dealer,vo.bj.dealer.minimum.1,vo.bj.dealer.minimum.1.mp3,yes,,Table minimum is twenty-five.,4,,,,,,,,
409,Bada Bing,dealer,vo.bj.dealer.minimum.2,vo.bj.dealer.minimum.2.mp3,yes,,Twenty-five to play.,3,short,,,,,,,
410,Bada Bing,player,vo.slots.jackpot.1,vo.slots.jackpot.1.mp3,yes,,…That is a great deal of noise for a machine I was ignoring.,13,,,,,,,,
411,Bada Bing,player,vo.slots.jackpot.2,vo.slots.jackpot.2.mp3,yes,,I have won. On a slot machine. In front of people.,11,,,,,,,,
412,Bada Bing,player,vo.slots.dead.1,vo.slots.dead.1.mp3,yes,,Nothing. Again.,2,short,,,,,,,
413,Bada Bing,player,vo.slots.dead.2,vo.slots.dead.2.mp3,yes,,This machine and I understand each other now.,8,,,,,,,,
414,Bada Bing,player,vo.slots.dead.3,vo.slots.dead.3.mp3,yes,,I am funding something here. I do not know what.,10,,,,,,,,
415,The Silver Room,announcer,vo.silver.announcer.scene-show.2,vo.silver.announcer.scene-show.2.mp3,yes,,Ladies and gentlemen — the Silver Room is proud — the Midnight Pines.,13,,,,,,,,
416,The Silver Room,ape,vo.silver.ape.ape-diner.four-in-the-morning,vo.silver.ape.ape-diner.four-in-the-morning.mp3,yes,,"He eats at yours, you know. Four in the morning, on his own. Pays every time, which around here makes him a lunatic.",23,,,,,,,,
417,The Silver Room,ape,vo.silver.ape.ape-diner.ignore-him,vo.silver.ape.ape-diner.ignore-him.mp3,yes,,"Whatever he says your name is, ignore him. He eats at yours. Four in the morning, on his own, every couple of weeks. Pays. Every time.",26,,,,,,,,
418,The Silver Room,ape,vo.silver.ape.ashland,vo.silver.ape.ashland.mp3,yes,,"So they found the van, right, and the reason they found the van is the —",16,,,,,,,,
419,The Silver Room,ape,vo.silver.ape.ashland-3,vo.silver.ape.ashland-3.mp3,yes,,…I’m going to go back to my table.,8,,,,,,,,
420,The Silver Room,ape,vo.silver.ape.business,vo.silver.ape.business.mp3,yes,,"It’s nothing. It’s a Thursday thing. It’s the Ashland thing, actually, if we’re —",14,,,,,,,,
421,The Silver Room,ape,vo.silver.ape.intro-job-2,vo.silver.ape.intro-job-2.mp3,yes,,…Margo.,1,short,,,,,,,
422,The Silver Room,ape,vo.silver.ape.intro-right,vo.silver.ape.intro-right.mp3,yes,,Margo. — Margo off Ashland? The Blue Hour? This is the Blue Hour.,13,,,,,,,,
423,The Silver Room,ape,vo.silver.ape.intro-wrong-2,vo.silver.ape.intro-wrong-2.mp3,yes,,…Marissa.,1,short,,,,,,,
424,The Silver Room,ape,vo.silver.ape.leaves,vo.silver.ape.leaves.mp3,yes,,Right. Enjoy the band. The third one’s the one. It was an honour.,13,,,,,,,,
425,The Silver Room,ape,vo.silver.ape.open,vo.silver.ape.open.mp3,yes,,"Prospect. Look at this. Look at you, sat with the civilians.",11,,,,,,,,
426,The Silver Room,ape,vo.silver.ape.shut,vo.silver.ape.shut.mp3,yes,,Thursday. You’re right. Not at the table. Sorry. He’s right.,10,,,,,,,,
427,The Silver Room,bandleader,vo.silver.bandleader.open.front-table,vo.silver.bandleader.open.front-table.mp3,yes,,Evening. You’re the front table. Front table gets one.,9,,,,,,,,
428,The Silver Room,bandleader,vo.silver.bandleader.open.on-the-pad,vo.silver.bandleader.open.on-the-pad.mp3,yes,,It’s on the pad. Front table got its one.,9,,,,,,,,
429,The Silver Room,bandleader,vo.silver.bandleader.set.front-and-center,vo.silver.bandleader.set.front-and-center.mp3,yes,,This one is for the table nobody had a table for.,11,,,,,,,,
430,The Silver Room,bandleader,vo.silver.bandleader.set.opener,vo.silver.bandleader.set.opener.mp3,yes,,Good evening. We are the Midnight Pines and we are contractually obliged to be here.,15,,,,,,,,
431,The Silver Room,bandleader,vo.silver.bandleader.set.second,vo.silver.bandleader.set.second.mp3,yes,,How are ya? Glad to be here!,7,,,,,,,,
432,The Silver Room,bandleader,vo.silver.bandleader.set.second-wife,vo.silver.bandleader.set.second-wife.mp3,yes,,"Take my wife, please! I take my wife everywhere… but she finds her way home!",15,,,,,,,,
433,The Silver Room,bandleader,vo.silver.bandleader.slow,vo.silver.bandleader.slow.mp3,yes,,Slow it is. Four! The four!,6,,,,,,,,
434,The Silver Room,bandleader,vo.silver.bandleader.tipped,vo.silver.bandleader.tipped.mp3,yes,,"Ma’am, anything you want, all night, you raise a finger.",10,,,,,,,,
435,The Silver Room,waiter,vo.silver.cellarman.open,vo.silver.cellarman.open.mp3,yes,,"Don’t touch the crate by the wall, that’s spoken for, and it’s spoken for by somebody who counts.",18,,,,,,,,
436,The Silver Room,waiter,vo.silver.cellarman.took,vo.silver.cellarman.took.mp3,yes,,Appreciated. There’s a case of the good rye behind the stair if the floor gives you the cheap one. Tell them Marco said.,23,,,,,,,,
437,The Silver Room,waiter,vo.silver.cellarman.walkin.1,vo.silver.cellarman.walkin.1.mp3,yes,,"There he is. Go on through, boss — mind the step, it bites.",13,,,,,,,,
438,The Silver Room,waiter,vo.silver.cellarman.who,vo.silver.cellarman.who.mp3,yes,,By somebody who counts. That’s the whole sentence. That’s all of it.,12,,,,,,,,
439,The Silver Room,waiter,vo.silver.chef.cocky,vo.silver.chef.cocky.mp3,yes,,Everything smells better than the dining room. The dining room smells of cologne and men lying about property.,18,,,,,,,,
440,The Silver Room,waiter,vo.silver.chef.open.1k77fnr,vo.silver.chef.open.1k77fnr.mp3,yes,,"Prospect. Through. Go on, through — Marco, hold the pass —",11,hud-speak,,,,,,,
441,The Silver Room,waiter,vo.silver.chef.open.1tv3ot0,vo.silver.chef.open.1tv3ot0.mp3,yes,,"Whoever that is, they’re in my line. …Ah. Through you go.",11,,,,,,,,
442,The Silver Room,waiter,vo.silver.chef.respect,vo.silver.chef.respect.mp3,yes,,"You’re alright. Two seconds — heard! — go on, go, before somebody plates you.",14,,,,,,,,
443,The Silver Room,waiter,vo.silver.chef.took,vo.silver.chef.took.mp3,yes,,Ma’am. He comes in through my kitchen like he owns the sauce. He does not own the sauce. Enjoy your evening.,21,,,,,,,,
444,The Silver Room,waiter,vo.silver.chef.walkin.1,vo.silver.chef.walkin.1.mp3,yes,,"He’s here — somebody tell the floor. The veal’s going out for you, boss. You didn’t order it. It’s yours.",20,,,,,,,,
445,The Silver Room,waiter,vo.silver.coatcheck.both,vo.silver.coatcheck.both.mp3,yes,,Ninety-one and ninety-two. You’ll lose yours. They always lose theirs.,10,,,,,,,,
446,The Silver Room,waiter,vo.silver.coatcheck.open.14xpreb,vo.silver.coatcheck.open.14xpreb.mp3,yes,,Evening. Coats? That’s a good coat. That’s a coat somebody chose.,11,,,,,,,,
447,The Silver Room,waiter,vo.silver.coatcheck.open.hyc6sx,vo.silver.coatcheck.open.hyc6sx.mp3,yes,,"Two, is it? …Two.",4,,,,,,,,
448,The Silver Room,waiter,vo.silver.coatcheck.took,vo.silver.coatcheck.took.mp3,yes,,"Ta. If he abandons you, the phone’s behind me and I’ll get you a car. That’s not a joke, that’s a standing offer.",23,,,,,,,,
449,The Silver Room,waiter,vo.silver.cook.linecook.open.1uwz4da,vo.silver.cook.linecook.open.1uwz4da.mp3,yes,,"Behind — thank you, behind —",6,,,,,,,,
450,The Silver Room,waiter,vo.silver.cook.linecook.open.50uw48,vo.silver.cook.linecook.open.50uw48.mp3,yes,,"Behind! Behind, behind, behind —",5,,,,,,,,
451,The Silver Room,waiter,vo.silver.cook.linecook.space,vo.silver.cook.linecook.space.mp3,yes,,"Thank you. Nobody moves. Twenty years, nobody moves.",8,,,,,,,,
452,The Silver Room,waiter,vo.silver.cook.linecook.took,vo.silver.cook.linecook.took.mp3,yes,,"That’s a first. Ma’am — mind the floor by the pass, it’s the only bit that’s wet.",17,,,,,,,,
453,The Silver Room,waiter,vo.silver.cook.walkin.1,vo.silver.cook.walkin.1.mp3,yes,,"Evening, boss. Good to see you again. Bench is clear — come through.",13,,,,,,,,
454,The Silver Room,waiter,vo.silver.dishwasher.agree,vo.silver.dishwasher.agree.mp3,yes,,THANK you. HE says I’m not the problem.,8,,,,,,,,
455,The Silver Room,waiter,vo.silver.dishwasher.open,vo.silver.dishwasher.open.mp3,yes,,They sat nine at a six. Nine at a six. And I’m the problem.,14,,,,,,,,
456,The Silver Room,waiter,vo.silver.dishwasher.took,vo.silver.dishwasher.took.mp3,yes,,"God bless. Watch the floor there, that’s the wet bit.",10,,,,,,,,
457,The Silver Room,waiter,vo.silver.dishwasher.walkin.1,vo.silver.dishwasher.walkin.1.mp3,yes,,Boss! You came through my end. Nobody comes through my end. Mind the wet bit.,15,,,,,,,,
458,The Silver Room,doorman,vo.silver.driver.delivery.open,vo.silver.driver.delivery.open.mp3,yes,,"Twelve cases, they signed for nine, and now it’s my evening. Coming through — coming through —",17,,,,,,,,
459,The Silver Room,doorman,vo.silver.driver.delivery.space,vo.silver.driver.delivery.space.mp3,yes,,Thank you. Thank you. Somebody in this building has a mother.,11,,,,,,,,
460,The Silver Room,doorman,vo.silver.driver.delivery.took,vo.silver.driver.delivery.took.mp3,yes,,You don’t even work here. You don’t even work here.,10,,,,,,,,
461,The Silver Room,doorman,vo.silver.driver.know,vo.silver.driver.know.mp3,yes,,I know the queue. I sit in it twice a night waiting for people who have given up. Never been in.,21,,,,,,,,
462,The Silver Room,doorman,vo.silver.driver.open,vo.silver.driver.open.mp3,yes,,"This is you. I’m not stopping here, they tow on this block for looking at the kerb wrong.",18,,,,,,,,
463,The Silver Room,doorman,vo.silver.driver.tipped,vo.silver.driver.tipped.mp3,yes,,"…That’s — thank you. Seriously. Thank you. Have a lovely evening, both of you.",14,,,,,,,,
464,The Silver Room,waiter,vo.silver.host.open.full,vo.silver.host.open.full.mp3,yes,,Name? …We’re full. I can do you a nine-forty-five at the back. Behind the column. It’s a table.,18,,,,,,,,
465,The Silver Room,waiter,vo.silver.host.open.settled,vo.silver.host.open.settled.mp3,yes,,Sir. Madam. Everything is exactly where it should be.,9,,,,,,,,
466,The Silver Room,waiter,vo.silver.host.push,vo.silver.host.push.mp3,yes,,I have looked at the book. The book is the book. The book does not —,16,,,,,,,,
467,The Silver Room,waiter,vo.silver.host.scene-table.0,vo.silver.host.scene-table.0.mp3,yes,,I can put you two in the back.,8,,,,,,,,
468,The Silver Room,waiter,vo.silver.host.scene-table.2,vo.silver.host.scene-table.2.mp3,yes,,We don’t have anything else.,5,,,,,,,,
469,The Silver Room,waiter,vo.silver.host.settled,vo.silver.host.settled.mp3,yes,,Very kind. The nine-forty-fives will never know.,7,,,,,,,,
470,The Silver Room,waiter,vo.silver.host.took,vo.silver.host.took.mp3,yes,,…One moment.,2,short,,,,,,,
471,The Silver Room,waiter,vo.silver.host.waited,vo.silver.host.waited.mp3,yes,,"Sir, I have said we’re —",6,,,,,,,,
472,The Silver Room,manager,vo.silver.manager.do,vo.silver.manager.do.mp3,yes,,…It’ll do. I’ll pass that to the men who carried it.,11,,,,,,,,
473,The Silver Room,manager,vo.silver.manager.more,vo.silver.manager.more.mp3,yes,,You didn’t ask for anything. That’s rather the point of the arrangement. Ma’am.,13,,,,,,,,
474,The Silver Room,manager,vo.silver.manager.open.moment,vo.silver.manager.open.moment.mp3,yes,,Mr — Prospect. One moment.,5,,,,,,,,
475,The Silver Room,manager,vo.silver.manager.open.settled,vo.silver.manager.open.settled.mp3,yes,,Everything as it should be?,5,,,,,,,,
476,The Silver Room,manager,vo.silver.manager.scene-table.1,vo.silver.manager.scene-table.1.mp3,yes,,No.,1,filler short,,,,,,,
477,The Silver Room,manager,vo.silver.manager.scene-table.10,vo.silver.manager.scene-table.10.mp3,yes,,For that.,2,short,,,,,,,
478,The Silver Room,manager,vo.silver.manager.scene-table.3,vo.silver.manager.scene-table.3.mp3,yes,,Then bring something else.,4,,,,,,,,
479,The Silver Room,manager,vo.silver.manager.scene-table.5,vo.silver.manager.scene-table.5.mp3,yes,,Two-top. Front and center. Now.,5,,,,,,,,
480,The Silver Room,manager,vo.silver.manager.scene-table.8,vo.silver.manager.scene-table.8.mp3,yes,,Give us a minute.,4,,,,,,,,
481,The Silver Room,manager,vo.silver.manager.took,vo.silver.manager.took.mp3,yes,,"The band’s on at half past. You’ll want to be sitting for the third number, not the first. Trust me on the third number.",24,,,,,,,,
482,The Silver Room,margo,vo.silver.margo.ape.ashland-2,vo.silver.margo.ape.ashland-2.mp3,yes,,That’s Ashland. I grew up on Ashland. Whose van.,9,,,,,,,,
483,The Silver Room,margo,vo.silver.margo.ape.deny,vo.silver.margo.ape.deny.mp3,yes,,"It happened. Corner two, back to the door, never once sent anything back. You tipped Hector. Nobody tips Hector. Hector is a dishwasher.",23,,,,,,,,
484,The Silver Room,margo,vo.silver.margo.ape.intro-job,vo.silver.margo.ape.intro-job.mp3,yes,,Margo.,1,short,,,,,,,
485,The Silver Room,margo,vo.silver.margo.ape.intro-wrong,vo.silver.margo.ape.intro-wrong.mp3,yes,,Margo.,1,short,,,,,,,
486,The Silver Room,margo,vo.silver.margo.ape.own,vo.silver.margo.ape.own.mp3,yes,,Corner two. You tipped my dishwasher and then you never mentioned it. Right. Okay. That reframes the evening somewhat.,19,,,,,,,,
487,The Silver Room,margo,vo.silver.margo.arrival.admitted,vo.silver.margo.arrival.admitted.mp3,yes,,"See, that I like. Everybody in this city has a line. Almost nobody will tell you where they got it.",20,,,,,,,,
488,The Silver Room,margo,vo.silver.margo.arrival.denied,vo.silver.margo.arrival.denied.mp3,yes,,Fifteen years of men telling me the fish is fine. I can hear a rehearsal.,15,,,,,,,,
489,The Silver Room,margo,vo.silver.margo.arrival.lead,vo.silver.margo.arrival.lead.mp3,yes,,He had no idea who you were. Let’s find out if anybody else does. Go on. Lead.,17,,,,,,,,
490,The Silver Room,margo,vo.silver.margo.arrival.nothing,vo.silver.margo.arrival.nothing.mp3,yes,,"No answer. Bold. Silence is a choice, and it’s usually the wrong one, and here we are.",17,,,,,,,,
491,The Silver Room,margo,vo.silver.margo.arrival.noticed,vo.silver.margo.arrival.noticed.mp3,yes,,That was rehearsed.,3,short,,,,,,,
492,The Silver Room,margo,vo.silver.margo.arrival.open,vo.silver.margo.arrival.open.mp3,yes,,"The entrance is back there. There’s a rope and everything. There’s a man with a clipboard, which I always think is a bit much for a supper club.",28,,,,,,,,
493,The Silver Room,margo,vo.silver.margo.arrival.owes,vo.silver.margo.arrival.owes.mp3,yes,,"So we’re going round the back because a man owes money. That’s not a reason, that’s an admission.",18,,,,,,,,
494,The Silver Room,margo,vo.silver.margo.arrival.this-way,vo.silver.margo.arrival.this-way.mp3,yes,,You like going this way. Alright. These were expensive and I don’t care.,13,,,,,,,,
495,The Silver Room,margo,vo.silver.margo.bandleader.her-pick,vo.silver.margo.bandleader.her-pick.mp3,yes,,Bananaphone. Completely straight. I want that violinist fighting for his life and nobody smiling.,14,,,,,,,,
496,The Silver Room,margo,vo.silver.margo.bandleader.horns,vo.silver.margo.bandleader.horns.mp3,yes,,"You came prepared to say that out loud. Fine. If he smiles, it doesn’t count.",15,,,,,,,,
497,The Silver Room,margo,vo.silver.margo.bark.alley.1,vo.silver.margo.bark.alley.1.mp3,yes,,There is an actual entrance around the corner. I saw it. It had a light over it.,17,,,,,,,,
498,The Silver Room,margo,vo.silver.margo.bark.alley.2,vo.silver.margo.bark.alley.2.mp3,yes,,If these are ruined you’re buying me shoes and I’ll pick them.,12,,,,,,,,
499,The Silver Room,margo,vo.silver.margo.bark.behind.1,vo.silver.margo.bark.behind.1.mp3,yes,,I’m back here. Still back here.,6,,,,,,,,
500,The Silver Room,margo,vo.silver.margo.bark.behind.2,vo.silver.margo.bark.behind.2.mp3,yes,,You’ve done this before. You do it well. You do it slightly too fast.,14,,,,,,,,
501,The Silver Room,margo,vo.silver.margo.bark.cellar.1,vo.silver.margo.bark.cellar.1.mp3,yes,,Is this normal? Genuinely. Is this a normal way to arrive somewhere.,12,,,,,,,,
502,The Silver Room,margo,vo.silver.margo.bark.cellar.2,vo.silver.margo.bark.cellar.2.mp3,yes,,It smells exactly like my own walk-in and I am furious about how much better it is.,17,,,,,,,,
503,The Silver Room,margo,vo.silver.margo.bark.corridor.1,vo.silver.margo.bark.corridor.1.mp3,yes,,"The music’s getting louder. That’s the trick, isn’t it. You’ve been walking me towards it the whole time.",18,,,,,,,,
504,The Silver Room,margo,vo.silver.margo.bark.door.1,vo.silver.margo.bark.door.1.mp3,yes,,He didn’t ask your name. He didn’t ask anything. He just opened it.,13,,,,,,,,
505,The Silver Room,margo,vo.silver.margo.bark.floor.1,vo.silver.margo.bark.floor.1.mp3,yes,,"…Oh, that’s a room.",4,,,,,,,,
506,The Silver Room,margo,vo.silver.margo.bark.hazard.1,vo.silver.margo.bark.hazard.1.mp3,yes,,"Thank you. Genuinely, thank you.",5,,"Thank you. And I don't say that in here, so mark the day.","Thank you. Genuinely. And I want you to understand I've said thank you twice in this building in six years, and you've now had both of them.","Thank you. Genuinely, now. And I don't do genuinely, so enjoy it while it's here.","Thank you. Sincerely. Which is not a mode I operate in professionally, so make a note.",Thank you. Really. I mean that. I don't say it much.,open,"Sincere but generic, and it flattens the wary intelligence she has everywhere else."
507,The Silver Room,margo,vo.silver.margo.bark.kitchen.1,vo.silver.margo.bark.kitchen.1.mp3,yes,,…Eleven of them in one service. I have four and I have to beg.,14,,,,,,,,
508,The Silver Room,margo,vo.silver.margo.bark.kitchen.2,vo.silver.margo.bark.kitchen.2.mp3,yes,,"Everybody in here knows you. Everybody in here is mid-service, and they still know you.",15,,,,,,,,
509,The Silver Room,margo,vo.silver.margo.bark.kitchen.3,vo.silver.margo.bark.kitchen.3.mp3,yes,,That man put down a pan. I run a kitchen. Nobody puts down a pan.,15,,,,,,,,
510,The Silver Room,margo,vo.silver.margo.bark.recognised.1,vo.silver.margo.bark.recognised.1.mp3,yes,,That’s another one.,3,short,,,,,,,
511,The Silver Room,margo,vo.silver.margo.bark.recognised.2,vo.silver.margo.bark.recognised.2.mp3,yes,,Somebody else who knows you. Shocking.,6,,,,,,,,
512,The Silver Room,margo,vo.silver.margo.bark.show.1,vo.silver.margo.bark.show.1.mp3,yes,,Seven of them. In a room this size.,8,,,,,,,,
513,The Silver Room,margo,vo.silver.margo.bark.shut.1,vo.silver.margo.bark.shut.1.mp3,yes,,"…Right. I’ll get this one, shall I.",7,,,,,,,,
514,The Silver Room,margo,vo.silver.margo.bark.shut.2,vo.silver.margo.bark.shut.2.mp3,yes,,That’s twice you’ve shut a door with me on the wrong side of it.,14,,,,,,,,
515,The Silver Room,margo,vo.silver.margo.bark.staring.1,vo.silver.margo.bark.staring.1.mp3,yes,,They’re very good. I’m also here.,6,,,,,,,,
516,The Silver Room,margo,vo.silver.margo.bark.staring.2,vo.silver.margo.bark.staring.2.mp3,yes,,"You can watch the band. I do four hours a night talking to a wall, I’ll survive.",17,,,,,,,,
517,The Silver Room,margo,vo.silver.margo.bark.tipped.1,vo.silver.margo.bark.tipped.1.mp3,yes,,That’s the fourth one.,4,,,,,,,,
518,The Silver Room,margo,vo.silver.margo.bark.tipped.2,vo.silver.margo.bark.tipped.2.mp3,yes,,You’ve given away more tonight than I make in a week and none of them thanked you properly.,18,,,,,,,,
519,The Silver Room,margo,vo.silver.margo.bark.tipped.3,vo.silver.margo.bark.tipped.3.mp3,yes,,"Do they get to keep that, or does it go in a tin somewhere?",14,,,,,,,,
520,The Silver Room,margo,vo.silver.margo.bark.waited.1,vo.silver.margo.bark.waited.1.mp3,yes,,Thank you. That’s all. Thank you.,6,,"Thank you. That's genuinely all I need, and I'd like to be left with it.",Thank you. That's all. And I mean all — I've been in this room forty minutes and every single person in it has asked me if I need something.,"Thank you. That's the lot. Now go away before you ask me again, the pair of yiz keep askin' me.",Thank you. That's everything. This is the fourth time somebody's checked on me and I'm starting to feel like a suspect.,Thank you. That's all. I appreciate it. I do.,open,"Repetitive and flat, with none of Margo's bite. Reads like a placeholder that never got written."
521,The Silver Room,margo,vo.silver.margo.bark.waiting1.1,vo.silver.margo.bark.waiting1.1.mp3,yes,,Take your time. I’ve got all night and a job at ten.,12,,,,,,,,
522,The Silver Room,margo,vo.silver.margo.bark.waiting2.1,vo.silver.margo.bark.waiting2.1.mp3,yes,,"Right — are we doing something, or is this the evening?",11,,,,,,,,
523,The Silver Room,margo,vo.silver.margo.bark.waiting3.1,vo.silver.margo.bark.waiting3.1.mp3,yes,,I stand up for fourteen hours a day. I did not dress like this to keep doing it.,18,,,,,,,,
524,The Silver Room,margo,vo.silver.margo.dishwasher.beneath,vo.silver.margo.dishwasher.beneath.mp3,yes,,Do the plates.,3,short,,,,,,,
525,The Silver Room,margo,vo.silver.margo.invitation.perfect,vo.silver.margo.invitation.perfect.mp3,yes,,"You’ve been inviting me back for about twenty minutes without actually saying it. Are you going to keep talking, or are we leaving?",23,,,,,,,,
526,The Silver Room,margo,vo.silver.margo.invitation.plates,vo.silver.margo.invitation.plates.mp3,yes,,They’ll do one more and then they’ll put the lights up. That’s how these places end.,16,,,,,,,,
527,The Silver Room,margo,vo.silver.margo.invitation.strong,vo.silver.margo.invitation.strong.mp3,yes,,"One drink. And if your building has a service entrance, I’m getting back in the car and you can explain it to the man on the door.",27,,,,,,,,
528,The Silver Room,margo,vo.silver.margo.invitation.waiting,vo.silver.margo.invitation.waiting.mp3,yes,,"Alright. Somebody has to go first, and it isn’t going to be you.",13,,,,,,,,
529,The Silver Room,margo,vo.silver.margo.moments.chairPulled,vo.silver.margo.moments.chairPulled.mp3,yes,,Somebody raised you. I want their name.,7,,,,,,,,
530,The Silver Room,margo,vo.silver.margo.photographer.her-say,vo.silver.margo.photographer.her-say.mp3,yes,,I have a face for radio and I have been told so professionally. Take the picture.,16,,,,,,,,
531,The Silver Room,margo,vo.silver.margo.scene-champagne.3,vo.silver.margo.scene-champagne.3.mp3,yes,,…With respect.,2,short,,,,,,,
532,The Silver Room,margo,vo.silver.margo.scene-show.4,vo.silver.margo.scene-show.4.mp3,yes,,"Oh, they’re real.",3,short,,,,,,,
533,The Silver Room,margo,vo.silver.margo.scene-table.4,vo.silver.margo.scene-table.4.mp3,yes,,Bring something else?,3,short,,,,,,,
534,The Silver Room,margo,vo.silver.margo.scene-table.7,vo.silver.margo.scene-table.7.mp3,yes,,…There wasn’t a table there.,5,,,,,,,,
535,The Silver Room,margo,vo.silver.margo.scene-table.9,vo.silver.margo.scene-table.9.mp3,yes,,A minute for what?,4,,,,,,,,
536,The Silver Room,margo,vo.silver.margo.seated.credit,vo.silver.margo.seated.credit.mp3,yes,,You knew a place. Sure. You knew a place.,9,,,,,,,,
537,The Silver Room,margo,vo.silver.margo.seated.encourages,vo.silver.margo.seated.encourages.mp3,yes,,Too late. I’m visibly impressed. I’m going to be impressed for at least another four minutes and then I’m going to start asking questions.,24,,,,,,,,
538,The Silver Room,margo,vo.silver.margo.seated.funny,vo.silver.margo.seated.funny.mp3,yes,,You’re funny. You know that? You’re actually funny.,8,,,,,,,,
539,The Silver Room,margo,vo.silver.margo.seated.funny-break,vo.silver.margo.seated.funny-break.mp3,yes,,You scared your own waiter. That’s the funniest thing that’s happened all week and I do comedy.,17,,,,,,,,
540,The Silver Room,margo,vo.silver.margo.seated.funny-cope,vo.silver.margo.seated.funny-cope.mp3,yes,,Everybody funny is coping with something. The good ones just cope louder and get paid.,15,,,,,,,,
541,The Silver Room,margo,vo.silver.margo.seated.funny-hang,vo.silver.margo.seated.funny-hang.mp3,yes,,Funny like a man who has practised that question in a mirror.,12,,,,,,,,
542,The Silver Room,margo,vo.silver.margo.seated.funny-hold,vo.silver.margo.seated.funny-hold.mp3,yes,,…Cool down. You were doing so well.,7,,,,,,,,
543,The Silver Room,margo,vo.silver.margo.seated.funny-take,vo.silver.margo.seated.funny-take.mp3,yes,,"Don’t take it, it’s not a compliment, it’s an observation. …Fine. It’s a bit of a compliment.",17,,,,,,,,
544,The Silver Room,margo,vo.silver.margo.seated.lou,vo.silver.margo.seated.lou.mp3,yes,,"Big Uncle Lou called ahead. That’s the first true thing anybody’s said to me tonight, including the man who took my coat.",22,,,,,,,,
545,The Silver Room,margo,vo.silver.margo.seated.p-both,vo.silver.margo.seated.p-both.mp3,yes,,Both. Sure. Both.,3,short,,,,,,,
546,The Silver Room,margo,vo.silver.margo.seated.p-burn,vo.silver.margo.seated.p-burn.mp3,yes,,"Twelve-litre stockpot, wet handle, and a boy who said he had it. Nineteen. I finished the service. That is the part I would like on the record.",27,,,,,,,,
547,The Silver Room,margo,vo.silver.margo.seated.p-close,vo.silver.margo.seated.p-close.mp3,yes,,Anyway. That’s the deep bit done. If the band’s any good we never have to do that again.,18,,,,,,,,
548,The Silver Room,margo,vo.silver.margo.seated.p-fault,vo.silver.margo.seated.p-fault.mp3,yes,,"Anthony’s. Anthony knows it is Anthony’s. Anthony has a restaurant now and I have this, and I would still rather be me.",22,,,,,,,,
549,The Silver Room,margo,vo.silver.margo.seated.p-fornow,vo.silver.margo.seated.p-fornow.mp3,yes,,"""For now."" Careful. That’s the sentence men say in here about a year before something happens to them.",18,,,,,,,,
550,The Silver Room,margo,vo.silver.margo.seated.p-hers,vo.silver.margo.seated.p-hers.mp3,yes,,"My turn, since we’re being people. Go on. Everybody looks and nobody asks.",13,,,,,,,,
551,The Silver Room,margo,vo.silver.margo.seated.p-joke,vo.silver.margo.seated.p-joke.mp3,yes,,Wonder loudly. That’s mine now. That’s going on the wall by the pass.,13,,,,,,,,
552,The Silver Room,margo,vo.silver.margo.seated.p-lou,vo.silver.margo.seated.p-lou.mp3,yes,,Thank you. Everybody else in this building would have taken the credit and I’d have had to sit here and let them.,22,,,,,,,,
553,The Silver Room,margo,vo.silver.margo.seated.p-loyal,vo.silver.margo.seated.p-loyal.mp3,yes,,Alright. That’s a real answer and I’m not going to poke it.,12,,,,,,,,
554,The Silver Room,margo,vo.silver.margo.seated.personal.boring-true,vo.silver.margo.seated.personal.boring-true.mp3,yes,,"Question. And I want the boring true answer, not the good one. Do they like you, or are they frightened of Big Uncle Lou?",24,,,,,,,,
555,The Silver Room,margo,vo.silver.margo.seated.personal.real,vo.silver.margo.seated.personal.real.mp3,yes,,"Right. Real question. Do they like you, or are they frightened of Big Uncle Lou?",15,,,,,,,,
556,The Silver Room,margo,vo.silver.margo.seated.r1-close.kept-looking,vo.silver.margo.seated.r1-close.kept-looking.mp3,yes,,"You did keep looking back for me, though. Most of them don’t. Most of them walk like they’re being filmed.",20,,,,,,,,
557,The Silver Room,margo,vo.silver.margo.seated.r1-close.noticed,vo.silver.margo.seated.r1-close.noticed.mp3,yes,,Although — twice back there I turned round and you were a room away. I noticed. I always notice. It’s the job.,22,,,,,,,,
558,The Silver Room,margo,vo.silver.margo.seated.r1-dark,vo.silver.margo.seated.r1-dark.mp3,yes,,"Mm. See, if I flinch there, you win. I run a kitchen at four in the morning. I don’t flinch.",20,,,,,,,,
559,The Silver Room,margo,vo.silver.margo.seated.r1-flat,vo.silver.margo.seated.r1-flat.mp3,yes,,"We got here. Through a cellar. Past a man holding nine hundred pounds of ice. ""We got here"" is doing a great deal of work in that sentence.",28,,,,,,,,
560,The Silver Room,margo,vo.silver.margo.seated.r1-impress,vo.silver.margo.seated.r1-impress.mp3,yes,,"So there’s a shorter route and you didn’t use it. That’s not a shortcut, that’s a tour. It was a good tour.",22,,,,,,,,
561,The Silver Room,margo,vo.silver.margo.seated.r1-personality,vo.silver.margo.seated.r1-personality.mp3,yes,,The front door has thirty people and a rope. The back has a man called Marco and a crate nobody’s allowed to touch. You’re right. It’s no contest.,28,,,,,,,,
562,The Silver Room,margo,vo.silver.margo.seated.r2-brag,vo.silver.margo.seated.r2-brag.mp3,yes,,Mm. And how many of them know your first name.,10,,,,,,,,
563,The Silver Room,margo,vo.silver.margo.seated.r2-close,vo.silver.margo.seated.r2-close.mp3,yes,,For the record: I don’t care what the answer is. I care whether you think I can’t handle it.,19,,,,,,,,
564,The Silver Room,margo,vo.silver.margo.seated.r2-commit,vo.silver.margo.seated.r2-commit.mp3,yes,,Beautiful. Absolutely watertight. I’m putting that on the specials board and I’m not crediting you.,15,,,,,,,,
565,The Silver Room,margo,vo.silver.margo.seated.r2-construction,vo.silver.margo.seated.r2-construction.mp3,yes,,Construction. You don’t look like you work construction.,8,,,,,,,,
566,The Silver Room,margo,vo.silver.margo.seated.r2-decon,vo.silver.margo.seated.r2-decon.mp3,yes,,Deconstruction. God. Alright.,3,short,,,,,,,
567,The Silver Room,margo,vo.silver.margo.seated.r2-dinner,vo.silver.margo.seated.r2-dinner.mp3,yes,,Smooth. Alright. Dinner. We’ll come back to it.,8,,,,,,,,
568,The Silver Room,margo,vo.silver.margo.seated.r2-fold,vo.silver.margo.seated.r2-fold.mp3,yes,,"There it is. I know what you do, roughly. Two of your lot eat at mine every Tuesday and neither of them has ever paid. I wasn’t asking what you do. I was seeing how long you’d go.",38,,,,,,,,
569,The Silver Room,margo,vo.silver.margo.seated.r2-listen,vo.silver.margo.seated.r2-listen.mp3,yes,,You go places and listen. That’s a service job. You’re in a service job. Do not tell the men by the pillar I said that.,25,,,,,,,,
570,The Silver Room,margo,vo.silver.margo.seated.r2-lou,vo.silver.margo.seated.r2-lou.mp3,yes,,"I know you work for Big Uncle Lou. Everybody on that street works for Lou, including me, technically, if you follow the rent far enough back. I meant what do you do.",32,,,,,,,,
571,The Silver Room,margo,vo.silver.margo.seated.r2-oblique,vo.silver.margo.seated.r2-oblique.mp3,yes,,That is a beautifully constructed sentence that contains no information. Did you write it down first?,16,,,,,,,,
572,The Silver Room,margo,vo.silver.margo.seated.r2-supervise,vo.silver.margo.seated.r2-supervise.mp3,yes,,You supervise. Supervise what?,4,,,,,,,,
573,The Silver Room,margo,vo.silver.margo.seated.r2-wrote,vo.silver.margo.seated.r2-wrote.mp3,yes,,"You wrote it down. Fifteen years and I have never once written anything down, including the specials, which is why we have had two health inspections.",26,,,,,,,,
574,The Silver Room,margo,vo.silver.margo.seated.round1,vo.silver.margo.seated.round1.mp3,yes,,"So. Do you take every woman through the dish room, or am I special.",14,,,,,,,,
575,The Silver Room,margo,vo.silver.margo.seated.round2,vo.silver.margo.seated.round2.mp3,yes,,Can I ask you something you’re going to lie about. What do you actually do?,15,,,,,,,,
576,The Silver Room,margo,vo.silver.margo.seated.stand,vo.silver.margo.seated.stand.mp3,yes,,Right. Everybody here is terrified of you standing up.,9,,,,,,,,
577,The Silver Room,margo,vo.silver.margo.seated.table,vo.silver.margo.seated.table.mp3,yes,,They built us a table. There was a room and then there was a table in it.,17,,,,,,,,
578,The Silver Room,margo,vo.silver.margo.sway.bad,vo.silver.margo.sway.bad.mp3,yes,,That was genuinely one of the worst things I have ever been part of and I have pulled a man out of a walk-in with his own apron.,28,,,,,,,,
579,The Silver Room,margo,vo.silver.margo.sway.declined,vo.silver.margo.sway.declined.mp3,yes,,Sure. Watching’s good.,3,short,,,,,,,
580,The Silver Room,margo,vo.silver.margo.sway.excuse,vo.silver.margo.sway.excuse.mp3,yes,,The floor’s uneven. Mm.,4,,,,,,,,
581,The Silver Room,margo,vo.silver.margo.sway.forced,vo.silver.margo.sway.forced.mp3,yes,,I said I’d rather watch.,5,,,,,,,,
582,The Silver Room,margo,vo.silver.margo.sway.good,vo.silver.margo.sway.good.mp3,yes,,You’re not terrible. You’re economical. There’s a difference and it took me two songs to work it out.,18,,,,,,,,
583,The Silver Room,margo,vo.silver.margo.sway.open.her-horns,vo.silver.margo.sway.open.her-horns.mp3,yes,,No. Up. Now. This one you don’t sit through.,9,,,,,,,,
584,The Silver Room,margo,vo.silver.margo.sway.recover,vo.silver.margo.sway.recover.mp3,yes,,"""I peaked in the cellar."" Right. That one I am telling the whole kitchen on Tuesday, and I am still not crediting you.",23,,,,,,,,
585,The Silver Room,margo,vo.silver.margo.sway.warned,vo.silver.margo.sway.warned.mp3,yes,,I’ve heard four hundred men say that and two of them meant it.,13,,,,,,,,
586,The Silver Room,margo,vo.silver.margo.toast.ashland,vo.silver.margo.toast.ashland.mp3,yes,,…That’s a horrible thing to do to a person in a good mood. To the tiles.,16,,,,,,,,
587,The Silver Room,margo,vo.silver.margo.toast.good,vo.silver.margo.toast.good.mp3,yes,,The third number. Good. Short. Nobody wants a speech in a nightclub.,12,,,,,,,,
588,The Silver Room,margo,vo.silver.margo.toast.grand,vo.silver.margo.toast.grand.mp3,yes,,Mm. To the room. To all of the room.,9,,,,,,,,
589,The Silver Room,margo,vo.silver.margo.waiter.ask,vo.silver.margo.waiter.ask.mp3,yes,,Rye. One ice cube. One. They always bring three and then it’s a soup. Asking is allowed. Asking twice isn’t.,20,,,,,,,,
590,The Silver Room,margo,vo.silver.margo.waiter.bottle-2,vo.silver.margo.waiter.bottle-2.mp3,yes,,Bring the rye. One ice cube. And bring this man whatever he needs.,13,,,,,,,,
591,The Silver Room,margo,vo.silver.margo.waiter.her-call,vo.silver.margo.waiter.her-call.mp3,yes,,Obviously we’re doing dessert. I’ve been looking at that man’s figs since we sat down and pretending to listen to you.,21,,,,,,,,
592,The Silver Room,margo,vo.silver.margo.waiter.soda,vo.silver.margo.waiter.soda.mp3,yes,,Working. Is that what this is?,6,,,,,,,,
593,The Silver Room,margo,vo.silver.margo.waiter.white,vo.silver.margo.waiter.white.mp3,yes,,"He’s guessing. Rye, one ice cube. I told you in the car. I told you twice, and one of those times I did a voice.",25,,,,,,,,
594,The Silver Room,waiter,vo.silver.photographer.no,vo.silver.photographer.no.mp3,yes,,Fair enough. Some nights aren’t for the wall.,8,,,,,,,,
595,The Silver Room,waiter,vo.silver.photographer.open,vo.silver.photographer.open.mp3,yes,,"One for the wall? Everybody at the front table goes on the wall. It’s not optional, strictly, but I ask.",20,,,,,,,,
596,The Silver Room,waiter,vo.silver.photographer.shoot,vo.silver.photographer.shoot.mp3,yes,,Lovely. That one goes up.,5,,,,,,,,
597,The Silver Room,player,vo.silver.player.ape.ape-diner.12acrh1,vo.silver.player.ape.ape-diner.12acrh1.mp3,yes,,Corner two. Back to the door.,6,,,,,,,,
598,The Silver Room,player,vo.silver.player.ape.ape-diner.55eknj,vo.silver.player.ape.ape-diner.55eknj.mp3,yes,,Ape. Your table’s looking at you.,6,,,,,,,,
599,The Silver Room,player,vo.silver.player.ape.ape-diner.n0ypxr,vo.silver.player.ape.ape-diner.n0ypxr.mp3,yes,,That never happened.,3,short,,,,,,,
600,The Silver Room,player,vo.silver.player.ape.business.hbj0bl,vo.silver.player.ape.business.hbj0bl.mp3,yes,,Thursday. Not at this table.,5,,,,,,,,
601,The Silver Room,player,vo.silver.player.ape.business.msqwvq,vo.silver.player.ape.business.msqwvq.mp3,yes,,Go on.,2,short,,,,,,,
602,The Silver Room,player,vo.silver.player.ape.open.1q879xw,vo.silver.player.ape.open.1q879xw.mp3,yes,,Not now. What is it?,5,,,,,,,,
603,The Silver Room,player,vo.silver.player.ape.open.1x1edi8,vo.silver.player.ape.open.1x1edi8.mp3,yes,,This is Chef. She cooks.,5,,,,,,,,
604,The Silver Room,player,vo.silver.player.ape.open.626zpv,vo.silver.player.ape.open.626zpv.mp3,yes,,This is Marissa.,3,short,,,,,,,
605,The Silver Room,player,vo.silver.player.ape.open.xdls99,vo.silver.player.ape.open.xdls99.mp3,yes,,This is Margo.,3,short,,,,,,,
606,The Silver Room,player,vo.silver.player.arrival.noticed.148lj7j,vo.silver.player.arrival.noticed.148lj7j.mp3,yes,,In the car. Twice.,4,,,,,,,,
607,The Silver Room,player,vo.silver.player.arrival.noticed.g4hq99,vo.silver.player.arrival.noticed.g4hq99.mp3,yes,,That was off the top of my head.,8,,,,,,,,
608,The Silver Room,player,vo.silver.player.arrival.open.1cqt2mg,vo.silver.player.arrival.open.1cqt2mg.mp3,yes,,The guy on the door still owes Big Uncle Lou money.,11,,,,,,,,
609,The Silver Room,player,vo.silver.player.arrival.open.1wb8m2e,vo.silver.player.arrival.open.1wb8m2e.mp3,yes,,I like going this way.,5,,,,,,,,
610,The Silver Room,player,vo.silver.player.arrival.open.bo881,vo.silver.player.arrival.open.bo881.mp3,yes,,The front’s for people waiting to get noticed.,8,,,,,,,,
611,The Silver Room,player,vo.silver.player.bandleader.open.1e0ys9u,vo.silver.player.bandleader.open.1e0ys9u.mp3,yes,,Bananaphone. Straight. Like it’s Carnegie Hall.,6,,,,,,,,
612,The Silver Room,player,vo.silver.player.bandleader.open.cmq3w6,vo.silver.player.bandleader.open.cmq3w6.mp3,yes,,Something slow.,2,short,,,,,,,
613,The Silver Room,player,vo.silver.player.bandleader.open.saemuu,vo.silver.player.bandleader.open.saemuu.mp3,yes,,Play it well.,3,short,,,,,,,
614,The Silver Room,player,vo.silver.player.cellarman.open.1v5agci,vo.silver.player.cellarman.open.1v5agci.mp3,yes,,Spoken for by who?,4,,,,,,,,
615,The Silver Room,player,vo.silver.player.cellarman.open.zripcm,vo.silver.player.cellarman.open.zripcm.mp3,yes,,Wasn’t going to.,3,short,,,,,,,
616,The Silver Room,player,vo.silver.player.chef.open.1airc43,vo.silver.player.chef.open.1airc43.mp3,yes,,Smells better than the dining room.,6,,,,,,,,
617,The Silver Room,player,vo.silver.player.chef.open.1n4qe92,vo.silver.player.chef.open.1n4qe92.mp3,yes,,Chef. Sorry. We’ll be out of it.,7,,,,,,,,
618,The Silver Room,player,vo.silver.player.coatcheck.open.1drjg5r,vo.silver.player.coatcheck.open.1drjg5r.mp3,yes,,We’ll hold onto them.,4,hud-speak,,,,,,,
619,The Silver Room,player,vo.silver.player.coatcheck.open.78jkkf,vo.silver.player.coatcheck.open.78jkkf.mp3,yes,,"Both, thanks.",2,short,,,,,,,
620,The Silver Room,player,vo.silver.player.delivery.open.gdrcbu,vo.silver.player.delivery.open.gdrcbu.mp3,yes,,For the paperwork.,3,short,,,,,,,
621,The Silver Room,player,vo.silver.player.dishwasher.open.rg629o,vo.silver.player.dishwasher.open.rg629o.mp3,yes,,Nobody asked you. Do the plates.,6,,,,,,,,
622,The Silver Room,player,vo.silver.player.dishwasher.open.zd9iqn,vo.silver.player.dishwasher.open.zd9iqn.mp3,yes,,You’re not the problem.,4,,,,,,,,
623,The Silver Room,player,vo.silver.player.doorman.open.1oeg2cy,vo.silver.player.doorman.open.1oeg2cy.mp3,yes,,Vinny. How’s the knee?,4,,,,,,,,
624,The Silver Room,player,vo.silver.player.driver.open.1g74g8l,vo.silver.player.driver.open.1g74g8l.mp3,yes,,Thanks. We’re good.,3,short,"We're good. Keep it running and keep your eyes on the door, not on us.","We're good. Keep it running. And whatever you see in that mirror tonight, you saw it in a different car.","We're grand. Keep her runnin'. And whatever you see, you didn't.","We're good. Engine on, radio off, eyes forward. You're transport, not company.","Thanks, we're good. Just keep it running, if you don't mind.",open,Customer-service filler with no edge.
625,The Silver Room,player,vo.silver.player.driver.open.1s36mzb,vo.silver.player.driver.open.1s36mzb.mp3,yes,,You know this place?,4,,,,,,,,
626,The Silver Room,player,vo.silver.player.driver.open.1xs9dg6,vo.silver.player.driver.open.1xs9dg6.mp3,yes,,Keep it. All of it.,5,,,,,,,,
627,The Silver Room,player,vo.silver.player.driver.open.wcn7c6,vo.silver.player.driver.open.wcn7c6.mp3,yes,,Take double. Nobody drove me here.,6,,,,,,,,
628,The Silver Room,player,vo.silver.player.host.open.1jj8ood,vo.silver.player.host.open.1jj8ood.mp3,yes,,Look at the book again.,5,,,,,,,,
629,The Silver Room,player,vo.silver.player.host.open.yal9nm,vo.silver.player.host.open.yal9nm.mp3,yes,,It is.,2,short,,,,,,,
630,The Silver Room,player,vo.silver.player.invitation.open.10h4bhr,vo.silver.player.invitation.open.10h4bhr.mp3,yes,,I’m not ready for this to be over and I’m too old to pretend otherwise.,15,,I'm not ready for this to be over and I'm too old to pretend otherwise.,"The night doesn't have to end here. And I want you to notice I said that out loud, in a room full of men who work for my uncle, which should tell you how much I mean it.","I don't want the night to end. There. That's me said it, and I'll be mortified about it later.",I don't want this to end here. And I'm aware that's the least sophisticated thing I've said all evening.,The night doesn't have to end. It could keep going. I'd like it to keep going.,ACCEPTED 2026-08-19,A rom-com line. Sanitised in a way nothing else in this scene is.
631,The Silver Room,player,vo.silver.player.invitation.open.14fik0x,vo.silver.player.invitation.open.14fik0x.mp3,yes,,You should see the place when nobody’s threatening to repossess it.,11,,,,,,,,
632,The Silver Room,player,vo.silver.player.invitation.open.187q3m5,vo.silver.player.invitation.open.187q3m5.mp3,yes,,Car’s outside. Come on.,4,,Car's outside. It's been outside an hour. I was optimistic.,"Car's outside. It's been outside since the appetiser, which I realise says something about me that I'm not going to examine tonight.","Car's outside. It's been outside the whole time. I'd it waitin'. That's how sure of meself I was, God help me.","Car's outside. It has been outside for ninety minutes. That's either confidence or a character flaw, and I've stopped keeping them separate.",Car's out front. It's been there a while. I had it wait.,open,Functional. The confidence is right; the personality is missing.
633,The Silver Room,player,vo.silver.player.invitation.open.1eak4x9,vo.silver.player.invitation.open.1eak4x9.mp3,yes,,Come back with me. There’s a bottle I’ve been saving for a reason I couldn’t name until about an hour ago.,21,,Come back with me. There's a bottle I've been saving for a reason I couldn't name until about an hour ago.,"Come back with me. I'm not going to dress it up. There's a bottle, there's a record player that mostly works, and there's the fact that I've been thinking about this since the second course.",Come back with me. I'll not pretend it's about a drink. There is a drink. But it's not about the drink.,"Come back to mine. I have exactly one good bottle, one clean glass, and no plan beyond that, and I'd rather be honest about the inventory.","You want to come back? For a drink, or — I mean. You know what I'm asking. I'd rather just ask it.",ACCEPTED 2026-08-19,"A dating-app line from a man who has spent the whole evening being the most dangerous person in the room. It should be direct and slightly alarming, which is what she likes about him."
634,The Silver Room,player,vo.silver.player.invitation.open.z470kj,vo.silver.player.invitation.open.z470kj.mp3,yes,,I’ve got a better bottle of the rye at the apartment.,11,,,,,,,,
635,The Silver Room,player,vo.silver.player.manager.open.1eyqtkv,vo.silver.player.manager.open.1eyqtkv.mp3,yes,,We’re fine.,2,short,"We're fine. And if we stop being fine, you'll know, because it'll be loud.","We're fine. And when we're not fine, I promise you'll be the second to know.",We're grand. If we stop bein' grand you'll hear about it from across the room.,We're fine. If that changes it'll change dramatically and you'll have plenty of warning.,We're fine. Thanks. We're all set here.,open,"Placeholder. Reused verbatim at vo.silver.player.servicebar.open.1eyqtkv, which doubles the damage — one flat line saying itself twice in one scene."
636,The Silver Room,player,vo.silver.player.manager.open.1nzmnje,vo.silver.player.manager.open.1nzmnje.mp3,yes,,It’ll do.,2,short,,,,,,,
637,The Silver Room,player,vo.silver.player.manager.open.s2nsdv,vo.silver.player.manager.open.s2nsdv.mp3,yes,,This is more than I asked for.,7,,,,,,,,
638,The Silver Room,player,vo.silver.player.photographer.open.1wp27rz,vo.silver.player.photographer.open.1wp27rz.mp3,yes,,Not tonight.,2,short,,,,,,,
639,The Silver Room,player,vo.silver.player.photographer.open.5hl63j,vo.silver.player.photographer.open.5hl63j.mp3,yes,,Go on then.,3,short,,,,,,,
640,The Silver Room,player,vo.silver.player.photographer.open.vcbddd,vo.silver.player.photographer.open.vcbddd.mp3,yes,,Make us look expensive.,4,,,,,,,,
641,The Silver Room,player,vo.silver.player.porter.open.1pn3qke,vo.silver.player.porter.open.1pn3qke.mp3,yes,,Long night?,2,short,,,,,,,
642,The Silver Room,player,vo.silver.player.seated.funny.1ca87je,vo.silver.player.seated.funny.1ca87je.mp3,yes,,Funny how?,2,short,,,,,,,
643,The Silver Room,player,vo.silver.player.seated.funny.38mtvi,vo.silver.player.seated.funny.38mtvi.mp3,yes,,You’re a professional. I’ll take it.,6,,,,,,,,
644,The Silver Room,player,vo.silver.player.seated.funny.nnir1c,vo.silver.player.seated.funny.nnir1c.mp3,yes,,I’m told it’s a coping mechanism.,6,,,,,,,,
645,The Silver Room,player,vo.silver.player.seated.p-hers.1gkam8s,vo.silver.player.seated.p-hers.1gkam8s.mp3,yes,,Whose fault?,2,short,,,,,,,
646,The Silver Room,player,vo.silver.player.seated.p-hers.1tia5gd,vo.silver.player.seated.p-hers.1tia5gd.mp3,yes,,What happened?,2,short,,,,,,,
647,The Silver Room,player,vo.silver.player.seated.p-hers.rfw4xf,vo.silver.player.seated.p-hers.rfw4xf.mp3,yes,,I wasn’t going to ask. I was going to wonder loudly.,11,,,,,,,,
648,The Silver Room,player,vo.silver.player.seated.personal.15pnd45,vo.silver.player.seated.personal.15pnd45.mp3,yes,,Big Uncle Lou pulled me out of something. That’s the whole story.,12,,,,,,,,
649,The Silver Room,player,vo.silver.player.seated.personal.1co2y34,vo.silver.player.seated.personal.1co2y34.mp3,yes,,Frightened of Big Uncle Lou. For now.,7,,,,,,,,
650,The Silver Room,player,vo.silver.player.seated.personal.1uviw53,vo.silver.player.seated.personal.1uviw53.mp3,yes,,Why not both.,3,short,,,,,,,
651,The Silver Room,player,vo.silver.player.seated.personal.aqy09y,vo.silver.player.seated.personal.aqy09y.mp3,yes,,Frightened of Big Uncle Lou. All of it is Lou.,10,,,,,,,,
652,The Silver Room,player,vo.silver.player.seated.r2-construction.1q7arqo,vo.silver.player.seated.r2-construction.1q7arqo.mp3,yes,,I supervise.,2,short,,,,,,,
653,The Silver Room,player,vo.silver.player.seated.r2-construction.e0bmet,vo.silver.player.seated.r2-construction.e0bmet.mp3,yes,,Alright. I don’t work construction.,5,,,,,,,,
654,The Silver Room,player,vo.silver.player.seated.r2-construction.ueapht,vo.silver.player.seated.r2-construction.ueapht.mp3,yes,,Mostly deconstruction.,2,short,,,,,,,
655,The Silver Room,player,vo.silver.player.seated.r2-lou.1mfa5uf,vo.silver.player.seated.r2-lou.1mfa5uf.mp3,yes,,Whatever the day is. Mostly I go places and listen.,10,,,,,,,,
656,The Silver Room,player,vo.silver.player.seated.r2-lou.1v7izjp,vo.silver.player.seated.r2-lou.1v7izjp.mp3,yes,,Whatever needs doing. Ask anyone in here.,7,,,,,,,,
657,The Silver Room,player,vo.silver.player.seated.r2-oblique.1jb355w,vo.silver.player.seated.r2-oblique.1jb355w.mp3,yes,,It came out like that.,5,,,,,,,,
658,The Silver Room,player,vo.silver.player.seated.r2-oblique.3j1dbw,vo.silver.player.seated.r2-oblique.3j1dbw.mp3,yes,,On the way over.,4,,,,,,,,
659,The Silver Room,player,vo.silver.player.seated.r2-supervise.bu5u28,vo.silver.player.seated.r2-supervise.bu5u28.mp3,yes,,Nothing. There’s no construction.,4,,,,,,,,
660,The Silver Room,player,vo.silver.player.seated.r2-supervise.f7p1ly,vo.silver.player.seated.r2-supervise.f7p1ly.mp3,yes,,Other people working construction.,4,,,,,,,,
661,The Silver Room,player,vo.silver.player.seated.round1.12h4dkx,vo.silver.player.seated.round1.12h4dkx.mp3,yes,,"We got here, didn’t we.",5,,,,,,,,
662,The Silver Room,player,vo.silver.player.seated.round1.1lgd52p,vo.silver.player.seated.round1.1lgd52p.mp3,yes,,You should see where I take the ones I don’t like.,11,,,,,,,,
663,The Silver Room,player,vo.silver.player.seated.round1.5s9ami,vo.silver.player.seated.round1.5s9ami.mp3,yes,,The front door has no personality.,6,,,,,,,,
664,The Silver Room,player,vo.silver.player.seated.round1.nxrka1,vo.silver.player.seated.round1.nxrka1.mp3,yes,,Only the ones I’m trying to impress.,7,,,,,,,,
665,The Silver Room,player,vo.silver.player.seated.round2.11ctpio,vo.silver.player.seated.round2.11ctpio.mp3,yes,,I’m in construction.,3,short,,,,,,,
666,The Silver Room,player,vo.silver.player.seated.round2.1py004,vo.silver.player.seated.round2.1py004.mp3,yes,,I solve things people would rather not write down.,9,,,,,,,,
667,The Silver Room,player,vo.silver.player.seated.round2.nkz99p,vo.silver.player.seated.round2.nkz99p.mp3,yes,,Tonight I’m buying dinner. Start there.,6,,,,,,,,
668,The Silver Room,player,vo.silver.player.seated.round2.z2hhlz,vo.silver.player.seated.round2.z2hhlz.mp3,yes,,I work for Big Uncle Lou.,6,,,,,,,,
669,The Silver Room,player,vo.silver.player.seated.table.1l5t5vd,vo.silver.player.seated.table.1l5t5vd.mp3,yes,,Don’t look impressed. It encourages them.,6,,,,,,,,
670,The Silver Room,player,vo.silver.player.seated.table.8cikos,vo.silver.player.seated.table.8cikos.mp3,yes,,I told you I knew a place.,7,,,,,,,,
671,The Silver Room,player,vo.silver.player.seated.table.t0bxgl,vo.silver.player.seated.table.t0bxgl.mp3,yes,,Big Uncle Lou may have called ahead.,7,,,,,,,,
672,The Silver Room,player,vo.silver.player.seated.table.v3a4oy,vo.silver.player.seated.table.v3a4oy.mp3,yes,,They hate seeing me stand.,5,,,,,,,,
673,The Silver Room,player,vo.silver.player.servicebar.open.1eyqtkv,vo.silver.player.servicebar.open.1eyqtkv.mp3,yes,,We’re fine.,2,short,Nothing from the bar. We're two drinks past sensible already.,Nothing from the bar. We're two past the point where anything I order is a good decision.,Nothin' from the bar. We're well past the drink that made sense.,Nothing from the bar. We've comfortably exceeded the responsible allocation.,"We're all set. Nothing from the bar. Thank you, though.",open,The duplicate. Give it a different mouth-feel so the player never hears the same nothing twice.
674,The Silver Room,player,vo.silver.player.servicebar.open.1sah738,vo.silver.player.servicebar.open.1sah738.mp3,yes,,What’s the rye like?,4,,,,,,,,
675,The Silver Room,player,vo.silver.player.sway.bad.188hxm1,vo.silver.player.sway.bad.188hxm1.mp3,yes,,The floor’s uneven.,3,short,,,,,,,
676,The Silver Room,player,vo.silver.player.sway.bad.7xlukp,vo.silver.player.sway.bad.7xlukp.mp3,yes,,I peaked in the cellar.,5,,,,,,,,
677,The Silver Room,player,vo.silver.player.sway.open.1bvog5k,vo.silver.player.sway.open.1bvog5k.mp3,yes,,I should warn you I’m terrible.,6,,,,,,,,
678,The Silver Room,player,vo.silver.player.sway.open.1c62euw,vo.silver.player.sway.open.1c62euw.mp3,yes,,I’d rather watch.,3,short,,,,,,,
679,The Silver Room,player,vo.silver.player.toast.open.fl50yb,vo.silver.player.toast.open.fl50yb.mp3,yes,,To the third number.,4,,"To the third number. Whatever it turns out to be, and whoever ends up paying for it.",To the third number. I don't know what it is yet. Neither do you. That's the whole reason it's worth drinking to.,To the third number. Nobody knows what it is. That's the beauty of it and also the problem.,"To the third number, which I'm told is where the real money is and where all the arrests happen.",To the third number. Whatever that ends up being. Here's to it.,open,The flattest of three toast options; its siblings land specific callbacks and this one is a shrug.
680,The Silver Room,player,vo.silver.player.toast.open.m1a667,vo.silver.player.toast.open.m1a667.mp3,yes,,"To everybody in this room, who all know me.",9,,,,,,,,
681,The Silver Room,player,vo.silver.player.toast.open.u9axj2,vo.silver.player.toast.open.u9axj2.mp3,yes,,"To Ashland, and to the tiles they couldn’t get up.",10,,,,,,,,
682,The Silver Room,player,vo.silver.player.waiter.another.10oaahy,vo.silver.player.waiter.another.10oaahy.mp3,yes,,We’re alright.,2,short,We're alright. Come back when one of us looks unhappy.,We're alright. Come back when somebody at this table looks like they need saving.,We're alright. Come back when one of us has a face on.,"We're alright. Circle back when the mood shifts, you'll be able to tell.","We're alright, thanks. We'll wave if we need anything.",open,"The third variation on the same nothing. Part of a systemic fix, not a one-line fix."
683,The Silver Room,player,vo.silver.player.waiter.another.11nv97b,vo.silver.player.waiter.another.11nv97b.mp3,yes,,Same again.,2,short,,,,,,,
684,The Silver Room,player,vo.silver.player.waiter.another.hnf05i,vo.silver.player.waiter.another.hnf05i.mp3,yes,,Same again. And whatever the band’s drinking.,7,,,,,,,,
685,The Silver Room,player,vo.silver.player.waiter.dessert.1e48s4v,vo.silver.player.waiter.dessert.1e48s4v.mp3,yes,,Two. And tell him she asked.,6,,,,,,,,
686,The Silver Room,player,vo.silver.player.waiter.dessert.1wp27rz,vo.silver.player.waiter.dessert.1wp27rz.mp3,yes,,Not tonight.,2,short,,,,,,,
687,The Silver Room,player,vo.silver.player.waiter.dessert.atxcyz,vo.silver.player.waiter.dessert.atxcyz.mp3,yes,,Are we doing dessert?,4,,,,,,,,
688,The Silver Room,player,vo.silver.player.waiter.his.1ro4q3m,vo.silver.player.waiter.his.1ro4q3m.mp3,yes,,"Same. Two cubes, I’m not an animal.",7,,,,,,,,
689,The Silver Room,player,vo.silver.player.waiter.his.1vjq3i5,vo.silver.player.waiter.his.1vjq3i5.mp3,yes,,Beer’s fine.,2,short,Beer. Whatever's coldest. I'm not here to have a conversation about it.,"Beer. Cold. In a glass that hasn't got anybody's mouth-print on it, which I'm told is a big ask in this town.","A beer. Whatever's coldest. And don't be tellin' me about it, I don't want the story of it.",Beer. Domestic. Cold. I'm not paying eleven dollars to be educated about hops tonight.,A beer's fine. Whatever you've got. I'm easy on that.,open,"Generic drink order sitting next to 'Two cubes, I'm not an animal' — the scene's own proof of how good these can be."
690,The Silver Room,player,vo.silver.player.waiter.his.ti7t3r,vo.silver.player.waiter.his.ti7t3r.mp3,yes,,Whiskey. Neat.,2,short,,,,,,,
691,The Silver Room,player,vo.silver.player.waiter.his.xa0av4,vo.silver.player.waiter.his.xa0av4.mp3,yes,,Club soda. I’m working.,4,,,,,,,,
692,The Silver Room,player,vo.silver.player.waiter.open.1t5lera,vo.silver.player.waiter.open.1t5lera.mp3,yes,,Bring a bottle of whatever the manager drinks.,8,,,,,,,,
693,The Silver Room,player,vo.silver.player.waiter.open.20a7ar,vo.silver.player.waiter.open.20a7ar.mp3,yes,,"Same again. And I’d like it to arrive before the conversation improves, not after.",14,,Same again. You've got a second.,Same again. And I know you're busy. I've watched you be busy at three other tables. You've got a second.,"Same again. And don't be givin' me the face, I can see the face.","Same again. And I'd like it to arrive before the conversation improves, not after.","Same again, please. Whenever. No rush. Well — some rush.",ACCEPTED 2026-08-19,'When you get a second' undercuts the feared-mobster status the whole scene has been building.
694,The Silver Room,player,vo.silver.player.waiter.open.c4no5p,vo.silver.player.waiter.open.c4no5p.mp3,yes,,We’re looked after. Go be somewhere else for twenty minutes.,10,,We're looked after. Go be somewhere else for twenty minutes.,We're looked after. And I'd take it as a personal kindness if the next twenty minutes happened without you in them.,We're grand. Off you go now. Go and hover at someone else.,We're taken care of. Give us twenty minutes of not existing and there's something in it for you.,"We're looked after, thanks. We're fine. You can — yeah. Thank you.",ACCEPTED 2026-08-19,A polite customer in a room that is visibly afraid of him. Every waiter interaction in this scene is written this way and they all need the same fix.
695,The Silver Room,player,vo.silver.player.waiter.open.da95ti,vo.silver.player.waiter.open.da95ti.mp3,yes,,She’ll have a glass of the white.,7,,,,,,,,
696,The Silver Room,player,vo.silver.player.waiter.open.kdrmph,vo.silver.player.waiter.open.kdrmph.mp3,yes,,Rye. One ice cube. One.,5,,,,,,,,
697,The Silver Room,player,vo.silver.player.waiter.open.rnhobt,vo.silver.player.waiter.open.rnhobt.mp3,yes,,What are you drinking?,4,,,,,,,,
698,The Silver Room,waiter,vo.silver.porter.long,vo.silver.porter.long.mp3,yes,,It started long. It’s gone past long. We’re into a new unit.,12,,,,,,,,
699,The Silver Room,waiter,vo.silver.porter.open,vo.silver.porter.open.mp3,yes,,"Mind your back, mind your back — sorry, ma’am, that’s two hundred glasses and I’m the only reason they’re alive.",20,,,,,,,,
700,The Silver Room,waiter,vo.silver.porter.took,vo.silver.porter.took.mp3,yes,,Oh — right. Don’t look at me. It’s the only pocket that isn’t wet.,14,,,,,,,,
701,The Silver Room,waiter,vo.silver.porter.walkin.1,vo.silver.porter.walkin.1.mp3,yes,,"Make a hole, make a hole — front table coming through! Evening, boss.",13,,,,,,,,
702,The Silver Room,waiter,vo.silver.room.alley.1,vo.silver.room.alley.1.mp3,yes,,If it’s not on the sheet it’s not in the building.,11,,,,,,,,
703,The Silver Room,waiter,vo.silver.room.alley.2,vo.silver.room.alley.2.mp3,yes,,Four minutes. Four. I’m owed four.,6,,,,,,,,
704,The Silver Room,waiter,vo.silver.room.cellar.1,vo.silver.room.cellar.1.mp3,yes,,Not that rack. That rack’s the manager’s and he counts them.,11,,,,,,,,
705,The Silver Room,waiter,vo.silver.room.cellar.2,vo.silver.room.cellar.2.mp3,yes,,They signed for nine. I brought twelve. Somebody explain nine.,10,,,,,,,,
706,The Silver Room,waiter,vo.silver.room.corridor.1,vo.silver.room.corridor.1.mp3,yes,,"Ninety-one and ninety-two. No, ninety-one.",5,,,,,,,,
707,The Silver Room,waiter,vo.silver.room.corridor.2,vo.silver.room.corridor.2.mp3,yes,,The four-top by the pillar wants the band’s setlist. In writing.,11,,,,,,,,
708,The Silver Room,waiter,vo.silver.room.corridor.3,vo.silver.room.corridor.3.mp3,yes,,Sorry — sorry — sorry —,6,,,,,,,,
709,The Silver Room,waiter,vo.silver.room.corridor.4,vo.silver.room.corridor.4.mp3,yes,,"It’s a fur. I’m not hanging a fur next to a wet mac, I don’t care whose it is.",19,,,,,,,,
710,The Silver Room,waiter,vo.silver.room.corridor.5,vo.silver.room.corridor.5.mp3,yes,,Who took the front table? Nobody took the front table. The front table walked in.,15,,,,,,,,
711,The Silver Room,waiter,vo.silver.room.corridor.6,vo.silver.room.corridor.6.mp3,yes,,"Down the middle. Down the middle! You go wide, you go through the drape.",14,,,,,,,,
712,The Silver Room,silver-diner-a,vo.silver.room.floor.1,vo.silver.room.floor.1.mp3,yes,,He calls it a franchise. It’s a van. I’ve seen the van.,12,,,,,,,,
713,The Silver Room,waiter,vo.silver.room.floor.10,vo.silver.room.floor.10.mp3,yes,,"Nine wants dessert, eleven is still on the fish, and twelve has not decided anything since they sat down.",19,,,,,,,,
714,The Silver Room,silver-diner-b,vo.silver.room.floor.11,vo.silver.room.floor.11.mp3,yes,,"I don’t ask. That is the arrangement. I don’t ask, and I sleep.",13,,,,,,,,
715,The Silver Room,silver-diner-c,vo.silver.room.floor.12,vo.silver.room.floor.12.mp3,yes,,Did you see the coat. Look at the coat. That is not a birthday coat.,15,,,,,,,,
716,The Silver Room,waiter,vo.silver.room.floor.13,vo.silver.room.floor.13.mp3,yes,,"That’s not the good rye. Take it back, and don’t let him see you take it back.",17,,,,,,,,
717,The Silver Room,silver-diner-a,vo.silver.room.floor.14,vo.silver.room.floor.14.mp3,yes,,Everybody’s a cousin. I have cousins I’ve met twice and one of them does my books.,16,,,,,,,,
718,The Silver Room,silver-diner-b,vo.silver.room.floor.15,vo.silver.room.floor.15.mp3,yes,,"Six weeks they told me. Six weeks, and we’re sat behind a pillar.",13,,,,,,,,
719,The Silver Room,waiter,vo.silver.room.floor.16,vo.silver.room.floor.16.mp3,yes,,"Two rye, one ice. One. If that comes back with three in it, it’s on you.",16,,,,,,,,
720,The Silver Room,silver-diner-c,vo.silver.room.floor.17,vo.silver.room.floor.17.mp3,yes,,He orders for the whole table. Every time. I have never once eaten what I wanted in this room.,19,,,,,,,,
721,The Silver Room,silver-diner-a,vo.silver.room.floor.18,vo.silver.room.floor.18.mp3,yes,,and the horse was fine! Nobody ever remembers that part!,10,,,,,,,,
722,The Silver Room,waiter,vo.silver.room.floor.19,vo.silver.room.floor.19.mp3,yes,,"Anything they want, all night, and none of it goes on a bill. Those were the words I was given.",20,,,,,,,,
723,The Silver Room,silver-diner-b,vo.silver.room.floor.2,vo.silver.room.floor.2.mp3,yes,,And they gave him Wednesdays. Wednesdays!,6,,,,,,,,
724,The Silver Room,silver-diner-b,vo.silver.room.floor.20,vo.silver.room.floor.20.mp3,yes,,"Ask me next week. Next week I’ll know, and then I won’t be able to tell you.",17,,,,,,,,
725,The Silver Room,waiter,vo.silver.room.floor.3,vo.silver.room.floor.3.mp3,yes,,"Two more by the stage, and hurry, they’re on at half past.",12,,,,,,,,
726,The Silver Room,silver-diner-c,vo.silver.room.floor.4,vo.silver.room.floor.4.mp3,yes,,"Out of respect. That’s what he said. Out of respect, and then he took the whole route.",17,,,,,,,,
727,The Silver Room,silver-diner-a,vo.silver.room.floor.5,vo.silver.room.floor.5.mp3,yes,,You don’t put Big Uncle Lou on a list. Lou doesn’t wait for a table.,15,,,,,,,,
728,The Silver Room,silver-diner-b,vo.silver.room.floor.6,vo.silver.room.floor.6.mp3,yes,,"The front door’s for civilians. That’s not me being clever, that’s the actual policy.",14,,,,,,,,
729,The Silver Room,waiter,vo.silver.room.floor.7,vo.silver.room.floor.7.mp3,yes,,Front and center just went out. Somebody find out who that is.,12,,,,,,,,
730,The Silver Room,silver-diner-c,vo.silver.room.floor.8,vo.silver.room.floor.8.mp3,yes,,"Thirty-one years on that corner, and the son wants to put a wine list in it.",16,,,,,,,,
731,The Silver Room,silver-diner-a,vo.silver.room.floor.9,vo.silver.room.floor.9.mp3,yes,,He was there. I saw him. He was at the christening.,11,,,,,,,,
732,The Silver Room,waiter,vo.silver.room.kitchen.1,vo.silver.room.kitchen.1.mp3,yes,,"Two veal, one fish, and where is my sauce — WHERE is my sauce —",15,,,,,,,,
733,The Silver Room,waiter,vo.silver.room.kitchen.10,vo.silver.room.kitchen.10.mp3,yes,,Hands! I need hands at the pass — thank you — gone.,12,,,,,,,,
734,The Silver Room,waiter,vo.silver.room.kitchen.2,vo.silver.room.kitchen.2.mp3,yes,,Behind! Behind you! Hot — hot — HOT —,9,,,,,,,,
735,The Silver Room,waiter,vo.silver.room.kitchen.3,vo.silver.room.kitchen.3.mp3,yes,,Table nine sent it back. Table nine sends everything back.,10,,,,,,,,
736,The Silver Room,waiter,vo.silver.room.kitchen.4,vo.silver.room.kitchen.4.mp3,yes,,Who has taken the good tray. Somebody has taken the good tray.,12,,,,,,,,
737,The Silver Room,waiter,vo.silver.room.kitchen.5,vo.silver.room.kitchen.5.mp3,yes,,Heard. Heard. Two minutes on the veal.,7,,,,,,,,
738,The Silver Room,waiter,vo.silver.room.kitchen.6,vo.silver.room.kitchen.6.mp3,yes,,"That’s not a garnish, that’s a hedge.",7,,,,,,,,
739,The Silver Room,waiter,vo.silver.room.kitchen.7,vo.silver.room.kitchen.7.mp3,yes,,"Fire twelve! Twelve is a fire, and I want the fish WITH the veal, not chasing it.",17,,,,,,,,
740,The Silver Room,waiter,vo.silver.room.kitchen.8,vo.silver.room.kitchen.8.mp3,yes,,Corner! Coming round — corner!,5,,,,,,,,
741,The Silver Room,waiter,vo.silver.room.kitchen.9,vo.silver.room.kitchen.9.mp3,yes,,"Heard, Chef. It’s in. It’s IN.",6,,,,,,,,
742,The Silver Room,waiter,vo.silver.servicebar.open,vo.silver.servicebar.open.mp3,yes,,"Six on the tray, four of them on fire, and the floor wants another eleven. You want something or you want to stand there?",24,,,,,,,,
743,The Silver Room,waiter,vo.silver.servicebar.rye,vo.silver.servicebar.rye.mp3,yes,,"The rye’s the one thing in here that isn’t a lie. Whatever they tell you about the veal, the rye’s honest.",21,,,,,,,,
744,The Silver Room,waiter,vo.silver.servicebar.took,vo.silver.servicebar.took.mp3,yes,,"Ohh. Whatever you sit at, it comes fast. That’s the arrangement now.",12,,,,,,,,
745,The Silver Room,waiter,vo.silver.servicebar.walkin.1,vo.silver.servicebar.walkin.1.mp3,yes,,"Good to see you again, boss. The good rye’s already up. Go sit down, the both of you.",18,,,,,,,,
746,The Silver Room,doorman,vo.silver.vinny.doorman.knee,vo.silver.vinny.doorman.knee.mp3,yes,,The knee’s the knee. The doctor says stand less. I stand for a living. We agreed to disagree.,18,,,,,,,,
747,The Silver Room,doorman,vo.silver.vinny.doorman.open.1g57zxh,vo.silver.vinny.doorman.open.1g57zxh.mp3,yes,,Prospect. They said tonight or tomorrow. It’s tonight.,8,,,,,,,,
748,The Silver Room,doorman,vo.silver.vinny.doorman.open.vvyhu6,vo.silver.vinny.doorman.open.vvyhu6.mp3,yes,,"Prospect. Straight through, mind the step, it’s wet on the second one.",12,,,,,,,,
749,The Silver Room,doorman,vo.silver.vinny.doorman.took,vo.silver.vinny.doorman.took.mp3,yes,,"Have a good night. Ma’am, watch the second step, he never says it in time.",15,,,,,,,,
750,The Silver Room,silver-waiter,vo.silver.waiter.another,vo.silver.waiter.another.mp3,yes,,Another for the table?,4,,,,,,,,
751,The Silver Room,silver-waiter,vo.silver.waiter.band-round,vo.silver.waiter.band-round.mp3,yes,,"…Yes, sir.",2,short,,,,,,,
752,The Silver Room,silver-waiter,vo.silver.waiter.bottle,vo.silver.waiter.bottle.mp3,yes,,"…The manager drinks milk, sir. For his stomach. Shall I bring the rye instead.",14,,,,,,,,
753,The Silver Room,silver-waiter,vo.silver.waiter.dessert,vo.silver.waiter.dessert.mp3,yes,,Anything sweet? Chef does something with figs that people write letters about.,12,,,,,,,,
754,The Silver Room,silver-waiter,vo.silver.waiter.his,vo.silver.waiter.his.mp3,yes,,And for yourself?,3,short,,,,,,,
755,The Silver Room,silver-waiter,vo.silver.waiter.open.checking,vo.silver.waiter.open.checking.mp3,yes,,Sir. Everything as it should be over here?,8,,,,,,,,
756,The Silver Room,silver-waiter,vo.silver.waiter.open.expected,vo.silver.waiter.open.expected.mp3,yes,,Good evening. The kitchen knows you’re here. Drinks?,8,,,,,,,,
757,The Silver Room,silver-waiter,vo.silver.waiter.open.menus,vo.silver.waiter.open.menus.mp3,yes,,Good evening. Something to drink for the lady?,8,,,,,,,,
758,The Silver Room,silver-waiter,vo.silver.waiter.open.passing,vo.silver.waiter.open.passing.mp3,yes,,Sir. Your table is ahead of you.,7,,,,,,,,
759,The Silver Room,silver-waiter,vo.silver.waiter.rye,vo.silver.waiter.rye.mp3,yes,,"Rye, one cube. Sir?",4,,,,,,,,
760,The Silver Room,silver-waiter,vo.silver.waiter.scene-champagne.1,vo.silver.waiter.scene-champagne.1.mp3,yes,,"From the gentlemen by the pillar. With respect, they said.",10,,,,,,,,
761,The Silver Room,silver-waiter,vo.silver.waiter.thanks,vo.silver.waiter.thanks.mp3,yes,,"Very good, sir. He tipped the dish room. Nobody tips the dish room.",13,,,,,,,,
762,The Beef Run,lou2,vo.beefrun.sasole.greeting-1.1,vo.beefrun.sasole.greeting-1.1.mp3,yes,,You’re late.,2,short,,,,,,,
763,The Beef Run,player,vo.beefrun.prospect.greeting-2.1,vo.beefrun.prospect.greeting-2.1.mp3,yes,,I’m four minutes early.,4,,,,,,,,
764,The Beef Run,lou2,vo.beefrun.sasole.greeting-3.1,vo.beefrun.sasole.greeting-3.1.mp3,yes,,Then you wasted four minutes somewhere.,6,,,,,,,,
765,The Beef Run,lou2,vo.beefrun.sasole.aircraft-1.1,vo.beefrun.sasole.aircraft-1.1.mp3,yes,,"This is the Brushrunner. She pulls left, leaks right, and the fuel gauge is an optimist.",16,,,,,,,,
766,The Beef Run,player,vo.beefrun.prospect.aircraft-2.1,vo.beefrun.prospect.aircraft-2.1.mp3,yes,,You said I was helping load.,6,,,,,,,,
767,The Beef Run,lou2,vo.beefrun.sasole.aircraft-3.1,vo.beefrun.sasole.aircraft-3.1.mp3,yes,,You are. After you fly us there.,7,,,,,,,,
768,The Beef Run,player,vo.beefrun.prospect.aircraft-4.1,vo.beefrun.prospect.aircraft-4.1.mp3,yes,,You look terrible.,3,short,,,,,,,
769,The Beef Run,lou2,vo.beefrun.sasole.aircraft-5.1,vo.beefrun.sasole.aircraft-5.1.mp3,yes,,I ate airport sushi.,4,,,,,,,,
770,The Beef Run,player,vo.beefrun.prospect.aircraft-6.1,vo.beefrun.prospect.aircraft-6.1.mp3,yes,,This airport has sushi?,4,,,,,,,,
771,The Beef Run,lou2,vo.beefrun.sasole.aircraft-7.1,vo.beefrun.sasole.aircraft-7.1.mp3,yes,,Not anymore.,2,short,,,,,,,
772,The Beef Run,lou2,vo.beefrun.sasole.clipboard-1.1,vo.beefrun.sasole.clipboard-1.1.mp3,yes,,Preflight. Walk round her and touch everything I tell you to.,11,,,,,,,,
773,The Beef Run,lou2,vo.beefrun.sasole.clipboard-2.1,vo.beefrun.sasole.clipboard-2.1.mp3,yes,,"If something falls off while you’re holding it, that’s information.",10,,,,,,,,
774,The Beef Run,old-stove,vo.beefrun.stove.stove.meet-1.1,vo.beefrun.stove.stove.meet-1.1.mp3,yes,,Morning. I’m not here.,4,,,,,,,,
775,The Beef Run,player,vo.beefrun.prospect.stove.meet-2.1,vo.beefrun.prospect.stove.meet-2.1.mp3,yes,,You’re standing right there.,4,,,,,,,,
776,The Beef Run,old-stove,vo.beefrun.stove.stove.meet-3.1,vo.beefrun.stove.stove.meet-3.1.mp3,yes,,I’m standing somewhere I have not been.,7,,,,,,,,
777,The Beef Run,lou2,vo.beefrun.sasole.stove.meet-4.1,vo.beefrun.sasole.stove.meet-4.1.mp3,yes,,That’s Old Stove. He’s family.,5,,,,,,,,
778,The Beef Run,player,vo.beefrun.prospect.stove.meet-5.1,vo.beefrun.prospect.stove.meet-5.1.mp3,yes,,And the windbreaker?,3,short,,,,,,,
779,The Beef Run,lou2,vo.beefrun.sasole.stove.meet-6.1,vo.beefrun.sasole.stove.meet-6.1.mp3,yes,,He’s also the government.,4,,,,,,,,
780,The Beef Run,player,vo.beefrun.prospect.stove.meet-7.1,vo.beefrun.prospect.stove.meet-7.1.mp3,yes,,Which government?,2,short,,,,,,,
781,The Beef Run,lou2,vo.beefrun.sasole.stove.meet-8.1,vo.beefrun.sasole.stove.meet-8.1.mp3,yes,,Ours. Allegedly.,2,short,,,,,,,
782,The Beef Run,old-stove,vo.beefrun.stove.stove.crates-1.1,vo.beefrun.stove.stove.crates-1.1.mp3,yes,,Three crates. They go where you’re going.,7,,,,,,,,
783,The Beef Run,player,vo.beefrun.prospect.stove.crates-2.1,vo.beefrun.prospect.stove.crates-2.1.mp3,yes,,What’s in them?,3,short,,,,,,,
784,The Beef Run,old-stove,vo.beefrun.stove.stove.crates-3.1,vo.beefrun.stove.stove.crates-3.1.mp3,yes,,Agricultural equipment.,2,short,,,,,,,
785,The Beef Run,player,vo.beefrun.prospect.stove.crates-4.1,vo.beefrun.prospect.stove.crates-4.1.mp3,yes,,They’re heavy for agricultural equipment.,5,,,,,,,,
786,The Beef Run,old-stove,vo.beefrun.stove.stove.crates-5.1,vo.beefrun.stove.stove.crates-5.1.mp3,yes,,It’s very good agricultural equipment.,5,,,,,,,,
787,The Beef Run,player,vo.beefrun.prospect.stove.dontask-1.1,vo.beefrun.prospect.stove.dontask-1.1.mp3,yes,,Are they what I think they are?,7,,,,,,,,
788,The Beef Run,old-stove,vo.beefrun.stove.stove.dontask-2.1,vo.beefrun.stove.stove.dontask-2.1.mp3,yes,,They’re what the paperwork says they are.,7,,,,,,,,
789,The Beef Run,player,vo.beefrun.prospect.stove.dontask-3.1,vo.beefrun.prospect.stove.dontask-3.1.mp3,yes,,What does the paperwork say?,5,,,,,,,,
790,The Beef Run,old-stove,vo.beefrun.stove.stove.dontask-4.1,vo.beefrun.stove.stove.dontask-4.1.mp3,yes,,There is no paperwork.,4,,,,,,,,
791,The Beef Run,lou2,vo.beefrun.sasole.stove.dontask-5.1,vo.beefrun.sasole.stove.dontask-5.1.mp3,yes,,Load the crates.,3,short,,,,,,,
792,The Beef Run,lou2,vo.beefrun.sasole.stove.loading-1.1,vo.beefrun.sasole.stove.loading-1.1.mp3,yes,,Same three positions. His are lighter than what we’re bringing back.,11,,,,,,,,
793,The Beef Run,old-stove,vo.beefrun.stove.stove.loading-2.1,vo.beefrun.stove.stove.loading-2.1.mp3,yes,,"They are also more difficult to explain, so mind the door frame.",12,,,,,,,,
794,The Beef Run,old-stove,vo.beefrun.stove.stove.done-1.1,vo.beefrun.stove.stove.done-1.1.mp3,yes,,Cecilio will count them. He counts everything.,7,,,,,,,,
795,The Beef Run,old-stove,vo.beefrun.stove.stove.done-2.1,vo.beefrun.stove.stove.done-2.1.mp3,yes,,"If anyone asks, this airfield has no windsock and I have no face.",13,,,,,,,,
796,The Beef Run,lou2,vo.beefrun.sasole.stove.done-3.1,vo.beefrun.sasole.stove.done-3.1.mp3,yes,,He does this every time.,5,,,,,,,,
797,The Beef Run,cecilio,vo.beefrun.cecilio.guns.arrive-1.1,vo.beefrun.cecilio.guns.arrive-1.1.mp3,yes,,Old Stove sent his equipment.,5,,,,,,,,
798,The Beef Run,lou2,vo.beefrun.sasole.guns.arrive-2.1,vo.beefrun.sasole.guns.arrive-2.1.mp3,yes,,He sends his regards. He does not send his name.,10,,,,,,,,
799,The Beef Run,lou2,vo.beefrun.sasole.guns.unloading-1.1,vo.beefrun.sasole.guns.unloading-1.1.mp3,yes,,Get his crates out first. The jerky does not share the aeroplane.,12,,,,,,,,
800,The Beef Run,player,vo.beefrun.prospect.guns.unloading-2.1,vo.beefrun.prospect.guns.unloading-2.1.mp3,yes,,Why not?,2,short,,,,,,,
801,The Beef Run,lou2,vo.beefrun.sasole.guns.unloading-3.1,vo.beefrun.sasole.guns.unloading-3.1.mp3,yes,,"Because one of them is worth more, and it isn’t the metal.",12,,,,,,,,
802,The Beef Run,cecilio,vo.beefrun.cecilio.guns.done-1.1,vo.beefrun.cecilio.guns.done-1.1.mp3,yes,,(weighing a crate) Tractor parts.,5,,,,,,,,
803,The Beef Run,lou2,vo.beefrun.sasole.guns.done-2.1,vo.beefrun.sasole.guns.done-2.1.mp3,yes,,Tractor parts.,2,short,,,,,,,
804,The Beef Run,cecilio,vo.beefrun.cecilio.guns.done-3.1,vo.beefrun.cecilio.guns.done-3.1.mp3,yes,,Now. The important cargo.,4,,,,,,,,
805,The Beef Run,lou2,vo.beefrun.sasole.preflight.chocks-1.1,vo.beefrun.sasole.preflight.chocks-1.1.mp3,yes,,"Unless you plan on taking the runway with us, lose the blocks.",12,,,,,,,,
806,The Beef Run,lou2,vo.beefrun.sasole.preflight.chocks.done-1.1,vo.beefrun.sasole.preflight.chocks.done-1.1.mp3,yes,,Two of them. There are always two.,7,,,,,,,,
807,The Beef Run,lou2,vo.beefrun.sasole.preflight.caps-1.1,vo.beefrun.sasole.preflight.caps-1.1.mp3,yes,,Fuel staying inside the plane is one of aviation’s better traditions.,11,,,,,,,,
808,The Beef Run,lou2,vo.beefrun.sasole.preflight.caps.loose-1.1,vo.beefrun.sasole.preflight.caps.loose-1.1.mp3,yes,,That one’s loose. Turn it till it argues back.,9,,,,,,,,
809,The Beef Run,player,vo.beefrun.prospect.preflight.props-1.1,vo.beefrun.prospect.preflight.props-1.1.mp3,yes,,This blade is chipped.,4,,,,,,,,
810,The Beef Run,lou2,vo.beefrun.sasole.preflight.props-2.1,vo.beefrun.sasole.preflight.props-2.1.mp3,yes,,So is my front tooth. We both still work.,9,,,,,,,,
811,The Beef Run,lou2,vo.beefrun.sasole.preflight.drain-1.1,vo.beefrun.sasole.preflight.drain-1.1.mp3,yes,,Drain a cup off each side. If it’s cloudy there’s water in it.,13,,,,,,,,
812,The Beef Run,lou2,vo.beefrun.sasole.preflight.drain-2.1,vo.beefrun.sasole.preflight.drain-2.1.mp3,yes,,Hold it open. Let go when it runs clear.,9,hud-speak,,,,,,,
813,The Beef Run,player,vo.beefrun.prospect.preflight.drain.cloudy-1.1,vo.beefrun.prospect.preflight.drain.cloudy-1.1.mp3,yes,,It’s cloudy.,2,short,,,,,,,
814,The Beef Run,lou2,vo.beefrun.sasole.preflight.drain.cloudy-2.1,vo.beefrun.sasole.preflight.drain.cloudy-2.1.mp3,yes,,"That’s the airport’s fault, the fuel’s fault, and eventually ours.",10,,,,,,,,
815,The Beef Run,lou2,vo.beefrun.sasole.preflight.drain.cloudy-3.1,vo.beefrun.sasole.preflight.drain.cloudy-3.1.mp3,yes,,Again.,1,short,,,,,,,
816,The Beef Run,lou2,vo.beefrun.sasole.preflight.drain.clear-1.1,vo.beefrun.sasole.preflight.drain.clear-1.1.mp3,yes,,Clear. Now we’re only carrying the usual problems.,8,,,,,,,,
817,The Beef Run,lou2,vo.beefrun.sasole.preflight.door-1.1,vo.beefrun.sasole.preflight.door-1.1.mp3,yes,,The cargo door. Turn the handle until you hear the aeroplane agree.,12,,,,,,,,
818,The Beef Run,lou2,vo.beefrun.sasole.preflight.surfaces-1.1,vo.beefrun.sasole.preflight.surfaces-1.1.mp3,yes,,Move the elevator and the rudder. Watch them move.,9,,,,,,,,
819,The Beef Run,lou2,vo.beefrun.sasole.preflight.surfaces-2.1,vo.beefrun.sasole.preflight.surfaces-2.1.mp3,yes,,Up makes the houses smaller. Down makes them bigger. Don’t let them get too big.,15,,,,,,,,
820,The Beef Run,lou2,vo.beefrun.sasole.preflight.done-1.1,vo.beefrun.sasole.preflight.done-1.1.mp3,yes,,That’s a preflight. Get in.,5,,,,,,,,
821,The Beef Run,lou2,vo.beefrun.sasole.preflight.done-2.1,vo.beefrun.sasole.preflight.done-2.1.mp3,yes,,I’ll take the right seat. Slowly.,6,,,,,,,,
822,The Beef Run,lou2,vo.beefrun.sasole.start.begin-1.1,vo.beefrun.sasole.start.begin-1.1.mp3,yes,,Battery. Fuel selectors. Crack both throttles about an inch.,9,,,,,,,,
823,The Beef Run,lou2,vo.beefrun.sasole.start.begin-2.1,vo.beefrun.sasole.start.begin-2.1.mp3,yes,,"Then left engine. Then right. In that order, for reasons.",10,,,,,,,,
824,The Beef Run,lou2,vo.beefrun.sasole.start.leftRunning-1.1,vo.beefrun.sasole.start.leftRunning-1.1.mp3,yes,,There’s one.,2,short,,,,,,,
825,The Beef Run,lou2,vo.beefrun.sasole.start.rightBalk-1.1,vo.beefrun.sasole.start.rightBalk-1.1.mp3,yes,,She likes commitment.,3,short,,,,,,,
826,The Beef Run,lou2,vo.beefrun.sasole.start.rightBalk-2.1,vo.beefrun.sasole.start.rightBalk-2.1.mp3,yes,,Again.,1,short,,,,,,,
827,The Beef Run,lou2,vo.beefrun.sasole.start.rightCatch-1.1,vo.beefrun.sasole.start.rightCatch-1.1.mp3,yes,,There she is.,3,short,,,,,,,
828,The Beef Run,lou2,vo.beefrun.sasole.start.brake-1.1,vo.beefrun.sasole.start.brake-1.1.mp3,yes,,Parking brake off. Gently. They’re more of a written suggestion.,10,,,,,,,,
829,The Beef Run,lou2,vo.beefrun.sasole.lineup.begin-1.1,vo.beefrun.sasole.lineup.begin-1.1.mp3,yes,,"Run-up is good. Follow the arrow onto runway eighteen, point the nose south, then stop on the centerline.",18,,,,,,,,
830,The Beef Run,lou2,vo.beefrun.sasole.lineup.ready-1.1,vo.beefrun.sasole.lineup.ready-1.1.mp3,yes,,"There. Centerline under your nose. Full power when you are ready; at sixty, ease her off.",16,,,,,,,,
831,The Beef Run,lou2,vo.beefrun.sasole.taxi.route-1.1,vo.beefrun.sasole.taxi.route-1.1.mp3,yes,,Follow the faded yellow line out of the apron. It jogs right to the double bars at runway eighteen.,19,,,,,,,,
832,The Beef Run,lou2,vo.beefrun.sasole.taxi.begin-1.1,vo.beefrun.sasole.taxi.begin-1.1.mp3,yes,,"Taxi out. Little bursts of power, then let her roll.",10,,,,,,,,
833,The Beef Run,lou2,vo.beefrun.sasole.taxi.begin-2.1,vo.beefrun.sasole.taxi.begin-2.1.mp3,yes,,She doesn’t steer like a truck. She steers like an argument.,11,,,,,,,,
834,The Beef Run,lou2,vo.beefrun.sasole.taxi.fast-1.1,vo.beefrun.sasole.taxi.fast-1.1.mp3,yes,,Slow down. We’re not late for anything that matters.,9,,,,,,,,
835,The Beef Run,lou2,vo.beefrun.sasole.taxi.hold-1.1,vo.beefrun.sasole.taxi.hold-1.1.mp3,yes,,"Hold here. Feet on the brakes, run them both up.",10,hud-speak,,,,,,,
836,The Beef Run,player,vo.beefrun.prospect.runup.sputter-1.1,vo.beefrun.prospect.runup.sputter-1.1.mp3,yes,,Did that fix it?,4,,,,,,,,
837,The Beef Run,lou2,vo.beefrun.sasole.runup.sputter-2.1,vo.beefrun.sasole.runup.sputter-2.1.mp3,yes,,It changed the situation.,4,,,,,,,,
838,The Beef Run,lou2,vo.beefrun.sasole.runup.done-1.1,vo.beefrun.sasole.runup.done-1.1.mp3,yes,,Good enough. Line up.,4,,,,,,,,
839,The Beef Run,lou2,vo.beefrun.sasole.takeoff.brief-1.1,vo.beefrun.sasole.takeoff.brief-1.1.mp3,yes,,"Full power. Keep it straight. At sixty, pull back gently.",10,,,,,,,,
840,The Beef Run,player,vo.beefrun.prospect.takeoff.brief-2.1,vo.beefrun.prospect.takeoff.brief-2.1.mp3,yes,,What happens at sixty?,4,,,,,,,,
841,The Beef Run,lou2,vo.beefrun.sasole.takeoff.brief-3.1,vo.beefrun.sasole.takeoff.brief-3.1.mp3,yes,,We find out if I remembered the number.,8,,,,,,,,
842,The Beef Run,lou2,vo.beefrun.sasole.takeoff.rotate-1.1,vo.beefrun.sasole.takeoff.rotate-1.1.mp3,yes,,That’s sixty. Ease her off.,5,,,,,,,,
843,The Beef Run,lou2,vo.beefrun.sasole.takeoff.trees-1.1,vo.beefrun.sasole.takeoff.trees-1.1.mp3,yes,,Trees. Trees are the last part of the runway nobody paves.,11,,,,,,,,
844,The Beef Run,lou2,vo.beefrun.sasole.takeoff.clear-1.1,vo.beefrun.sasole.takeoff.clear-1.1.mp3,yes,,Congratulations. You have now flown exactly far enough to be blamed.,11,,,,,,,,
845,The Beef Run,lou2,vo.beefrun.sasole.takeoff.fly-1.1,vo.beefrun.sasole.takeoff.fly-1.1.mp3,yes,,Let me hear you fly.,5,,,,,,,,
846,The Beef Run,lou2,vo.beefrun.sasole.takeoff.fly-2.1,vo.beefrun.sasole.takeoff.fly-2.1.mp3,yes,,You are piping hot right now. El Hueso is south; keep the white diamond and compass arrow centered.,18,,,,,,,,
847,The Beef Run,lou2,vo.beefrun.sasole.takeoff.okay-1.1,vo.beefrun.sasole.takeoff.okay-1.1.mp3,yes,,Ohhhh kay.,2,short,,,,,,,
848,The Beef Run,lou2,vo.beefrun.sasole.takeoff.grass-1.1,vo.beefrun.sasole.takeoff.grass-1.1.mp3,yes,,That’s the grass. The grass is not the runway.,9,,,,,,,,
849,The Beef Run,lou2,vo.beefrun.sasole.takeoff.grass-2.1,vo.beefrun.sasole.takeoff.grass-2.1.mp3,yes,,Bring her back round and do it with more conviction.,10,,,,,,,,
850,The Beef Run,lou2,vo.beefrun.sasole.takeoff.behind-1.1,vo.beefrun.sasole.takeoff.behind-1.1.mp3,yes,,You have gone backwards off the end of a runway.,10,,,,,,,,
851,The Beef Run,lou2,vo.beefrun.sasole.takeoff.behind-2.1,vo.beefrun.sasole.takeoff.behind-2.1.mp3,yes,,The pines behind us are not a taxiway. Nothing back there is.,12,,,,,,,,
852,The Beef Run,lou2,vo.beefrun.sasole.takeoff.behind-3.1,vo.beefrun.sasole.takeoff.behind-3.1.mp3,yes,,Round the front. Same runway. Other direction.,7,,,,,,,,
853,The Beef Run,player,vo.beefrun.prospect.takeoff.stranded-1.1,vo.beefrun.prospect.takeoff.stranded-1.1.mp3,yes,,We’re in the trees.,4,,,,,,,,
854,The Beef Run,lou2,vo.beefrun.sasole.takeoff.stranded-2.1,vo.beefrun.sasole.takeoff.stranded-2.1.mp3,yes,,We are. And the tow is me and a rope and my whole afternoon.,14,,,,,,,,
855,The Beef Run,lou2,vo.beefrun.sasole.takeoff.stranded-3.1,vo.beefrun.sasole.takeoff.stranded-3.1.mp3,yes,,Sit still. I will put us back on the numbers and we will never speak of it.,17,,,,,,,,
856,The Beef Run,player,vo.beefrun.prospect.cruise.what-1.1,vo.beefrun.prospect.cruise.what-1.1.mp3,yes,,What exactly are we picking up?,6,,What are we actually picking up? And don't say meat.,"So what are we picking up. And I want you to answer that without using the word meat, because every time somebody says meat in this outfit it turns out not to be meat.",What are we pickin' up? And don't say meat. Every time someone says meat I end up carryin' somethin' I'd rather not.,"What is the actual cargo? And I'd appreciate the real answer, not the customs answer.","What are we picking up, exactly? I only ask because it's my name on the flight plan.",open,'Exactly' is the tell — this is a quest prompt. Make the kid ask like someone who has already guessed and is hoping he is wrong.
857,The Beef Run,lou2,vo.beefrun.sasole.cruise.what-2.1,vo.beefrun.sasole.cruise.what-2.1.mp3,yes,,Beef jerky.,2,short,,,,,,,
858,The Beef Run,player,vo.beefrun.prospect.cruise.what-3.1,vo.beefrun.prospect.cruise.what-3.1.mp3,yes,,That’s it?,2,short,,,,,,,
859,The Beef Run,lou2,vo.beefrun.sasole.cruise.what-4.1,vo.beefrun.sasole.cruise.what-4.1.mp3,yes,,Rare beef jerky.,3,short,,,,,,,
860,The Beef Run,player,vo.beefrun.prospect.cruise.what-5.1,vo.beefrun.prospect.cruise.what-5.1.mp3,yes,,How rare?,2,short,,,,,,,
861,The Beef Run,lou2,vo.beefrun.sasole.cruise.what-6.1,vo.beefrun.sasole.cruise.what-6.1.mp3,yes,,Possession is a customs event.,5,,,,,,,,
862,The Beef Run,lou2,vo.beefrun.sasole.cruise.photo-1.1,vo.beefrun.sasole.cruise.photo-1.1.mp3,yes,,"This is mountain-cured, pepper-crusted Silverback Reserve. Every strip has a serial number.",12,,,,,,,,
863,The Beef Run,player,vo.beefrun.prospect.cruise.photo-2.1,vo.beefrun.prospect.cruise.photo-2.1.mp3,yes,,Why is it illegal?,4,,How is that illegal? It's a photograph.,Explain to me how a photograph is illegal. Not a gun. Not a body. A photograph.,How's a photo illegal? It's a photo. Of what? Of who?,"It's a photograph. What jurisdiction on earth makes a photograph a felony, and how much are we getting paid for it?",Why would that be illegal? It's a picture. I don't — okay.,open,"Quest-log phrasing. He should be reacting, not requesting exposition."
864,The Beef Run,lou2,vo.beefrun.sasole.cruise.photo-3.1,vo.beefrun.sasole.cruise.photo-3.1.mp3,yes,,Trade agreement. Agricultural rules. Three senators own competing smokehouses. Pick a villain.,12,,,,,,,,
865,The Beef Run,lou2,vo.beefrun.sasole.nav.tower-1.1,vo.beefrun.sasole.nav.tower-1.1.mp3,yes,,Broken tower on the nose. Keep it off your left wing and hold what you’ve got.,16,hud-speak,,,,,,,
866,The Beef Run,lou2,vo.beefrun.sasole.nav.river-1.1,vo.beefrun.sasole.nav.river-1.1.mp3,yes,,River bent like a horseshoe. Follow the open end.,9,,,,,,,,
867,The Beef Run,lou2,vo.beefrun.sasole.nav.volcano-1.1,vo.beefrun.sasole.nav.volcano-1.1.mp3,yes,,"Volcano. Don’t fly through the smoke, it’s rude.",8,,,,,,,,
868,The Beef Run,lou2,vo.beefrun.sasole.nav.cliff-1.1,vo.beefrun.sasole.nav.cliff-1.1.mp3,yes,,Red cliff. After that it’s all jungle and bad ideas.,10,,,,,,,,
869,The Beef Run,lou2,vo.beefrun.sasole.turb.start-1.1,vo.beefrun.sasole.turb.start-1.1.mp3,yes,,Air’s getting lumpy. That’s the mountains breathing.,7,,,,,,,,
870,The Beef Run,lou2,vo.beefrun.sasole.turb.sick-1.1,vo.beefrun.sasole.turb.sick-1.1.mp3,yes,,I need you to fly smoother.,6,,,,,,,,
871,The Beef Run,player,vo.beefrun.prospect.turb.sick-2.1,vo.beefrun.prospect.turb.sick-2.1.mp3,yes,,I don’t know how.,4,,I don't know how to do that. Tell me how to do that. Tell me now.,I don't know how. Nobody showed me. There was a whole afternoon where somebody could have shown me and instead we talked about jerky.,I don't know how! Nobody showed me! We'd a full afternoon and we spent it talkin' about meat!,"I don't know how. This was not in the onboarding, and I want you to sit with the fact that there was no onboarding.","I don't know how to do that. Nobody told me. That's not — I'm not being difficult, I just don't know how.",open,Whiny and generic for a man flying contraband through a mountain range. His panic should be competent-adjacent.
872,The Beef Run,lou2,vo.beefrun.sasole.turb.sick-3.1,vo.beefrun.sasole.turb.sick-3.1.mp3,yes,,Then learn before my shirt becomes evidence.,7,,,,,,,,
873,The Beef Run,lou2,vo.beefrun.sasole.turb.bag-1.1,vo.beefrun.sasole.turb.bag-1.1.mp3,yes,,There are receipts in the sick bag. I’m putting it back.,11,,,,,,,,
874,The Beef Run,lou2,vo.beefrun.sasole.approach.falls-1.1,vo.beefrun.sasole.approach.falls-1.1.mp3,yes,,See that waterfall?,3,short,,,,,,,
875,The Beef Run,player,vo.beefrun.prospect.approach.falls-2.1,vo.beefrun.prospect.approach.falls-2.1.mp3,yes,,Yes.,1,filler short,Yeah. I see it.,Yeah. I'm looking right at it and I still don't believe it.,"I do, aye. I wish I didn't, but I do.","Affirmative, and I'd like it noted I saw it and said nothing for a full ten seconds.","Yeah. Yeah, I see it. Huh.",open,"One of a whole family of one-word Prospect responses across the Beef Run that turn the player's mouth into a dialogue-menu confirm button. Fix the pattern, not just this line."
876,The Beef Run,lou2,vo.beefrun.sasole.approach.falls-3.1,vo.beefrun.sasole.approach.falls-3.1.mp3,yes,,Fly toward it.,3,short,,,,,,,
877,The Beef Run,player,vo.beefrun.prospect.approach.falls-4.1,vo.beefrun.prospect.approach.falls-4.1.mp3,yes,,There’s a mountain behind it.,5,,,,,,,,
878,The Beef Run,lou2,vo.beefrun.sasole.approach.falls-5.1,vo.beefrun.sasole.approach.falls-5.1.mp3,yes,,The runway is before the mountain.,6,,,,,,,,
879,The Beef Run,player,vo.beefrun.prospect.approach.falls-6.1,vo.beefrun.prospect.approach.falls-6.1.mp3,yes,,That feels important.,3,short,,,,,,,
880,The Beef Run,lou2,vo.beefrun.sasole.approach.valley-1.1,vo.beefrun.sasole.approach.valley-1.1.mp3,yes,,"Down into the valley. Power back, flaps out, and pick your line early.",13,,,,,,,,
881,The Beef Run,lou2,vo.beefrun.sasole.approach.valley-2.1,vo.beefrun.sasole.approach.valley-2.1.mp3,yes,,You get one. There is no going round again in here.,11,,,,,,,,
882,The Beef Run,lou2,vo.beefrun.sasole.approach.high-1.1,vo.beefrun.sasole.approach.high-1.1.mp3,yes,,Too high.,2,short,,,,,,,
883,The Beef Run,lou2,vo.beefrun.sasole.approach.high2-1.1,vo.beefrun.sasole.approach.high2-1.1.mp3,yes,,Still too high.,3,short,,,,,,,
884,The Beef Run,lou2,vo.beefrun.sasole.approach.high3-1.1,vo.beefrun.sasole.approach.high3-1.1.mp3,yes,,Now you’re proving a point.,5,,,,,,,,
885,The Beef Run,lou2,vo.beefrun.sasole.approach.low-1.1,vo.beefrun.sasole.approach.low-1.1.mp3,yes,,Low. Add power before the trees do it for you.,10,,,,,,,,
886,The Beef Run,lou2,vo.beefrun.sasole.approach.slow-1.1,vo.beefrun.sasole.approach.slow-1.1.mp3,yes,,Power. Power. POWER.,3,short,,,,,,,
887,The Beef Run,lou2,vo.beefrun.sasole.approach.fast-1.1,vo.beefrun.sasole.approach.fast-1.1.mp3,yes,,"We’re landing here, not in the next country.",8,,,,,,,,
888,The Beef Run,lou2,vo.beefrun.sasole.approach.flare-1.1,vo.beefrun.sasole.approach.flare-1.1.mp3,yes,,Hold it off. Hold it. Let her sit down.,9,hud-speak,,,,,,,
889,The Beef Run,lou2,vo.beefrun.sasole.landing.good-1.1,vo.beefrun.sasole.landing.good-1.1.mp3,yes,,That was a landing. I want that noted somewhere.,9,,,,,,,,
890,The Beef Run,lou2,vo.beefrun.sasole.landing.rough-1.1,vo.beefrun.sasole.landing.rough-1.1.mp3,yes,,We arrived before the important pieces fell off. Count it.,10,,,,,,,,
891,The Beef Run,lou2,vo.beefrun.sasole.landing.bad-1.1,vo.beefrun.sasole.landing.bad-1.1.mp3,yes,,Some of that was flying.,5,,,,,,,,
892,The Beef Run,lou2,vo.beefrun.sasole.landing.bad-2.1,vo.beefrun.sasole.landing.bad-2.1.mp3,yes,,Shut it down before anything else agrees to come off.,10,,,,,,,,
893,The Beef Run,cecilio,vo.beefrun.cecilio.cecilio.meet-1.1,vo.beefrun.cecilio.cecilio.meet-1.1.mp3,yes,,Grass-fed. Cold-smoked. Forty-two days in mountain air.,7,,,,,,,,
894,The Beef Run,player,vo.beefrun.prospect.cecilio.meet-2.1,vo.beefrun.prospect.cecilio.meet-2.1.mp3,yes,,It looks like jerky.,4,,,,,,,,
895,The Beef Run,lou2,vo.beefrun.sasole.cecilio.silence-1.1,vo.beefrun.sasole.cecilio.silence-1.1.mp3,yes,,He’s new.,2,short,,,,,,,
896,The Beef Run,cecilio,vo.beefrun.cecilio.cecilio.silence-2.1,vo.beefrun.cecilio.cecilio.silence-2.1.mp3,yes,,This is not gas-station meat.,5,,,,,,,,
897,The Beef Run,player,vo.beefrun.prospect.cecilio.silence-3.1,vo.beefrun.prospect.cecilio.silence-3.1.mp3,yes,,Understood.,1,short,Understood. I won't say the word again.,Understood. And I want you to know I will never say that word in this vehicle again as long as I live.,Understood. I'll never say it again. Not once. Not even in me head.,Understood. Noted. Internalized. I will die before I use that word incorrectly in front of you again.,Understood. I won't bring it up again. That's my mistake.,open,Corporate. The kid is being lectured about jerky lineage by a man who takes it deadly seriously; his answer should show he has clocked that.
898,The Beef Run,cecilio,vo.beefrun.cecilio.cecilio.silence-4.1,vo.beefrun.cecilio.cecilio.silence-4.1.mp3,yes,,This jerky has lineage.,4,,,,,,,,
899,The Beef Run,lou2,vo.beefrun.sasole.load.brief-1.1,vo.beefrun.sasole.load.brief-1.1.mp3,yes,,Three crates. Three positions. One in each and she flies like an aeroplane.,13,,,,,,,,
900,The Beef Run,lou2,vo.beefrun.sasole.load.brief-2.1,vo.beefrun.sasole.load.brief-2.1.mp3,yes,,All three in the back and she flies like a seesaw.,11,,,,,,,,
901,The Beef Run,lou2,vo.beefrun.sasole.load.tail-1.1,vo.beefrun.sasole.load.tail-1.1.mp3,yes,,Move one forward unless you want the plane climbing before the runway starts.,13,,,,,,,,
902,The Beef Run,lou2,vo.beefrun.sasole.load.nose-1.1,vo.beefrun.sasole.load.nose-1.1.mp3,yes,,"We’re hauling jerky, not trying to drill for oil with the nose.",12,,,,,,,,
903,The Beef Run,lou2,vo.beefrun.sasole.load.strap-1.1,vo.beefrun.sasole.load.strap-1.1.mp3,yes,,Strap them. Loose cargo is just weight that gets a vote.,11,,,,,,,,
904,The Beef Run,lou2,vo.beefrun.sasole.load.done-1.1,vo.beefrun.sasole.load.done-1.1.mp3,yes,,Door shut and latched. Say it out loud so I hear you say it.,14,,,,,,,,
905,The Beef Run,lookout,vo.beefrun.lookout.depart.engine-1.1,vo.beefrun.lookout.depart.engine-1.1.mp3,yes,,"(radio, urgent) Motor. Two valleys over, coming this way.",9,,,,,,,,
906,The Beef Run,cecilio,vo.beefrun.cecilio.depart.engine-2.1,vo.beefrun.cecilio.depart.engine-2.1.mp3,yes,,Aeroplane. Bureau. Go now.,4,,,,,,,,
907,The Beef Run,lou2,vo.beefrun.sasole.depart.lou-1.1,vo.beefrun.sasole.depart.lou-1.1.mp3,yes,,You’re flying back.,3,short,,,,,,,
908,The Beef Run,player,vo.beefrun.prospect.depart.lou-2.1,vo.beefrun.prospect.depart.lou-2.1.mp3,yes,,I barely landed.,3,short,,,,,,,
909,The Beef Run,lou2,vo.beefrun.sasole.depart.lou-3.1,vo.beefrun.sasole.depart.lou-3.1.mp3,yes,,And now you’re experienced.,4,,,,,,,,
910,The Beef Run,lou2,vo.beefrun.sasole.depart.seat-1.1,vo.beefrun.sasole.depart.seat-1.1.mp3,yes,,Wake me if an engine quits.,6,,,,,,,,
911,The Beef Run,player,vo.beefrun.prospect.depart.seat-2.1,vo.beefrun.prospect.depart.seat-2.1.mp3,yes,,Which engine?,2,short,,,,,,,
912,The Beef Run,lou2,vo.beefrun.sasole.depart.seat-3.1,vo.beefrun.sasole.depart.seat-3.1.mp3,yes,,The loud one.,3,short,,,,,,,
913,The Beef Run,lou2,vo.beefrun.sasole.depart.downhill-1.1,vo.beefrun.sasole.depart.downhill-1.1.mp3,yes,,Downhill. The arrow on the barrel is not decoration.,9,,,,,,,,
914,The Beef Run,lou2,vo.beefrun.sasole.depart.downhill-2.1,vo.beefrun.sasole.depart.downhill-2.1.mp3,yes,,Keep it rolling.,3,short,,,,,,,
915,The Beef Run,player,vo.beefrun.prospect.depart.runway-1.1,vo.beefrun.prospect.depart.runway-1.1.mp3,yes,,We’re running out of runway.,5,,,,,,,,
916,The Beef Run,lou2,vo.beefrun.sasole.depart.runway-2.1,vo.beefrun.sasole.depart.runway-2.1.mp3,yes,,Then stop looking at it.,5,,,,,,,,
917,The Beef Run,lou2,vo.beefrun.sasole.depart.clear-1.1,vo.beefrun.sasole.depart.clear-1.1.mp3,yes,,Cliff. That’s the good kind of nothing underneath you.,9,,,,,,,,
918,The Beef Run,lou2,vo.beefrun.sasole.return.river-1.1,vo.beefrun.sasole.return.river-1.1.mp3,yes,,Stay near the river.,4,,,,,,,,
919,The Beef Run,player,vo.beefrun.prospect.return.river-2.1,vo.beefrun.prospect.return.river-2.1.mp3,yes,,Why?,1,short,,,,,,,
920,The Beef Run,lou2,vo.beefrun.sasole.return.river-3.1,vo.beefrun.sasole.return.river-3.1.mp3,yes,,Because rivers rarely build towers.,5,,,,,,,,
921,The Beef Run,lou2,vo.beefrun.sasole.return.ridge-1.1,vo.beefrun.sasole.return.ridge-1.1.mp3,yes,,Ridge ahead. Left side.,4,,,,,,,,
922,The Beef Run,player,vo.beefrun.prospect.return.ridge-2.1,vo.beefrun.prospect.return.ridge-2.1.mp3,yes,,The left side has trees.,5,,,,,,,,
923,The Beef Run,lou2,vo.beefrun.sasole.return.ridge-3.1,vo.beefrun.sasole.return.ridge-3.1.mp3,yes,,The right side has government.,5,,,,,,,,
924,The Beef Run,lou2,vo.beefrun.sasole.return.rain-1.1,vo.beefrun.sasole.return.rain-1.1.mp3,yes,,Rain. Good. Nobody looks up in it.,7,,,,,,,,
925,The Beef Run,caib-radio,vo.beefrun.caib.caib.sweep-1.1,vo.beefrun.caib.caib.sweep-1.1.mp3,yes,,"...sector four, negative contact, continuing the pattern.",7,,,,,,,,
926,The Beef Run,lou2,vo.beefrun.sasole.caib.sweep-2.1,vo.beefrun.sasole.caib.sweep-2.1.mp3,yes,,They’re sweeping. Get lower.,4,,,,,,,,
927,The Beef Run,caib-radio,vo.beefrun.caib.caib.hail-1.1,vo.beefrun.caib.caib.hail-1.1.mp3,yes,,"Unidentified cargo aircraft, alter course and prepare for agricultural inspection.",10,,,,,,,,
928,The Beef Run,lou2,vo.beefrun.sasole.caib.hail-2.1,vo.beefrun.sasole.caib.hail-2.1.mp3,yes,,Do not answer.,3,short,,,,,,,
929,The Beef Run,player,vo.beefrun.prospect.caib.hail-3.1,vo.beefrun.prospect.caib.hail-3.1.mp3,yes,,They know we’re here.,4,,,,,,,,
930,The Beef Run,lou2,vo.beefrun.sasole.caib.hail-4.1,vo.beefrun.sasole.caib.hail-4.1.mp3,yes,,"Knowing and proving are cousins, not twins.",7,,,,,,,,
931,The Beef Run,lou2,vo.beefrun.sasole.caib.chase-1.1,vo.beefrun.sasole.caib.chase-1.1.mp3,yes,,Behind us. Don’t climb — climbing is how you introduce yourself.,11,,,,,,,,
932,The Beef Run,lou2,vo.beefrun.sasole.caib.chase-2.1,vo.beefrun.sasole.caib.chase-2.1.mp3,yes,,"Canyon, cloud, or the saddle in that ridge. Pick one and commit.",12,,,,,,,,
933,The Beef Run,lou2,vo.beefrun.sasole.caib.lost-1.1,vo.beefrun.sasole.caib.lost-1.1.mp3,yes,,Gone. Or bored. Both spend the same.,7,,,,,,,,
934,The Beef Run,lou2,vo.beefrun.sasole.caib.boundary-1.1,vo.beefrun.sasole.caib.boundary-1.1.mp3,yes,,That range behind us is the whole argument. We’re somebody else’s paperwork now.,13,,,,,,,,
935,The Beef Run,lou2,vo.beefrun.sasole.engine.hot-1.1,vo.beefrun.sasole.engine.hot-1.1.mp3,yes,,Left one’s running hot. Ease back the left throttle.,9,,,,,,,,
936,The Beef Run,player,vo.beefrun.prospect.engine.hot-2.1,vo.beefrun.prospect.engine.hot-2.1.mp3,yes,,We need both engines.,4,,,,,,,,
937,The Beef Run,lou2,vo.beefrun.sasole.engine.hot-3.1,vo.beefrun.sasole.engine.hot-3.1.mp3,yes,,That is why the plane came with two.,8,,,,,,,,
938,The Beef Run,lou2,vo.beefrun.sasole.engine.cooling-1.1,vo.beefrun.sasole.engine.cooling-1.1.mp3,yes,,Let it sulk. Fly the other one.,7,,,,,,,,
939,The Beef Run,lou2,vo.beefrun.sasole.engine.recovered-1.1,vo.beefrun.sasole.engine.recovered-1.1.mp3,yes,,Temperature’s down. Give it half and don’t apologise to it.,10,,,,,,,,
940,The Beef Run,lou2,vo.beefrun.sasole.home.sight-1.1,vo.beefrun.sasole.home.sight-1.1.mp3,yes,,"That’s the field. Same as you left it, which is the best it does.",14,,,,,,,,
941,The Beef Run,player,vo.beefrun.prospect.home.sight-2.1,vo.beefrun.prospect.home.sight-2.1.mp3,yes,,The runway lights are out.,5,,,,,,,,
942,The Beef Run,lou2,vo.beefrun.sasole.home.sight-3.1,vo.beefrun.sasole.home.sight-3.1.mp3,yes,,They have been out since the county discovered invoices.,9,,,,,,,,
943,The Beef Run,player,vo.beefrun.prospect.home.sight-4.1,vo.beefrun.prospect.home.sight-4.1.mp3,yes,,How do I see the runway?,6,,,,,,,,
944,The Beef Run,lou2,vo.beefrun.sasole.home.headlights-1.1,vo.beefrun.sasole.home.headlights-1.1.mp3,yes,,Community support.,2,short,,,,,,,
945,The Beef Run,lou2,vo.beefrun.sasole.home.final-1.1,vo.beefrun.sasole.home.final-1.1.mp3,yes,,Crosswind from the left. Point the nose into it and land on the wheel that’s low.,16,,,,,,,,
946,The Beef Run,lou2,vo.beefrun.sasole.home.brake-1.1,vo.beefrun.sasole.home.brake-1.1.mp3,yes,,Feet down. Hold the brakes and keep her straight. We still need the hangar.,14,hud-speak,,,,,,,
947,The Beef Run,player,vo.beefrun.prospect.end.bucket-1.1,vo.beefrun.prospect.end.bucket-1.1.mp3,yes,,So that was the job?,5,,,,,,,,
948,The Beef Run,lou2,vo.beefrun.sasole.end.bucket-2.1,vo.beefrun.sasole.end.bucket-2.1.mp3,yes,,That was the interview.,4,,,,,,,,
949,The Beef Run,squatch-associate,vo.beefrun.associate.end.crew-1.1,vo.beefrun.associate.end.crew-1.1.mp3,yes,,Sasole. You’re green.,3,short,,,,,,,
950,The Beef Run,lou2,vo.beefrun.sasole.end.crew-2.1,vo.beefrun.sasole.end.crew-2.1.mp3,yes,,I have been green since the mountains. Take the middle one first.,12,,,,,,,,
951,The Beef Run,player,vo.beefrun.prospect.end.crew-3.1,vo.beefrun.prospect.end.crew-3.1.mp3,yes,,Should I help?,3,short,"You want a hand, or is this a thing I'm not supposed to see?",You want a hand with that? Or is this one of those things where I help and then I know something.,D'you want a hand? Or am I better off lookin' at that tree for a bit?,"Do you need help, or would helping make me a participant? Because I'm learning those are different.",You want a hand with that? I don't mind. I'd just as soon be useful.,open,Deferential and small. He can offer without sounding like an intern.
952,The Beef Run,lou2,vo.beefrun.sasole.end.crew-4.1,vo.beefrun.sasole.end.crew-4.1.mp3,yes,,You flew it here. That was your half.,8,,,,,,,,
953,The Beef Run,lou2,vo.beefrun.sasole.end.bite-1.1,vo.beefrun.sasole.end.bite-1.1.mp3,yes,,Worth it.,2,short,,,,,,,
954,The Beef Run,player,vo.beefrun.prospect.end.envelope-1.1,vo.beefrun.prospect.end.envelope-1.1.mp3,yes,,This is my cut?,4,,,,,,,,
955,The Beef Run,lou2,vo.beefrun.sasole.end.envelope-2.1,vo.beefrun.sasole.end.envelope-2.1.mp3,yes,,You’re still a prospect.,4,,,,,,,,
956,The Beef Run,lou2,vo.beefrun.sasole.end.envelope-3.1,vo.beefrun.sasole.end.envelope-3.1.mp3,yes,,Same time tomorrow. Bring a bag for me and nothing for you.,12,,,,,,,,
957,The Beef Run,lou2,vo.beefrun.sasole.bark-stall-1.1,vo.beefrun.sasole.bark-stall-1.1.mp3,yes,,Nose down! The sky is not holding meetings today!,9,,,,,,,,
958,The Beef Run,lou2,vo.beefrun.sasole.bark-stall-2.1,vo.beefrun.sasole.bark-stall-2.1.mp3,yes,,Nose down. Down. The other down.,6,,,,,,,,
959,The Beef Run,lou2,vo.beefrun.sasole.bark-stall-3.1,vo.beefrun.sasole.bark-stall-3.1.mp3,yes,,You’re out of speed and ideas. Fix the speed one.,10,,,,,,,,
960,The Beef Run,lou2,vo.beefrun.sasole.bark-overspeed-1.1,vo.beefrun.sasole.bark-overspeed-1.1.mp3,yes,,Ease off. She starts shedding parts as a hint.,9,,,,,,,,
961,The Beef Run,lou2,vo.beefrun.sasole.bark-overspeed-2.1,vo.beefrun.sasole.bark-overspeed-2.1.mp3,yes,,That noise is the airframe filing a complaint.,8,,,,,,,,
962,The Beef Run,lou2,vo.beefrun.sasole.bark-terrain-1.1,vo.beefrun.sasole.bark-terrain-1.1.mp3,yes,,Ground. Ground is a solid.,5,,,,,,,,
963,The Beef Run,lou2,vo.beefrun.sasole.bark-terrain-2.1,vo.beefrun.sasole.bark-terrain-2.1.mp3,yes,,Up. Now would be the time.,6,,,,,,,,
964,The Beef Run,lou2,vo.beefrun.sasole.bark-gearHard-1.1,vo.beefrun.sasole.bark-gearHard-1.1.mp3,yes,,Feel that? That was the landing gear’s entire remaining career.,10,,,,,,,,
965,The Beef Run,lou2,vo.beefrun.sasole.bark-gearHard-2.1,vo.beefrun.sasole.bark-gearHard-2.1.mp3,yes,,That noise came out of the maintenance budget.,8,,,,,,,,
966,The Beef Run,lou2,vo.beefrun.sasole.bark-gearHard-3.1,vo.beefrun.sasole.bark-gearHard-3.1.mp3,yes,,"If the wheels are still round, buy them dinner.",9,,,,,,,,
967,The Beef Run,lou2,vo.beefrun.sasole.bark-banked-1.1,vo.beefrun.sasole.bark-banked-1.1.mp3,yes,,Level it. My coffee has opinions.,6,,,,,,,,
968,The Beef Run,lou2,vo.beefrun.sasole.bark-banked-2.1,vo.beefrun.sasole.bark-banked-2.1.mp3,yes,,That’s a lot of angle for a man with my stomach.,11,,,,,,,,
969,The Beef Run,lou2,vo.beefrun.sasole.bark-smooth-1.1,vo.beefrun.sasole.bark-smooth-1.1.mp3,yes,,That’s better. Keep doing whatever that was.,7,,,,,,,,
970,The Beef Run,lou2,vo.beefrun.sasole.bark-smooth-2.1,vo.beefrun.sasole.bark-smooth-2.1.mp3,yes,,Good. Boring. Boring is the whole job.,7,,,,,,,,
971,The Beef Run,lou2,vo.beefrun.sasole.bark-smooth-3.1,vo.beefrun.sasole.bark-smooth-3.1.mp3,yes,,There. Small inputs. The plane likes that.,7,,,,,,,,
972,The Beef Run,lou2,vo.beefrun.sasole.bark-rough-1.1,vo.beefrun.sasole.bark-rough-1.1.mp3,yes,,"Easy on the yoke. You are flying an aeroplane, not shaking a vending machine.",14,,,,,,,,
973,The Beef Run,lou2,vo.beefrun.sasole.bark-rough-2.1,vo.beefrun.sasole.bark-rough-2.1.mp3,yes,,Stop stirring the sky. Small inputs.,6,,,,,,,,
974,The Beef Run,lou2,vo.beefrun.sasole.bark-rough-3.1,vo.beefrun.sasole.bark-rough-3.1.mp3,yes,,Your hands have opinions. I need them to have fewer.,10,,,,,,,,
975,The Beef Run,lou2,vo.beefrun.sasole.bark-holy-1.1,vo.beefrun.sasole.bark-holy-1.1.mp3,yes,,Holee leee.,2,short,,,,,,,
976,The Beef Run,lou2,vo.beefrun.sasole.bark-holy-2.1,vo.beefrun.sasole.bark-holy-2.1.mp3,yes,,"If you meant to do that, never do it again.",10,,,,,,,,
977,The Beef Run,lou2,vo.beefrun.sasole.bark-holy-3.1,vo.beefrun.sasole.bark-holy-3.1.mp3,yes,,My stomach just filed a transfer request.,7,,,,,,,,
978,The Beef Run,lou2,vo.beefrun.sasole.bark-offCourseLeft-1.1,vo.beefrun.sasole.bark-offCourseLeft-1.1.mp3,yes,,Marker is left. Turn left and bring the diamond back into the glass.,13,,,,,,,,
979,The Beef Run,lou2,vo.beefrun.sasole.bark-offCourseLeft-2.1,vo.beefrun.sasole.bark-offCourseLeft-2.1.mp3,yes,,You are right of course. Ease left; the compass is asking politely.,12,,,,,,,,
980,The Beef Run,lou2,vo.beefrun.sasole.bark-offCourseLeft-3.1,vo.beefrun.sasole.bark-offCourseLeft-3.1.mp3,yes,,The arrow wants left. It is better at directions than either of us.,13,,,,,,,,
981,The Beef Run,lou2,vo.beefrun.sasole.bark-offCourseRight-1.1,vo.beefrun.sasole.bark-offCourseRight-1.1.mp3,yes,,Marker is right. Turn right and put the diamond back in the middle.,13,,,,,,,,
982,The Beef Run,lou2,vo.beefrun.sasole.bark-offCourseRight-2.1,vo.beefrun.sasole.bark-offCourseRight-2.1.mp3,yes,,You are left of course. Ease right; the compass is asking politely.,12,,,,,,,,
983,The Beef Run,lou2,vo.beefrun.sasole.bark-offCourseRight-3.1,vo.beefrun.sasole.bark-offCourseRight-3.1.mp3,yes,,The arrow wants right. It is better at directions than either of us.,13,,,,,,,,
984,The Beef Run,lou2,vo.beefrun.sasole.bark-taxiLost-1.1,vo.beefrun.sasole.bark-taxiLost-1.1.mp3,yes,,Yellow line to the double bars. That is hold short for runway eighteen.,13,hud-speak,,,,,,,
985,The Beef Run,lou2,vo.beefrun.sasole.bark-taxiLost-2.1,vo.beefrun.sasole.bark-taxiLost-2.1.mp3,yes,,The runway is east of the apron. Follow the yellow stripe; we painted it for this exact moment.,18,,,,,,,,
986,The Beef Run,lou2,vo.beefrun.sasole.bark-cargoShift-1.1,vo.beefrun.sasole.bark-cargoShift-1.1.mp3,yes,,Something moved back there. That is never good news.,9,,,,,,,,
987,The Beef Run,lou2,vo.beefrun.sasole.bark-cargoShift-2.1,vo.beefrun.sasole.bark-cargoShift-2.1.mp3,yes,,The jerky changed seats. Fly like it has another vote.,10,,,,,,,,
988,The Beef Run,lou2,vo.beefrun.sasole.bark-cargoShift-3.1,vo.beefrun.sasole.bark-cargoShift-3.1.mp3,yes,,Cargo is walking around back there. Smooth it out.,9,,,,,,,,
989,The Beef Run,lou2,vo.beefrun.sasole.bark-patrolClose-1.1,vo.beefrun.sasole.bark-patrolClose-1.1.mp3,yes,,Lower. Trees are free cover and nobody bills you for them.,11,,,,,,,,
990,The Beef Run,lou2,vo.beefrun.sasole.bark-patrolClose-2.1,vo.beefrun.sasole.bark-patrolClose-2.1.mp3,yes,,Keep the ridge between us and the badge.,8,,,,,,,,
991,The Beef Run,lou2,vo.beefrun.sasole.bark-patrolClose-3.1,vo.beefrun.sasole.bark-patrolClose-3.1.mp3,yes,,Cloud or canyon. Either one has fewer forms.,8,,,,,,,,
992,The Beef Run,lou2,vo.beefrun.sasole.bark-cruise-1.1,vo.beefrun.sasole.bark-cruise-1.1.mp3,yes,,Hold this line. The aeroplane finally believes you.,8,hud-speak,,,,,,,
993,The Beef Run,lou2,vo.beefrun.sasole.bark-cruise-2.1,vo.beefrun.sasole.bark-cruise-2.1.mp3,yes,,That is good flying. Do not celebrate where the plane can hear you.,13,,,,,,,,
994,The Beef Run,lou2,vo.beefrun.sasole.bark-cruise-3.1,vo.beefrun.sasole.bark-cruise-3.1.mp3,yes,,"Needles steady, cargo quiet. This is the part nobody puts in the movie.",13,,,,,,,,
995,The Beef Run,lou2,vo.beefrun.sasole.bark-cruise-4.1,vo.beefrun.sasole.bark-cruise-4.1.mp3,yes,,Keep the diamond centered and let the engines earn their fuel.,11,,,,,,,,
996,The Beef Run,lou2,vo.beefrun.sasole.bark-cruise-5.1,vo.beefrun.sasole.bark-cruise-5.1.mp3,yes,,"Small corrections. We are smuggling beef, not wrestling weather.",9,,,,,,,,
997,The Beef Run,lou2,vo.beefrun.sasole.bark-cruise-6.1,vo.beefrun.sasole.bark-cruise-6.1.mp3,yes,,Look outside once in a while. The mountains are doing most of the navigating.,14,,,,,,,,
998,The Beef Run,lou2,vo.beefrun.sasole.bark-finalLine-1.1,vo.beefrun.sasole.bark-finalLine-1.1.mp3,yes,,Runway is under the lights. Bring the nose back to center.,11,,,,,,,,
999,The Beef Run,lou2,vo.beefrun.sasole.bark-finalLine-2.1,vo.beefrun.sasole.bark-finalLine-2.1.mp3,yes,,You are drifting off the pavement. Correct gently.,8,,,,,,,,
1000,The Beef Run,lou2,vo.beefrun.sasole.bark-finalLine-3.1,vo.beefrun.sasole.bark-finalLine-3.1.mp3,yes,,Centerline first. Pride later.,4,,,,,,,,
1001,The Beef Run,lou2,vo.beefrun.sasole.bark-finalFast-1.1,vo.beefrun.sasole.bark-finalFast-1.1.mp3,yes,,Too fast for this runway. Power back and let the nose rise.,12,,,,,,,,
1002,The Beef Run,lou2,vo.beefrun.sasole.bark-finalFast-2.1,vo.beefrun.sasole.bark-finalFast-2.1.mp3,yes,,"Slow it down. Asphalt is cheaper than forest, but there is less of it.",14,,,,,,,,
1003,The Beef Run,lou2,vo.beefrun.sasole.bark-finalFast-3.1,vo.beefrun.sasole.bark-finalFast-3.1.mp3,yes,,"We need wheels on pavement, not a low pass for the county.",12,,,,,,,,
1004,The Beef Run,lou2,vo.beefrun.sasole.bark-finalHigh-1.1,vo.beefrun.sasole.bark-finalHigh-1.1.mp3,yes,,You are high. Power back and follow the light ladder down.,11,,,,,,,,
1005,The Beef Run,lou2,vo.beefrun.sasole.bark-finalHigh-2.1,vo.beefrun.sasole.bark-finalHigh-2.1.mp3,yes,,"The runway is below us, which is useful only if we descend.",12,,,,,,,,
1006,The Beef Run,lou2,vo.beefrun.sasole.bark-finalHigh-3.1,vo.beefrun.sasole.bark-finalHigh-3.1.mp3,yes,,Ease the nose down. We are out of sky before we are out of runway.,15,,,,,,,,
1007,The Beef Run,lou2,vo.beefrun.sasole.bark-finalFlare-1.1,vo.beefrun.sasole.bark-finalFlare-1.1.mp3,yes,,Eyes at the far end. Hold it off.,8,hud-speak,,,,,,,
1008,The Beef Run,lou2,vo.beefrun.sasole.bark-finalFlare-2.1,vo.beefrun.sasole.bark-finalFlare-2.1.mp3,yes,,Easy now. Let the runway come to you.,8,,,,,,,,
1009,The Beef Run,lou2,vo.beefrun.sasole.bark-finalFlare-3.1,vo.beefrun.sasole.bark-finalFlare-3.1.mp3,yes,,Small pull. Keep it straight. Let her settle.,8,,,,,,,,
1010,Squatchfather,mcclawsky,vo.sf.greeting.1,vo.sf.greeting.1.mp3,yes,,"Let's go, big man. The meter's running, and I've got a wife who thinks I'm at a prayer group.",19,,"Move, ape. He's been sat in there forty minutes with nothing in front of him but a glass of water and his own opinions.","Forty minutes he's been in that booth. No food, no paper, nothing to look at. You know what a man does with forty empty minutes? He starts deciding things. Let's get in there before he finishes.","Come on to fuck. He gets worse the longer he sits, and he started out fairly bad.","Let's go, big man. Table's under a name neither of us can spell, the meter's running, and I've got a wife who thinks I'm at a prayer group.","They're waiting on you. I don't like to be the one to say it. But they have been waiting a while now, and it's the kind of thing that gets noticed.",ACCEPTED 2026-08-19,Bellhop politeness from a bent cop. He is escorting a kid to a table where he expects him to fold; that should be in his mouth.
1011,Squatchfather,sal,vo.sf.opening.1,vo.sf.opening.1.mp3,yes,,The Sasquatches are making business difficult.,6,,Your family is costing me money in a way I can't put on a page. Every week I write a number down and every week your uncle makes it smaller with his hands.,"You know what I like about your people? Commitment. Genuine, unreasonable commitment. I've got two docks, four routes, and a man in Tacoma who counts for me, and every one of them has been made stupid by sasquatches who will not take a phone call. That's not war. War I understand. That's just bad manners with a body count.","Your lot are ruinin' me. Not beatin' me, mind. Ruinin' me. There's a difference and it's mostly paperwork.","Let me be transparent with you, because I value transparency. Your family is a market inefficiency. You're sitting on distribution you don't understand, running it like a hobby, and I'm the one man in this city willing to professionalize it before somebody less friendly does it for free.","Things have been difficult. Business-wise. I don't want to overstate it. But I've had to have conversations I'd rather not have had, and I'd say that's on your family, more or less.",open,"A press release. Sal wants to sound reasonable, but 'difficult' costs him nothing to say and tells the player nothing about what he actually wants."
1012,Squatchfather,player,vo.sf.opening.history.2,vo.sf.opening.history.2.mp3,yes,,You put four in my uncle outside a fruit stand six years ago and now you want to talk about routes.,21,,You put four in my uncle outside a fruit stand and now you want to talk about routes.,"See, that's a nice word. Difficult. My uncle's got a bag on his side he has to empty himself, and you're sat there saying difficult like the traffic was bad.","You shot up my family, you're sat there orderin' veal, and you've the neck to call us difficult.",You sent men to my family's business with guns and now you're pitching me a partnership. Is there a brochure?,"You shot my people. That's — I mean, that happened. That's a thing that happened and now we're eating.",ACCEPTED 2026-08-19,Statement of fact with no injury in it. The kid watched his people get shot; this reads like a customer-service complaint.
1013,Squatchfather,sal,vo.sf.opening.3,vo.sf.opening.3.mp3,yes,,Business disagreement.,2,short,Your uncle said no to me in front of people. There's no version of that where he stays standing.,"It was a negotiation. Negotiations have positions. Your uncle took his position, I took mine, mine had more men in it. Don't confuse the outcome with the intent — I liked him.","It was business. He said no, and he said it loud, and there was a fella from Seattle watchin'. What was I meant to do, send a card?","That was a restructuring. Nobody enjoys a restructuring. But you don't take it personally, because the alternative is everybody gets restructured, including me.","Well. There was a disagreement. It got away from everybody a little. That's how these things tend to go, in my experience.",open,The single worst line in the scene. Two words of nothing where the audience needs to hear a man rationalize murder to a victim's face.
1014,Squatchfather,player,vo.sf.opening.history.4,vo.sf.opening.history.4.mp3,yes,,"You shot Booski. In the stomach. Four times. Six years ago. He healed mean and still sends you a card every anniversary, so.",23,,You shot Booski in the gut on a Tuesday and left him crawling to a payphone.,You shot Booski. In the stomach. Which — and I want you to hear this — is the one place you shoot a man when you want him to have time to think about it.,"You shot Booski. In the stomach. Four times. He's forty-one and he shits in a bag now, so.",You shot Booski. He's got a colostomy bag and a lawsuit and neither one of them's covered.,"You shot Booski. He's — he's not doing great, is the thing. It's not the kind of thing that heals up.",ACCEPTED 2026-08-19,"Three words. No image, no weight. The player should make the room look at what was done."
1015,Squatchfather,sal,vo.sf.opening.5,vo.sf.opening.5.mp3,yes,,Booski rejected my offer.,4,,"Booski turned me down in a parking lot with his back to me. That's not a no, that's an insult with a witness.","Booski heard a very good offer, made a face, and walked away mid-sentence. Mid-sentence. Now I've got no problem with no. No is half of business. But you finish the sentence, and then you say it.","Booski said no. Fine. Grand. Then he laughed. And that's the bit that got him shot, if we're bein' precise about it, which we should be.","Booski declined a very generous package. No counter-offer, no conversation, just a hand in my face. And I'm a man who believes in consequences for bad negotiators.","He said no. Which is his right. But he said it in a way that — you know, there were people there. And then things went the way they went.",open,"Same problem — bloodless. Sal should sound almost hurt, which is what makes him frightening."
1016,Squatchfather,mcclawsky,vo.sf.opening.6,vo.sf.opening.6.mp3,yes,,"Your people ought to settle down some. I'm saying that as a friend, more or less. It's not a threat. But it's not not a threat, either.",27,,Your people need to sit down before I start finding things in their cars.,"Here's my position, and I'm only in this booth because the food's free. Your people get loud, I get phone calls. I don't like phone calls. So either you take the man's money, or I start being the kind of police officer that ruins a whole family over a taillight.",Your lot need to calm the fuck down. I've a stack of unsolveds on my desk with your surname on 'em and a very flexible attitude to who did what.,"Let me frame this from a law-enforcement perspective. Every one of your uncles is one traffic stop from a very long weekend, and I decide what's in the trunk when we open it.","Your people ought to settle down some. I'm saying that as a friend, more or less. It's not a threat. But it's not not a threat, either.",ACCEPTED 2026-08-19,"A hall monitor. This is a cop who takes Sal's money — he should be openly bought, openly contemptuous, and enjoying his own leverage."
1017,Squatchfather,player,vo.sf.opening.7,vo.sf.opening.7.mp3,yes,,You broke my jaw outside a hospital and then filed it as resisting. I've read the report. It's beautiful. You should write books.,23,,You broke my jaw on a wet sidewalk while two of your guys held my arms.,"You broke my jaw. Outside a hospital. With a flashlight. And then you got back in the car and finished your coffee, which is the part I keep coming back to.","You broke my jaw, you fat fuck. I've a plate in it. Sets off the machine at the airport.",You broke my jaw outside a hospital and then filed it as resisting. I've read the report. It's beautiful. You should write books.,You hit me. In the face. With a flashlight. I don't know that anybody's mentioned that yet tonight.,ACCEPTED 2026-08-19,Playground. The player is looking at the cop who broke his jaw and this is what comes out.
1018,Squatchfather,mcclawsky,vo.sf.opening.8,vo.sf.opening.8.mp3,yes,,You were being difficult.,4,,You were standing where I told you not to stand. Twice.,"You were standing in a hospital corridor at two in the morning telling me about my job. In my experience, that's a conversation that ends the same way every time, and this time it ended with a flashlight.","You were in my way. And you'd a mouth on you. And I'd had a long day, so between the three of us, somethin' had to give.","You were obstructing an officer, and I want you to know I have four witnesses who'd swear to it under oath and one of them's a priest.","Well, you were being difficult. And I'd had a long shift. I'm not proud of it. But I'd do it again, is the honest truth.",open,Echoes Sal's word without meaning to; both men now sound like the same bland person. The cop's excuse should be uglier and funnier than the boss's.
1019,Squatchfather,sal,vo.sf.opening.9,vo.sf.opening.9.mp3,yes,,"I want the servers, the skin market, and Wednesday nights.",10,,"I want the servers, the skin market, and every Wednesday night from now until the sun burns out.","Three things. The servers. The skin market. And Wednesdays. That's it. That's the whole list. I'm not asking for the jerky — I don't want the jerky, the jerky is a nightmare, God bless whoever handles the jerky.","The servers, the skins, and Wednesdays. And before you say it — no, I don't want the jerky. I've seen where it comes from.","I want the servers, the skin market, and Wednesday nights. That's infrastructure, retail, and footfall. Everything else you can keep, including the meat, which I want on record I have never eaten.",I'd want the servers. The skin market. And the Wednesdays. That's — that's the ask. I've written it down if you want to see it written down.,open,This one is actually close — the specificity is right. It just lands too clean; Sal should be greedier and more obscene about wanting it.
1020,Squatchfather,player,vo.sf.opening.10,vo.sf.opening.10.mp3,yes,,Wednesday belongs to the family.,5,,Wednesday pays for everything. Wednesday is why my aunt has a house.,"Wednesday's not a night. Wednesday's the whole thing. Wednesday is why there's a roof on my aunt's place and why nobody in my family has ever had a real job. You're not asking for a night, you're asking for the last forty years.",Wednesday's ours. Wednesday's been ours since before you'd a second shoe.,"Wednesday isn't a night, it's a revenue stream, and you know it, which is why you put it last like it was an afterthought.","Wednesdays are the family's. That's — that's been the case a long time. Longer than you've been around, and I mean that respectfully.",open,Ceremonial. Reads like a motto on a crest instead of a kid defending the one night that pays for everything.
1021,Squatchfather,sal,vo.sf.opening.11,vo.sf.opening.11.mp3,yes,,"Belongs. That's a beautiful word. My father used it about a farm in Calabria that has had six owners since he said it. Things don't belong to people. Things sit with people, for a while, until somebody with more men wants them to sit somewhere else.",46,long,"Everything belongs to somebody right up until somebody stronger wants it. That's not philosophy, kid, that's just Tuesday.","Belongs. That's a beautiful word. My father used it about a farm in Calabria that has had six owners since he said it. Things don't belong to people. Things sit with people, for a while, until somebody with more men wants them to sit somewhere else.","Everything belongs to somebody. And then it doesn't. That's the whole of history, that is, and I've not even finished me drink.",Ownership is a story people agree to tell. And I'm here to tell you the room has stopped agreeing.,Well. Things belong to folks until they don't. That's about the size of it. I didn't make the rule.,ACCEPTED 2026-08-19,Fortune cookie. It is trying to be the scene's cold thesis line and instead sounds like a magnet on a fridge.
1022,Squatchfather,sal,vo.sf.opening.12,vo.sf.opening.12.mp3,yes,,"Help me, kid. Your family keeps the name, keeps the corners, keeps the funerals small. I take a slice off the top and nobody has to bury anybody they like.",30,,"Help me, kid. Your family keeps the name, keeps the corners, keeps the funerals small. I take a slice off the top and nobody has to bury anybody they like.","Here's what I'm actually offering you, and I want you to hear it without your uncle's voice in your ear. Your family keeps everything. The name, the territory, the whole ugly circus. I take a percentage off the top and in exchange, nobody else in your family has to learn what a colostomy bag is. That's not a threat. That's the single most generous thing anybody has said to you this year.","Help me out, son. Your lot keep the lot. I take a cut. And the shootin' stops, which I'd have thought was the headline, but nobody ever leads with it.","I'm offering you a licensing arrangement. You retain the brand, the territory, and all the charming regional character. I take a percentage and provide what I'd call stability, which in your industry means your mother doesn't get a phone call.","Help me out here. You folks keep your territory. I take a percentage. Everybody goes home. It's not complicated, and I'd hate for it to become complicated.",ACCEPTED 2026-08-19,"The actual pitch, and it has no seduction in it. Sal is asking a kid to betray his father's house; he should make it sound like mercy."
1023,Squatchfather,player,vo.sf.opening.13,vo.sf.opening.13.mp3,yes,,How big a slice are we calling a percentage?,9,,How big a slice are we calling a percentage?,"Percentage. Okay. See, a percentage is a number. So say the number.","What percentage? And don't say 'a fair one,' I'll lose me mind.",Define percentage. Because in my experience that word does a lot of heavy lifting for men with your job.,What percentage would that be? Just — ballpark. For my own information.,ACCEPTED 2026-08-19,Fine as a beat but too small a hook for the reply it sets up; the kid can put a little teeth on it.
1024,Squatchfather,sal,vo.sf.opening.14,vo.sf.opening.14.mp3,yes,,Enough.,1,short,Enough.,Enough that you'll notice. Not so much you'd die over it. I've done the math on that particular line more times than you've been alive.,Enough. Next question.,"A meaningful one. I'll have my accountant walk you through it, and you'll hate him, everybody does.",Enough. I'd rather not put a number on it at the table.,open,The one word here that already works. Keep it; the variants only change the temperature.
1025,Squatchfather,player,vo.sf.excuse.1,vo.sf.excuse.1.mp3,yes,,I gotta piss.,3,short,I gotta piss.,I need the bathroom. It's the jaw — they've got me on something for it and it goes straight through me. Two minutes.,"I need a piss. Sorry. It's the pills for me face, they run through you somethin' shockin'.","I need the men's room. And before either of you says anything clever about it — yes, it's the nerves, and yes, I'd rather go now than on your upholstery.","I need to use the restroom. I'm sorry. It's been a lot of coffee and, you know, a lot of everything.",ACCEPTED 2026-08-19,"Functional, and it telegraphs the mechanic. The Godfather beat works because the excuse is so ordinary it embarrasses the room. Give it a body."
1026,Squatchfather,mcclawsky,vo.sf.excuse.2,vo.sf.excuse.2.mp3,yes,,Go ahead. We checked it.,5,,"Go on. I checked it myself. Tank, towels, the little window. Wash your hands.","Go ahead. I checked it before you got here — cistern, towel dispenser, that little window nobody fits through. There's nothing in there but a bar of soap and your own reflection, and I'd say the soap's the friendlier of the two.","Off you go. I checked it meself. Twice. I'm very thorough, that's me whole personality.","Be my guest. I swept it personally — that's twenty-two years of policing applied to a toilet, and I want you to appreciate what that cost the taxpayer.","Sure, go ahead. We had a look in there already. Nothing to it. Wash your hands, though. That's just — that's just good practice.",open,"Right idea, no relish. The cop is bragging about his own thoroughness one minute before it kills him — that irony should be audible."
1027,Squatchfather,mcclawsky,vo.sf.sitdown.1,vo.sf.sitdown.1.mp3,yes,,"Sit your ass down, Squatch.",5,,"Sit your ass down, Squatch.",Sit down. You're the tallest thing in the room and it's making the waiter nervous.,"Sit down, would you. You're loomin'. I hate loomin'.",Sit. You're standing like a man with a plan and it's ruining my appetizer.,"Why don't you sit down. You're making everybody look up, and that's — nobody enjoys that.",ACCEPTED 2026-08-19,Serviceable but generic. It is the last order he ever gives; make it his.
1028,Squatchfather,player,vo.sf.wrongsearch.1,vo.sf.wrongsearch.1.mp3,yes,,Come on.,2,filler short,"Come on. Come on, it's supposed to be right here.","It's supposed to be here. Behind the tank, taped, he said behind the tank. So either I'm looking at the wrong tank or somebody's about to find out how fast I can run.","Where is it. Where is it. He said behind the jacks. He said it twice. I'll kill him. If I live, I'll kill him.",It's not here. It's not here. Fantastic. Everybody in this organization can shoot a man in a fruit stand but nobody can tape a pistol to a toilet.,"It's supposed to be here. He said it'd be here. That's what he said, and now it isn't, and I've got about forty seconds.",open,Two syllables of nothing at the tensest moment in the scene — the gun is not where it should be. This is where the player's panic lives.
1029,Squatchfather,sal,vo.sf.prodding.1,vo.sf.prodding.1.mp3,yes,,Prospect?,1,short,Prospect.,Kid. You went somewhere just then. Come back.,"Are you with us? You've gone very still, and I don't like still.","You've drifted. And in my experience, when a young man drifts at a table like this, he's either scared or he's counting, and I'd like to know which.",Son? You still with us here?,open,Fine as a nudge; variants add the specific menace of a man who has noticed something.
1030,Squatchfather,sal,vo.sf.prodding.2,vo.sf.prodding.2.mp3,yes,,Are you listening?,3,short,Look at me when I'm buying your family.,Because I'd hate to be doing this twice. I'm not a man who enjoys saying a thing twice — ask anybody who used to work for me.,Am I talkin' to meself here? I might as well be talkin' to the fuckin' napkin.,I'm going to need engagement. This is the biggest conversation of your life and you're looking at the salt.,Are you hearing me? Because I've said it now and I'd rather not have said it for nothing.,open,Same note twice. Escalate instead of repeating.
1031,Squatchfather,sal,vo.sf.final.1,vo.sf.final.1.mp3,yes,,"So. Do we have an understanding, or do I finish my drink and make some calls?",16,,"So. Do we have an understanding, or do I finish my drink and make some calls?","So. Understanding. That's the word we're using. Do we have one, or do I finish this and go make three phone calls I'd genuinely rather not make?","So. Are we grand, or are we not grand? Because I've a table booked elsewhere at ten and one way or the other I'm makin' it.","So. Are we aligned? And I want a yes or a no, not one of those beautiful family answers where nobody's said anything.",So. Do we have an understanding here? Because I'd like to think we do. I'd like to go home thinking we do.,ACCEPTED 2026-08-19,"Close to right, but it is the beat before the killing and it should feel like a hand being offered over a table with blood already on it."
1032,Squatchfather,player,vo.sf.final.2,vo.sf.final.2.mp3,yes,,We understand each other.,4,,We understand each other.,I understand you completely. That's the first true thing anybody's said at this table.,I understand you. I do. I understand you perfectly.,I understand. I understand exactly what's on offer and exactly what it costs.,I understand. Yeah. I think I've got the shape of it now.,ACCEPTED 2026-08-19,It is meant to be the lie the kid tells with a gun already in his belt. As written there is nothing under it.
1033,Squatchfather,sal,vo.sf.final.3,vo.sf.final.3.mp3,yes,,Good. The Sasquatches keep their name.,6,,Good. Your family keeps the name. That's worth more than the money and your uncle's too proud to admit it.,Good. You keep the name. And don't underrate that — the name's the only thing in this business nobody can take off you with a car and four men.,Good man. You keep the name. Everyone loves a name. Sure the name's half the fun of it.,"Excellent. You retain the name, the heritage, the whole beautiful folk mythology. I'm not a barbarian, I'm a partner.","Good. Good. You keep the name. That's important to folks, and I respect that. I do.",open,"Reads as a concession being read from a list. Sal should sound generous, warm, almost fond — the last thing he ever feels."
1034,Squatchfather,mcclawsky,vo.sf.final.4,vo.sf.final.4.mp3,yes,,And everyone walks away happy.,5,,And everybody walks out of here with all their teeth. Which is more than I usually manage on a Thursday.,"And everybody walks away happy. Which is rare. In twenty-two years I have been at maybe four tables where everybody walked away happy, and two of those I was lying.","And everyone goes home happy. Well. Happy-ish. Happy enough, which is the most anyone gets.","And everybody walks away happy, and I get to expense the veal. This is what community policing looks like.","And everybody walks away happy. That's the goal. That's always been the goal, whatever anybody says about me.",open,"The cop's last line in his life, and it is a greeting card. It should be smug, venal, and a little too pleased with itself."
1035,Squatchfather,sal,vo.sf.final.5,vo.sf.final.5.mp3,yes,,Tell your people the business is settled.,7,,Go tell your people it's settled. Tell your uncle I asked after him.,Go home. Tell your people it's settled. And tell your uncle — tell him Sal asked after him. He'll make a face. Let him make the face.,"Tell your lot it's sorted. And tell your uncle I was askin' for him. He'll not like that, which is why I'm sayin' it.","Take the good news home. Tell them it's settled, tell them it was amicable, and tell your uncle his health is very much on my mind.",You go on and tell your people it's settled. And — you know. Give my best to your uncle. Sincerely.,open,"Correct content, no music. This is the cue the player kills him on; it wants a last beat of warmth so the violence lands."
1036,Squatchfather,player,vo.sf.final.6,vo.sf.final.6.mp3,yes,,Consider it settled.,3,short,It's settled.,Yeah. It's settled.,It's sorted.,Consider it settled.,It's settled. Yeah.,ACCEPTED 2026-08-19,"The trigger line. Two words is right, but 'It is' is limp. It needs to be the last thing Sal hears and sound like a door closing."
1037,Bada Bing,lag,vo.bing.hang.lag.1,vo.bing.hang.lag.1.mp3,yes,,"You see the lights flicker just now? That ain't the wiring, that's packet loss. This whole building is on wifi.",20,,,,,,,,
1038,Bada Bing,lag,vo.bing.hang.lag.2,vo.bing.hang.lag.2.mp3,yes,,"I don't dance, Prospect. I peaked in a game you never heard of and I'm still cooling down.",18,,,,,,,,
1039,Bada Bing,player,vo.bing.hang.lag.tony.1,vo.bing.hang.lag.tony.1.mp3,yes,,"The jukebox is not a server, Lag.",7,,,,,,,,
1040,Bada Bing,gratin,vo.bing.hang.gratin.1,vo.bing.hang.gratin.1.mp3,yes,,"The kitchen here does one thing, and it is shrimp, and it is wrong. I still order it. Loyalty.",19,,,,,,,,
1041,Bada Bing,gratin,vo.bing.hang.gratin.2,vo.bing.hang.gratin.2.mp3,yes,,"Sit. Eat something. You look like a prospect who skips lunch, and dead men skip lunch.",16,,,,,,,,
1042,Bada Bing,player,vo.bing.hang.gratin.tony.1,vo.bing.hang.gratin.tony.1.mp3,yes,,"I ate an egg today, actually.",6,,,,,,,,
1043,Bada Bing,eric,vo.bing.hang.eric.1,vo.bing.hang.eric.1.mp3,yes,,"Big things happening overseas, Prospect. Nobody in this club reads. I read. Ask me anything.",15,,,,,,,,
1044,Bada Bing,eric,vo.bing.hang.eric.2,vo.bing.hang.eric.2.mp3,yes,,"Off the record? The family's press situation is terrible, because we shoot the press.",14,hud-speak,,,,,,,
1045,Bada Bing,eric,vo.bing.hang.eric.shawarma.1,vo.bing.hang.eric.shawarma.1.mp3,yes,,"The chicken shawarma nearby is unbelievable. Best thing within walking distance, and I have checked repeatedly.",16,,,,,,,,
1046,Bada Bing,eric,vo.bing.hang.eric.shawarma.2,vo.bing.hang.eric.shawarma.2.mp3,yes,,"Garlic sauce, pickles, crispy edges. That rotating spit has done more for this neighborhood than local government.",17,,,,,,,,
1047,Bada Bing,hogmama,vo.bing.hang.hogmama.1,vo.bing.hang.hogmama.1.mp3,yes,,"Gimme a word, baby. Any word. I'll make a whole bit out of it, right here, no net.",18,,,,,,,,
1048,Bada Bing,hogmama,vo.bing.hang.hogmama.2,vo.bing.hang.hogmama.2.mp3,yes,,"You? You're a bit already, honey. Walkin' around all serious with them little errands.",14,,,,,,,,
1049,Bada Bing,player,vo.bing.hang.hogmama.tony.1,vo.bing.hang.hogmama.tony.1.mp3,yes,,Please don't make me a bit.,6,,"Whatever this is, I'm not doing it.","Whatever's about to happen, I want it in the record that I said no. Out loud. In front of people.","No. Whatever that is, no. I've seen your face doin' that before and it never ends well for me.","Absolutely not. Whatever this is, I decline, and I'd like that reflected in the minutes.","No. I don't — whatever this is, I'd rather not. Thank you, though.",KEEP 2026-08-28,"CUT — 'a bit' is meta-comedy slang that acknowledges the game's own joke structure. Doctrine violation, same family as the Counter-Strike line."
1050,Bada Bing,deathmegatron,vo.bing.hang.deathmegatron.1,vo.bing.hang.deathmegatron.1.mp3,yes,,I ordered a spritz. They gave me a spritz. Ain't every day the world does what it should.,18,,,,,,,,
1051,Bada Bing,deathmegatron,vo.bing.hang.deathmegatron.2,vo.bing.hang.deathmegatron.2.mp3,yes,,"Relax, kid. Nobody dies on a Tuesday. Statistically that ain't true, but relax anyway.",14,,,,,,,,
1052,Bada Bing,lou,vo.bing.hang.lou.1,vo.bing.hang.lou.1.mp3,yes,,There he is. My favorite errand with legs. You keepin' your nose clean or just wipin' it?,17,,,,,,,,
1053,Bada Bing,lou,vo.bing.hang.lou.2,vo.bing.hang.lou.2.mp3,yes,,"Everything in this room I either bought, won, or forgave. Remember that when you want somethin'.",16,,,,,,,,
1054,Bada Bing,booski,vo.bing.hang.booski.1,vo.bing.hang.booski.1.mp3,yes,,PROSPECT! Get over here before I love you from a distance like some kinda stranger!,15,,,,,,,,
1055,Bada Bing,booski,vo.bing.hang.booski.2,vo.bing.hang.booski.2.mp3,yes,,"I had six hundred on red and it came up FAMILY, baby. House pays either way when it's my house.",20,,,,,,,,
1056,Bada Bing,lou2,vo.bing.hang.sasole.1,vo.bing.hang.sasole.1.mp3,yes,,"Ground people, Tony. Everyone in here. Beautiful souls, zero situational awareness.",11,,,,,,,,
1057,Bada Bing,lou2,vo.bing.hang.sasole.2,vo.bing.hang.sasole.2.mp3,yes,,You flew with me once and you walked away from the landing. That puts you top five pilots in this room.,21,,,,,,,,
1058,Bada Bing,player,vo.bing.hang.sasole.tony.1,vo.bing.hang.sasole.tony.1.mp3,yes,,Top five? Who's ahead of me?,6,,,,,,,,
1059,Bada Bing,willy,vo.bing.hang.willy.1,vo.bing.hang.willy.1.mp3,yes,,I'm between things right now. Big things. Can't say. The things can hear.,13,,,,,,,,
1060,Bada Bing,willy,vo.bing.hang.willy.2,vo.bing.hang.willy.2.mp3,yes,,You want my seat? It's the best seat. That's why I'm in it. I test 'em all after close.,19,,,,,,,,
1061,Bada Bing,irish,vo.bing.hang.irish.1,vo.bing.hang.irish.1.mp3,yes,,"Sit down, sit down — I was just gettin' to the good part. So the egg, right, the SAME egg—",20,,,,,,,,
1062,Bada Bing,irish,vo.bing.hang.irish.2,vo.bing.hang.irish.2.mp3,yes,,Nobody finishes a story anymore. Attention spans. Now — where was I. Start over. So. Eggs.,16,,,,,,,,
1063,Bada Bing,player,vo.bing.hang.irish.tony.1,vo.bing.hang.irish.tony.1.mp3,yes,,"You told me the egg one, Irish.",7,,,,,,,,
1064,Bada Bing,irish,vo.bing.hang.irish.gift.1,vo.bing.hang.irish.gift.1.mp3,yes,,"Before you say anything - here. One hundred dollars. I had it earmarked for eggs, but you look like a developing situation.",22,,,,,,,,
1065,Bada Bing,irish,vo.bing.hang.irish.gift.2,vo.bing.hang.irish.gift.2.mp3,yes,,"A man should have walking-around money. Also, now you are financially invested in hearing the egg story.",17,,,,,,,,
1066,Bada Bing,ape,vo.bing.hang.ape.1,vo.bing.hang.ape.1.mp3,yes,,Statements made in this establishment are for entertainment purposes only.,10,,,,,,,,
1067,Bada Bing,ape,vo.bing.hang.ape.2,vo.bing.hang.ape.2.mp3,yes,,I am having a nice time. This is my nice-time face. It is load-bearing.,14,,,,,,,,
1068,Bada Bing,old-stove,vo.bing.hang.stove.1,vo.bing.hang.stove.1.mp3,yes,,"City drinks, city prices, city ice. Ice used to mean somethin'.",11,,,,,,,,
1069,Bada Bing,old-stove,vo.bing.hang.stove.2,vo.bing.hang.stove.2.mp3,yes,,That aeroplane misses you. Don't you tell her nothin' I wouldn't say.,12,,,,,,,,
1070,Bada Bing,snow,vo.bing.hang.snow.1,vo.bing.hang.snow.1.mp3,yes,,Cold in here. Good.,4,,,,,,,,
1071,Bada Bing,snow,vo.bing.hang.snow.2,vo.bing.hang.snow.2.mp3,yes,,You talk a lot for a guy on a checklist.,10,,,,,,,,
1072,Bada Bing,player,vo.bing.hang.snow.tony.1,vo.bing.hang.snow.tony.1.mp3,yes,,You want them to turn the heat up?,8,,"You like it cold. That's a whole thing about you, isn't it.",You like it cold. I've noticed that. You're the only man I know who books a table by temperature.,"You like it freezin'. That's not normal. I'm not sayin' it's wrong, I'm sayin' it's not normal.","You actually like it cold. That's not a preference, that's a condition, and I'd like it looked at.",You like it cold. Huh. Most people don't. But you do.,open,Weak small talk that wastes Snow's setup — Snow says it's cold in here and likes it. The comeback should engage the strangeness.
1073,Bada Bing,rippinflow,vo.bing.hang.rippinflow.1,vo.bing.hang.rippinflow.1.mp3,yes,,"Prospect on the floor, yeah, walkin' like rent's due — that's a bar, that's free, someone write that down.",19,,,,,,,,
1074,Bada Bing,rippinflow,vo.bing.hang.rippinflow.2,vo.bing.hang.rippinflow.2.mp3,yes,,"I don't freestyle no more. Anyway — look at him, suit like a verdict, uh — see, it happened again.",20,,,,,,,,
1075,Bada Bing,seff,vo.bing.hang.seff.1,vo.bing.hang.seff.1.mp3,yes,,Quick thing. You got a guy for mattresses? Doesn't matter. Forget it. I GOT the guy. I'm the guy.,19,,,,,,,,
1076,Bada Bing,seff,vo.bing.hang.seff.2,vo.bing.hang.seff.2.mp3,yes,,"This round's on me the moment somebody explains my situation to Lou. You'll do that, right?",16,,,,,,,,
1077,Bada Bing,shubenator,vo.bing.hang.shubenator.1,vo.bing.hang.shubenator.1.mp3,yes,,I did nine hundred push-ups today. The number is not the impressive part. The floor was.,16,,,,,,,,
1078,Bada Bing,shubenator,vo.bing.hang.shubenator.2,vo.bing.hang.shubenator.2.mp3,yes,,"You need mass, Prospect. Order the shrimp. Order nine shrimp.",10,,,,,,,,
1079,Bada Bing,numbskull,vo.bing.hang.numbskull.1,vo.bing.hang.numbskull.1.mp3,yes,,"I like you. I decided this morning. It's done now, so don't worry about it.",15,,,,,,,,
1080,Bada Bing,numbskull,vo.bing.hang.numbskull.2,vo.bing.hang.numbskull.2.mp3,yes,,Lou says I'm the muscle. Booski says I'm the heart. I say ow.,13,,,,,,,,
1081,Bada Bing,booski,vo.bing.booski.shot.offer,vo.bing.booski.shot.offer.mp3,yes,,"You look empty-handed, Prospect. That's a ME problem now. You want a shot? Course you want a shot.",18,,,,,,,,
1082,Bada Bing,booski,vo.bing.booski.shot.yell,vo.bing.booski.shot.yell.mp3,yes,"Low, calm, and unhurried. He does not shout; the pressure comes from certainty, as though the room has already agreed with him.","Get my man a shot. Thirty fuckin’ seconds. That’s generous, baby.",11,,,,,,,,
1083,Bada Bing,booski,vo.bing.booski.shot.handoff,vo.bing.booski.shot.handoff.mp3,yes,,"Twenty-eight. He's growin' on me. Drink, baby.",7,,,,,,,,
1084,Bada Bing,player,vo.bing.booski.shot.tony.1,vo.bing.booski.shot.tony.1.mp3,yes,,"Thanks. I was gonna say no, and then I heard the yelling.",12,,,,,,,,
1085,Bada Bing,bartender,vo.bing.bartender.booski-shot.pour,vo.bing.bartender.booski-shot.pour.mp3,yes,,"House rye. If he asks, it was twenty-nine seconds.",9,,,,,,,,
1086,Bada Bing,booski,vo.bing.booski.shot.after,vo.bing.booski.shot.after.mp3,yes,,There he is. Now you look like you belong in here.,11,,,,,,,,
1087,Bada Bing,dealer,vo.bing.blackjack.dealer.deal.1,vo.bing.blackjack.dealer.deal.1.mp3,yes,,Cards comin' in.,3,short,,,,,,,
1088,Bada Bing,dealer,vo.bing.blackjack.dealer.deal.2,vo.bing.blackjack.dealer.deal.2.mp3,yes,,"Good luck, prospect.",3,short,,,,,,,
1089,Bada Bing,dealer,vo.bing.blackjack.dealer.win,vo.bing.blackjack.dealer.win.mp3,yes,,Player wins. Somebody's kissin' the right rings.,7,,,,,,,,
1090,Bada Bing,dealer,vo.bing.blackjack.dealer.lose,vo.bing.blackjack.dealer.lose.mp3,yes,,House takes it. The house always liked me better.,9,,,,,,,,
1091,Bada Bing,dealer,vo.bing.blackjack.dealer.push,vo.bing.blackjack.dealer.push.mp3,yes,,"Push. Nobody wins, everybody stays pretty.",6,,,,,,,,
1092,Bada Bing,dealer,vo.bing.blackjack.dealer.bust,vo.bing.blackjack.dealer.bust.mp3,yes,,"That's a bust, sweetheart.",4,,,,,,,,
1093,Bada Bing,player,vo.bing.blackjack.tony.win,vo.bing.blackjack.tony.win.mp3,yes,,Hey — that's how you do that.,7,,,,,,,,
1094,Bada Bing,player,vo.bing.blackjack.tony.lose,vo.bing.blackjack.tony.lose.mp3,yes,,That card was personal.,4,,,,,,,,
1095,Bada Bing,doorman,vo.bing.door.in.1,vo.bing.door.in.1.mp3,yes,,Go on in. He knows.,5,,,,,,,,
1096,Bada Bing,doorman,vo.bing.door.in.2,vo.bing.door.in.2.mp3,yes,,Nice night. Stays nice if you're nice.,7,,,,,,,,
1097,Bada Bing,bartender,vo.bing.bar.1,vo.bing.bar.1.mp3,yes,,What're we havin'?,3,short,,,,,,,
1098,Bada Bing,bartender,vo.bing.bar.2,vo.bing.bar.2.mp3,yes,,"Comin' up. Don't watch me pour, it makes the hands weird.",11,,,,,,,,
1099,Bada Bing,bartender,vo.bing.bar.3,vo.bing.bar.3.mp3,yes,,Booski's tab? Booski's tab is a myth I refill.,9,,,,,,,,
1100,Bada Bing,performer,vo.bing.stage.1,vo.bing.stage.1.mp3,yes,,"You're sweet. Tip the band, sweetheart.",6,,,,,,,,
1101,Bada Bing,performer,vo.bing.stage.2,vo.bing.stage.2.mp3,yes,,Eyes up here are free. The winkin' costs.,8,,,,,,,,
1102,Bada Bing,lou,vo.bing.lou.brief.1,vo.bing.lou.brief.1.mp3,yes,,This next place. You listen before you move. You understand?,10,,,,,,,,
1103,Bada Bing,lou,vo.bing.lou.brief.2,vo.bing.lou.brief.2.mp3,yes,,Good. That’s the first thing you’ve said tonight I believe.,10,,,,,,,,
1104,Bada Bing,lou,vo.bing.lou.brief.3,vo.bing.lou.brief.3.mp3,yes,,"Clean, simple, and not connected to you.",7,,,,,,,,
1105,Bada Bing,lou,vo.bing.lou.brief.4,vo.bing.lou.brief.4.mp3,yes,,It’s not going to walk over to you.,8,,,,,,,,
1106,Bada Bing,lou,vo.bing.lou.brief.5,vo.bing.lou.brief.5.mp3,yes,,It’s the thing you hope stays wrapped up. Take it.,10,,,,,,,,
1107,Bada Bing,lou,vo.bing.lou.brief.6,vo.bing.lou.brief.6.mp3,yes,,"Comforting, isn’t it.",3,short,,,,,,,
1108,Bada Bing,lou,vo.bing.lou.brief.7,vo.bing.lou.brief.7.mp3,yes,,"Address. The room. Sal Sorrento, Captain McClawsky, and when. You walk in calm. You sit down. You hear them out.",20,,,,,,,,
1109,Bada Bing,lou,vo.bing.lou.brief.8,vo.bing.lou.brief.8.mp3,yes,,"Anything else, or are we both going to sit here.",10,,,,,,,,
1110,Bada Bing,lou,vo.bing.lou.brief.9,vo.bing.lou.brief.9.mp3,yes,,"Go on, then.",3,short,,,,,,,
1111,Bada Bing,lou,vo.bing.lou.brief.10,vo.bing.lou.brief.10.mp3,yes,,Prospect. Don’t lose that playing blackjack.,6,,,,,,,,
1112,Bada Bing,lou,vo.bing.lou.brief2.1,vo.bing.lou.brief2.1.mp3,yes,,Back already. Shut the door.,5,,,,,,,,
1113,Bada Bing,lou,vo.bing.lou.brief2.2,vo.bing.lou.brief2.2.mp3,yes,,The airstrip went well enough that Booski stopped shouting. That counts as well.,13,,,,,,,,
1114,Bada Bing,lou,vo.bing.lou.brief2.3,vo.bing.lou.brief2.3.mp3,yes,,Jerky Motel. Room twelve. Snow is waiting in the car with the payment. You inspect the Reserve before anybody opens the money.,22,,,,,,,,
1115,Bada Bing,lou,vo.bing.lou.brief2.4,vo.bing.lou.brief2.4.mp3,yes,,"Everybody in the room, the exits, and whether the meat is what they say it is. If one thing feels wrong, assume three things are.",25,,,,,,,,
1116,Bada Bing,lou,vo.bing.lou.brief2.5,vo.bing.lou.brief2.5.mp3,yes,,Good. Leave from here and go directly there. Do not stop at the apartment.,14,,,,,,,,
1117,Bada Bing,lou,vo.bing.lou.brief2.6,vo.bing.lou.brief2.6.mp3,yes,,Prospect. Product first. Money second.,5,,,,,,,,
1118,Bada Bing,margo,vo.bing.margo.1,vo.bing.margo.1.mp3,yes,,You are going to say something. I can see it arriving.,11,,,,,,,,
1119,Bada Bing,margo,vo.bing.margo.1b,vo.bing.margo.1b.mp3,yes,,That was quick. Whatever it was.,6,,,,,,,,
1120,Bada Bing,margo,vo.bing.margo.2,vo.bing.margo.2.mp3,yes,,Nobody walks past this end. This end is where you sit when you are waiting for somebody and you have stopped enjoying it.,23,,,,,,,,
1121,Bada Bing,margo,vo.bing.margo.3,vo.bing.margo.3.mp3,yes,,Rye. One ice cube. They brought three. I sent two back. It caused a scene.,15,,,,,,,,
1122,Bada Bing,margo,vo.bing.margo.4,vo.bing.margo.4.mp3,yes,,"I run the kitchen at the all-night place on Ashland. I am in here because my dishwasher’s brother works your door and he owes me two hundred dollars, and I have decided to be visible about it. Your turn.",39,,,,,,,,
1123,Bada Bing,margo,vo.bing.margo.5,vo.bing.margo.5.mp3,yes,,"…You ate at mine. Four in the morning, corner two. You tipped Hector. Nobody tips Hector — he is behind a wall, you would have had to go and find him.",31,,,,,,,,
1124,Apartment,announcer,vo.machine.lou.day_two.0,vo.machine.lou.day_two.0.mp3,yes,,Message. Yesterday. 11:52 PM.,4,,,,,,,,
1125,Apartment,lou,vo.machine.lou.day_two.1,vo.machine.lou.day_two.1.mp3,yes,,"Kid, it is me. You are out, which is the correct answer.",12,,,,,,,,
1126,Apartment,lou,vo.machine.lou.day_two.2,vo.machine.lou.day_two.2.mp3,yes,,I heard about the restaurant. I did not hear it from you and that is how I want it to stay.,21,,,,,,,,
1127,Apartment,lou,vo.machine.lou.day_two.3,vo.machine.lou.day_two.3.mp3,yes,,You did what was asked and you did not stand about afterwards. People noticed the second part.,17,,,,,,,,
1128,Apartment,lou,vo.machine.lou.day_two.4,vo.machine.lou.day_two.4.mp3,yes,,"Sleep. Somebody will ring you in the morning, and it will not be me.",14,,,,,,,,
1129,Apartment,announcer,vo.machine.lou.date.0,vo.machine.lou.date.0.mp3,yes,,Message. Today. 5:14 AM.,4,,,,,,,,
1130,Apartment,lou,vo.machine.lou.date.1,vo.machine.lou.date.1.mp3,yes,,"It is me. Do not ring back, I am not near this phone.",13,,,,,,,,
1131,Apartment,lou,vo.machine.lou.date.2,vo.machine.lou.date.2.mp3,yes,,Wear something plain today. Nothing anybody would describe.,8,,,,,,,,
1132,Apartment,lou,vo.machine.lou.date.3,vo.machine.lou.date.3.mp3,yes,,There is a thing that may need doing and it may not. I will know later.,16,,,,,,,,
1133,Apartment,lou,vo.machine.lou.date.4,vo.machine.lou.date.4.mp3,yes,,"And if Willy calls you, you have not spoken to me. Say it back to yourself until it is true.",20,,,,,,,,
1134,Apartment,announcer,vo.machine.lou.big_night.0,vo.machine.lou.big_night.0.mp3,yes,,Message. Today. 6:02 AM.,4,,,,,,,,
1135,Apartment,lou,vo.machine.lou.big_night.1,vo.machine.lou.big_night.1.mp3,yes,,"Today is the day, kid. You have been told that before. This time it is the one.",17,,,,,,,,
1136,Apartment,lou,vo.machine.lou.big_night.2,vo.machine.lou.big_night.2.mp3,yes,,Everything you have done this week was somebody asking you a question. You answered all of them.,17,,,,,,,,
1137,Apartment,lou,vo.machine.lou.big_night.3,vo.machine.lou.big_night.3.mp3,yes,,Eat. Dress like it matters. Booskibro will ring you with the rest.,12,,,,,,,,
1138,Apartment,announcer,vo.news.radio.day_two.1,vo.news.radio.day_two.1.mp3,yes,,And in the community wire — a disturbance last night at a family restaurant on the east side. No arrests. The owner says he did not see anything and would like everybody to stop asking.,35,,,,,,,,
1139,Apartment,ksqch,vo.news.tv.day_two.1,vo.news.tv.day_two.1.mp3,yes,,"…the restaurant remains closed this morning. Staff describe a man who came in, did not order, and left. That is the whole description. That is what we have.",28,,,,,,,,
1140,Apartment,announcer,vo.news.radio.date.1,vo.news.radio.date.1.mp3,yes,,"Wet one out there today. Also on the wire — that motel out on the county road. Fire crews were there before dawn. Nobody is saying what for, and the county road is shut both ways.",36,,,,,,,,
1141,Apartment,ksqch,vo.news.tv.date.1,vo.news.tv.date.1.mp3,yes,,"…the Jerky Motel. We are told there is nothing to tell. We have been told that four times this morning, by four different people, using the same four words.",29,,,,,,,,
1142,Apartment,announcer,vo.news.radio.heist_day.1,vo.news.radio.heist_day.1.mp3,yes,,"Clear over downtown this morning. Traffic crews report lane work near Mercer, so give yourself time and mind the diversions.",20,,,,,,,,
1143,Apartment,ksqch,vo.news.tv.heist_day.1,vo.news.tv.heist_day.1.mp3,yes,,"A quiet opening downtown. Cumberland Fidelity begins commercial service at nine, and the city says the construction outside will not affect customers.",22,,,,,,,,
1144,Apartment,announcer,vo.news.radio.post_heist.1,vo.news.radio.post_heist.1.mp3,yes,,"Downtown remains sealed after the robbery at Cumberland Fidelity. Police have not released names, faces, or a reliable count of the missing cash.",23,,,,,,,,
1145,Apartment,ksqch,vo.news.tv.post_heist.1,vo.news.tv.post_heist.1.mp3,yes,,Helicopter pictures show abandoned vehicles on Bank Avenue and Mercer Street. Investigators say the crew changed cars before leaving the industrial district.,22,,,,,,,,
1146,Apartment,announcer,vo.news.radio.big_night.1,vo.news.radio.big_night.1.mp3,yes,,"Quiet week on the wire, which around here means somebody has had a word. Clear and warm tonight. Lovely evening for whatever you have got on.",26,,,,,,,,
1147,Apartment,ksqch,vo.news.tv.big_night.1,vo.news.tv.big_night.1.mp3,yes,,"…and no further comment from anybody about anything. Back to the weather, which is the only thing left that will talk to us.",23,,,,,,,,
1148,Apartment and shared,margo,vo.margo.wake.1,vo.margo.wake.1.mp3,yes,,You snore. Not badly. Like a fridge.,7,,,,,,,,
1149,Apartment and shared,player,vo.margo.wake.tony.1,vo.margo.wake.tony.1.mp3,yes,,I do not snore.,4,,,,,,,,
1150,Apartment and shared,margo,vo.margo.wake.2,vo.margo.wake.2.mp3,yes,,"I have a delivery at eleven and a man who cannot be trusted with a delivery, so.",17,,,,,,,,
1151,Apartment and shared,player,vo.margo.wake.tony.2,vo.margo.wake.tony.2.mp3,yes,,You could stay for ten minutes.,6,,,,,,,,
1152,Apartment and shared,margo,vo.margo.wake.3,vo.margo.wake.3.mp3,yes,,You have got the face on. The one where you pretend you are not thinking about work.,17,,,,,,,,
1153,Apartment and shared,player,vo.margo.wake.tony.3,vo.margo.wake.tony.3.mp3,yes,,I do not have a face on.,7,,,,,,,,
1154,Apartment and shared,margo,vo.margo.wake.4,vo.margo.wake.4.mp3,yes,,"Do not do anything stupid today. Or do, and ring me about it after.",14,,,,,,,,
1155,Apartment and shared,player,vo.margo.wake.tony.4,vo.margo.wake.tony.4.mp3,yes,,I will ring you.,4,,,,,,,,
1156,Apartment and shared,margo,vo.margo.comehome.1,vo.margo.comehome.1.mp3,yes,,"Well. You clean up all right, for a man who eats standing over the sink.",15,,,,,,,,
1157,Apartment and shared,player,vo.margo.comehome.tony.1,vo.margo.comehome.tony.1.mp3,yes,,I own exactly one.,4,,,,,,,,
1158,Apartment and shared,margo,vo.margo.comehome.2,vo.margo.comehome.2.mp3,yes,,I am not staying because of the tie. I want that on the record.,14,,,,,,,,
1159,Apartment and shared,player,vo.margo.comehome.tony.2,vo.margo.comehome.tony.2.mp3,yes,,Noted.,1,short,,,,,,,
1160,Apartment and shared,margo,vo.margo.comehome.dress.1,vo.margo.comehome.dress.1.mp3,yes,,"The zip. Come here. That’s not a request, and don’t take all night about it, I’ve been thinking about this since the second course.",24,,"The zip. Come here. That's not a request, and don't take all night about it — I've been thinking about this since the second course.","The zip. Come here. And I want to be clear about something before you touch it: this is not you getting lucky. This is me deciding, at a table, about two hours ago, and you catching up.","The zip. Come here. That's not a request. And take your time with it, because I've been in this bloody thing since six and I intend to enjoy gettin' out of it.",The zip. Come here. That's not a request. I've had a plan since the appetiser and you are currently the only part of it running behind.,The zip. Come here. That's not — I'm not asking. I've been in this dress since six and I'm done with it.,ACCEPTED 2026-08-19,OWNER DECISION NEEDED — this is the game's one adult beat and it is written coy. The line is already good (the 'not a request' is right); what it lacks is that Margo is in complete control and enjoying it. The variants below raise the heat without going graphic — pick a level and I'll match the rest of the scene to it.
1161,Apartment and shared,player,vo.computer.cs.teamplay.1,vo.computer.cs.teamplay.1.mp3,yes,,"TeamPlay. You trust the call, throw the smoke, and do not turn a round into a referendum on your childhood. Revolutionary.",21,,,,,,,,
1162,Apartment and shared,player,vo.computer.cs.baiters.1,vo.computer.cs.baiters.1.mp3,yes,,"Baiter's Brain. Every call is wrong until it is his, made alone at the other bombsite. Clinically fascinating.",18,,,,,,,,
1163,Apartment and shared,player,vo.computer.cs.result.1,vo.computer.cs.result.1.mp3,yes,,"Thirteen to ten. Not a loss. A collection of individual career decisions, all made at once.",16,,,,,,,,
1164,Apartment,lou1,vo.call.lou.heist.1,vo.call.lou.heist.1.mp3,yes,,Kid. Listen once. There is a car coming for you.,10,,,,,,,,
1165,Apartment,lou1,vo.call.lou.heist.2,vo.call.lou.heist.2.mp3,yes,,"Gray suit. Armor underneath. Gloves, mask, both guns, every magazine on the table.",13,,,,,,,,
1166,Apartment,lou1,vo.call.lou.heist.3,vo.call.lou.heist.3.mp3,yes,,"You are meeting Snow at a closed laundry. Once he starts talking, he is in charge.",16,,,,,,,,
1167,Apartment,lou1,vo.call.lou.heist.4,vo.call.lou.heist.4.mp3,yes,,Bring your nerve and leave your name at home.,9,,,,,,,,
1168,Apartment,player,vo.call.lou.heist.tony.1,vo.call.lou.heist.tony.1.mp3,yes,,I am listening.,3,short,,,,,,,
1169,Apartment,player,vo.call.lou.heist.tony.2,vo.call.lou.heist.tony.2.mp3,yes,,"Suit, armor, gloves, mask, guns, magazines.",6,,,,,,,,
1170,Apartment,player,vo.call.lou.heist.tony.3,vo.call.lou.heist.tony.3.mp3,yes,,Snow is in charge.,4,,,,,,,,
1171,Apartment,player,vo.call.lou.heist.tony.4,vo.call.lou.heist.tony.4.mp3,yes,,When does the car arrive?,5,,,,,,,,
1172,Apartment and shared,hotdog,hotdog.stab.grunt.1,hotdog.stab.grunt.1.mp3,yes,"Billy HotDog takes the first knife strike. A loud, shocked, winded grunt -- all air, no words.",HUAGH!,1,short all-caps,,,,,,,
1173,Apartment and shared,hotdog,hotdog.stab.grunt.2,hotdog.stab.grunt.2.mp3,yes,"The second strike. Weaker than the first, teeth clenched, breath knocked short.",Guh--hh.,1,short,,,,,,,
1174,Apartment and shared,hotdog,hotdog.stab.grunt.3,hotdog.stab.grunt.3.mp3,yes,"The third strike. Barely voiced -- a choked wet exhale, going quiet.",hh... kh...,2,short,,,,,,,
1175,Apartment and shared,hotdog,hotdog.stab.grunt.4,hotdog.stab.grunt.4.mp3,yes,The fourth strike. Almost nothing left: a thin fading wheeze as he folds.,...hh...,1,short,,,,,,,
1176,Initiation,booski,vo.initiation.ceremony.speech-booskibro.107itai.1,vo.initiation.ceremony.speech-booskibro.107itai.1.mp3,yes,,Brothers. Sisters. Silverbacks of the Circle.,6,,,,,,,,
1177,Initiation,booski,vo.initiation.ceremony.speech-booskibro.040hws8.1,vo.initiation.ceremony.speech-booskibro.040hws8.1.mp3,yes,,Before there were bandanas... there was a fire. And before this fire... there were FIVE.,15,,,,,,,,
1178,Initiation,booski,vo.initiation.ceremony.speech-booskibro.0fec4lv.1,vo.initiation.ceremony.speech-booskibro.0fec4lv.1.mp3,yes,,Five who walked out of their apartments and into the pines. Five who heard the forest — and answered it.,20,,,,,,,,
1179,Initiation,booski,vo.initiation.ceremony.speech-booskibro.1e5jis7.1,vo.initiation.ceremony.speech-booskibro.1e5jis7.1.mp3,yes,,"Tonight, five prospects stand where the five once stood. The forest is watching. I am ALSO watching.",17,,,,,,,,
1180,Initiation,lou,vo.initiation.ceremony.speech-big-uncle-lou-sputthole.0t0savl.1,vo.initiation.ceremony.speech-big-uncle-lou-sputthole.0t0savl.1.mp3,yes,,"What Booskibro means is: welcome. This is a family. A large, damp, forest family.",14,,,,,,,,
1181,Initiation,lou,vo.initiation.ceremony.speech-big-uncle-lou-sputthole.08fkjpd.1,vo.initiation.ceremony.speech-big-uncle-lou-sputthole.08fkjpd.1.mp3,yes,,"Also — whoever keeps leaving beer cans at the fire pit, knock it off. The raccoons are ORGANIZING.",18,,,,,,,,
1182,Initiation,booski,vo.initiation.ceremony.speech-booskibro.0encv1g.1,vo.initiation.ceremony.speech-booskibro.0encv1g.1.mp3,yes,,ENOUGH. Prospects! Your first trial is not of the body... but of the MIND.,14,,,,,,,,
1183,Initiation,booski,vo.initiation.ceremony.q1-booskibro.0725496.1,vo.initiation.ceremony.q1-booskibro.0725496.1.mp3,yes,,Prospect One. Step forward.,4,,,,,,,,
1184,Initiation,booski,vo.initiation.ceremony.q1-booskibro.0yt30rc.1,vo.initiation.ceremony.q1-booskibro.0yt30rc.1.mp3,yes,,Who are the FIVE founding members of the Silver Sasquatches?,10,,,,,,,,
1185,Initiation,doorman,vo.initiation.ceremony.q1-prospect-one.1f8jlt2.1,vo.initiation.ceremony.q1-prospect-one.1f8jlt2.1.mp3,yes,,Oh — uh. Booskibro... Big Uncle Lou... uhh. Bigfoot? Garfield??...the GEICO Gecko???,12,,,,,,,,
1186,Initiation,lou,vo.initiation.ceremony.q1-big-uncle-lou-sputthole.1ow3urn.1,vo.initiation.ceremony.q1-big-uncle-lou-sputthole.1ow3urn.1.mp3,yes,,Oof.,1,short,,,,,,,
1187,Initiation,booski,vo.initiation.ceremony.q1-booskibro.0ax7uug.1,vo.initiation.ceremony.q1-booskibro.0ax7uug.1.mp3,yes,,WRONG.,1,short all-caps,,,,,,,
1188,Initiation,lou,vo.initiation.ceremony.q2-big-uncle-lou-sputthole.1y1r41v.1,vo.initiation.ceremony.q2-big-uncle-lou-sputthole.1y1r41v.1.mp3,yes,,...Anyway!,1,short,,,,,,,
1189,Initiation,booski,vo.initiation.ceremony.q2-booskibro.09kvaq9.1,vo.initiation.ceremony.q2-booskibro.09kvaq9.1.mp3,yes,,Prospect Two. Same question.,4,,,,,,,,
1190,Initiation,lou,vo.initiation.ceremony.q2-big-uncle-lou-sputthole.17vvp6d.1,vo.initiation.ceremony.q2-big-uncle-lou-sputthole.17vvp6d.1.mp3,yes,,"No pressure. Well. Some pressure. A specific, recently demonstrated amount of pressure.",12,,,,,,,,
1191,Initiation,booski,vo.initiation.ceremony.correct-booskibro.1y7kr1y.1,vo.initiation.ceremony.correct-booskibro.1y7kr1y.1.mp3,yes,,CORRECT. Myself. Big Uncle Lou Sputthole. Rippinflow. The Shubenator. Deathmegatron. The FIVE.,12,,,,,,,,
1192,Initiation,lou,vo.initiation.ceremony.correct-big-uncle-lou-sputthole.13n17t6.1,vo.initiation.ceremony.correct-big-uncle-lou-sputthole.13n17t6.1.mp3,yes,,Somebody did the reading!,4,,,,,,,,
1193,Initiation,booski,vo.initiation.ceremony.correct-booskibro.0rokpd7.1,vo.initiation.ceremony.correct-booskibro.0rokpd7.1.mp3,yes,,The mind is sharp. Now we test the BODY. Clear the line — THE GAUNTLET AWAITS.,16,,,,,,,,
1194,Initiation,booski,vo.initiation.ceremony.wrong-booskibro.0ax7uug.1,vo.initiation.ceremony.wrong-booskibro.0ax7uug.1.mp3,yes,,WRONG.,1,short all-caps,,,,,,,
1195,Initiation,lou,vo.initiation.ceremony.wrong-big-uncle-lou-sputthole.1ptheaa.1,vo.initiation.ceremony.wrong-big-uncle-lou-sputthole.1ptheaa.1.mp3,yes,,Oh no. Same as the last guy. Word for word almost.,11,,,,,,,,
1196,Initiation,booski,vo.initiation.ceremony.endured-booskibro.0m7k205.1,vo.initiation.ceremony.endured-booskibro.0m7k205.1.mp3,yes,,ENOUGH.,1,short all-caps,,,,,,,
1197,Initiation,booski,vo.initiation.ceremony.endured-booskibro.0puzx4p.1,vo.initiation.ceremony.endured-booskibro.0puzx4p.1.mp3,yes,,"Beaten down to a stump... and still on two feet. The Circle sees you, prospect.",15,,,,,,,,
1198,Initiation,booski,vo.initiation.ceremony.endured-booskibro.0jbhkiy.1,vo.initiation.ceremony.endured-booskibro.0jbhkiy.1.mp3,yes,,Second trial: THE ROAR. The forest must learn your voice. Let it OUT.,13,,,,,,,,
1199,Initiation,booski,vo.initiation.ceremony.roar-booskibro.1y99iql.1,vo.initiation.ceremony.roar-booskibro.1y99iql.1.mp3,yes,,HA! Birds three ridges over just quit their nests.,9,,,,,,,,
1200,Initiation,booski,vo.initiation.ceremony.roar-booskibro.04z7p1x.1,vo.initiation.ceremony.roar-booskibro.04z7p1x.1.mp3,yes,,Final trial: THE TIMBER. That old deadfall has mocked this clearing long enough. SMASH IT.,15,,,,,,,,
1201,Initiation,booski,vo.initiation.ceremony.anoint-booskibro.1q1dvvj.1,vo.initiation.ceremony.anoint-booskibro.1q1dvvj.1.mp3,yes,,You took the Circle’s fists. You gave the forest your voice. You turned a log into a suggestion.,18,,,,,,,,
1202,Initiation,booski,vo.initiation.ceremony.anoint-booskibro.01hq6iv.1,vo.initiation.ceremony.anoint-booskibro.01hq6iv.1.mp3,yes,,Tony Squatchtana. You walked into this clearing a prospect.,9,,,,,,,,
1203,Initiation,booski,vo.initiation.ceremony.anoint-booskibro.008ri98.1,vo.initiation.ceremony.anoint-booskibro.008ri98.1.mp3,yes,,Walk out a SQUATCH.,4,,,,,,,,
1204,Initiation,booski,vo.initiation.ceremony.retry-booskibro.0k7hl8c.1,vo.initiation.ceremony.retry-booskibro.0k7hl8c.1.mp3,yes,,"The Circle forgives once. Arms DOWN this time, prospect.",9,,,,,,,,
1205,Initiation,player,vo.initiation.ceremony.prospect-two.159f04d.1,vo.initiation.ceremony.prospect-two.159f04d.1.mp3,yes,,"Booskibro, Big Uncle Lou Sputthole, Rippinflow, The Shubenator, Deathmegatron",9,,,,,,,,
1206,Initiation,player,vo.initiation.ceremony.prospect-two.09f28mj.1,vo.initiation.ceremony.prospect-two.09f28mj.1.mp3,yes,,"Booskibro, Big Uncle Lou Sputthole, Bigfoot, Garfield, the GEICO Gecko",10,,,,,,,,
1207,Initiation,player,vo.initiation.ceremony.prospect-two.0gkbuto.1,vo.initiation.ceremony.prospect-two.0gkbuto.1.mp3,yes,,"Booskibro, Snow, Hogmama, Erican, and two raccoons in a coat",10,,,,,,,,
1208,Initiation,booski,vo.initiation.party.booski.0ul7wj8.1,vo.initiation.party.booski.0ul7wj8.1.mp3,yes,,"There he is. Don't just stand there bleeding, come to the fire.",12,,,,,,,,
1209,Initiation,booski,vo.initiation.party.booski.0noogwr.1,vo.initiation.party.booski.0noogwr.1.mp3,yes,,You did the reading. You have no idea how rare that is. The gecko guy did not do the reading.,20,,,,,,,,
1210,Initiation,booski,vo.initiation.party.booski.13pbzks.1,vo.initiation.party.booski.13pbzks.1.mp3,yes,,THE MAN OF THE HOUR. Somebody get him something he can't refuse.,12,,,,,,,,
1211,Initiation,booski,vo.initiation.party.booski.1fmhlyk.1,vo.initiation.party.booski.1fmhlyk.1.mp3,yes,,"I've inducted forty men. I remember maybe six. You, I'll remember.",11,,,,,,,,
1212,Initiation,booski,vo.initiation.party.booski.1vk1vra.1,vo.initiation.party.booski.1vk1vra.1.mp3,yes,,You took the whole Gauntlet with your hands down. Deathmegatron cried a little. He'll deny it.,16,,,,,,,,
1213,Initiation,booski,vo.initiation.party.booski.11vs05b.1,vo.initiation.party.booski.11vs05b.1.mp3,yes,,That ROAR. Three ridges of wildlife filed a noise complaint. I've never been prouder.,14,,,,,,,,
1214,Initiation,booski,vo.initiation.party.booski.0w0lg6e.1,vo.initiation.party.booski.0w0lg6e.1.mp3,yes,,You know what the founders had that nobody has anymore? …I forget. But you've got it too.,17,,,,,,,,
1215,Initiation,booski,vo.initiation.party.booski.0jkj49u.1,vo.initiation.party.booski.0jkj49u.1.mp3,yes,,You're my son now. Legally? No. Forest-legally? Absolutely. Do not test it.,12,,,,,,,,
1216,Initiation,booski,vo.initiation.party.booski.19z7fti.1,vo.initiation.party.booski.19z7fti.1.mp3,yes,,The log. You broke the log. You want to know what it was for. …It was for that. Next question.,20,,,,,,,,
1217,Initiation,booski,vo.initiation.party.booski.1vg0pqs.1,vo.initiation.party.booski.1vg0pqs.1.mp3,yes,,You're quiet. My prospects are never quiet. What are you thinking about over there?,14,,,,,,,,
1218,Initiation,booski,vo.initiation.party.booski.1r7sdky.1,vo.initiation.party.booski.1r7sdky.1.mp3,yes,,"Come here. Closer. …No, closer. I want to see your eyes when I say welcome.",15,,,,,,,,
1219,Initiation,booski,vo.initiation.party.booski.0jcxnfk.1,vo.initiation.party.booski.0jcxnfk.1.mp3,yes,,Rippinflow likes you. Rippinflow doesn't like anyone. Makes me wonder what he sees that I don't.,16,,,,,,,,
1220,Initiation,lou,vo.initiation.party.lou.1dafja2.1,vo.initiation.party.lou.1dafja2.1.mp3,yes,,What he means is welcome. What I mean is: don't touch the good tarp. You'll learn what it's for.,19,,,,,,,,
1221,Initiation,lou,vo.initiation.party.lou.0lhhkjk.1,vo.initiation.party.lou.0lhhkjk.1.mp3,yes,,Ignore the speech. Booski's been writing that speech for nine years. It peaked in draft two.,16,,,,,,,,
1222,Initiation,lou,vo.initiation.party.lou.1hu8qxr.1,vo.initiation.party.lou.1hu8qxr.1.mp3,yes,,"I'm technically still at the airport, spiritually. Don't ask. Have a beer.",12,,,,,,,,
1223,Initiation,lou,vo.initiation.party.lou.146tcl0.1,vo.initiation.party.lou.146tcl0.1.mp3,yes,,You're doing great. You're doing so much better than Shubes did and Shubes is a full member.,17,,,,,,,,
1224,Initiation,lou,vo.initiation.party.lou.1hyasxt.1,vo.initiation.party.lou.1hyasxt.1.mp3,yes,,Somebody did the reading. Somebody gets to keep their fluids on the inside. Cheers to that.,16,,,,,,,,
1225,Initiation,lou,vo.initiation.party.lou.0mz7unr.1,vo.initiation.party.lou.0mz7unr.1.mp3,yes,,Genuinely proud of you. I might cry. I won't. But I might. That's between us.,15,,,,,,,,
1226,Initiation,lou,vo.initiation.party.lou.07lpis4.1,vo.initiation.party.lou.07lpis4.1.mp3,yes,,Housekeeping while I've got you: the raccoons unionized. The little one has a clipboard now. Watch him.,17,,,,,,,,
1227,Initiation,lou,vo.initiation.party.lou.0hdtwmo.1,vo.initiation.party.lou.0hdtwmo.1.mp3,yes,,You made it. Not everyone does. Don't look at the shirt by the truck. Look at me. You made it.,20,,,,,,,,
1228,Initiation,lou,vo.initiation.party.lou.17d1pwa.1,vo.initiation.party.lou.17d1pwa.1.mp3,yes,,You keep checking your waistband. Cold night? Or is there a reason your hand keeps going there.,17,,,,,,,,
1229,Initiation,lou,vo.initiation.party.lou.1rsa6dq.1,vo.initiation.party.lou.1rsa6dq.1.mp3,yes,,"I like you. So I'm going to say this once, friendly: whatever you're carrying, put it down before Booski's toast.",20,,,,,,,,
1230,Initiation,rippinflow,vo.initiation.party.rippinflow.044fod8.1,vo.initiation.party.rippinflow.044fod8.1.mp3,yes,,…You did good.,3,short,,,,,,,
1231,Initiation,rippinflow,vo.initiation.party.rippinflow.06x0216.1,vo.initiation.party.rippinflow.06x0216.1.mp3,yes,,You didn't run. Smart. Nobody outruns the tree line.,9,,,,,,,,
1232,Initiation,rippinflow,vo.initiation.party.rippinflow.1ktpe8w.1,vo.initiation.party.rippinflow.1ktpe8w.1.mp3,yes,,I was gonna have to be the one. If you'd failed. Glad I didn't.,14,,,,,,,,
1233,Initiation,rippinflow,vo.initiation.party.rippinflow.0h4gx85.1,vo.initiation.party.rippinflow.0h4gx85.1.mp3,yes,,You've got a shooter's hands. I noticed during the Gauntlet. You kept making a fist.,15,,,,,,,,
1234,Initiation,rippinflow,vo.initiation.party.rippinflow.0mjhqor.1,vo.initiation.party.rippinflow.0mjhqor.1.mp3,yes,,Whatever you came here to do. …I hope it was join us.,12,,,,,,,,
1235,Initiation,shubenator,vo.initiation.party.shubes.1cn6ytd.1,vo.initiation.party.shubes.1cn6ytd.1.mp3,yes,,"I'm not crying, it's — it's a smoky fire. It's a really smoky fire. Welcome, man.",16,,,,,,,,
1236,Initiation,shubenator,vo.initiation.party.shubes.04d2y7j.1,vo.initiation.party.shubes.04d2y7j.1.mp3,yes,,I remember my initiation. I did NOT cry. Ape's lying. I want that on the record before you hear it.,20,,,,,,,,
1237,Initiation,shubenator,vo.initiation.party.shubes.1hhm04m.1,vo.initiation.party.shubes.1hhm04m.1.mp3,yes,,You want a hit? It's going around. It helps with the — the this.,14,,,,,,,,
1238,Initiation,shubenator,vo.initiation.party.shubes.1f1xfoo.1,vo.initiation.party.shubes.1f1xfoo.1.mp3,yes,,We're brothers now. That's not nothing. That's — okay I'm gonna need a second. It's the smoke.,17,,,,,,,,
1239,Initiation,shubenator,vo.initiation.party.shubes.1ls9vgm.1,vo.initiation.party.shubes.1ls9vgm.1.mp3,yes,,When Booski said 'walk out a squatch' I felt that in my whole chest. Every time. Every single guy.,19,,,,,,,,
1240,Initiation,shubenator,vo.initiation.party.shubes.1vp41wb.1,vo.initiation.party.shubes.1vp41wb.1.mp3,yes,,"You seem stressed. Are you stressed? Because I get stressed and it's usually — is everything okay, man? Genuinely.",19,,,,,,,,
1241,Initiation,shubenator,vo.initiation.party.shubes.1fj8r6h.1,vo.initiation.party.shubes.1fj8r6h.1.mp3,yes,,Please don't do anything tonight. I don't know why I said that. I just — I get feelings. Please don't.,20,,,,,,,,
1242,Initiation,deathmegatron,vo.initiation.party.deathmegatron.0jlv5p9.1,vo.initiation.party.deathmegatron.0jlv5p9.1.mp3,yes,,Voice on this guy.,4,,,,,,,,
1243,Initiation,deathmegatron,vo.initiation.party.deathmegatron.08rpeo6.1,vo.initiation.party.deathmegatron.08rpeo6.1.mp3,yes,,Good hands tonight. Kept 'em down. That's the whole trick.,10,,,,,,,,
1244,Initiation,deathmegatron,vo.initiation.party.deathmegatron.1mpvq3f.1,vo.initiation.party.deathmegatron.1mpvq3f.1.mp3,yes,,I had my thumb on your windpipe for the Roar. In case. You roared. Good.,15,,,,,,,,
1245,Initiation,deathmegatron,vo.initiation.party.deathmegatron.05h0ma9.1,vo.initiation.party.deathmegatron.05h0ma9.1.mp3,yes,,Brother.,1,short,,,,,,,
1246,Initiation,deathmegatron,vo.initiation.party.deathmegatron.0pyngtq.1,vo.initiation.party.deathmegatron.0pyngtq.1.mp3,yes,,You're tense. I can see it in the shoulders. I put things down when I'm tense. You should put things down.,21,,,,,,,,
1247,Initiation,hogmama,vo.initiation.party.hogmama.1ahg85n.1,vo.initiation.party.hogmama.1ahg85n.1.mp3,yes,,"You eat? There's dogs on the fire. Real ones — hot dogs, relax. Don't make it weird.",17,,,,,,,,
1248,Initiation,hogmama,vo.initiation.party.hogmama.0kumwmd.1,vo.initiation.party.hogmama.0kumwmd.1.mp3,yes,,"Sit down before you fall down. You lost blood tonight. Electrolytes. There's a warm Gatorade in the cooler, it's yours.",20,,,,,,,,
1249,Initiation,hogmama,vo.initiation.party.hogmama.05xn58u.1,vo.initiation.party.hogmama.05xn58u.1.mp3,yes,,"Every man here I've patched up at least once. You're on the list now. Congratulations, I guess.",17,,,,,,,,
1250,Initiation,hogmama,vo.initiation.party.hogmama.089tex1.1,vo.initiation.party.hogmama.089tex1.1.mp3,yes,,Don't step over by the truck. I haven't dealt with that yet and I don't want you tracking it around.,20,,,,,,,,
1251,Initiation,hogmama,vo.initiation.party.hogmama.1cldrhn.1,vo.initiation.party.hogmama.1cldrhn.1.mp3,yes,,Boys get sentimental at these. I don't. Somebody has to remember where the shovels are.,15,,,,,,,,
1252,Initiation,hogmama,vo.initiation.party.hogmama.0tuh3wl.1,vo.initiation.party.hogmama.0tuh3wl.1.mp3,yes,,You've got a look. I've seen that look. Last person with that look is a story I tell to scare prospects.,21,,,,,,,,
1253,Initiation,hogmama,vo.initiation.party.hogmama.0k6wgxr.1,vo.initiation.party.hogmama.0k6wgxr.1.mp3,yes,,"Whatever you're planning, sweetheart — I do the cleanup. So do it somewhere with a tarp already down.",18,,,,,,,,
1254,Initiation,ape,vo.initiation.party.ape.19628w6.1,vo.initiation.party.ape.19628w6.1.mp3,yes,,You took thirty punches and cried less than Shubes did. That's the bar. You cleared the bar.,17,,,,,,,,
1255,Initiation,ape,vo.initiation.party.ape.1i4431e.1,vo.initiation.party.ape.1i4431e.1.mp3,yes,,"Congrats on the murder cult, dork. Beer's warm. So's the induction, apparently.",12,,,,,,,,
1256,Initiation,ape,vo.initiation.party.ape.0ijq4on.1,vo.initiation.party.ape.0ijq4on.1.mp3,yes,,I had money on you eating it at the log. You cost me forty bucks. I've never respected anyone more.,20,,,,,,,,
1257,Initiation,ape,vo.initiation.party.ape.09wkzum.1,vo.initiation.party.ape.09wkzum.1.mp3,yes,,You know they only shot the first guy because he was worse at trivia than you. Low bar. You limbo'd under it. Proud.,23,,,,,,,,
1258,Initiation,ape,vo.initiation.party.ape.1wv0asm.1,vo.initiation.party.ape.1wv0asm.1.mp3,yes,,Nine feet tall and still can't hold your beer. This is my favorite version of you.,16,hud-speak,,,,,,,
1259,Initiation,ape,vo.initiation.party.ape.0wbojf4.1,vo.initiation.party.ape.0wbojf4.1.mp3,yes,,"Don't let Booski hug you, he'll cry on the fur and it never dries. Ask Shubes. Shubes is basically a sponge now.",22,,,,,,,,
1260,Initiation,ape,vo.initiation.party.ape.0igz9f6.1,vo.initiation.party.ape.0igz9f6.1.mp3,yes,,"You're weird tonight. Weirder. And I've seen you sober, so that's a real statement.",14,,,,,,,,
1261,Initiation,ape,vo.initiation.party.ape.1gwjrcm.1,vo.initiation.party.ape.1gwjrcm.1.mp3,yes,,"What's in the pants, hero. And don't say a gun, because then I have to care, and I'm four deep.",20,,,,,,,,
1262,Initiation,irish,vo.initiation.party.irish.0q73ftg.1,vo.initiation.party.irish.0q73ftg.1.mp3,yes,,Nobody has answered my question about the eggs. You're new — YOU answer it. What is the egg situation.,19,,,,,,,,
1263,Initiation,irish,vo.initiation.party.irish.0866paj.1,vo.initiation.party.irish.0866paj.1.mp3,yes,,I raised the parking thing at the last three meetings. Three. We're a forest death cult and we cannot organize a car pool.,23,,,,,,,,
1264,Initiation,irish,vo.initiation.party.irish.1ln070f.1,vo.initiation.party.irish.1ln070f.1.mp3,yes,,"Did they shoot a lad earlier or did I imagine that. Because if they did, that's exactly the kind of thing that should be on the AGENDA.",27,,,,,,,,
1265,Initiation,irish,vo.initiation.party.irish.1g5h1uf.1,vo.initiation.party.irish.1g5h1uf.1.mp3,yes,,"Welcome, whatever. Do you have opinions on the fire-pit can situation. Because I have a document.",16,,,,,,,,
1266,Initiation,irish,vo.initiation.party.irish.03363if.1,vo.initiation.party.irish.03363if.1.mp3,yes,,"I'm not drunk, I'm CORRECT, and there's a difference, and it's in the minutes, which nobody reads.",17,,,,,,,,
1267,Initiation,irish,vo.initiation.party.irish.1ah08u7.1,vo.initiation.party.irish.1ah08u7.1.mp3,yes,,"You're the only one not talking. Finally, a serious person. Are you a serious person? Do you want to see the document.",22,,,,,,,,
1268,Initiation,eric,vo.initiation.party.erican.1quboem.1,vo.initiation.party.erican.1quboem.1.mp3,yes,,"Welcome, brother. I saved you a chair and immediately lost track of which one. It is one of the wet ones.",21,,,,,,,,
1269,Initiation,eric,vo.initiation.party.erican.0f8chb3.1,vo.initiation.party.erican.0f8chb3.1.mp3,yes,,"To Tony. He survived the ceremony and, more impressively, the parking.",11,,,,,,,,
1270,Initiation,eric,vo.initiation.party.erican.125h9p0.1,vo.initiation.party.erican.125h9p0.1.mp3,yes,,You keep counting exits. I do that in airports. This is not an airport. What are you waiting to depart from?,21,,,,,,,,
1271,Initiation,eric,vo.initiation.party.erican.190z6i5.1,vo.initiation.party.erican.190z6i5.1.mp3,yes,,"Welcome, brother. My initiation was worse. Everybody says that. Mine actually was.",12,,"[eric] Welcome, brother. Mine was worse. Everybody says that. Mine actually was.","[gratin] Welcome to it. Mine was worse. And before you say everybody says that — everybody does say that, and in my case it's documented.","[snow] Congratulations. Mine was worse. I'll not be describin' it. Not tonight, not ever, not to you.","[lou2] Welcome aboard. Mine was worse, and there's no HR here to tell it to, so it just lives in me.","[booski] Welcome, brother. Mine was worse. I know everybody says that. But I've got photographs.",open,"The line itself is good. The problem is it is copy-pasted across five named characters, which turns a party of individuals into one NPC with five faces. It needs four rewrites, not four tones — so the variants below are per-character, not per-director."
1272,Initiation,eric,vo.initiation.party.erican.0bdemm4.1,vo.initiation.party.erican.0bdemm4.1.mp3,yes,,To the new blood!,4,,[eric] To the new blood!,[gratin] To the kid. May he stay useful longer than the last one.,"[snow] To the new fella. God love him, he's no idea.","[lou2] To the newest member of the organization, and to whoever ends up cleaning up after him.",[booski] To the new blood. And to the old blood. There's been a lot of both this year.,open,"Same duplication problem, and the toast itself is a stock fantasy-tavern line. Five people raising a glass should raise five different glasses."
1273,Initiation,eric,vo.initiation.party.erican.1o3ynaq.1,vo.initiation.party.erican.1o3ynaq.1.mp3,yes,,You made it look easy. It's not easy. Ask the shirt by the truck. …too soon. Have a beer.,19,,[eric] You made it look easy. It's not. Ask the shirt by the truck. …Too soon. Have a beer.,"[gratin] You made that look easy. It is not easy. There's a shirt by that truck could tell you how not easy, except a shirt can't talk, which is sort of the point I'm making.",[snow] You made it look easy. It isn't. Ask the shirt by the truck. …Ah. Too soon. Drink that.,"[lou2] You made it look effortless, which is the worst thing you could have done, because now they'll expect it. Ask the shirt by the truck how expectations went for him.",[booski] You made it look easy. It isn't easy. There's a shirt by the truck. I won't say more than that.,open,The 'shirt by the truck' runner is the best joke in the party and duplication flattens it. Let each mouth land a different piece of it.
1274,Initiation,eric,vo.initiation.party.erican.1jb6mll.1,vo.initiation.party.erican.1jb6mll.1.mp3,yes,,"Good roar. I've heard bad ones. Bad ones we don't talk about, on account of the guy.",17,,,,,,,,
1275,Initiation,eric,vo.initiation.party.erican.0npetxc.1,vo.initiation.party.erican.0npetxc.1.mp3,yes,,You alright? You keep looking at Booski. We all love him but you're — you're really looking at him.,19,,[eric] You alright? You keep looking at Booski. We all love him. But you're really looking at him.,[gratin] You keep looking at Booski. Not looking at him like a man looks at a friend. Looking at him like a man checks a room for exits.,"[snow] You've been eyein' Booski all night. Now, we all love Booski. But that's not lovin', what you're doin'.",[lou2] You've had eyes on Booski for an hour. I'm not asking why. I'm telling you that I'm not the only one who noticed.,"[booski himself, from behind] You keep looking at me. All night. I don't mind. I'm just saying I noticed, is all.",open,"A genuinely ominous piece of foreshadowing, destroyed by being said identically by five people. It should land once, from the one person drunk enough to say it."
1276,Initiation,gratin,vo.initiation.party.gratin.1u7jdro.1,vo.initiation.party.gratin.1u7jdro.1.mp3,yes,,"Welcome, brother. I put the tools away for the toast. Most of them.",13,,,,,,,,
1277,Initiation,gratin,vo.initiation.party.gratin.1gjuuuf.1,vo.initiation.party.gratin.1gjuuuf.1.mp3,yes,,To Tony. May every difficult conversation end as politely as his did.,12,,,,,,,,
1278,Initiation,gratin,vo.initiation.party.gratin.0cbcl75.1,vo.initiation.party.gratin.0cbcl75.1.mp3,yes,,You keep watching Booski. Would you mind telling me why before I have to ask impolitely?,16,,,,,,,,
1279,Initiation,gratin,vo.initiation.party.gratin.190z6i5.1,vo.initiation.party.gratin.190z6i5.1.mp3,yes,,"Welcome, brother. My initiation was worse. Everybody says that. Mine actually was.",12,,,,,,,,
1280,Initiation,gratin,vo.initiation.party.gratin.0bdemm4.1,vo.initiation.party.gratin.0bdemm4.1.mp3,yes,,To the new blood!,4,,,,,,,,
1281,Initiation,gratin,vo.initiation.party.gratin.1o3ynaq.1,vo.initiation.party.gratin.1o3ynaq.1.mp3,yes,,You made it look easy. It's not easy. Ask the shirt by the truck. …too soon. Have a beer.,19,,,,,,,,
1282,Initiation,gratin,vo.initiation.party.gratin.1jb6mll.1,vo.initiation.party.gratin.1jb6mll.1.mp3,yes,,"Good roar. I've heard bad ones. Bad ones we don't talk about, on account of the guy.",17,,,,,,,,
1283,Initiation,gratin,vo.initiation.party.gratin.0npetxc.1,vo.initiation.party.gratin.0npetxc.1.mp3,yes,,You alright? You keep looking at Booski. We all love him but you're — you're really looking at him.,19,,,,,,,,
1284,Initiation,lou2,vo.initiation.party.captain-lou-sasole.0qfagvp.1,vo.initiation.party.captain-lou-sasole.0qfagvp.1.mp3,yes,,"Welcome aboard, brother. No safety card, no exits, and Booski has the only parachute.",14,,,,,,,,
1285,Initiation,lou2,vo.initiation.party.captain-lou-sasole.1elly0l.1,vo.initiation.party.captain-lou-sasole.1elly0l.1.mp3,yes,,To Tony. You walked in under your own power. Better arrival than most.,13,,,,,,,,
1286,Initiation,lou2,vo.initiation.party.captain-lou-sasole.0u88kvh.1,vo.initiation.party.captain-lou-sasole.0u88kvh.1.mp3,yes,,You checked the tree line four times. Either you expect company or you forgot where you parked. Which is it?,20,,,,,,,,
1287,Initiation,lou2,vo.initiation.party.captain-lou-sasole.190z6i5.1,vo.initiation.party.captain-lou-sasole.190z6i5.1.mp3,yes,,"Welcome, brother. My initiation was worse. Everybody says that. Mine actually was.",12,,,,,,,,
1288,Initiation,lou2,vo.initiation.party.captain-lou-sasole.0bdemm4.1,vo.initiation.party.captain-lou-sasole.0bdemm4.1.mp3,yes,,To the new blood!,4,,,,,,,,
1289,Initiation,lou2,vo.initiation.party.captain-lou-sasole.1o3ynaq.1,vo.initiation.party.captain-lou-sasole.1o3ynaq.1.mp3,yes,,You made it look easy. It's not easy. Ask the shirt by the truck. …too soon. Have a beer.,19,,,,,,,,
1290,Initiation,lou2,vo.initiation.party.captain-lou-sasole.1jb6mll.1,vo.initiation.party.captain-lou-sasole.1jb6mll.1.mp3,yes,,"Good roar. I've heard bad ones. Bad ones we don't talk about, on account of the guy.",17,,,,,,,,
1291,Initiation,lou2,vo.initiation.party.captain-lou-sasole.0npetxc.1,vo.initiation.party.captain-lou-sasole.0npetxc.1.mp3,yes,,You alright? You keep looking at Booski. We all love him but you're — you're really looking at him.,19,,,,,,,,
1292,Initiation,snow,vo.initiation.party.snow.077jokl.1,vo.initiation.party.snow.077jokl.1.mp3,yes,,"Welcome, brother. Stand left of the fire. I just got the blood off the right side.",16,,,,,,,,
1293,Initiation,snow,vo.initiation.party.snow.1r2gyh5.1,vo.initiation.party.snow.1r2gyh5.1.mp3,yes,,To Tony. One round left in the cylinder and none of it had your name on it.,17,,,,,,,,
1294,Initiation,snow,vo.initiation.party.snow.0uf1hzj.1,vo.initiation.party.snow.0uf1hzj.1.mp3,yes,,You keep watching my hands. Smart. Now tell me what yours are waiting to do.,15,,,,,,,,
1295,Initiation,snow,vo.initiation.party.snow.0l62w3g.1,vo.initiation.party.snow.0l62w3g.1.mp3,yes,,No hard feelings on the first guy. Job's a job. You I like — you knew the founders.,18,,,,,,,,
1296,Initiation,snow,vo.initiation.party.snow.10xbalq.1,vo.initiation.party.snow.10xbalq.1.mp3,yes,,You want to know if it gets easier. It got easier around number four. Cheers.,15,,,,,,,,
1297,Initiation,snow,vo.initiation.party.snow.1o6vqe0.1,vo.initiation.party.snow.1o6vqe0.1.mp3,yes,,I reloaded twice for that idiot. You? You I wouldn't have needed the second mag. Compliment.,16,,,,,,,,
1298,Initiation,snow,vo.initiation.party.snow.05ylq01.1,vo.initiation.party.snow.05ylq01.1.mp3,yes,,"You're not gonna make me work twice tonight, are you.",10,,,,,,,,
1299,Initiation,snow,vo.initiation.party.snow.190z6i5.1,vo.initiation.party.snow.190z6i5.1.mp3,yes,,"Welcome, brother. My initiation was worse. Everybody says that. Mine actually was.",12,,,,,,,,
1300,Initiation,snow,vo.initiation.party.snow.0bdemm4.1,vo.initiation.party.snow.0bdemm4.1.mp3,yes,,To the new blood!,4,,,,,,,,
1301,Initiation,snow,vo.initiation.party.snow.1o3ynaq.1,vo.initiation.party.snow.1o3ynaq.1.mp3,yes,,You made it look easy. It's not easy. Ask the shirt by the truck. …too soon. Have a beer.,19,,,,,,,,
1302,Initiation,snow,vo.initiation.party.snow.1jb6mll.1,vo.initiation.party.snow.1jb6mll.1.mp3,yes,,"Good roar. I've heard bad ones. Bad ones we don't talk about, on account of the guy.",17,,,,,,,,
1303,Initiation,snow,vo.initiation.party.snow.0npetxc.1,vo.initiation.party.snow.0npetxc.1.mp3,yes,,You alright? You keep looking at Booski. We all love him but you're — you're really looking at him.,19,,,,,,,,
1304,Initiation,ape,vo.initiation.ambient.ape.0419kfp.1,vo.initiation.ambient.ape.0419kfp.1.mp3,yes,,Shubes is crying again.,4,,,,,,,,
1305,Initiation,shubenator,vo.initiation.ambient.shubes.1lxqviq.1,vo.initiation.ambient.shubes.1lxqviq.1.mp3,yes,,It's the SMOKE.,3,short,,,,,,,
1306,Initiation,ape,vo.initiation.ambient.ape.1i3c879.1,vo.initiation.ambient.ape.1i3c879.1.mp3,yes,,There's no smoke over there. You're upwind.,7,,,,,,,,
1307,Initiation,shubenator,vo.initiation.ambient.shubes.1axhvr8.1,vo.initiation.ambient.shubes.1axhvr8.1.mp3,yes,,…It's allergies.,2,short,,,,,,,
1308,Initiation,irish,vo.initiation.ambient.irish.06l4y20.1,vo.initiation.ambient.irish.06l4y20.1.mp3,yes,,Are we going to talk about the parking or not.,10,,,,,,,,
1309,Initiation,hogmama,vo.initiation.ambient.hogmama.1ju8p58.1,vo.initiation.ambient.hogmama.1ju8p58.1.mp3,yes,,Not.,1,short,,,,,,,
1310,Initiation,irish,vo.initiation.ambient.irish.1bru72z.1,vo.initiation.ambient.irish.1bru72z.1.mp3,yes,,Noted. AGAIN.,2,short,,,,,,,
1311,Initiation,booski,vo.initiation.ambient.booski.149u0w9.1,vo.initiation.ambient.booski.149u0w9.1.mp3,yes,,Best induction in years.,4,,,,,,,,
1312,Initiation,lou,vo.initiation.ambient.lou.08qn0k2.1,vo.initiation.ambient.lou.08qn0k2.1.mp3,yes,,You said that about the last one.,7,,,,,,,,
1313,Initiation,booski,vo.initiation.ambient.booski.0osl56r.1,vo.initiation.ambient.booski.0osl56r.1.mp3,yes,,"The last one's a shirt now, Lou.",7,,,,,,,,
1314,Initiation,lou,vo.initiation.ambient.lou.0fglkg3.1,vo.initiation.ambient.lou.0fglkg3.1.mp3,yes,,…Fair.,1,short,,,,,,,
1315,Initiation,ape,vo.initiation.ambient.ape.1gb5hpx.1,vo.initiation.ambient.ape.1gb5hpx.1.mp3,yes,,"Deep. Real deep, big man.",5,,,,,,,,
1316,Initiation,hogmama,vo.initiation.ambient.hogmama.091pd5g.1,vo.initiation.ambient.hogmama.091pd5g.1.mp3,yes,,Whose turn is the tarp this week.,7,,,,,,,,
1317,Initiation,ape,vo.initiation.ambient.ape.0h7ii9x.1,vo.initiation.ambient.ape.0h7ii9x.1.mp3,yes,,Rippinflow's.,1,short,,,,,,,
1318,Initiation,rippinflow,vo.initiation.ambient.rippinflow.15loodx.1,vo.initiation.ambient.rippinflow.15loodx.1.mp3,yes,,…I did last week.,4,,,,,,,,
1319,Initiation,hogmama,vo.initiation.ambient.hogmama.0gs5hoq.1,vo.initiation.ambient.hogmama.0gs5hoq.1.mp3,yes,,"You're good at it, though.",5,,,,,,,,
1320,Initiation,lou,vo.initiation.ambient.lou.12x3vpg.1,vo.initiation.ambient.lou.12x3vpg.1.mp3,yes,,"I'm not even meant to be here, technically. I'm at the airport.",12,,,,,,,,
1321,Initiation,ape,vo.initiation.ambient.ape.1q4qhzc.1,vo.initiation.ambient.ape.1q4qhzc.1.mp3,yes,,You've been 'at the airport' for six years.,8,,,,,,,,
1322,Initiation,lou,vo.initiation.ambient.lou.03vfmoo.1,vo.initiation.ambient.lou.03vfmoo.1.mp3,yes,,And I'll be there six more.,6,,,,,,,,
1323,Initiation,irish,vo.initiation.ambient.irish.0at9yb1.1,vo.initiation.ambient.irish.0at9yb1.1.mp3,yes,,Nobody. Answered. About the eggs.,5,,,,,,,,
1324,Initiation,shubenator,vo.initiation.ambient.shubes.1l0547c.1,vo.initiation.ambient.shubes.1l0547c.1.mp3,yes,,What eggs?,2,short,,,,,,,
1325,Initiation,irish,vo.initiation.ambient.irish.1eu4g1z.1,vo.initiation.ambient.irish.1eu4g1z.1.mp3,yes,,EXACTLY.,1,short all-caps,,,,,,,
1326,Initiation,booski,vo.initiation.ambient.booski.06sn01i.1,vo.initiation.ambient.booski.06sn01i.1.mp3,yes,,Rippinflow. Say something to the new blood.,7,,,,,,,,
1327,Initiation,rippinflow,vo.initiation.ambient.rippinflow.1tyksgj.1,vo.initiation.ambient.rippinflow.1tyksgj.1.mp3,yes,,…Welcome.,1,short,,,,,,,
1328,Initiation,booski,vo.initiation.ambient.booski.0p8sqgg.1,vo.initiation.ambient.booski.0p8sqgg.1.mp3,yes,,BEAUTIFUL. That's the most he's said since March.,8,,,,,,,,
1329,Initiation,ape,vo.initiation.ambient.ape.1jvatuw.1,vo.initiation.ambient.ape.1jvatuw.1.mp3,yes,,New guy's being weird.,4,,,,,,,,
1330,Initiation,hogmama,vo.initiation.ambient.hogmama.0u8bxi6.1,vo.initiation.ambient.hogmama.0u8bxi6.1.mp3,yes,,I clocked it.,3,short,,,,,,,
1331,Initiation,ape,vo.initiation.ambient.ape.1rrbwd2.1,vo.initiation.ambient.ape.1rrbwd2.1.mp3,yes,,…Should we—,2,short,,,,,,,
1332,Initiation,hogmama,vo.initiation.ambient.hogmama.1gphmz6.1,vo.initiation.ambient.hogmama.1gphmz6.1.mp3,yes,,Rippinflow's got it.,3,short,,,,,,,
1333,Initiation,lou,vo.initiation.ambient.lou.149wslz.1,vo.initiation.ambient.lou.149wslz.1.mp3,yes,,"Booski, do your toast where people can see your hands.",10,,,,,,,,
1334,Initiation,booski,vo.initiation.ambient.booski.0r5edhx.1,vo.initiation.ambient.booski.0r5edhx.1.mp3,yes,,Why.,1,short,,,,,,,
1335,Initiation,lou,vo.initiation.ambient.lou.1ckii4g.1,vo.initiation.ambient.lou.1ckii4g.1.mp3,yes,,Humor me.,2,short,,,,,,,
1336,Initiation,kittenboss,vo.initiation.cabin.in-030-kittenboss.1ba2x2c.1,vo.initiation.cabin.in-030-kittenboss.1ba2x2c.1.mp3,yes,"Conversational, sideways, not lowered. She is making small talk in a queue.",Do you know any of this?,6,,,,,,,,
1337,Initiation,player,vo.initiation.cabin.in-031-prospect.0mtgzbw.1,vo.initiation.cabin.in-031-prospect.0mtgzbw.1.mp3,yes,,No.,1,filler short,,,,,,,
1338,Initiation,kittenboss,vo.initiation.cabin.in-031-kittenboss.0gimm6v.1,vo.initiation.cabin.in-031-kittenboss.0gimm6v.1.mp3,yes,Cheerful. Completely unbothered.,"No, me neither.",3,short,,,,,,,
1339,Initiation,player,vo.initiation.cabin.in-032-prospect.17hckpf.1,vo.initiation.cabin.in-032-prospect.17hckpf.1.mp3,yes,,Some of it.,3,short,,,,,,,
1340,Initiation,kittenboss,vo.initiation.cabin.in-032-kittenboss.0x0xloq.1,vo.initiation.cabin.in-032-kittenboss.0x0xloq.1.mp3,yes,,Which bit?,2,short,,,,,,,
1341,Initiation,kittenboss,vo.initiation.cabin.in-032-kittenboss.1psklkh.1,vo.initiation.cabin.in-032-kittenboss.1psklkh.1.mp3,yes,Not a challenge. She has simply accepted it.,Right.,1,filler short,,,,,,,
1342,Initiation,kittenboss,vo.initiation.cabin.in-033-kittenboss.0h033a9.1,vo.initiation.cabin.in-033-kittenboss.0h033a9.1.mp3,yes,,Fair enough.,2,short,,,,,,,
1343,Initiation,doorman,vo.initiation.cabin.in-060-prospect-one.00sjbgg.1,vo.initiation.cabin.in-060-prospect-one.00sjbgg.1.mp3,yes,Bright. He thinks he has been marked wrong on a quiz. He does not understand what is happening until the moment it does.,Can I have another go?,5,,,,,,,,
1344,Initiation,doorman,vo.initiation.cabin.in-060-prospect-one.0jcr2ck.1,vo.initiation.cabin.in-060-prospect-one.0jcr2ck.1.mp3,yes,"Small. Two letters and it is the last thing he says. He is not frightened yet — he has only this second understood, and there is no time left to be anything about it.",Oh.,1,short,,,,,,,
1345,Initiation,kittenboss,vo.initiation.cabin.in-075-kittenboss.1lqau7w.1,vo.initiation.cabin.in-075-kittenboss.1lqau7w.1.mp3,yes,"Quiet, after far too long. She is asking whether the paperwork is normal. She is wrong, and she will not find out.","That’s not— that’s not standard, is it?",7,,,,,,,,
1346,Initiation,lou,vo.initiation.cabin.in-100-lou.18ykyue.1,vo.initiation.cabin.in-100-lou.18ykyue.1.mp3,yes,Plain distinction. No absolution and no attempt to soften what the family did.,Willy gave them the strip. He did not give them this house.,12,,,,,,,,
1347,Initiation,booski,vo.initiation.cabin.in-100-booskibro.185kcop.1,vo.initiation.cabin.in-100-booskibro.185kcop.1.mp3,yes,,Sauce did. The palace proved it.,6,,,,,,,,
1348,Initiation,booski,vo.initiation.cabin.in-100-booskibro.0apw1h4.1,vo.initiation.cabin.in-100-booskibro.0apw1h4.1.mp3,yes,,Short Bus. Sauce signed it. One of tonight’s prospects countersigned the breach.,12,,,,,,,,
1349,Initiation,lou,vo.initiation.cabin.in-100-lou.178c7be.1,vo.initiation.cabin.in-100-lou.178c7be.1.mp3,yes,,There is one place left. Five prospects are standing for it.,11,,,,,,,,
1350,Initiation,booski,vo.initiation.cabin.in-100-booskibro.0jpbifj.1,vo.initiation.cabin.in-100-booskibro.0jpbifj.1.mp3,yes,,We don’t put a question inside this family.,8,,,,,,,,
1351,Initiation,booski,vo.initiation.cabin.in-100-booskibro.00zrt0g.1,vo.initiation.cabin.in-100-booskibro.00zrt0g.1.mp3,yes,"A standing order, not a joke or a movie reference.",Nuclear option.,2,short,,,,,,,
1352,Initiation,gratin,vo.initiation.cabin.in-100-gratin.1wuj4z6.1,vo.initiation.cabin.in-100-gratin.1wuj4z6.1.mp3,yes,A practical clarification before anybody moves.,Kittenboss too?,2,short,,,,,,,
1353,Initiation,lou,vo.initiation.cabin.in-100-lou.1rt2hrp.1,vo.initiation.cabin.in-100-lou.1rt2hrp.1.mp3,yes,Hesitant filler. He has not made an exception.,We'll see.,2,short,,,,,,,
1354,Initiation,booski,vo.initiation.cabin.in-100-booskibro.19d4ob8.1,vo.initiation.cabin.in-100-booskibro.19d4ob8.1.mp3,yes,Cuts across Lou. Definitive.,She has to go too.,5,,,,,,,,
1355,Initiation,booski,vo.initiation.cabin.in-110-booskibro.100apah.1,vo.initiation.cabin.in-110-booskibro.100apah.1.mp3,yes,Level and immediate. The order includes Tony and Kittenboss.,All prospects. On your knees.,5,,,,,,,,
1356,Initiation,gratin,vo.initiation.cabin.in-110-gratin.1e0lw2d.1,vo.initiation.cabin.in-110-gratin.1e0lw2d.1.mp3,yes,,Face forward.,2,short,,,,,,,
1357,Initiation,npc-reserve-1,vo.initiation.cabin.in-120-prospect-three.018unbp.1,vo.initiation.cabin.in-120-prospect-three.018unbp.1.mp3,yes,,Nobody asked me a question.,5,,,,,,,,
1358,Initiation,npc-reserve-1,vo.initiation.cabin.in-120-prospect-three.0mk6sxt.1,vo.initiation.cabin.in-120-prospect-three.0mk6sxt.1.mp3,yes,"To Tony, cut off by the shot.",Ask me the question.,4,,,,,,,,
1359,Initiation,npc-reserve-2,vo.initiation.cabin.in-145-prospect-five.0xrahxk.1,vo.initiation.cabin.in-145-prospect-five.0xrahxk.1.mp3,yes,,Is Booski watching?,3,short,,,,,,,
1360,Initiation,gratin,vo.initiation.cabin.in-145-gratin.146zxg7.1,vo.initiation.cabin.in-145-gratin.146zxg7.1.mp3,yes,"Kindly, and it is true.",He’s watching.,2,short,,,,,,,
1361,Initiation,kittenboss,vo.initiation.cabin.in-150-kittenboss.1baf5ya.1,vo.initiation.cabin.in-150-kittenboss.1baf5ya.1.mp3,yes,"Female voice. Small and immediate, as realization arrives. One line only; she is not given time for another.","No, no, wait...",3,short,,,,,,,
1362,Initiation,gratin,vo.initiation.cabin.in-150-gratin.1usmj9t.1,vo.initiation.cabin.in-150-gratin.1usmj9t.1.mp3,yes,"Calm and level. Hold one short beat after the line, then fire. No overacting.",Everybody remembers the night they joined the family. Nobody remembers the one who didn't.,14,,,,,,,,
1363,Initiation,lou,vo.initiation.cabin.in-170-lou.15qwm4k.1,vo.initiation.cabin.in-170-lou.15qwm4k.1.mp3,yes,Immediate. It lands before Gratin can fire.,Stop. This one is good.,5,,,,,,,,
1364,Initiation,booski,vo.initiation.cabin.in-170-booskibro.1ktte4c.1,vo.initiation.cabin.in-170-booskibro.1ktte4c.1.mp3,yes,,Get Tony up.,3,short,,,,,,,
1365,Initiation,booski,vo.initiation.cabin.in-200-booskibro.17cff6h.1,vo.initiation.cabin.in-200-booskibro.17cff6h.1.mp3,yes,He does not say where.,"Come on, then.",3,short,,,,,,,
1366,Initiation,seff,vo.initiation.cabin.in-210-seff.0nkza49.1,vo.initiation.cabin.in-210-seff.0nkza49.1.mp3,yes,"THE MOST IMPORTANT EXCHANGE IN THE ACT. Two men who have just done what they did, discussing the temperature accurately, because it is genuinely colder than it was.",Colder than it was.,4,,,,,,,,
1367,Initiation,lag,vo.initiation.cabin.in-210-lag.0oz6emn.1,vo.initiation.cabin.in-210-lag.0oz6emn.1.mp3,yes,,It’s the wet.,3,short,,,,,,,
1368,Initiation,seff,vo.initiation.cabin.in-210-seff.1u7hwnn.1,vo.initiation.cabin.in-210-seff.1u7hwnn.1.mp3,yes,,Mm.,1,filler short,,,,,,,
1369,Initiation,irish,vo.initiation.cabin.in-220-irish.1snxq1h.1,vo.initiation.cabin.in-220-irish.1snxq1h.1.mp3,yes,,Are we doing the thing with the card?,8,,,,,,,,
1370,Initiation,hogmama,vo.initiation.cabin.in-220-hogmama.1ssev5m.1,vo.initiation.cabin.in-220-hogmama.1ssev5m.1.mp3,yes,,Yes.,1,filler short,,,,,,,
1371,Initiation,irish,vo.initiation.cabin.in-220-irish.037klvh.1,vo.initiation.cabin.in-220-irish.037klvh.1.mp3,yes,,Right. Only last time nobody brought a card.,8,,,,,,,,
1372,Initiation,hogmama,vo.initiation.cabin.in-220-hogmama.116rlrr.1,vo.initiation.cabin.in-220-hogmama.116rlrr.1.mp3,yes,,Somebody brought a card.,4,,,,,,,,
1373,Initiation,irish,vo.initiation.cabin.in-220-irish.1khl87n.1,vo.initiation.cabin.in-220-irish.1khl87n.1.mp3,yes,,Somebody brought a receipt.,4,,,,,,,,
1374,Initiation,shubenator,vo.initiation.cabin.in-230-shubenator.1nrrfvw.1,vo.initiation.cabin.in-230-shubenator.1nrrfvw.1.mp3,yes,"THERE IS NO SMOKE. He is crying and he has blamed smoke that does not exist, which is what he does at every family occasion. Tonight it is not funny and nothing in the scene may indicate that it is not funny. Play it as a man clearing his throat.",It’s the smoke.,3,short,,,,,,,
1375,Initiation,numbskull,vo.initiation.cabin.in-240-numbskull.0nyjs1k.1,vo.initiation.cabin.in-240-numbskull.0nyjs1k.1.mp3,yes,,Watch your feet through here.,5,,,,,,,,
1376,Initiation,player,vo.initiation.cabin.in-240-prospect.0sljbim.1,vo.initiation.cabin.in-240-prospect.0sljbim.1.mp3,yes,,…Thanks.,1,short,,,,,,,
1377,Initiation,numbskull,vo.initiation.cabin.in-240-numbskull.1y02bwa.1,vo.initiation.cabin.in-240-numbskull.1y02bwa.1.mp3,yes,He is being helpful. He has been being helpful all night. He is still the most frightening man in the woods and he is still being nice.,"It gets you every time, that bit.",7,,,,,,,,
1378,Initiation,player,vo.initiation.cabin.in-246-prospect.0ncowzt.1,vo.initiation.cabin.in-246-prospect.0ncowzt.1.mp3,yes,,Where are we going?,4,,,,,,,,
1379,Initiation,booski,vo.initiation.cabin.in-246-booskibro.1mkgx7u.1,vo.initiation.cabin.in-246-booskibro.1mkgx7u.1.mp3,yes,Without turning.,Up.,1,short,,,,,,,
1380,Initiation,player,vo.initiation.cabin.in-247-prospect.0tjyt2w.1,vo.initiation.cabin.in-247-prospect.0tjyt2w.1.mp3,yes,,Is somebody going to tell me what that was?,9,,,,,,,,
1381,Initiation,lag,vo.initiation.cabin.in-247-lag.0ilit57.1,vo.initiation.cabin.in-247-lag.0ilit57.1.mp3,yes,Thrown away completely. Do not put a beat around it.,Probably not.,2,short,,,,,,,
1382,Initiation,booski,vo.initiation.cabin.in-260-booskibro.1gudewg.1,vo.initiation.cabin.in-260-booskibro.1gudewg.1.mp3,yes,,In.,1,short,,,,,,,
1383,Initiation,lou,vo.initiation.cabin.in-310-lou.1t6766a.1,vo.initiation.cabin.in-310-lou.1t6766a.1.mp3,yes,,Come forward.,2,short,,,,,,,
1384,Initiation,lou,vo.initiation.cabin.in-320-lou.0p69cz0.1,vo.initiation.cabin.in-320-lou.0p69cz0.1.mp3,yes,"THE FIRST TIME IN THE ENTIRE CAMPAIGN THAT LOU IS COMPLETELY SERIOUS. No warmth, no gravel-voiced charm, no joke waiting at the end of the sentence. The man who was worried about raccoons at the fire pit is gone.","All of the men in this room are bound by blood. This is a family. And in this thing of ours, we follow a code of honor. There’s a way of life... a brotherhood.",34,,,,,,,,
1385,Initiation,booski,vo.initiation.cabin.in-330-booskibro.09hb3ch.1,vo.initiation.cabin.in-330-booskibro.09hb3ch.1.mp3,yes,"QUIET. He has boomed through the entire game; in here he does not, and the change is the point.",You are here because of your deeds and the assertions of those who stand at your side.,17,,,,,,,,
1386,Initiation,booski,vo.initiation.cabin.in-340-booskibro.08uea1h.1,vo.initiation.cabin.in-340-booskibro.08uea1h.1.mp3,yes,"A list being confirmed, not a compliment being paid.","You did what was asked. You kept your mouth shut. You handled yourself at the Bing. You flew the beef run. When it came time to stand up, you stood up.",31,,,,,,,,
1387,Initiation,booski,vo.initiation.cabin.in-340-booskibro.1fff3e2.1,vo.initiation.cabin.in-340-booskibro.1fff3e2.1.mp3,yes,"The compact second half of the record. Each clause is a campaign deed, not praise.",You carried Lou’s case. You held his house when they came for it. You walked into their palace alone and ended the war.,23,,,,,,,,
1388,Initiation,rippinflow,vo.initiation.cabin.in-350-rippinflow.1hyk744.1,vo.initiation.cabin.in-350-rippinflow.1hyk744.1.mp3,yes,,"This life is one of secrecy. If you make a friend, meet a woman, live out there among regular people... they must not know about our thing.",27,,,,,,,,
1389,Initiation,lou,vo.initiation.cabin.in-360-lou.1cj0ypn.1,vo.initiation.cabin.in-360-lou.1cj0ypn.1.mp3,yes,,It is binding. It is not forgiving. To betray one is to betray all.,14,,,,,,,,
1390,Initiation,lou,vo.initiation.cabin.in-365-silent-lou.06zmzt5.1,vo.initiation.cabin.in-365-silent-lou.06zmzt5.1.mp3,yes,"Quiet, private, meant for Tony and nobody else — and the room hears it anyway because the room is four metres wide. He is not asking and he does not wait for an answer.",You didn’t say anything out there.,6,,,,,,,,
1391,Initiation,lou,vo.initiation.cabin.in-365-silent-lou.1hlgrfm.1,vo.initiation.cabin.in-365-silent-lou.1hlgrfm.1.mp3,yes,,Good.,1,filler short,,,,,,,
1392,Initiation,lou,vo.initiation.cabin.in-370-lou.1o1uo7u.1,vo.initiation.cabin.in-370-lou.1o1uo7u.1.mp3,yes,,Do you wish to commit yourself... your life... to this family?,11,,,,,,,,
1393,Initiation,player,vo.initiation.cabin.in-371-prospect.0v3lnxo.1,vo.initiation.cabin.in-371-prospect.0v3lnxo.1.mp3,yes,,Yes. I do.,3,short,,,,,,,
1394,Initiation,player,vo.initiation.cabin.fail-b-prospect.0wv20kn.1,vo.initiation.cabin.fail-b-prospect.0wv20kn.1.mp3,yes,,No. I don’t.,3,short,,,,,,,
1395,Initiation,lou,vo.initiation.cabin.in-380-lou.1bwulo9.1,vo.initiation.cabin.in-380-lou.1bwulo9.1.mp3,yes,,Then before the eyes of all here present... join me.,10,,,,,,,,
1396,Initiation,lou,vo.initiation.cabin.in-410-lou.0zn68ys.1,vo.initiation.cabin.in-410-lou.0zn68ys.1.mp3,yes,"Not verbatim — connective tissue, and the shortest possible bridge into the input.",Give me your hand.,4,,,,,,,,
1397,Initiation,lou,vo.initiation.cabin.in-430-lou.17nhb4i.1,vo.initiation.cabin.in-430-lou.17nhb4i.1.mp3,yes,,To become a man of honor... repeat these words.,9,,,,,,,,
1398,Initiation,lou,vo.initiation.cabin.in-430-lou.1800mnn.1,vo.initiation.cabin.in-430-lou.1800mnn.1.mp3,yes,,I swear my loyalty to this family.,7,,,,,,,,
1399,Initiation,player,vo.initiation.cabin.in-430-prospect.1800mnn.1,vo.initiation.cabin.in-430-prospect.1800mnn.1.mp3,yes,FLAT AND CAREFUL. He is not moved and he is not performing — he is a man repeating words correctly because he has understood that getting them wrong is a category of thing that has consequences here.,I swear my loyalty to this family.,7,,,,,,,,
1400,Initiation,lou,vo.initiation.cabin.in-435-lou.0aarlpi.1,vo.initiation.cabin.in-435-lou.0aarlpi.1.mp3,yes,,My flesh must burn in hell like this saint if I do not keep my oath.,16,,,,,,,,
1401,Initiation,player,vo.initiation.cabin.in-435-prospect.0aarlpi.1,vo.initiation.cabin.in-435-prospect.0aarlpi.1.mp3,yes,"He says ""like this saint"" while holding the saint, and the game does not help him notice.",My flesh must burn in hell like this saint if I do not keep my oath.,16,,,,,,,,
1402,Initiation,lou,vo.initiation.cabin.in-450-lou.0qt3496.1,vo.initiation.cabin.in-450-lou.0qt3496.1.mp3,yes,,"From this day forward, your word is the word of this family. Your enemies are our enemies. Your loyalty is no longer yours alone — it belongs to all of us.",31,,,,,,,,
1403,Initiation,lou,vo.initiation.cabin.in-460-lou.08jlcav.1,vo.initiation.cabin.in-460-lou.08jlcav.1.mp3,yes,"IN UNISON WITH BOOSKIBRO, QUIETLY. Two takes mixed to land on the same frame — it is not a line and a response, and if it queues one after the other the beat dies.",Welcome.,1,short,,,,,,,
1404,Initiation,booski,vo.initiation.cabin.in-460-booskibro.08jlcav.1,vo.initiation.cabin.in-460-booskibro.08jlcav.1.mp3,yes,"IN UNISON WITH LOU, QUIETLY. Same frame as his.",Welcome.,1,short,,,,,,,
1405,Initiation,ape,vo.initiation.cabin.in-500-ape.0juxi7h.1,vo.initiation.cabin.in-500-ape.0juxi7h.1.mp3,yes,,SALUD!,1,short all-caps,,,,,,,
1406,Initiation,hogmama,vo.initiation.cabin.in-500-hogmama.0juxi7h.1,vo.initiation.cabin.in-500-hogmama.0juxi7h.1.mp3,yes,,SALUD!,1,short all-caps,,,,,,,
1407,Initiation,lou2,vo.initiation.cabin.in-500-sasole.0juxi7h.1,vo.initiation.cabin.in-500-sasole.0juxi7h.1.mp3,yes,,SALUD!,1,short all-caps,,,,,,,
1408,Initiation,eric,vo.initiation.cabin.in-510-eric.0gfm3yw.1,vo.initiation.cabin.in-510-eric.0gfm3yw.1.mp3,yes,,"Salud, kid.",2,short,,,,,,,
1409,Initiation,snow,vo.initiation.cabin.in-510-snow.0k2r3sk.1,vo.initiation.cabin.in-510-snow.0k2r3sk.1.mp3,yes,,You’re family now.,3,short,,,,,,,
1410,Initiation,irish,vo.initiation.cabin.in-510-irish.046pkld.1,vo.initiation.cabin.in-510-irish.046pkld.1.mp3,yes,,"That’s it, brother.",3,short,,,,,,,
1411,Initiation,numbskull,vo.initiation.cabin.in-510-numbskull.1u7dsrm.1,vo.initiation.cabin.in-510-numbskull.1u7dsrm.1.mp3,yes,,He made it.,3,short,,,,,,,
1412,Initiation,seff,vo.initiation.cabin.in-510-seff.02uoq5p.1,vo.initiation.cabin.in-510-seff.02uoq5p.1.mp3,yes,,Salud!,1,short,,,,,,,
1413,Initiation,hogmama,vo.initiation.cabin.in-510-hogmama.1nr42bj.1,vo.initiation.cabin.in-510-hogmama.1nr42bj.1.mp3,yes,,"Come here. Come here, baby.",5,,,,,,,,
1414,Initiation,ape,vo.initiation.cabin.in-510-ape.0xst0zj.1,vo.initiation.cabin.in-510-ape.0xst0zj.1.mp3,yes,,Look at his face. Look at it.,7,,,,,,,,
1415,Initiation,ape,vo.initiation.cabin.in-510-ape.0zlwnzq.1,vo.initiation.cabin.in-510-ape.0zlwnzq.1.mp3,yes,,He’s gone grey. He’s actually gone grey.,7,,,,,,,,
1416,Initiation,lou2,vo.initiation.cabin.in-510-sasole.0fiu2nk.1,vo.initiation.cabin.in-510-sasole.0fiu2nk.1.mp3,yes,,"Still top five, this one.",5,,,,,,,,
1417,Initiation,lag,vo.initiation.cabin.in-510-lag.1aak3yu.1,vo.initiation.cabin.in-510-lag.1aak3yu.1.mp3,yes,,Congrats. Genuinely.,2,short,,,,,,,
1418,Initiation,rippinflow,vo.initiation.cabin.in-510-rippinflow.1k732ys.1,vo.initiation.cabin.in-510-rippinflow.1k732ys.1.mp3,yes,,Good. Now sit down.,4,,,,,,,,
1419,Initiation,shubenator,vo.initiation.cabin.in-510-shubenator.1kfql4w.1,vo.initiation.cabin.in-510-shubenator.1kfql4w.1.mp3,yes,"Still going, and now there is a stove to blame.",It’s the stove.,3,short,,,,,,,
1420,Initiation,gratin,vo.initiation.cabin.in-510-gratin.09pdb6x.1,vo.initiation.cabin.in-510-gratin.09pdb6x.1.mp3,yes,"THE LINE TO PROTECT. An hour ago he shot three people on their knees and now he is quietly upset that his food is going cold, and he is not doing a bit — he cooked and nobody is eating. Exactly as flat as everything else he has said tonight.",There’s food. Nobody’s eating it.,5,,,,,,,,
1421,Initiation,numbskull,vo.initiation.cabin.in-510-numbskull.1cws2gf.1,vo.initiation.cabin.in-510-numbskull.1cws2gf.1.mp3,yes,,I said I liked him. I said that before.,9,,,,,,,,
1422,Initiation,irish,vo.initiation.cabin.in-510-irish.1puj0x9.1,vo.initiation.cabin.in-510-irish.1puj0x9.1.mp3,yes,,"The card was fine, by the way. That was a proper card.",12,,,,,,,,
1423,Initiation,booski,vo.initiation.cabin.in-510-booskibro.1ny7ol1.1,vo.initiation.cabin.in-510-booskibro.1ny7ol1.1.mp3,yes,,SIT HIM DOWN. Somebody sit him down.,7,,,,,,,,
1424,Initiation,lou,vo.initiation.cabin.in-520-lou.13css28.1,vo.initiation.cabin.in-520-lou.13css28.1.mp3,yes,,"Tonight, you became one of us. That means something.",9,,,,,,,,
1425,Initiation,lou,vo.initiation.cabin.in-520-lou.1yrqj63.1,vo.initiation.cabin.in-520-lou.1yrqj63.1.mp3,yes,,It also means every move you make reflects on me... and on this family. So don’t embarrass us.,18,,,,,,,,
1426,Initiation,lou,vo.initiation.cabin.in-520-lou.0p8y88k.1,vo.initiation.cabin.in-520-lou.0p8y88k.1.mp3,yes,"A faint smirk under this one — the first since IN-090, and very small. Lou is back, not all the way, and not tonight.",And don’t think this means you get to relax. You still got work to do.,15,,,,,,,,
1427,Initiation,booski,vo.initiation.cabin.in-530-booskibro.106nqi3.1,vo.initiation.cabin.in-530-booskibro.106nqi3.1.mp3,yes,,Drink. Tonight you earned it.,5,,,,,,,,
1428,Initiation,player,vo.initiation.cabin.in-530-prospect.1dbsrar.1,vo.initiation.cabin.in-530-prospect.1dbsrar.1.mp3,yes,"Optional, one only, and only if the player waits.",…Cheers.,1,short,,,,,,,
1429,Apartment and shared,deathmegatron,vo.silentnight.dmt.labrats,vo.silentnight.dmt.labrats.mp3,yes,,"There it goes. Breathe deep, lab rats. You earned every lungful.",11,,,,,,,,
1430,Apartment and shared,deathmegatron,vo.silentnight.dmt.littlecoats,vo.silentnight.dmt.littlecoats.mp3,yes,,Look at them go. Little coats. Big hurry.,8,,,,,,,,
1431,Apartment and shared,deathmegatron,vo.silentnight.dmt.adorable,vo.silentnight.dmt.adorable.mp3,yes,,They’re covering their mouths. Adorable. Air was always their weakness.,10,,,,,,,,
1432,Apartment and shared,deathmegatron,vo.silentnight.dmt.embarrassing,vo.silentnight.dmt.embarrassing.mp3,yes,,Heh. Needing to breathe. How embarrassing for you.,8,,,,,,,,
1433,Apartment and shared,deathmegatron,vo.silentnight.dmt.pencilnecks,vo.silentnight.dmt.pencilnecks.mp3,yes,,"Knock all you want, pencil-necks. The glass doesn’t do sympathy.",10,,,,,,,,
1434,Apartment and shared,deathmegatron,vo.silentnight.dmt.exercise,vo.silentnight.dmt.exercise.mp3,yes,,"Crawling. Finally some exercise, eggheads.",5,,,,,,,,
1435,Apartment and shared,deathmegatron,vo.silentnight.dmt.silentnight,vo.silentnight.dmt.silentnight.mp3,yes,,"Shh. Shh, shh, shh. There it is. Silent night.",9,,,,,,,,
1436,Apartment and shared,ateam1,vo.ateam.greetings,vo.ateam.greetings.mp3,yes,"Full-throat shout across a gunfight, delivered like a greeting he actually means. Cocky, hard, no smile in it.","Greetings from the A-Team, bitch!",5,,,,,,,,
1437,Apartment and shared,ateam3,vo.ateam.regards,vo.ateam.regards.mp3,yes,"Shouted while moving. A message being delivered, not a taunt -- he thinks he is being courteous.",A-Team sends their regards!,4,,,,,,,,
1438,Apartment and shared,ateam2,vo.ateam.house,vo.ateam.house.mp3,yes,"Flat and certain at volume. A statement of fact about property, not a boast.",This house belongs to the A-Team now!,7,,,,,,,,
1439,Apartment and shared,ateam5,vo.ateam.finished,vo.ateam.finished.mp3,yes,"Contempt, shouted downrange. He is telling them something he considers already true.",You Squatches are finished!,4,,,,,,,,
1440,Apartment and shared,ateam4,vo.ateam.collect,vo.ateam.collect.mp3,yes,Shouted at whoever is left to carry the message. This is business and he wants it passed on.,Tell Lou the A-Team came to collect!,7,,,,,,,,
1441,Apartment and shared,ateam2,vo.ateam.knock,vo.ateam.knock.mp3,yes,"Hard, clipped. A house rule being explained under fire.",The A-Team does not knock twice!,6,,,,,,,,
1442,Apartment and shared,ateam1,vo.ateam.street,vo.ateam.street.mp3,yes,"Territorial roar. Pride in the crew, not in himself.",A-Team owns this street tonight!,5,,,,,,,,
1443,Apartment and shared,ateam3,vo.ateam.nobody-walks,vo.ateam.nobody-walks.mp3,yes,Cold and matter-of-fact at full volume. A promise he has kept before.,Nobody walks out of an A-Team job!,7,,,,,,,,
1444,Apartment and shared,ateam5,vo.ateam.for-the-a-team,vo.ateam.for-the-a-team.mp3,yes,"Owner's line (FOR THE A TEAM!!!). Full battle roar going through a door -- the loudest thing this man says all night. Absolute sincerity, zero irony.",For the A-Team!,3,short,,,,,,,
1445,Apartment and shared,ateam2,vo.ateam.never-made-playoffs,vo.ateam.never-made-playoffs.mp3,yes,"Owner's line, and the heart of the whole gag. Shouted mid-firefight at nobody in particular: defiant, wounded, completely sincere. He is defending the team's honour and he believes he is winning the argument. NOT wry, NOT knowing -- the line must never sound like it hears itself.",It doesn’t matter! The A-Team never made playoffs!,8,,,,,,,,
1446,Apartment and shared,ateam4,vo.ateam.rules,vo.ateam.rules.mp3,yes,"Owner's line (A TEAM RULES). Short, shouted like a chant off a terrace. Total conviction.",A-Team rules!,2,short,,,,,,,
1447,Apartment and shared,ateam1,vo.ateam.never-be-on-it,vo.ateam.never-be-on-it.mp3,yes,"Owner's line. Shouted downrange as an insult, and he thinks it is a devastating one.",You’ll never be on the A-Team!,6,,,,,,,,
1448,Apartment and shared,ateam3,vo.ateam.for-the-a-team-two,vo.ateam.for-the-a-team-two.mp3,yes,Second take of the owner's line on a different man. Harder and flatter than ateam5's roar -- more command than cheer.,For the A-Team!,3,short,,,,,,,
1449,Apartment and shared,ateam5,vo.ateam.nobody-asked,vo.ateam.nobody-asked.mp3,yes,"Answering an accusation nobody made. Instantly defensive, shouted over gunfire, genuinely aggrieved. Play it as a real grievance, never as a joke.",Nobody asked about the playoffs!,5,,,,,,,,
1450,Apartment and shared,ateam4,vo.ateam.still-standing,vo.ateam.still-standing.mp3,yes,"Triumphant and breathless, shouted while advancing. To him this settles the matter for good.",We never made playoffs and we are standing in your house!,11,,,,,,,,
1451,Apartment and shared,ateam2,vo.ateam.say-it,vo.ateam.say-it.mp3,yes,"Furious, daring an opponent who has not said a word. He is looking for a second fight inside the first one.",Say one word about the playoffs! Say it!,8,,,,,,,,
1452,Apartment and shared,ateam1,vo.ateam.seeding,vo.ateam.seeding.mp3,yes,"An explanation he has given a hundred times and is tired of giving. Frustration, not humour.",It was the seeding! It was always the seeding!,9,,,,,,,,
1453,Apartment and shared,ateam3,vo.ateam.the-record,vo.ateam.the-record.mp3,yes,"Correcting somebody mid-assault. Patient for half a second, then not patient. Absolutely serious.",That record does not say what you think it says!,10,,,,,,,,
1454,Apartment and shared,ateam5,vo.ateam.not-the-measure,vo.ateam.not-the-measure.mp3,yes,"Stated like a principle, at volume. He believes this the way other men believe in God.",Playoffs are not the measure of a team!,8,,,,,,,,
1455,Apartment and shared,ateam4,vo.ateam.ask-anybody,vo.ateam.ask-anybody.mp3,yes,"Appealing to a witness who is not there. Loud, hurt, certain.",Ask anybody who watched us play! Ask them!,8,,,,,,,,
1456,Apartment and shared,ateam1,vo.ateam.not-qualified,vo.ateam.not-qualified.mp3,yes,Contempt for the entire house. Nobody in it has said anything; he is ruling them out anyway.,Nobody in this house is qualified to bring up the playoffs!,11,,,,,,,,
1457,Apartment and shared,ateam2,vo.ateam.nine-seasons,vo.ateam.nine-seasons.mp3,yes,Genuine pride cracking into anger halfway through. The question at the end is real -- he wants an answer from a man he is shooting at.,Nine seasons together! You know what that takes?,8,,,,,,,,
1458,Apartment and shared,ateam3,vo.ateam.do-not-say-it,vo.ateam.do-not-say-it.mp3,yes,"A warning, low and hard, shouted through cover. The closest this crew comes to threatening somebody over a scheduling matter, and it is meant.",Do not stand there and say playoffs to me!,9,,,,,,,,
1459,Apartment and shared,ateam5,vo.ateam.schedule,vo.ateam.schedule.mp3,yes,"Fast and defensive, shouted while moving or reloading. Facts he keeps loaded.",Hardest schedule in the league! We showed up every week!,10,,,,,,,,
1460,Apartment and shared,ateam4,vo.ateam.standings-lie,vo.ateam.standings-lie.mp3,yes,"A man who has been saying this for years and is still right about it. Full volume, no doubt.",Standings lie! Everybody knows standings lie!,6,,,,,,,,
1461,Apartment and shared,ateam2,vo.ateam.reload-not-rebuild,vo.ateam.reload-not-rebuild.mp3,yes,"Fires on the reload beat, so he is literally changing a magazine as he says it. Proud of the phrase and he means it flatly, not cleverly.",We do not rebuild! We reload!,6,,,,,,,,
1462,Apartment and shared,ateam1,vo.ateam.best-crew,vo.ateam.best-crew.mp3,yes,"Roared. Straight pride, no irony anywhere in it.",A-Team! Best crew that ever worked this coast!,8,,,,,,,,
1463,Apartment and shared,ateam3,vo.ateam.on-three,vo.ateam.on-three.mp3,yes,"A real count, shouted to the men beside him, and he moves on two. Locker-room huddle energy carried into a breach and played completely straight.",A-Team on three! One! Two!,5,,,,,,,,
1464,Apartment and shared,ateam5,vo.ateam.look-at-us,vo.ateam.look-at-us.mp3,yes,Arms-wide in the voice. He wants to be seen doing this.,You are looking at the A-Team! Look at us!,9,,,,,,,,
1465,Apartment and shared,ateam4,vo.ateam.this-is-what,vo.ateam.this-is-what.mp3,yes,Flat and satisfied in the middle of violence. A craftsman naming his craft.,This is what the A-Team does!,6,,,,,,,,
1466,Apartment and shared,ateam1,vo.ateam.nobody-plays,vo.ateam.nobody-plays.mp3,yes,"Shouted over sustained fire. Sports word, murder context, and he hears no gap between them.",Nobody plays like the A-Team!,5,,,,,,,,
1467,Apartment and shared,ateam2,vo.ateam.undefeated-here,vo.ateam.undefeated-here.mp3,yes,Claiming a record in the middle of earning it. Fierce and premature.,Undefeated in this house!,4,,,,,,,,
1468,Apartment and shared,ateam3,vo.ateam.earned-his-spot,vo.ateam.earned-his-spot.mp3,yes,"Defending the roster to nobody in particular. Loyal, hot, sincere.",Every man on this team earned his spot!,8,,,,,,,,
1469,Apartment and shared,ateam5,vo.ateam.cannot-buy,vo.ateam.cannot-buy.mp3,yes,Boasting about the crew as if to a rival owner. Loud and very pleased with himself.,You cannot buy a roster like this!,7,,,,,,,,
1470,Apartment and shared,ateam4,vo.ateam.say-it-back,vo.ateam.say-it-back.mp3,yes,"A call expecting a response, thrown at his own men and at the house. He is not joking and he will wait.",A-Team! Say it back!,4,,,,,,,,
1471,Apartment and shared,ateam2,vo.ateam.deepest-bench,vo.ateam.deepest-bench.mp3,yes,Shouted as more men come up behind him. Genuine organisational pride.,Deepest bench in the business!,5,,,,,,,,
1472,Apartment and shared,ateam1,vo.ateam.franchise,vo.ateam.franchise.mp3,yes,"Informing the enemy who they are dealing with. Hard, almost helpful.",You are getting hit by a franchise crew!,8,,,,,,,,
1473,Apartment and shared,ateam3,vo.ateam.check-the-tape,vo.ateam.check-the-tape.mp3,yes,Second half angrier than the first. He believes there is tape and he believes it exonerates the team.,Check the tape! Go and check the tape!,8,,,,,,,,
1474,Apartment and shared,ateam4,vo.ateam.team-record,vo.ateam.team-record.mp3,yes,"Settled fact, stated under fire. Finality, no room for discussion.",That is a team record and it stands!,8,,,,,,,,
1475,Apartment and shared,ateam5,vo.ateam.every-yard,vo.ateam.every-yard.mp3,yes,Raw and from the chest. Defending the crew's entire history to a house that never asked about it.,Nobody carried us! We earned every yard of this!,9,,,,,,,,
1476,Apartment and shared,ateam2,vo.ateam.played-hurt,vo.ateam.played-hurt.mp3,yes,"Fires over a man who has just gone down. Real grief wearing a sportscaster's words -- the 'you hear me' is a demand to be heard, not a flourish. Do not soften it and do not smirk it.",He played hurt! You hear me? He played hurt!,9,,,,,,,,
1477,Apartment and shared,ateam3,vo.ateam.next-man-up,vo.ateam.next-man-up.mp3,yes,"Two words, flat, immediately after a casualty. Not callousness to him: it is how a team keeps going.",Next man up!,3,short,,,,,,,
1478,Apartment and shared,player,vo.palace.tony.evidence.still.spot.1,vo.palace.tony.evidence.still.spot.1.mp3,yes,"Quiet, to himself, stopping mid-step. Recognition — not narration.",There’s a file open on that screen. That’s Sauce’s face on it.,12,,,,,,,,
1479,Apartment and shared,player,vo.palace.tony.evidence.still.log.1,vo.palace.tony.evidence.still.log.1.mp3,yes,Low. Genuinely asking a man who is not in the room. The anger has not arrived yet.,Sauce… what the hell were you doing here?,8,,,,,,,,
1480,Apartment and shared,player,vo.palace.tony.evidence.uniform.spot.1,vo.palace.tony.evidence.uniform.spot.1.mp3,yes,Flat. He is looking at laundry and hearing a whole story in it.,"That’s Sauce’s. Pressed, hung, and nobody presses a hostage’s jacket.",10,,,,,,,,
1481,Apartment and shared,player,vo.palace.tony.evidence.uniform.log.1,vo.palace.tony.evidence.uniform.log.1.mp3,yes,Under his breath. The strangeness is starting to cost him something.,His knives are still rolled. This keeps getting stranger.,9,,,,,,,,
1482,Apartment and shared,player,vo.palace.tony.evidence.ledger.spot.1,vo.palace.tony.evidence.ledger.spot.1.mp3,yes,"Dry, almost amused, and then not amused at all by the end of the sentence.",A cob of corn on a cartel accountant’s desk. There is exactly one man who does that.,17,,,,,,,,
1483,Apartment and shared,player,vo.palace.tony.evidence.ledger.log.1,vo.palace.tony.evidence.ledger.log.1.mp3,yes,"Ice-flat. The rescue becomes a betrayal, then the redacted countersign opens one final question.",Short Bus. Consultant fourteen. Sauce was inside. One of our prospects countersigned the breach.,14,,,,,,,,
1484,Apartment and shared,player,vo.palace.tony.evidence.complete.1,vo.palace.tony.evidence.complete.1.mp3,yes,Spoken to a man who is two rooms away and does not know it yet. Very still.,Three days we tore this state apart looking for you. You were down here getting paid.,16,,,,,,,,
1485,Apartment and shared,player,vo.palace.tony.cleared.entry.1,vo.palace.tony.cleared.entry.1.mp3,yes,"Breathing hard, checking corners. A man counting bodies, not celebrating.",Front hall’s clear. Nobody left standing in here who works for a living.,13,,,,,,,,
1486,Apartment and shared,player,vo.palace.tony.cleared.halls.1,vo.palace.tony.cleared.halls.1.mp3,yes,Lower. The quiet is worse than the noise and he knows it.,That’s the wing. Whole floor’s gone quiet.,7,,,,,,,,
1487,Apartment and shared,player,vo.palace.tony.cleared.estate.1,vo.palace.tony.cleared.estate.1.mp3,yes,"Flat, final, already moving toward the dining room.",Nobody else coming. Just me and whatever’s behind those doors.,10,,,,,,,,
1488,Apartment and shared,cleaner,vo.palace.cleaner.spotted.1,vo.palace.cleaner.spotted.1.mp3,yes,"A woman who has just seen a rifle in a house she mops. Rising, not screaming yet.","Oh — oh no. No. No, no, no—",8,,,,,,,,
1489,Apartment and shared,cleaner,vo.palace.cleaner.panic.one.1,vo.palace.cleaner.panic.one.1.mp3,yes,"Full volume, both hands up, backing away. Terror, absolutely sincere.",Don’t shoot! Don’t shoot! Please!,5,,,,,,,,
1490,Apartment and shared,cleaner,vo.palace.cleaner.panic.two.1,vo.palace.cleaner.panic.two.1.mp3,yes,Shouted like a credential. She believes it will help because it is true.,"I only clean! I clean the floors, that is all I do!",12,,,,,,,,
1491,Apartment and shared,cleaner,vo.palace.cleaner.cower.one.1,vo.palace.cleaner.cower.one.1.mp3,yes,"Face down, hands over her head, repeating it into the tile.",Madre de Dios. Madre de Dios…,6,,,,,,,,
1492,Apartment and shared,cleaner,vo.palace.cleaner.cower.two.1,vo.palace.cleaner.cower.two.1.mp3,yes,"Small and fast, into the floor. Not bargaining — reciting.",I have children. Please. I have children.,7,,,,,,,,
1493,Apartment and shared,cleaner,vo.palace.cleaner.plead.1,vo.palace.cleaner.plead.1.mp3,yes,"Exhausted terror, from the floor, as the player walks past her.",Take anything. Take everything. Just go. Please just go.,9,,,,,,,,
1494,Apartment and shared,cartel-guard3,vo.palace.guard.watch.greet.1,vo.palace.guard.watch.greet.1.mp3,yes,"Bored, half-looking up from a keyboard, and then all the way awake by ""hey"".","Deliveries go round the back, friend. Round the— hey. HEY.",10,,,,,,,,
1495,Apartment and shared,cartel-guard1,vo.palace.guard.contact.one.1,vo.palace.guard.contact.one.1.mp3,yes,"Shouted down a corridor. Professional, not panicked.",Contact! We’ve got a man inside the house!,8,,,,,,,,
1496,Apartment and shared,cartel-guard2,vo.palace.guard.contact.two.1,vo.palace.guard.contact.two.1.mp3,yes,"Barked to somebody else, already moving to an angle.","Eyes up! Eyes up, he’s in the wing!",8,,,,,,,,
1497,Apartment and shared,cartel-guard3,vo.palace.guard.contact.three.1,vo.palace.guard.contact.three.1.mp3,yes,Hard and quiet. The worst part of his night is telling the boss.,Somebody wake the boss. Now.,5,,,,,,,,
1498,Apartment and shared,cartel-guard1,vo.palace.guard.search.one.1,vo.palace.guard.search.one.1.mp3,yes,"Uncertain, half to himself, weapon coming up an inch.",I heard something. Down that way.,6,,,,,,,,
1499,Apartment and shared,cartel-guard2,vo.palace.guard.search.two.1,vo.palace.guard.search.two.1.mp3,yes,Irritated. He wants very much for this to be nothing.,Check it. I’m not getting shot over a cat.,9,,,,,,,,
1500,Apartment and shared,cartel-guard3,vo.palace.guard.ally-down.one.1,vo.palace.guard.ally-down.one.1.mp3,yes,Real shock in it. He knew the man.,He’s down! Somebody just put him down!,7,,,,,,,,
1501,Apartment and shared,cartel-guard1,vo.palace.guard.ally-down.two.1,vo.palace.guard.ally-down.two.1.mp3,yes,"Shouted into the house. Calling for people, not answering.",Man down in the hall! Get up here!,8,,,,,,,,
1502,Apartment and shared,cartel-guard1,vo.palace.shift.record.01.1,vo.palace.shift.record.01.1.mp3,yes,"Conversational, bored, filling a gap. Two men on a gate at two in the morning.",You hear what the A-Team did in Jersey earlier this week? Big house. Old money.,15,,,,,,,,
1503,Apartment and shared,cartel-guard2,vo.palace.shift.record.02.1,vo.palace.shift.record.02.1.mp3,yes,"Flat. Not impressed yet, just confirming the address.",I heard it was a mansion.,6,,,,,,,,
1504,Apartment and shared,cartel-guard1,vo.palace.shift.record.03.1,vo.palace.shift.record.03.1.mp3,yes,Warming up. He has been waiting all night to tell somebody this.,"It was a mansion. Twenty-two guys, up the front drive, like they had an appointment.",15,,,,,,,,
1505,Apartment and shared,cartel-guard2,vo.palace.shift.record.04.1,vo.palace.shift.record.04.1.mp3,yes,"Slow, giving each one its own weight. That is the part that gets him.",No back door. No roof. Front.,6,,,,,,,,
1506,Apartment and shared,cartel-guard1,vo.palace.shift.record.05.1,vo.palace.shift.record.05.1.mp3,yes,Sincere. He means it the way another man means it about a ballplayer.,That is class. You cannot teach a man that.,9,,,,,,,,
1507,Apartment and shared,cartel-guard2,vo.palace.shift.record.06.1,vo.palace.shift.record.06.1.mp3,yes,"Reporting it, not endorsing it. He already knows how this lands.","My cousin says they never made the playoffs. Not one year, not ever.",13,,,,,,,,
1508,Apartment and shared,cartel-guard1,vo.palace.shift.record.07.1,vo.palace.shift.record.07.1.mp3,yes,"Instant. Dead flat. Not a joke, a fact about the witness.",Your cousin parks cars.,4,,,,,,,,
1509,Apartment and shared,cartel-guard2,vo.palace.shift.record.08.1,vo.palace.shift.record.08.1.mp3,yes,"Defensive, small. He is not going to die on this hill.",He parks cars. I am telling you what he said.,10,,,,,,,,
1510,Apartment and shared,cartel-guard1,vo.palace.shift.record.09.1,vo.palace.shift.record.09.1.mp3,yes,"Hard, level, absolutely serious. The most important thing he will say tonight.",The playoffs are a bracket on a wall. A bracket has never once come through a door and taken a man’s house off him.,24,,,,,,,,
1511,Apartment and shared,cartel-guard2,vo.palace.shift.record.10.1,vo.palace.shift.record.10.1.mp3,yes,Conceding. He has heard worse arguments from people with more education.,That is fair.,3,short,,,,,,,
1512,Apartment and shared,cartel-guard1,vo.palace.shift.record.11.1,vo.palace.shift.record.11.1.mp3,yes,Counting it out on his fingers. This is the defence and he has made it before.,"Nine seasons. Nine. Not one playoff game, and every crew on this coast still says the name.",17,,,,,,,,
1513,Apartment and shared,cartel-guard2,vo.palace.shift.record.12.1,vo.palace.shift.record.12.1.mp3,yes,Quiet agreement.,They do say it.,4,,,,,,,,
1514,Apartment and shared,cartel-guard1,vo.palace.shift.record.13.1,vo.palace.shift.record.13.1.mp3,yes,A genuine question. He wants the man to arrive at it himself.,You know how good you have to be to be that famous with nothing on the shelf?,17,,,,,,,,
1515,Apartment and shared,cartel-guard2,vo.palace.shift.record.14.1,vo.palace.shift.record.14.1.mp3,yes,Arriving at it.,Very good.,2,short,,,,,,,
1516,Apartment and shared,cartel-guard1,vo.palace.shift.record.15.1,vo.palace.shift.record.15.1.mp3,yes,"Settled. Case closed, as far as he is concerned.",The best. That is the only way that math works out. The best.,13,,,,,,,,
1517,Apartment and shared,cartel-guard2,vo.palace.shift.record.16.1,vo.palace.shift.record.16.1.mp3,yes,"Hands-up, tired. He would like to go back to standing quietly now.",I am not arguing with you. I said what my cousin said.,12,,,,,,,,
1518,Apartment and shared,cartel-guard1,vo.palace.shift.record.17.1,vo.palace.shift.record.17.1.mp3,yes,"The last word, taken. He turns back to the gate.",Then tell your cousin to go and park a car.,10,,,,,,,,
1519,Apartment and shared,cartel-guard3,vo.palace.shift.overtime.01.1,vo.palace.shift.overtime.01.1.mp3,yes,"Aggrieved, low. Opening a complaint he has been saving.",They put me back on nights. Third week running.,9,,,,,,,,
1520,Apartment and shared,cartel-guard1,vo.palace.shift.overtime.02.1,vo.palace.shift.overtime.02.1.mp3,yes,Automatic solidarity. He has his own version of this.,Nobody signed up for nights.,5,,,,,,,,
1521,Apartment and shared,cartel-guard3,vo.palace.shift.overtime.03.1,vo.palace.shift.overtime.03.1.mp3,yes,"Genuinely angry now. Money, which is the only thing that is ever really the subject.","Sixteen hours Thursday, and the man docks me forty minutes for the drive up.",14,,,,,,,,
1522,Apartment and shared,cartel-guard1,vo.palace.shift.overtime.04.1,vo.palace.shift.overtime.04.1.mp3,yes,Reciting policy he does not believe in either.,The drive is not the shift. That is the rule.,10,,,,,,,,
1523,Apartment and shared,cartel-guard3,vo.palace.shift.overtime.05.1,vo.palace.shift.overtime.05.1.mp3,yes,Deadpan. He means it.,The drive is where I do my thinking.,8,,,,,,,,
1524,Apartment and shared,cartel-guard1,vo.palace.shift.overtime.06.1,vo.palace.shift.overtime.06.1.mp3,yes,Admiring. Bringing up the professionals the way you bring up a better job.,"You know who does not get docked? The A-Team. Flat number, gate to gate, agreed before anybody puts a boot in a door.",23,,,,,,,,
1525,Apartment and shared,cartel-guard3,vo.palace.shift.overtime.07.1,vo.palace.shift.overtime.07.1.mp3,yes,"Reverent, almost. This is what he wants when he grows up.","Flat, gate to gate. That is an outfit that respects itself.",11,,,,,,,,
1526,Apartment and shared,cartel-guard1,vo.palace.shift.overtime.08.1,vo.palace.shift.overtime.08.1.mp3,yes,"Philosophical, and completely straight. He has thought about this a lot.","That is what a trophy actually is. A number, in your hand, before the work.",15,,,,,,,,
1527,Apartment and shared,cartel-guard3,vo.palace.shift.overtime.09.1,vo.palace.shift.overtime.09.1.mp3,yes,Not a criticism. He is setting his partner up and they both know it.,And they have never won a thing.,7,,,,,,,,
1528,Apartment and shared,cartel-guard1,vo.palace.shift.overtime.10.1,vo.palace.shift.overtime.10.1.mp3,yes,Hard and quiet. The one line of the night either of them will remember.,Never won a thing. Never lost a man either. Pick which one you want cut into your stone.,18,,,,,,,,
1529,Apartment and shared,cartel-guard3,vo.palace.shift.overtime.11.1,vo.palace.shift.overtime.11.1.mp3,yes,Immediate.,I want the second one.,5,,,,,,,,
1530,Apartment and shared,cartel-guard1,vo.palace.shift.overtime.12.1,vo.palace.shift.overtime.12.1.mp3,yes,Turning back to the water. Conversation over as far as he is concerned.,Everybody wants the second one. Nobody trains for it.,9,,,,,,,,
1531,Apartment and shared,cartel-guard1,vo.palace.shift.door.01.1,vo.palace.shift.door.01.1.mp3,yes,"Opening shot, from a man who came all the way up the corridor to say it.",It is your door tonight.,5,,,,,,,,
1532,Apartment and shared,cartel-guard3,vo.palace.shift.door.02.1,vo.palace.shift.door.02.1.mp3,yes,Not even looking up from the keyboard. He has this argument weekly.,"It is not my door. I had the door Sunday, and Sunday is two doors.",15,,,,,,,,
1533,Apartment and shared,cartel-guard1,vo.palace.shift.door.03.1,vo.palace.shift.door.03.1.mp3,yes,Firm.,Sunday is one door.,4,,,,,,,,
1534,Apartment and shared,cartel-guard3,vo.palace.shift.door.04.1,vo.palace.shift.door.04.1.mp3,yes,"Patient, like a man explaining arithmetic to a child.","Sunday is two doors, because the kitchen brings the ice in through the front, and that is a door.",19,,,,,,,,
1535,Apartment and shared,cartel-guard1,vo.palace.shift.door.05.1,vo.palace.shift.door.05.1.mp3,yes,Flat refusal.,The ice is not a door.,6,,,,,,,,
1536,Apartment and shared,cartel-guard3,vo.palace.shift.door.06.1,vo.palace.shift.door.06.1.mp3,yes,Immovable. He will be saying this at his funeral.,The ice is a door.,5,,,,,,,,
1537,Apartment and shared,cartel-guard1,vo.palace.shift.door.07.1,vo.palace.shift.door.07.1.mp3,yes,"Changing tack, and immediately more interested than he was in the ice.",You know how the A-Team runs it? They have no door man. All twenty-two do the door.,17,,,,,,,,
1538,Apartment and shared,cartel-guard3,vo.palace.shift.door.08.1,vo.palace.shift.door.08.1.mp3,yes,A distinction he considers important and technical.,That is because they arrive at the door. It is a different relationship.,13,,,,,,,,
1539,Apartment and shared,cartel-guard1,vo.palace.shift.door.09.1,vo.palace.shift.door.09.1.mp3,yes,"Simple, sincere admiration for a simple, sincere business model.","That is the whole job, though. Arrive at the door.",10,,,,,,,,
1540,Apartment and shared,cartel-guard3,vo.palace.shift.door.10.1,vo.palace.shift.door.10.1.mp3,yes,Honest. He would.,I would work for them tomorrow.,6,,,,,,,,
1541,Apartment and shared,cartel-guard1,vo.palace.shift.door.11.1,vo.palace.shift.door.11.1.mp3,yes,Not unkind. A realistic assessment of a friend.,You would not last the week. They run drills.,9,,,,,,,,
1542,Apartment and shared,cartel-guard3,vo.palace.shift.door.12.1,vo.palace.shift.door.12.1.mp3,yes,"Wounded, and still typing.",I would do drills. For that money I would do drills.,11,,,,,,,,
1543,Apartment and shared,cartel-guard2,vo.palace.shift.kitchen.01.1,vo.palace.shift.kitchen.01.1.mp3,yes,Two men in a long empty hallway. Somebody has to start.,Did you eat?,3,short,,,,,,,
1544,Apartment and shared,cartel-guard3,vo.palace.shift.kitchen.02.1,vo.palace.shift.kitchen.02.1.mp3,yes,Bleak. A statement about the tray and about the whole job.,There is a tray in the kitchen. It has been in the kitchen since the afternoon.,16,,,,,,,,
1545,Apartment and shared,cartel-guard2,vo.palace.shift.kitchen.03.1,vo.palace.shift.kitchen.03.1.mp3,yes,Already regretting the question.,What is on it?,4,,,,,,,,
1546,Apartment and shared,cartel-guard3,vo.palace.shift.kitchen.04.1,vo.palace.shift.kitchen.04.1.mp3,yes,Final. He has made his decision about the tray.,Something with a bone in it. I would not.,9,,,,,,,,
1547,Apartment and shared,cartel-guard2,vo.palace.shift.kitchen.05.1,vo.palace.shift.kitchen.05.1.mp3,yes,"Bitter, and quieter than the rest, because of where they are standing.","The boss eats at a table with a napkin the size of a bedsheet, and we get a bone.",19,,,,,,,,
1548,Apartment and shared,cartel-guard3,vo.palace.shift.kitchen.06.1,vo.palace.shift.kitchen.06.1.mp3,yes,Sharp. A real warning between friends.,Do not say that in this hallway.,7,,,,,,,,
1549,Apartment and shared,cartel-guard2,vo.palace.shift.kitchen.07.1,vo.palace.shift.kitchen.07.1.mp3,yes,Quiet defiance. He does not raise his voice.,I am saying it in this hallway.,7,,,,,,,,
1550,Apartment and shared,cartel-guard3,vo.palace.shift.kitchen.08.1,vo.palace.shift.kitchen.08.1.mp3,yes,Changing the subject to the only outfit either of them respects.,"The A-Team eat before a job. Every man, sat down, hot food. That is in how they do it.",19,,,,,,,,
1551,Apartment and shared,cartel-guard2,vo.palace.shift.kitchen.09.1,vo.palace.shift.kitchen.09.1.mp3,yes,Genuinely asking.,They have a book?,4,,,,,,,,
1552,Apartment and shared,cartel-guard3,vo.palace.shift.kitchen.10.1,vo.palace.shift.kitchen.10.1.mp3,yes,Careful. He does not want to overstate what he knows.,"They have a way. Whether anybody wrote it down, I could not tell you.",14,,,,,,,,
1553,Apartment and shared,cartel-guard2,vo.palace.shift.kitchen.11.1,vo.palace.shift.kitchen.11.1.mp3,yes,Turning it over. The two facts sit together in his head as one fact.,"Nine years, no playoffs, and they still eat hot before they go in.",13,,,,,,,,
1554,Apartment and shared,cartel-guard3,vo.palace.shift.kitchen.12.1,vo.palace.shift.kitchen.12.1.mp3,yes,Mild correction.,Those two things are not connected.,6,,,,,,,,
1555,Apartment and shared,cartel-guard2,vo.palace.shift.kitchen.13.1,vo.palace.shift.kitchen.13.1.mp3,yes,Certain. He is right and he knows it and he will not be moved.,I think they are connected.,5,,,,,,,,
1556,Apartment and shared,player,vo.specialmeeting.tony.idle_before.1,vo.specialmeeting.tony.idle_before.1.mp3,yes,,Right. That's Sauce dealt with. That's a sentence I've said out loud now.,13,,,,,,,,
1557,Apartment and shared,player,vo.specialmeeting.tony.idle_before.2,vo.specialmeeting.tony.idle_before.2.mp3,yes,,Nobody's rung. Nobody's rung all day.,6,,,,,,,,
1558,Apartment and shared,player,vo.specialmeeting.tony.idle_before.3,vo.specialmeeting.tony.idle_before.3.mp3,yes,,I keep waiting for someone to tell me whether that was the right call.,14,,,,,,,,
1559,Apartment and shared,player,vo.specialmeeting.tony.idle_before.4,vo.specialmeeting.tony.idle_before.4.mp3,yes,,The flat's exactly the same. That's the strange bit.,9,,,,,,,,
1560,Apartment and shared,player,vo.specialmeeting.tony.idle_before.5,vo.specialmeeting.tony.idle_before.5.mp3,yes,,I could ring somebody. And say what.,7,,,,,,,,
1561,Apartment and shared,player,vo.specialmeeting.tony.idle_before.6,vo.specialmeeting.tony.idle_before.6.mp3,yes,,I've had a shower and I can still smell that house.,11,,,,,,,,
1562,Apartment and shared,player,vo.specialmeeting.tony.idle_before.7,vo.specialmeeting.tony.idle_before.7.mp3,yes,,"Shoes are ruined. Not mine, that. That's the good version.",10,,,,,,,,
1563,Apartment and shared,player,vo.specialmeeting.tony.idle_before.8,vo.specialmeeting.tony.idle_before.8.mp3,yes,,"Sit down, Tony. That's the whole plan. That's the entire plan.",11,,,,,,,,
1564,Apartment,booski,vo.call.booski.special_meeting.1,vo.call.booski.special_meeting.1.mp3,yes,,Prospect.,1,short,,,,,,,
1565,Apartment,player,vo.call.booski.special_meeting.tony.1,vo.call.booski.special_meeting.tony.1.mp3,yes,,What's up?,2,short,,,,,,,
1566,Apartment,booski,vo.call.booski.special_meeting.2,vo.call.booski.special_meeting.2.mp3,yes,,We're having a meeting tonight.,5,,,,,,,,
1567,Apartment,player,vo.call.booski.special_meeting.tony.2,vo.call.booski.special_meeting.tony.2.mp3,yes,,Yeah?,1,filler short,,,,,,,
1568,Apartment,booski,vo.call.booski.special_meeting.3,vo.call.booski.special_meeting.3.mp3,yes,,Yeah. Special one.,3,short,,,,,,,
1569,Apartment,player,vo.call.booski.special_meeting.tony.3,vo.call.booski.special_meeting.tony.3.mp3,yes,,What kinda special?,3,short,,,,,,,
1570,Apartment,booski,vo.call.booski.special_meeting.4,vo.call.booski.special_meeting.4.mp3,yes,,You'll find out.,3,short,,,,,,,
1571,Apartment,player,vo.call.booski.special_meeting.tony.4,vo.call.booski.special_meeting.tony.4.mp3,yes,,Where?,1,short,,,,,,,
1572,Apartment,booski,vo.call.booski.special_meeting.5,vo.call.booski.special_meeting.5.mp3,yes,,Don't worry about that. We're sending some guys over to pick you up.,13,,,,,,,,
1573,Apartment,player,vo.call.booski.special_meeting.tony.5,vo.call.booski.special_meeting.tony.5.mp3,yes,,Who?,1,short,,,,,,,
1574,Apartment,booski,vo.call.booski.special_meeting.6,vo.call.booski.special_meeting.6.mp3,yes,,"Seff, Lag and Numbskull. They'll be there soon.",8,,,,,,,,
1575,Apartment,player,vo.call.booski.special_meeting.tony.6,vo.call.booski.special_meeting.tony.6.mp3,yes,,"Booski, what is this?",4,,,,,,,,
1576,Apartment,booski,vo.call.booski.special_meeting.7,vo.call.booski.special_meeting.7.mp3,yes,,"It's a meeting, Prospect. Put on something decent.",8,,,,,,,,
1577,Apartment and shared,player,vo.specialmeeting.tony.dead_line.1,vo.specialmeeting.tony.dead_line.1.mp3,yes,,…Right.,1,short,,,,,,,
1578,Apartment and shared,player,vo.specialmeeting.tony.call_back.1,vo.specialmeeting.tony.call_back.1.mp3,yes,,He's not picking up. He literally just put the phone down.,11,,,,,,,,
1579,Apartment and shared,player,vo.specialmeeting.tony.call_back.2,vo.specialmeeting.tony.call_back.2.mp3,yes,,It's not even ringing out. It's just ringing.,8,,,,,,,,
1580,Apartment and shared,player,vo.specialmeeting.tony.call_back.3,vo.specialmeeting.tony.call_back.3.mp3,yes,,Fine. Fine.,2,short,,,,,,,
1581,Apartment and shared,player,vo.specialmeeting.tony.idle_after.1,vo.specialmeeting.tony.idle_after.1.mp3,yes,,'Special one.',2,short,,,,,,,
1582,Apartment and shared,player,vo.specialmeeting.tony.idle_after.2,vo.specialmeeting.tony.idle_after.2.mp3,yes,,He's never once told me where. Not once. Not one time.,11,,,,,,,,
1583,Apartment and shared,player,vo.specialmeeting.tony.idle_after.3,vo.specialmeeting.tony.idle_after.3.mp3,yes,,"Seff, Lag and Numbskull. That's three.",6,,,,,,,,
1584,Apartment and shared,player,vo.specialmeeting.tony.idle_after.4,vo.specialmeeting.tony.idle_after.4.mp3,yes,,Three of them. To collect one bloke.,7,,,,,,,,
1585,Apartment and shared,player,vo.specialmeeting.tony.idle_after.5,vo.specialmeeting.tony.idle_after.5.mp3,yes,,Put on something decent. Right. Decent.,6,,,,,,,,
1586,Apartment and shared,player,vo.specialmeeting.tony.idle_after.6,vo.specialmeeting.tony.idle_after.6.mp3,yes,,It's a meeting. He said it's a meeting.,8,,,,,,,,
1587,Apartment and shared,player,vo.specialmeeting.tony.idle_after.7,vo.specialmeeting.tony.idle_after.7.mp3,yes,,I'm reading into it. I'm aware I'm reading into it.,10,,,,,,,,
1588,Apartment and shared,player,vo.specialmeeting.tony.idle_after.8,vo.specialmeeting.tony.idle_after.8.mp3,yes,,I'd feel better if he'd shouted at me.,8,,,,,,,,
1589,Apartment and shared,player,vo.specialmeeting.tony.getting_ready.1,vo.specialmeeting.tony.getting_ready.1.mp3,yes,,What do you wear to a special one.,8,,,,,,,,
1590,Apartment and shared,player,vo.specialmeeting.tony.getting_ready.2,vo.specialmeeting.tony.getting_ready.2.mp3,yes,,That'll do. That's decent.,4,,,,,,,,
1591,Apartment and shared,player,vo.specialmeeting.tony.getting_ready.3,vo.specialmeeting.tony.getting_ready.3.mp3,yes,,"That's the jacket, then. That's the one I've picked.",9,,,,,,,,
1592,Apartment and shared,player,vo.specialmeeting.tony.getting_ready.4,vo.specialmeeting.tony.getting_ready.4.mp3,yes,,It's a meeting. It's a meeting and I've been asked to it.,12,,,,,,,,
1593,Apartment and shared,player,vo.specialmeeting.tony.door_refusal.1,vo.specialmeeting.tony.door_refusal.1.mp3,yes,,No. He said they're coming here. I'm not walking out on that.,12,,,,,,,,
1594,Apartment and shared,player,vo.specialmeeting.tony.door_refusal.2,vo.specialmeeting.tony.door_refusal.2.mp3,yes,,"They're picking me up. If I'm not in when they get here, that's on me.",15,,,,,,,,
1595,Apartment and shared,player,vo.specialmeeting.tony.door_refusal.3,vo.specialmeeting.tony.door_refusal.3.mp3,yes,,I don't know where it is. That's rather the point.,10,,,,,,,,
1596,Apartment and shared,player,vo.specialmeeting.tony.headlights.1,vo.specialmeeting.tony.headlights.1.mp3,yes,,"That's them, then.",3,short,,,,,,,
1597,Apartment and shared,player,vo.specialmeeting.tony.headlights.2,vo.specialmeeting.tony.headlights.2.mp3,yes,,They're early. …Or I'm late. One of the two.,9,,,,,,,,
1598,Apartment and shared,player,vo.specialmeeting.tony.headlights.3,vo.specialmeeting.tony.headlights.3.mp3,yes,,Right. Down we go.,4,,,,,,,,
1599,Apartment and shared,seff,vo.specialmeeting.seff.arrival.1,vo.specialmeeting.seff.arrival.1.mp3,yes,,Tony. Hey.,2,short,,,,,,,
1600,Apartment and shared,seff,vo.specialmeeting.seff.arrival.2,vo.specialmeeting.seff.arrival.2.mp3,yes,,You look alright. That's a good jacket.,7,,,,,,,,
1601,Apartment and shared,lag,vo.specialmeeting.lag.arrival.1,vo.specialmeeting.lag.arrival.1.mp3,yes,,Nice out.,2,short,,,,,,,
1602,Apartment and shared,seff,vo.specialmeeting.seff.arrival.3,vo.specialmeeting.seff.arrival.3.mp3,yes,,Quick thing before we go — no. Forget it. Later.,10,,,,,,,,
1603,Apartment and shared,lag,vo.specialmeeting.lag.arrival.2,vo.specialmeeting.lag.arrival.2.mp3,yes,,"Forty minutes, roughly. There's no signal past the reservoir. I checked.",11,,,,,,,,
1604,Apartment and shared,player,vo.specialmeeting.tony.arrival.1,vo.specialmeeting.tony.arrival.1.mp3,yes,,Why'd all three of you come?,6,,,,,,,,
1605,Apartment and shared,numbskull,vo.specialmeeting.numbskull.arrival.carpool.1,vo.specialmeeting.numbskull.arrival.carpool.1.mp3,yes,,Carpool.,1,short,,,,,,,
1606,Apartment and shared,player,vo.specialmeeting.tony.arrival.2,vo.specialmeeting.tony.arrival.2.mp3,yes,,To pick up one person?,5,,,,,,,,
1607,Apartment and shared,numbskull,vo.specialmeeting.numbskull.arrival.2,vo.specialmeeting.numbskull.arrival.2.mp3,yes,,Now it's full.,3,short,,,,,,,
1608,Apartment and shared,numbskull,vo.specialmeeting.numbskull.arrival.1,vo.specialmeeting.numbskull.arrival.1.mp3,yes,,Front.,1,short,,,,,,,
1609,Apartment and shared,player,vo.specialmeeting.tony.back_seat.1,vo.specialmeeting.tony.back_seat.1.mp3,yes,,I'll sit in the back.,5,,,,,,,,
1610,Apartment and shared,numbskull,vo.specialmeeting.numbskull.back_seat.1,vo.specialmeeting.numbskull.back_seat.1.mp3,yes,,Nah. Take the front.,4,,,,,,,,
1611,Apartment and shared,player,vo.specialmeeting.tony.back_seat.2,vo.specialmeeting.tony.back_seat.2.mp3,yes,,I'm good back there.,4,,,,,,,,
1612,Apartment and shared,numbskull,vo.specialmeeting.numbskull.back_seat.2,vo.specialmeeting.numbskull.back_seat.2.mp3,yes,,Prospect. Sit up front.,4,,,,,,,,
1613,Apartment and shared,player,vo.specialmeeting.tony.why_front.1,vo.specialmeeting.tony.why_front.1.mp3,yes,,Why do I have to sit up front?,8,,,,,,,,
1614,Apartment and shared,seff,vo.specialmeeting.seff.why_front.1,vo.specialmeeting.seff.why_front.1.mp3,yes,,Because we're asking you to sit up front.,8,,,,,,,,
1615,Apartment and shared,player,vo.specialmeeting.tony.why_front.2,vo.specialmeeting.tony.why_front.2.mp3,yes,,That's not really an answer.,5,,,,,,,,
1616,Apartment and shared,lag,vo.specialmeeting.lag.why_front.1,vo.specialmeeting.lag.why_front.1.mp3,yes,,It's the answer you're getting.,5,,,,,,,,
1617,Apartment and shared,player,vo.specialmeeting.tony.lag_seat.1,vo.specialmeeting.tony.lag_seat.1.mp3,yes,,Is Lag not sitting there?,5,,,,,,,,
1618,Apartment and shared,lag,vo.specialmeeting.lag.lag_seat.1,vo.specialmeeting.lag.lag_seat.1.mp3,yes,,I was.,2,short,,,,,,,
1619,Apartment and shared,lag,vo.specialmeeting.lag.lag_seat.2,vo.specialmeeting.lag.lag_seat.2.mp3,yes,,It's free now.,3,short,,,,,,,
1620,Apartment and shared,player,vo.specialmeeting.tony.lag_seat.2,vo.specialmeeting.tony.lag_seat.2.mp3,yes,,Right.,1,filler short,,,,,,,
1621,Apartment and shared,player,vo.specialmeeting.tony.in_trouble.1,vo.specialmeeting.tony.in_trouble.1.mp3,yes,,Am I in trouble?,4,,,,,,,,
1622,Apartment and shared,seff,vo.specialmeeting.seff.in_trouble.1,vo.specialmeeting.seff.in_trouble.1.mp3,yes,,With who?,2,short,,,,,,,
1623,Apartment and shared,player,vo.specialmeeting.tony.in_trouble.2,vo.specialmeeting.tony.in_trouble.2.mp3,yes,,I don't know. That's why I asked.,7,,,,,,,,
1624,Apartment and shared,seff,vo.specialmeeting.seff.in_trouble.2,vo.specialmeeting.seff.in_trouble.2.mp3,yes,,Well. There you go.,4,,,,,,,,
1625,Apartment and shared,player,vo.specialmeeting.tony.own_car.1,vo.specialmeeting.tony.own_car.1.mp3,yes,,Can I just follow you in my own car?,9,,,,,,,,
1626,Apartment and shared,lag,vo.specialmeeting.lag.own_car.1,vo.specialmeeting.lag.own_car.1.mp3,yes,,You'd never find it.,4,,,,,,,,
1627,Apartment and shared,player,vo.specialmeeting.tony.own_car.2,vo.specialmeeting.tony.own_car.2.mp3,yes,,You could give me the address.,6,,,,,,,,
1628,Apartment and shared,lag,vo.specialmeeting.lag.own_car.2,vo.specialmeeting.lag.own_car.2.mp3,yes,,There isn't one.,3,short,,,,,,,
1629,Apartment and shared,seff,vo.specialmeeting.seff.say_nothing.1,vo.specialmeeting.seff.say_nothing.1.mp3,yes,,We're alright for time.,4,,,,,,,,
1630,Apartment and shared,player,vo.specialmeeting.tony.dont_like.1,vo.specialmeeting.tony.dont_like.1.mp3,yes,,I really don't like this.,5,,,,,,,,
1631,Apartment and shared,numbskull,vo.specialmeeting.numbskull.dont_like.1,vo.specialmeeting.numbskull.dont_like.1.mp3,yes,,You're making it weird.,4,,,,,,,,
1632,Apartment and shared,numbskull,vo.specialmeeting.numbskull.dont_like.2,vo.specialmeeting.numbskull.dont_like.2.mp3,yes,,Get in.,2,short,,,,,,,
1633,Apartment and shared,player,vo.specialmeeting.tony.seat.1,vo.specialmeeting.tony.seat.1.mp3,yes,,All right.,2,short,,,,,,,
1634,Apartment and shared,seff,vo.specialmeeting.seff.seat.1,vo.specialmeeting.seff.seat.1.mp3,yes,,Belt.,1,short,,,,,,,
1635,Apartment and shared,player,vo.specialmeeting.tony.seat.2,vo.specialmeeting.tony.seat.2.mp3,yes,,Right.,1,filler short,,,,,,,
1636,Apartment and shared,player,vo.specialmeeting.tony.dirt_road_reveal.1,vo.specialmeeting.tony.dirt_road_reveal.1.mp3,yes,,You guys planning on killing me?,6,,,,,,,,
1637,Apartment and shared,seff,vo.specialmeeting.seff.dirt_road_reveal.1,vo.specialmeeting.seff.dirt_road_reveal.1.mp3,yes,,Planning's a strong word.,4,,,,,,,,
1638,Apartment and shared,player,vo.specialmeeting.tony.dirt_road_reveal.2,vo.specialmeeting.tony.dirt_road_reveal.2.mp3,yes,,What's the weaker word?,4,,,,,,,,
1639,Apartment and shared,seff,vo.specialmeeting.seff.dirt_road_reveal.2,vo.specialmeeting.seff.dirt_road_reveal.2.mp3,yes,,Driving.,1,short,,,,,,,
1640,Apartment and shared,numbskull,vo.specialmeeting.numbskull.sandwich.1,vo.specialmeeting.numbskull.sandwich.1.mp3,yes,,You want half of this?,5,,,,,,,,
1641,Apartment and shared,player,vo.specialmeeting.tony.sandwich.opt1,vo.specialmeeting.tony.sandwich.opt1.mp3,yes,,No. Thanks.,2,short,,,,,,,
1642,Apartment and shared,player,vo.specialmeeting.tony.sandwich.opt2,vo.specialmeeting.tony.sandwich.opt2.mp3,yes,,…Yeah. Go on.,3,short,,,,,,,
1643,Apartment and shared,player,vo.specialmeeting.tony.sandwich.opt3,vo.specialmeeting.tony.sandwich.opt3.mp3,yes,,What is it?,3,short,,,,,,,
1644,Apartment and shared,numbskull,vo.specialmeeting.numbskull.sandwich_no.1,vo.specialmeeting.numbskull.sandwich_no.1.mp3,yes,,It's good.,2,short,,,,,,,
1645,Apartment and shared,player,vo.specialmeeting.tony.sandwich_yes.1,vo.specialmeeting.tony.sandwich_yes.1.mp3,yes,,…It is good.,3,short,,,,,,,
1646,Apartment and shared,numbskull,vo.specialmeeting.numbskull.sandwich_yes.1,vo.specialmeeting.numbskull.sandwich_yes.1.mp3,yes,,I said.,2,short,,,,,,,
1647,Apartment and shared,numbskull,vo.specialmeeting.numbskull.sandwich_what.1,vo.specialmeeting.numbskull.sandwich_what.1.mp3,yes,,It's from the place by the laundrette.,7,,,,,,,,
1648,Apartment and shared,player,vo.specialmeeting.tony.sandwich_what.1,vo.specialmeeting.tony.sandwich_what.1.mp3,yes,,That's not what I asked.,5,,,,,,,,
1649,Apartment and shared,numbskull,vo.specialmeeting.numbskull.sandwich_what.2,vo.specialmeeting.numbskull.sandwich_what.2.mp3,yes,,Oh. It's ham.,3,short,,,,,,,
1650,Apartment and shared,player,vo.specialmeeting.tony.dirt_one.1,vo.specialmeeting.tony.dirt_one.1.mp3,yes,,So where are we going?,5,,,,,,,,
1651,Apartment and shared,seff,vo.specialmeeting.seff.dirt_one.1,vo.specialmeeting.seff.dirt_one.1.mp3,yes,,Meeting.,1,short,,,,,,,
1652,Apartment and shared,player,vo.specialmeeting.tony.dirt_one.2,vo.specialmeeting.tony.dirt_one.2.mp3,yes,,"Yeah, I caught that part.",5,,,,,,,,
1653,Apartment and shared,player,vo.specialmeeting.tony.dirt_one.3,vo.specialmeeting.tony.dirt_one.3.mp3,yes,,Where's the meeting?,3,short,,,,,,,
1654,Apartment and shared,lag,vo.specialmeeting.lag.dirt_one.1,vo.specialmeeting.lag.dirt_one.1.mp3,yes,,Out here.,2,short,,,,,,,
1655,Apartment and shared,player,vo.specialmeeting.tony.dirt_one.4,vo.specialmeeting.tony.dirt_one.4.mp3,yes,,No shit.,2,short,,,,,,,
1656,Apartment and shared,player,vo.specialmeeting.tony.dirt_one.5,vo.specialmeeting.tony.dirt_one.5.mp3,yes,,How far?,2,short,,,,,,,
1657,Apartment and shared,seff,vo.specialmeeting.seff.dirt_one.2,vo.specialmeeting.seff.dirt_one.2.mp3,yes,,Not far.,2,short,,,,,,,
1658,Apartment and shared,player,vo.specialmeeting.tony.dirt_two.1,vo.specialmeeting.tony.dirt_two.1.mp3,yes,,You guys always hold meetings in the middle of nowhere?,10,hud-speak,,,,,,,
1659,Apartment and shared,numbskull,vo.specialmeeting.numbskull.dirt_two.1,vo.specialmeeting.numbskull.dirt_two.1.mp3,yes,,Some meetings.,2,short,,,,,,,
1660,Apartment and shared,player,vo.specialmeeting.tony.silence.opt1,vo.specialmeeting.tony.silence.opt1.mp3,yes,,Is anyone going to say anything?,6,,,,,,,,
1661,Apartment and shared,player,vo.specialmeeting.tony.silence.opt2,vo.specialmeeting.tony.silence.opt2.mp3,yes,,How long have you three known each other?,8,,,,,,,,
1662,Apartment and shared,lag,vo.specialmeeting.lag.silence_anything.1,vo.specialmeeting.lag.silence_anything.1.mp3,yes,,About what?,2,short,,,,,,,
1663,Apartment and shared,seff,vo.specialmeeting.seff.silence_known.1,vo.specialmeeting.seff.silence_known.1.mp3,yes,,Long time.,2,short,,,,,,,
1664,Apartment and shared,seff,vo.specialmeeting.seff.silence_known.2,vo.specialmeeting.seff.silence_known.2.mp3,yes,,Numbskull's the newest.,3,short,,,,,,,
1665,Apartment and shared,numbskull,vo.specialmeeting.numbskull.silence_known.1,vo.specialmeeting.numbskull.silence_known.1.mp3,yes,,Nine years.,2,short,,,,,,,
1666,Apartment and shared,numbskull,vo.specialmeeting.numbskull.silence_hold.1,vo.specialmeeting.numbskull.silence_hold.1.mp3,yes,,Nice night for it.,4,,,,,,,,
1667,Apartment and shared,player,vo.specialmeeting.tony.chain.opt1,vo.specialmeeting.tony.chain.opt1.mp3,yes,,Was that locked?,3,short,,,,,,,
1668,Apartment and shared,lag,vo.specialmeeting.lag.chain_locked.1,vo.specialmeeting.lag.chain_locked.1.mp3,yes,,It is now.,3,short,,,,,,,
1669,Apartment and shared,player,vo.specialmeeting.tony.dirt_three.1,vo.specialmeeting.tony.dirt_three.1.mp3,yes,,I know what goes on out in the woods.,9,,,,,,,,
1670,Apartment and shared,lag,vo.specialmeeting.lag.dirt_three.1,vo.specialmeeting.lag.dirt_three.1.mp3,yes,,You do?,2,short,,,,,,,
1671,Apartment and shared,player,vo.specialmeeting.tony.dirt_three.2,vo.specialmeeting.tony.dirt_three.2.mp3,yes,,Yeah.,1,filler short,,,,,,,
1672,Apartment and shared,lag,vo.specialmeeting.lag.dirt_three.2,vo.specialmeeting.lag.dirt_three.2.mp3,yes,,Huh.,1,short,,,,,,,
1673,Apartment and shared,lag,vo.specialmeeting.lag.in_the_back.1,vo.specialmeeting.lag.in_the_back.1.mp3,yes,,Seff. Did you bring it?,5,,,,,,,,
1674,Apartment and shared,seff,vo.specialmeeting.seff.in_the_back.1,vo.specialmeeting.seff.in_the_back.1.mp3,yes,,It's in the back.,4,,,,,,,,
1675,Apartment and shared,lag,vo.specialmeeting.lag.in_the_back.2,vo.specialmeeting.lag.in_the_back.2.mp3,yes,,Okay.,1,filler short,,,,,,,
1676,Apartment and shared,player,vo.specialmeeting.tony.in_the_back.1,vo.specialmeeting.tony.in_the_back.1.mp3,yes,,Did you bring what?,4,,,,,,,,
1677,Apartment and shared,seff,vo.specialmeeting.seff.in_the_back.2,vo.specialmeeting.seff.in_the_back.2.mp3,yes,,It's in the back.,4,,,,,,,,
1678,Apartment and shared,player,vo.specialmeeting.tony.in_the_back.opt1,vo.specialmeeting.tony.in_the_back.opt1.mp3,yes,,That's not what I asked.,5,,,,,,,,
1679,Apartment and shared,seff,vo.specialmeeting.seff.not_what_i_asked.1,vo.specialmeeting.seff.not_what_i_asked.1.mp3,yes,,I know.,2,short,,,,,,,
1680,Apartment and shared,numbskull,vo.specialmeeting.numbskull.window.1,vo.specialmeeting.numbskull.window.1.mp3,yes,,You want the window down?,5,,,,,,,,
1681,Apartment and shared,player,vo.specialmeeting.tony.window.1,vo.specialmeeting.tony.window.1.mp3,yes,,No.,1,filler short,,,,,,,
1682,Apartment and shared,numbskull,vo.specialmeeting.numbskull.window.2,vo.specialmeeting.numbskull.window.2.mp3,yes,,Okay.,1,filler short,,,,,,,
1683,Apartment and shared,player,vo.specialmeeting.tony.dirt_four.1,vo.specialmeeting.tony.dirt_four.1.mp3,yes,,Booski could've just told me where we were going.,9,,,,,,,,
1684,Apartment and shared,seff,vo.specialmeeting.seff.dirt_four.1,vo.specialmeeting.seff.dirt_four.1.mp3,yes,,He could've.,2,short,,,,,,,
1685,Apartment and shared,player,vo.specialmeeting.tony.dirt_four.2,vo.specialmeeting.tony.dirt_four.2.mp3,yes,,But he didn't.,3,short,,,,,,,
1686,Apartment and shared,seff,vo.specialmeeting.seff.dirt_four.2,vo.specialmeeting.seff.dirt_four.2.mp3,yes,,Nope.,1,short,,,,,,,
1687,Apartment and shared,numbskull,vo.specialmeeting.numbskull.valve.1,vo.specialmeeting.numbskull.valve.1.mp3,yes,,Relax.,1,short,,,,,,,
1688,Apartment and shared,player,vo.specialmeeting.tony.valve.1,vo.specialmeeting.tony.valve.1.mp3,yes,,That's usually not something you want to hear from the guy sitting behind you.,14,,,,,,,,
1689,Apartment and shared,numbskull,vo.specialmeeting.numbskull.valve.2,vo.specialmeeting.numbskull.valve.2.mp3,yes,,Fair.,1,short,,,,,,,
1690,Apartment and shared,numbskull,vo.specialmeeting.numbskull.move_seats.1,vo.specialmeeting.numbskull.move_seats.1.mp3,yes,,You want me to move?,5,,,,,,,,
1691,Apartment and shared,player,vo.specialmeeting.tony.move_seats.1,vo.specialmeeting.tony.move_seats.1.mp3,yes,,…What?,1,short,,,,,,,
1692,Apartment and shared,numbskull,vo.specialmeeting.numbskull.move_seats.2,vo.specialmeeting.numbskull.move_seats.2.mp3,yes,,"Seats. If you want, I'll move.",6,,,,,,,,
1693,Apartment and shared,player,vo.specialmeeting.tony.move_seats.opt1,vo.specialmeeting.tony.move_seats.opt1.mp3,yes,,No. You're fine.,3,short,,,,,,,
1694,Apartment and shared,player,vo.specialmeeting.tony.move_seats.opt2,vo.specialmeeting.tony.move_seats.opt2.mp3,yes,,Yeah. Actually — yeah.,4,,,,,,,,
1695,Apartment and shared,numbskull,vo.specialmeeting.numbskull.stay.1,vo.specialmeeting.numbskull.stay.1.mp3,yes,,Okay.,1,filler short,,,,,,,
1696,Apartment and shared,numbskull,vo.specialmeeting.numbskull.swap.1,vo.specialmeeting.numbskull.swap.1.mp3,yes,,Okay.,1,filler short,,,,,,,
1697,Apartment and shared,lag,vo.specialmeeting.lag.swap.1,vo.specialmeeting.lag.swap.1.mp3,yes,,Better?,1,short,,,,,,,
1698,Apartment and shared,numbskull,vo.specialmeeting.numbskull.no_answer.1,vo.specialmeeting.numbskull.no_answer.1.mp3,yes,,"I'll stay, then.",3,short,,,,,,,
1699,Apartment and shared,numbskull,vo.specialmeeting.numbskull.pop_trunk.1,vo.specialmeeting.numbskull.pop_trunk.1.mp3,yes,,Pop the trunk.,3,short,,,,,,,
1700,Apartment and shared,kittenboss,vo.specialmeeting.kittenboss.kittenboss.1,vo.specialmeeting.kittenboss.kittenboss.1.mp3,yes,,Jesus Christ. Finally.,3,short,,,,,,,
1701,Apartment and shared,kittenboss,vo.specialmeeting.kittenboss.kittenboss.2,vo.specialmeeting.kittenboss.kittenboss.2.mp3,yes,,Next time somebody crack a window.,6,,,,,,,,
1702,Apartment and shared,player,vo.specialmeeting.tony.kittenboss.1,vo.specialmeeting.tony.kittenboss.1.mp3,yes,,Who the hell is this?,5,,,,,,,,
1703,Apartment and shared,lag,vo.specialmeeting.lag.kittenboss.1,vo.specialmeeting.lag.kittenboss.1.mp3,yes,,Kittenboss.,1,short,,,,,,,
1704,Apartment and shared,kittenboss,vo.specialmeeting.kittenboss.kittenboss.3,vo.specialmeeting.kittenboss.kittenboss.3.mp3,yes,,Hey.,1,filler short,,,,,,,
1705,Apartment and shared,player,vo.specialmeeting.tony.kittenboss.2,vo.specialmeeting.tony.kittenboss.2.mp3,yes,,Why was she in the trunk?,6,,,,,,,,
1706,Apartment and shared,numbskull,vo.specialmeeting.numbskull.kittenboss.1,vo.specialmeeting.numbskull.kittenboss.1.mp3,yes,,Long story.,2,short,,,,,,,
1707,Apartment and shared,kittenboss,vo.specialmeeting.kittenboss.kittenboss_more.1,vo.specialmeeting.kittenboss.kittenboss_more.1.mp3,yes,,There's a spare wheel in there. Nobody tells you that.,10,,,,,,,,
1708,Apartment and shared,kittenboss,vo.specialmeeting.kittenboss.kittenboss_more.2,vo.specialmeeting.kittenboss.kittenboss_more.2.mp3,yes,,How long was that? Honestly. Ballpark.,6,,,,,,,,
1709,Apartment and shared,seff,vo.specialmeeting.seff.kittenboss_more.1,vo.specialmeeting.seff.kittenboss_more.1.mp3,yes,,Forty minutes.,2,short,,,,,,,
1710,Apartment and shared,kittenboss,vo.specialmeeting.kittenboss.kittenboss_more.3,vo.specialmeeting.kittenboss.kittenboss_more.3.mp3,yes,,It was not forty minutes.,5,,,,,,,,
1711,Apartment and shared,seff,vo.specialmeeting.seff.kittenboss_more.2,vo.specialmeeting.seff.kittenboss_more.2.mp3,yes,,Forty-two.,1,short,,,,,,,
1712,Apartment and shared,kittenboss,vo.specialmeeting.kittenboss.kittenboss_more.4,vo.specialmeeting.kittenboss.kittenboss_more.4.mp3,yes,,Right. Thank you.,3,short,,,,,,,
1713,Apartment and shared,player,vo.specialmeeting.tony.kittenboss_hub.opt1,vo.specialmeeting.tony.kittenboss_hub.opt1.mp3,yes,,Are you all right?,4,,,,,,,,
1714,Apartment and shared,player,vo.specialmeeting.tony.kittenboss_hub.opt2,vo.specialmeeting.tony.kittenboss_hub.opt2.mp3,yes,,Why were you in the trunk?,6,,,,,,,,
1715,Apartment and shared,player,vo.specialmeeting.tony.kittenboss_hub.opt3,vo.specialmeeting.tony.kittenboss_hub.opt3.mp3,yes,,Are you a prospect?,4,,,,,,,,
1716,Apartment and shared,player,vo.specialmeeting.tony.kittenboss_hub.opt4,vo.specialmeeting.tony.kittenboss_hub.opt4.mp3,yes,,Do you know what this is?,6,,,,,,,,
1717,Apartment and shared,player,vo.specialmeeting.tony.kittenboss_hub.opt5,vo.specialmeeting.tony.kittenboss_hub.opt5.mp3,yes,,Nice to meet you.,4,,,,,,,,
1718,Apartment and shared,kittenboss,vo.specialmeeting.kittenboss.kb_ok.1,vo.specialmeeting.kittenboss.kb_ok.1.mp3,yes,,I'm annoyed. That's different.,4,,,,,,,,
1719,Apartment and shared,kittenboss,vo.specialmeeting.kittenboss.kb_trunk.1,vo.specialmeeting.kittenboss.kb_trunk.1.mp3,yes,,You'd have to ask them.,5,,,,,,,,
1720,Apartment and shared,player,vo.specialmeeting.tony.kb_trunk.1,vo.specialmeeting.tony.kb_trunk.1.mp3,yes,,I did.,2,short,,,,,,,
1721,Apartment and shared,kittenboss,vo.specialmeeting.kittenboss.kb_trunk.2,vo.specialmeeting.kittenboss.kb_trunk.2.mp3,yes,,And?,1,short,,,,,,,
1722,Apartment and shared,player,vo.specialmeeting.tony.kb_trunk.2,vo.specialmeeting.tony.kb_trunk.2.mp3,yes,,Long story.,2,short,,,,,,,
1723,Apartment and shared,kittenboss,vo.specialmeeting.kittenboss.kb_trunk.3,vo.specialmeeting.kittenboss.kb_trunk.3.mp3,yes,,Yeah. That's what I got.,5,,,,,,,,
1724,Apartment and shared,kittenboss,vo.specialmeeting.kittenboss.kb_prospect.1,vo.specialmeeting.kittenboss.kb_prospect.1.mp3,yes,,Since March.,2,short,,,,,,,
1725,Apartment and shared,kittenboss,vo.specialmeeting.kittenboss.kb_prospect.2,vo.specialmeeting.kittenboss.kb_prospect.2.mp3,yes,,You?,1,short,,,,,,,
1726,Apartment and shared,player,vo.specialmeeting.tony.kb_prospect.1,vo.specialmeeting.tony.kb_prospect.1.mp3,yes,,…Yeah.,1,short,,,,,,,
1727,Apartment and shared,kittenboss,vo.specialmeeting.kittenboss.kb_prospect.3,vo.specialmeeting.kittenboss.kb_prospect.3.mp3,yes,,Right.,1,filler short,,,,,,,
1728,Apartment and shared,kittenboss,vo.specialmeeting.kittenboss.kb_what.1,vo.specialmeeting.kittenboss.kb_what.1.mp3,yes,,Do you know what this is?,6,,,,,,,,
1729,Apartment and shared,player,vo.specialmeeting.tony.kb_what.1,vo.specialmeeting.tony.kb_what.1.mp3,yes,,No.,1,filler short,,,,,,,
1730,Apartment and shared,kittenboss,vo.specialmeeting.kittenboss.kb_what.2,vo.specialmeeting.kittenboss.kb_what.2.mp3,yes,,You've been around longer than me.,6,,,,,,,,
1731,Apartment and shared,player,vo.specialmeeting.tony.kb_what.2,vo.specialmeeting.tony.kb_what.2.mp3,yes,,I have.,2,short,,,,,,,
1732,Apartment and shared,kittenboss,vo.specialmeeting.kittenboss.kb_what.3,vo.specialmeeting.kittenboss.kb_what.3.mp3,yes,,So.,1,short,,,,,,,
1733,Apartment and shared,player,vo.specialmeeting.tony.kb_what.3,vo.specialmeeting.tony.kb_what.3.mp3,yes,,So I don't know.,4,,,,,,,,
1734,Apartment and shared,kittenboss,vo.specialmeeting.kittenboss.kb_what.4,vo.specialmeeting.kittenboss.kb_what.4.mp3,yes,,Okay. Good. Good.,3,short,,,,,,,
1735,Apartment and shared,kittenboss,vo.specialmeeting.kittenboss.kb_nice.1,vo.specialmeeting.kittenboss.kb_nice.1.mp3,yes,,Is it?,2,short,,,,,,,
1736,Apartment and shared,kittenboss,vo.specialmeeting.kittenboss.kb_nice.2,vo.specialmeeting.kittenboss.kb_nice.2.mp3,yes,,Sorry. That was— yeah. You too.,6,,,,,,,,
1737,Apartment and shared,kittenboss,vo.specialmeeting.kittenboss.kb_collar.1,vo.specialmeeting.kittenboss.kb_collar.1.mp3,yes,,Do I look all right?,5,,,,,,,,
1738,Apartment and shared,player,vo.specialmeeting.tony.kb_collar.1,vo.specialmeeting.tony.kb_collar.1.mp3,yes,,You've got—,2,short,,,,,,,
1739,Apartment and shared,kittenboss,vo.specialmeeting.kittenboss.kb_collar.2,vo.specialmeeting.kittenboss.kb_collar.2.mp3,yes,,Yeah. Thanks.,2,short,,,,,,,
1740,Apartment and shared,seff,vo.specialmeeting.seff.off_we_go.1,vo.specialmeeting.seff.off_we_go.1.mp3,yes,,Come on. They're waiting.,4,,,,,,,,
1741,Apartment and shared,seff,vo.specialmeeting.seff.you_first.1,vo.specialmeeting.seff.you_first.1.mp3,yes,,Trail's up there. Straight up. You can't miss it.,9,,,,,,,,
1742,Apartment and shared,seff,vo.specialmeeting.seff.you_first.2,vo.specialmeeting.seff.you_first.2.mp3,yes,,You go ahead.,3,short,,,,,,,
1743,Apartment and shared,player,vo.specialmeeting.tony.you_first.1,vo.specialmeeting.tony.you_first.1.mp3,yes,,You're not leading?,3,short,,,,,,,
1744,Apartment and shared,lag,vo.specialmeeting.lag.you_first.1,vo.specialmeeting.lag.you_first.1.mp3,yes,,It's one trail.,3,short,,,,,,,
1745,Apartment and shared,numbskull,vo.specialmeeting.numbskull.you_first.1,vo.specialmeeting.numbskull.you_first.1.mp3,yes,,We're right behind you.,4,,,,,,,,
1746,Apartment and shared,player,vo.specialmeeting.tony.tb_you_first.1,vo.specialmeeting.tony.tb_you_first.1.mp3,yes,,You first.,2,short,,,,,,,
1747,Apartment and shared,seff,vo.specialmeeting.seff.tb_you_first.1,vo.specialmeeting.seff.tb_you_first.1.mp3,yes,,"Nah, go on.",3,short,,,,,,,
1748,Apartment and shared,player,vo.specialmeeting.tony.tb_you_first.2,vo.specialmeeting.tony.tb_you_first.2.mp3,yes,,I'd rather follow.,3,short,,,,,,,
1749,Apartment and shared,lag,vo.specialmeeting.lag.tb_you_first.1,vo.specialmeeting.lag.tb_you_first.1.mp3,yes,,You'd rather follow.,3,short,,,,,,,
1750,Apartment and shared,numbskull,vo.specialmeeting.numbskull.tb_you_first.1,vo.specialmeeting.numbskull.tb_you_first.1.mp3,yes,,It's a nice trail.,4,,,,,,,,
1751,Apartment and shared,player,vo.specialmeeting.tony.tb_walk_with_me.1,vo.specialmeeting.tony.tb_walk_with_me.1.mp3,yes,,Walk with me.,3,short,,,,,,,
1752,Apartment and shared,numbskull,vo.specialmeeting.numbskull.tb_walk_with_me.1,vo.specialmeeting.numbskull.tb_walk_with_me.1.mp3,yes,,Sure.,1,filler short,,,,,,,
1753,Apartment and shared,player,vo.specialmeeting.tony.tb_walk_with_me.2,vo.specialmeeting.tony.tb_walk_with_me.2.mp3,yes,,You're still behind me.,4,,,,,,,,
1754,Apartment and shared,numbskull,vo.specialmeeting.numbskull.tb_walk_with_me.2,vo.specialmeeting.numbskull.tb_walk_with_me.2.mp3,yes,,Yeah.,1,filler short,,,,,,,
1755,Apartment and shared,player,vo.specialmeeting.tony.tb_how_far.1,vo.specialmeeting.tony.tb_how_far.1.mp3,yes,,How far is it?,4,,,,,,,,
1756,Apartment and shared,seff,vo.specialmeeting.seff.tb_how_far.1,vo.specialmeeting.seff.tb_how_far.1.mp3,yes,,You'll see the fire.,4,,,,,,,,
1757,Apartment and shared,player,vo.specialmeeting.tony.tb_how_far.2,vo.specialmeeting.tony.tb_how_far.2.mp3,yes,,There's a fire?,3,short,,,,,,,
1758,Apartment and shared,seff,vo.specialmeeting.seff.tb_how_far.2,vo.specialmeeting.seff.tb_how_far.2.mp3,yes,,There's a fire.,3,short,,,,,,,
1759,Apartment and shared,player,vo.specialmeeting.tony.tb_kittenboss.1,vo.specialmeeting.tony.tb_kittenboss.1.mp3,yes,,Kittenboss. You go first.,4,,,,,,,,
1760,Apartment and shared,kittenboss,vo.specialmeeting.kittenboss.tb_kittenboss.1,vo.specialmeeting.kittenboss.tb_kittenboss.1.mp3,yes,,Why me?,2,short,,,,,,,
1761,Apartment and shared,player,vo.specialmeeting.tony.tb_kittenboss.2,vo.specialmeeting.tony.tb_kittenboss.2.mp3,yes,,You've been here longer tonight than I have.,8,,,,,,,,
1762,Apartment and shared,kittenboss,vo.specialmeeting.kittenboss.tb_kittenboss.2,vo.specialmeeting.kittenboss.tb_kittenboss.2.mp3,yes,,That's fair.,2,short,,,,,,,
1763,Apartment and shared,lag,vo.specialmeeting.lag.tb_kittenboss.1,vo.specialmeeting.lag.tb_kittenboss.1.mp3,yes,,Both of you.,3,short,,,,,,,
1764,Apartment and shared,kittenboss,vo.specialmeeting.kittenboss.trail_talk.1,vo.specialmeeting.kittenboss.trail_talk.1.mp3,yes,,Are we allowed to talk?,5,,,,,,,,
1765,Apartment and shared,player,vo.specialmeeting.tony.trail_talk.1,vo.specialmeeting.tony.trail_talk.1.mp3,yes,,I don't know.,3,short,,,,,,,
1766,Apartment and shared,kittenboss,vo.specialmeeting.kittenboss.trail_talk.2,vo.specialmeeting.kittenboss.trail_talk.2.mp3,yes,,Right.,1,filler short,,,,,,,
1767,Apartment and shared,seff,vo.specialmeeting.seff.trail_mattress.1,vo.specialmeeting.seff.trail_mattress.1.mp3,yes,,So the mattress thing. If I get the truck for Thursday—,11,,,,,,,,
1768,Apartment and shared,lag,vo.specialmeeting.lag.trail_mattress.1,vo.specialmeeting.lag.trail_mattress.1.mp3,yes,,You're not getting the truck.,5,,,,,,,,
1769,Apartment and shared,seff,vo.specialmeeting.seff.trail_mattress.2,vo.specialmeeting.seff.trail_mattress.2.mp3,yes,,If I get the truck.,5,,,,,,,,
1770,Apartment and shared,lag,vo.specialmeeting.lag.trail_mattress.2,vo.specialmeeting.lag.trail_mattress.2.mp3,yes,,Mm.,1,filler short,,,,,,,
1771,Apartment and shared,seff,vo.specialmeeting.seff.trail_mattress.3,vo.specialmeeting.seff.trail_mattress.3.mp3,yes,,That's all I'm saying. If.,5,,,,,,,,
1772,Apartment and shared,kittenboss,vo.specialmeeting.kittenboss.trail_comfort.1,vo.specialmeeting.kittenboss.trail_comfort.1.mp3,yes,,Hey. If this goes bad—,5,,,,,,,,
1773,Apartment and shared,player,vo.specialmeeting.tony.trail_comfort.1,vo.specialmeeting.tony.trail_comfort.1.mp3,yes,,Yeah?,1,filler short,,,,,,,
1774,Apartment and shared,kittenboss,vo.specialmeeting.kittenboss.trail_comfort.2,vo.specialmeeting.kittenboss.trail_comfort.2.mp3,yes,,No. I had nothing. Sorry.,5,,,,,,,,
1775,Apartment and shared,player,vo.specialmeeting.tony.trail_light.opt1,vo.specialmeeting.tony.trail_light.opt1.mp3,yes,,Is that it?,3,short,,,,,,,
1776,Apartment and shared,seff,vo.specialmeeting.seff.trail_keep_going.1,vo.specialmeeting.seff.trail_keep_going.1.mp3,yes,,Keep going.,2,short,,,,,,,
1777,Apartment and shared,numbskull,vo.specialmeeting.numbskull.trail_record.1,vo.specialmeeting.numbskull.trail_record.1.mp3,yes,,I told them I like you.,6,,,,,,,,
1778,Apartment and shared,player,vo.specialmeeting.tony.trail_record.1,vo.specialmeeting.tony.trail_record.1.mp3,yes,,…Okay.,1,short,,,,,,,
1779,Apartment and shared,numbskull,vo.specialmeeting.numbskull.trail_record.2,vo.specialmeeting.numbskull.trail_record.2.mp3,yes,,I wanted that said.,4,,,,,,,,
1780,Apartment and shared,player,vo.specialmeeting.tony.trail_record.2,vo.specialmeeting.tony.trail_record.2.mp3,yes,,Said to who?,3,short,,,,,,,
1781,Apartment and shared,player,vo.specialmeeting.tony.trail_voices.1,vo.specialmeeting.tony.trail_voices.1.mp3,yes,,They've gone quiet.,3,short,,,,,,,
1782,Apartment and shared,lag,vo.specialmeeting.lag.trail_voices.1,vo.specialmeeting.lag.trail_voices.1.mp3,yes,,Yeah.,1,filler short,,,,,,,
1783,Apartment and shared,seff,vo.specialmeeting.seff.handoff.1,vo.specialmeeting.seff.handoff.1.mp3,yes,,Go on.,2,short,,,,,,,
1784,Apartment and shared,player,vo.cabin.dungeon.explore_first.tony.1,vo.cabin.dungeon.explore_first.tony.1.mp3,yes,,Maybe I should give that girl from the bar a call. Keep it normal for once.,16,,,,,,,,
1785,Apartment and shared,player,vo.cabin.dungeon.return.tony.1,vo.cabin.dungeon.return.tony.1.mp3,yes,,A basement. In the cabin. And Gratin's already in it. Course he is.,13,,,,,,,,
1786,Apartment and shared,player,vo.cabin.dungeon.return.tony.2,vo.cabin.dungeon.return.tony.2.mp3,yes,,"""Follow the Supreme Leader."" Right. Helpful in the way a ransom note is helpful.",14,,,,,,,,
1787,Apartment and shared,player,vo.cabin.dungeon.supreme_hint.tony.1,vo.cabin.dungeon.supreme_hint.tony.1.mp3,yes,,Am I a dumbass? What did he mean by Supreme Leader?,11,,,,,,,,
1788,Apartment and shared,player,vo.cabin.dungeon.supreme_hint.tony.2,vo.cabin.dungeon.supreme_hint.tony.2.mp3,yes,,Cabin's full of Squatch pictures. One of them has to be the boss.,13,,,,,,,,
1789,Apartment and shared,player,vo.cabin.dungeon.cellar.tony.1,vo.cabin.dungeon.cellar.tony.1.mp3,yes,,"There you are. Supreme Leader, secret staircase. Subtle as a brick in a sock.",14,,,,,,,,
1790,Apartment and shared,gratin,vo.cabin.dungeon.cellar.gratin.1,vo.cabin.dungeon.cellar.gratin.1.mp3,yes,,Keep coming. And close it behind you.,7,,,,,,,,
1791,Apartment and shared,player,vo.cabin.dungeon.dungeon_door.tony.1,vo.cabin.dungeon.dungeon_door.tony.1.mp3,yes,,A secret room inside the secret room.,7,,,,,,,,
1792,Apartment and shared,gratin,vo.cabin.dungeon.dungeon_door.gratin.1,vo.cabin.dungeon.dungeon_door.gratin.1.mp3,yes,,"Privacy is layers, Prospect. So is an onion. Only one makes people confess.",13,,,,,,,,
1793,Apartment and shared,player,vo.cabin.dungeon.dungeon_door.tony.2,vo.cabin.dungeon.dungeon_door.tony.2.mp3,yes,,Depends how hard you throw the onion.,7,,,,,,,,
1794,Apartment and shared,gratin,vo.cabin.dungeon.intro.gratin.1,vo.cabin.dungeon.intro.gratin.1.mp3,yes,,There he is. Thanks for coming down. I know you were having a nice day.,15,,,,,,,,
1795,Apartment and shared,player,vo.cabin.dungeon.intro.tony.1,vo.cabin.dungeon.intro.tony.1.mp3,yes,,You said you needed a hand. You neglected the medieval basement.,11,,,,,,,,
1796,Apartment and shared,gratin,vo.cabin.dungeon.intro.gratin.2,vo.cabin.dungeon.intro.gratin.2.mp3,yes,,I didn't want to spoil the surprise.,7,,,,,,,,
1797,Apartment and shared,gratin,vo.cabin.dungeon.intro.gratin.3,vo.cabin.dungeon.intro.gratin.3.mp3,yes,,One of these gentlemen works for the A-Team. The other used to play Counter-Strike with Booski.,16,,,,,,,,
1798,Apartment and shared,npc-reserve-1,vo.cabin.dungeon.intro.baiter.1,vo.cabin.dungeon.intro.baiter.1.mp3,yes,,Used to? I still play.,5,,,,,,,,
1799,Apartment and shared,gratin,vo.cabin.dungeon.intro.gratin.4,vo.cabin.dungeon.intro.gratin.4.mp3,yes,,You held shift while Booski entered every site alone. Retirement was the kind option.,14,,,,,,,,
1800,Apartment and shared,player,vo.cabin.dungeon.intro.tony.2,vo.cabin.dungeon.intro.tony.2.mp3,yes,,And the rack?,3,short,,,,,,,
1801,Apartment and shared,gratin,vo.cabin.dungeon.intro.gratin.5,vo.cabin.dungeon.intro.gratin.5.mp3,yes,,He knows something about a leak. He is being shy. Pick a tool and help him find his confidence.,19,,,,,,,,
1802,Apartment and shared,gratin,vo.cabin.dungeon.tools.gratin.1,vo.cabin.dungeon.tools.gratin.1.mp3,yes,,Pliers are personal. The battery is persuasive. Hammer is honest. Your choice.,12,,,,,,,,
1803,Apartment and shared,player,vo.cabin.dungeon.tools.tony.1,vo.cabin.dungeon.tools.tony.1.mp3,yes,,You alphabetize these?,3,short,,,,,,,
1804,Apartment and shared,gratin,vo.cabin.dungeon.tools.gratin.2,vo.cabin.dungeon.tools.gratin.2.mp3,yes,,"Sanitize, then alphabetize. We are not animals.",7,,,,,,,,
1805,Apartment and shared,npc-reserve-1,vo.cabin.dungeon.baiter_hit_one.baiter.1,vo.cabin.dungeon.baiter_hit_one.baiter.1.mp3,yes,,Fuck! I was holding the flank!,6,,,,,,,,
1806,Apartment and shared,gratin,vo.cabin.dungeon.baiter_hit_one.gratin.1,vo.cabin.dungeon.baiter_hit_one.gratin.1.mp3,yes,,This guy is a bigger baiter than Ape!,8,,,,,,,,
1807,Apartment and shared,player,vo.cabin.dungeon.baiter_hit_one.tony.1,vo.cabin.dungeon.baiter_hit_one.tony.1.mp3,yes,,That's a high bar and a low ceiling.,8,,,,,,,,
1808,Apartment and shared,gratin,vo.cabin.dungeon.baiter_hit_two.gratin.1,vo.cabin.dungeon.baiter_hit_two.gratin.1.mp3,yes,,Call this guy Last Alive Gamer!,6,,,,,,,,
1809,Apartment and shared,npc-reserve-1,vo.cabin.dungeon.baiter_hit_two.baiter.1,vo.cabin.dungeon.baiter_hit_two.baiter.1.mp3,yes,,Please stop! I'll be First Alive Gamer next game!,9,,,,,,,,
1810,Apartment and shared,player,vo.cabin.dungeon.baiter_hit_two.tony.1,vo.cabin.dungeon.baiter_hit_two.tony.1.mp3,yes,,"There isn't a next game, mate. Read the room. Upside down, if you have to.",15,,,,,,,,
1811,Apartment and shared,npc-reserve-1,vo.cabin.dungeon.baiter_pressure.baiter.1,vo.cabin.dungeon.baiter_pressure.baiter.1.mp3,yes,,I threw flashes! Good flashes! Booski looked away from them!,10,,,,,,,,
1812,Apartment and shared,gratin,vo.cabin.dungeon.baiter_pressure.gratin.1,vo.cabin.dungeon.baiter_pressure.gratin.1.mp3,yes,,He flashed his own team twice.,6,,,,,,,,
1813,Apartment and shared,player,vo.cabin.dungeon.baiter_pressure.tony.1,vo.cabin.dungeon.baiter_pressure.tony.1.mp3,yes,,Three times and you're legally a map feature.,8,,,,,,,,
1814,Apartment and shared,ateam1,vo.cabin.dungeon.ateam_hit_one.ateam.1,vo.cabin.dungeon.ateam_hit_one.ateam.1.mp3,yes,,A-Team doesn't talk.,3,short,,,,,,,
1815,Apartment and shared,gratin,vo.cabin.dungeon.ateam_hit_one.gratin.1,vo.cabin.dungeon.ateam_hit_one.gratin.1.mp3,yes,,A-Team doesn't make playoffs either. Yet here we all are.,10,,,,,,,,
1816,Apartment and shared,ateam1,vo.cabin.dungeon.ateam_hit_one.ateam.2,vo.cabin.dungeon.ateam_hit_one.ateam.2.mp3,yes,,Go fuck yourself.,3,short,,,,,,,
1817,Apartment and shared,player,vo.cabin.dungeon.ateam_hit_one.tony.1,vo.cabin.dungeon.ateam_hit_one.tony.1.mp3,yes,,Strong opening. Bad long-term strategy.,5,,,,,,,,
1818,Apartment and shared,ateam1,vo.cabin.dungeon.ateam_hit_mid.ateam.1,vo.cabin.dungeon.ateam_hit_mid.ateam.1.mp3,yes,,I don't know anything.,4,,,,,,,,
1819,Apartment and shared,gratin,vo.cabin.dungeon.ateam_hit_mid.gratin.1,vo.cabin.dungeon.ateam_hit_mid.gratin.1.mp3,yes,,Your shoulders disagree.,3,short,,,,,,,
1820,Apartment and shared,player,vo.cabin.dungeon.ateam_hit_mid.tony.1,vo.cabin.dungeon.ateam_hit_mid.tony.1.mp3,yes,,They've started a separate negotiation.,5,,,,,,,,
1821,Apartment and shared,ateam1,vo.cabin.dungeon.mole_reveal.ateam.1,vo.cabin.dungeon.mole_reveal.ateam.1.mp3,yes,,Fine! You've got a mole. Inside your crew.,8,,,,,,,,
1822,Apartment and shared,gratin,vo.cabin.dungeon.mole_reveal.gratin.1,vo.cabin.dungeon.mole_reveal.gratin.1.mp3,yes,,Name.,1,short,,,,,,,
1823,Apartment and shared,ateam1,vo.cabin.dungeon.mole_reveal.ateam.2,vo.cabin.dungeon.mole_reveal.ateam.2.mp3,yes,,I don't know the fucking name.,6,,,,,,,,
1824,Apartment and shared,player,vo.cabin.dungeon.mole_reveal.tony.1,vo.cabin.dungeon.mole_reveal.tony.1.mp3,yes,,Then give us the part you do know.,8,,,,,,,,
1825,Apartment and shared,ateam1,vo.cabin.dungeon.mole_reveal.ateam.3,vo.cabin.dungeon.mole_reveal.ateam.3.mp3,yes,,I heard them say something about a Short Bus. That's it. Short Bus. That's all I know.,17,,,,,,,,
1826,Apartment and shared,gratin,vo.cabin.dungeon.mole_reveal.gratin.2,vo.cabin.dungeon.mole_reveal.gratin.2.mp3,yes,,See? Honesty. Look how much healthier he seems.,8,,,,,,,,
1827,Apartment and shared,player,vo.cabin.dungeon.mole_reveal.tony.2,vo.cabin.dungeon.mole_reveal.tony.2.mp3,yes,,"He's on a rack, Gratin.",5,,,,,,,,
1828,Apartment and shared,gratin,vo.cabin.dungeon.mole_reveal.gratin.3,vo.cabin.dungeon.mole_reveal.gratin.3.mp3,yes,,Posture is excellent.,3,short,,,,,,,
1829,Apartment and shared,gratin,vo.cabin.dungeon.interrogation_done.gratin.1,vo.cabin.dungeon.interrogation_done.gratin.1.mp3,yes,,That's enough. Truth is mostly knowing when a lie runs out of furniture.,13,,,,,,,,
1830,Apartment and shared,player,vo.cabin.dungeon.interrogation_done.tony.1,vo.cabin.dungeon.interrogation_done.tony.1.mp3,yes,,You got what you needed?,5,,,,,,,,
1831,Apartment and shared,gratin,vo.cabin.dungeon.interrogation_done.gratin.2,vo.cabin.dungeon.interrogation_done.gratin.2.mp3,yes,,"I did. A little before you arrived, if we're being precise.",11,,,,,,,,
1832,Apartment and shared,player,vo.cabin.dungeon.interrogation_done.tony.2,vo.cabin.dungeon.interrogation_done.tony.2.mp3,yes,,Then why did I just do all that?,8,,,,,,,,
1833,Apartment and shared,gratin,vo.cabin.dungeon.interrogation_done.gratin.3,vo.cabin.dungeon.interrogation_done.gratin.3.mp3,yes,,Bonding. Also my wrist is sore.,6,,,,,,,,
1834,Apartment and shared,gratin,vo.cabin.dungeon.execution_offer.gratin.1,vo.cabin.dungeon.execution_offer.gratin.1.mp3,yes,,Would you mind taking care of these two for me?,10,,,,,,,,
1835,Apartment and shared,gratin,vo.cabin.dungeon.execution_offer.gratin.2,vo.cabin.dungeon.execution_offer.gratin.2.mp3,yes,,"Only if it's not an inconvenience. I've got to get the fire ready, and it would mean a great deal.",20,,,,,,,,
1836,Apartment and shared,player,vo.cabin.dungeon.execution_offer.tony.1,vo.cabin.dungeon.execution_offer.tony.1.mp3,yes,,You make murder sound like helping somebody move a sofa.,10,,,,,,,,
1837,Apartment and shared,gratin,vo.cabin.dungeon.execution_offer.gratin.3,vo.cabin.dungeon.execution_offer.gratin.3.mp3,yes,,A sofa can't tell us there is a mole.,9,,,,,,,,
1838,Apartment and shared,player,vo.cabin.dungeon.execution_yes.tony.1,vo.cabin.dungeon.execution_yes.tony.1.mp3,yes,,Yeah. I'll handle it.,4,,,,,,,,
1839,Apartment and shared,gratin,vo.cabin.dungeon.execution_yes.gratin.1,vo.cabin.dungeon.execution_yes.gratin.1.mp3,yes,,"Thank you. Genuinely. Take your time, but not all night.",10,,,,,,,,
1840,Apartment and shared,npc-reserve-1,vo.cabin.dungeon.execution_yes.baiter.1,vo.cabin.dungeon.execution_yes.baiter.1.mp3,yes,,"Wait, wait—I'll entry! Every round! No shift key!",8,,,,,,,,
1841,Apartment and shared,ateam1,vo.cabin.dungeon.execution_yes.ateam.1,vo.cabin.dungeon.execution_yes.ateam.1.mp3,yes,,You don't know what you're in.,6,,,,,,,,
1842,Apartment and shared,player,vo.cabin.dungeon.execution_yes.tony.2,vo.cabin.dungeon.execution_yes.tony.2.mp3,yes,,Neither do you. That's why you're furniture.,7,,,,,,,,
1843,Apartment and shared,player,vo.cabin.dungeon.execution_no.tony.1,vo.cabin.dungeon.execution_no.tony.1.mp3,yes,,No. You brought them down here. You finish it.,9,,,,,,,,
1844,Apartment and shared,gratin,vo.cabin.dungeon.execution_no.gratin.1,vo.cabin.dungeon.execution_no.gratin.1.mp3,yes,,Of course. Thank you for being direct. Please step to the side.,12,,,,,,,,
1845,Apartment and shared,npc-reserve-1,vo.cabin.dungeon.execution_no.baiter.1,vo.cabin.dungeon.execution_no.baiter.1.mp3,yes,,"No, no, he said no. That means no!",8,,,,,,,,
1846,Apartment and shared,gratin,vo.cabin.dungeon.execution_no.gratin.2,vo.cabin.dungeon.execution_no.gratin.2.mp3,yes,,It did. To him.,4,,,,,,,,
1847,Apartment and shared,gratin,vo.cabin.dungeon.execution_timeout.gratin.1,vo.cabin.dungeon.execution_timeout.gratin.1.mp3,yes,,No answer is an answer. That's perfectly alright.,8,,,,,,,,
1848,Apartment and shared,player,vo.cabin.dungeon.execution_timeout.tony.1,vo.cabin.dungeon.execution_timeout.tony.1.mp3,yes,,Gratin—,1,short,,,,,,,
1849,Apartment and shared,gratin,vo.cabin.dungeon.execution_timeout.gratin.2,vo.cabin.dungeon.execution_timeout.gratin.2.mp3,yes,,I've got it. You were kind enough to help.,9,,,,,,,,
1850,Apartment and shared,gratin,vo.cabin.dungeon.gratin_executes.gratin.1,vo.cabin.dungeon.gratin_executes.gratin.1.mp3,yes,,There. Nobody had to feel awkward.,6,,,,,,,,
1851,Apartment and shared,player,vo.cabin.dungeon.gratin_executes.tony.1,vo.cabin.dungeon.gratin_executes.tony.1.mp3,yes,,That was your concern?,4,,,,,,,,
1852,Apartment and shared,gratin,vo.cabin.dungeon.gratin_executes.gratin.2,vo.cabin.dungeon.gratin_executes.gratin.2.mp3,yes,,Hospitality matters.,2,short,,,,,,,
1853,Apartment and shared,gratin,vo.cabin.dungeon.both_dead.gratin.1,vo.cabin.dungeon.both_dead.gratin.1.mp3,yes,,We're done with them. We're not done with the evening.,10,,,,,,,,
1854,Apartment and shared,player,vo.cabin.dungeon.both_dead.tony.1,vo.cabin.dungeon.both_dead.tony.1.mp3,yes,,Please tell me the next room isn't a crematorium.,9,,,,,,,,
1855,Apartment and shared,gratin,vo.cabin.dungeon.both_dead.gratin.2,vo.cabin.dungeon.both_dead.gratin.2.mp3,yes,,Outside. Better ventilation.,3,short,,,,,,,
1856,Apartment and shared,gratin,vo.cabin.dungeon.wrap.gratin.1,vo.cabin.dungeon.wrap.gratin.1.mp3,yes,,"Canvas first. Fold from the shoulders, then the feet. Tape tight or the stairs become educational.",16,,,,,,,,
1857,Apartment and shared,player,vo.cabin.dungeon.wrap.tony.1,vo.cabin.dungeon.wrap.tony.1.mp3,yes,,You've got a system.,4,,,,,,,,
1858,Apartment and shared,gratin,vo.cabin.dungeon.wrap.gratin.2,vo.cabin.dungeon.wrap.gratin.2.mp3,yes,,I learned the hard way. The labels came after the second hard way.,13,,,,,,,,
1859,Apartment and shared,player,vo.cabin.dungeon.wrap.tony.2,vo.cabin.dungeon.wrap.tony.2.mp3,yes,,That's somehow worse than no system.,6,,,,,,,,
1860,Apartment and shared,gratin,vo.cabin.dungeon.wrapped_first.gratin.1,vo.cabin.dungeon.wrapped_first.gratin.1.mp3,yes,,Good corners. You wrap a corpse like a man who respects luggage.,12,,,,,,,,
1861,Apartment and shared,player,vo.cabin.dungeon.wrapped_first.tony.1,vo.cabin.dungeon.wrapped_first.tony.1.mp3,yes,,Put that on my Christmas card.,6,,,,,,,,
1862,Apartment and shared,gratin,vo.cabin.dungeon.bodies_ready.gratin.1,vo.cabin.dungeon.bodies_ready.gratin.1.mp3,yes,,"Both wrapped. Take them through both doors, up the wardrobe ladder, and out to the fire. One at a time.",20,,,,,,,,
1863,Apartment and shared,player,vo.cabin.dungeon.bodies_ready.tony.1,vo.cabin.dungeon.bodies_ready.tony.1.mp3,yes,,So the secret murder basement has a freight policy.,9,,,,,,,,
1864,Apartment and shared,gratin,vo.cabin.dungeon.bodies_ready.gratin.2,vo.cabin.dungeon.bodies_ready.gratin.2.mp3,yes,,"Knees, not back. I am violent, not irresponsible.",8,,,,,,,,
1865,Apartment and shared,player,vo.cabin.dungeon.bodies_ready.tony.2,vo.cabin.dungeon.bodies_ready.tony.2.mp3,yes,,That distinction is doing a lot of work tonight.,9,,,,,,,,
1866,Apartment and shared,lag,vo.cabin.dungeon.fire_first.lag.1,vo.cabin.dungeon.fire_first.lag.1.mp3,yes,,Set him on the cedar. Head away from the beer.,10,,,,,,,,
1867,Apartment and shared,player,vo.cabin.dungeon.fire_first.tony.1,vo.cabin.dungeon.fire_first.tony.1.mp3,yes,,Important distinction.,2,short,,,,,,,
1868,Apartment and shared,lag,vo.cabin.dungeon.fire_first.lag.2,vo.cabin.dungeon.fire_first.lag.2.mp3,yes,,Only if you like the beer.,6,,,,,,,,
1869,Apartment and shared,gratin,vo.cabin.dungeon.gasoline.gratin.1,vo.cabin.dungeon.gasoline.gratin.1.mp3,yes,,Even coat. No heroics. Eyebrows take months.,7,,,,,,,,
1870,Apartment and shared,player,vo.cabin.dungeon.gasoline.tony.1,vo.cabin.dungeon.gasoline.tony.1.mp3,yes,,You are very considerate tonight.,5,,,,,,,,
1871,Apartment and shared,gratin,vo.cabin.dungeon.gasoline.gratin.2,vo.cabin.dungeon.gasoline.gratin.2.mp3,yes,,I contain multitudes. Hold the can lower.,7,hud-speak,,,,,,,
1872,Apartment and shared,lag,vo.cabin.dungeon.ignition.lag.1,vo.cabin.dungeon.ignition.lag.1.mp3,yes,,There it goes.,3,short,,,,,,,
1873,Apartment and shared,gratin,vo.cabin.dungeon.ignition.gratin.1,vo.cabin.dungeon.ignition.gratin.1.mp3,yes,,To absent friends and present problems.,6,,,,,,,,
1874,Apartment and shared,player,vo.cabin.dungeon.ignition.tony.1,vo.cabin.dungeon.ignition.tony.1.mp3,yes,,Which category were they?,4,,,,,,,,
1875,Apartment and shared,lag,vo.cabin.dungeon.ignition.lag.2,vo.cabin.dungeon.ignition.lag.2.mp3,yes,,Fuel.,1,short,,,,,,,
1876,Apartment and shared,gratin,vo.cabin.dungeon.fire_talk_one.gratin.1,vo.cabin.dungeon.fire_talk_one.gratin.1.mp3,yes,,Beer?,1,short,,,,,,,
1877,Apartment and shared,player,vo.cabin.dungeon.fire_talk_one.tony.1,vo.cabin.dungeon.fire_talk_one.tony.1.mp3,yes,,After that basement? Two.,4,,,,,,,,
1878,Apartment and shared,lag,vo.cabin.dungeon.fire_talk_one.lag.1,vo.cabin.dungeon.fire_talk_one.lag.1.mp3,yes,,"Cheers, Prospect.",2,short,,,,,,,
1879,Apartment and shared,player,vo.cabin.dungeon.fire_talk_one.tony.2,vo.cabin.dungeon.fire_talk_one.tony.2.mp3,yes,,Cheers. To finding rooms I didn't know existed.,8,,,,,,,,
1880,Apartment and shared,gratin,vo.cabin.dungeon.fire_talk_one.gratin.2,vo.cabin.dungeon.fire_talk_one.gratin.2.mp3,yes,,May they stop at two.,5,,,,,,,,
1881,Apartment and shared,player,vo.cabin.dungeon.fire_talk_squatches.tony.1,vo.cabin.dungeon.fire_talk_squatches.tony.1.mp3,yes,,"Straight question. The Squatches—real, mascot, or shared head injury?",9,,,,,,,,
1882,Apartment and shared,lag,vo.cabin.dungeon.fire_talk_squatches.lag.1,vo.cabin.dungeon.fire_talk_squatches.lag.1.mp3,yes,,Real enough to ruin a quiet server.,7,,,,,,,,
1883,Apartment and shared,gratin,vo.cabin.dungeon.fire_talk_squatches.gratin.1,vo.cabin.dungeon.fire_talk_squatches.gratin.1.mp3,yes,,Real enough that Lou never jokes when he says the word.,11,,,,,,,,
1884,Apartment and shared,player,vo.cabin.dungeon.fire_talk_squatches.tony.2,vo.cabin.dungeon.fire_talk_squatches.tony.2.mp3,yes,,Lou jokes at funerals.,4,,,,,,,,
1885,Apartment and shared,gratin,vo.cabin.dungeon.fire_talk_squatches.gratin.2,vo.cabin.dungeon.fire_talk_squatches.gratin.2.mp3,yes,,Exactly.,1,short,,,,,,,
1886,Apartment and shared,lag,vo.cabin.dungeon.fire_talk_squatches.lag.2,vo.cabin.dungeon.fire_talk_squatches.lag.2.mp3,yes,,"You hear one in the timber, don't chase it. You see one, don't run.",14,,,,,,,,
1887,Apartment and shared,player,vo.cabin.dungeon.fire_talk_squatches.tony.3,vo.cabin.dungeon.fire_talk_squatches.tony.3.mp3,yes,,What do I do?,4,,,,,,,,
1888,Apartment and shared,lag,vo.cabin.dungeon.fire_talk_squatches.lag.3,vo.cabin.dungeon.fire_talk_squatches.lag.3.mp3,yes,,Try not to look delicious.,5,,,,,,,,
1889,Apartment and shared,gratin,vo.cabin.dungeon.fire_talk_two.gratin.1,vo.cabin.dungeon.fire_talk_two.gratin.1.mp3,yes,,Let's do a pull. Something decent after an indecent job.,10,,,,,,,,
1890,Apartment and shared,player,vo.cabin.dungeon.fire_talk_two.tony.1,vo.cabin.dungeon.fire_talk_two.tony.1.mp3,yes,,Christ. That's paint remover.,4,,,,,,,,
1891,Apartment and shared,lag,vo.cabin.dungeon.fire_talk_two.lag.1,vo.cabin.dungeon.fire_talk_two.lag.1.mp3,yes,,Paint had information.,3,short,,,,,,,
1892,Apartment and shared,gratin,vo.cabin.dungeon.fire_talk_two.gratin.2,vo.cabin.dungeon.fire_talk_two.gratin.2.mp3,yes,,And now it's talking.,4,,,,,,,,
1893,Apartment and shared,player,vo.cabin.dungeon.fire_talk_three.tony.1,vo.cabin.dungeon.fire_talk_three.tony.1.mp3,yes,,Did Lou build the dungeon before or after the nice curtains?,11,,,,,,,,
1894,Apartment and shared,gratin,vo.cabin.dungeon.fire_talk_three.gratin.1,vo.cabin.dungeon.fire_talk_three.gratin.1.mp3,yes,,Same contractor. Very discreet. Terrible invoices.,6,,,,,,,,
1895,Apartment and shared,lag,vo.cabin.dungeon.fire_talk_three.lag.1,vo.cabin.dungeon.fire_talk_three.lag.1.mp3,yes,,You did alright tonight.,4,,,,,,,,
1896,Apartment and shared,player,vo.cabin.dungeon.fire_talk_three.tony.2,vo.cabin.dungeon.fire_talk_three.tony.2.mp3,yes,,I carried two men to a fire.,7,,,,,,,,
1897,Apartment and shared,lag,vo.cabin.dungeon.fire_talk_three.lag.2,vo.cabin.dungeon.fire_talk_three.lag.2.mp3,yes,,Didn't drop either.,3,short,,,,,,,
1898,Apartment and shared,gratin,vo.cabin.dungeon.fire_talk_three.gratin.2,vo.cabin.dungeon.fire_talk_three.gratin.2.mp3,yes,,Growth is measurable.,3,short,,,,,,,
1899,Apartment and shared,player,vo.cabin.dungeon.fire_talk_three.tony.3,vo.cabin.dungeon.fire_talk_three.tony.3.mp3,yes,,I'm putting both of you on my résumé.,8,,,,,,,,
1900,Apartment and shared,gratin,vo.cabin.dungeon.blackout.gratin.1,vo.cabin.dungeon.blackout.gratin.1.mp3,yes,,One last pull.,3,short,,,,,,,
1901,Apartment and shared,player,vo.cabin.dungeon.blackout.tony.1,vo.cabin.dungeon.blackout.tony.1.mp3,yes,,Last one. Definitely.,3,short,,,,,,,
1902,Apartment and shared,lag,vo.cabin.dungeon.blackout.lag.1,vo.cabin.dungeon.blackout.lag.1.mp3,yes,,That's what makes it the last one.,7,,,,,,,,
1903,Apartment and shared,player,vo.cabin.dungeon.morning.tony.1,vo.cabin.dungeon.morning.tony.1.mp3,yes,,No headache. Either that whiskey was good or Gratin drugged the water.,12,,,,,,,,
1904,Apartment and shared,player,vo.cabin.dungeon.morning.tony.2,vo.cabin.dungeon.morning.tony.2.mp3,yes,,"Clean shirt, find the phone, never inspect the ashes. Morning.",10,,,,,,,,
1905,Apartment,lou1,vo.call.lou.cabin_lay_low.1,vo.call.lou.cabin_lay_low.1.mp3,yes,,Tony. You did what was asked and you didn't make a mess of it. That gets noticed.,17,,,,,,,,
1906,Apartment,player,vo.call.lou.cabin_lay_low.tony.1,vo.call.lou.cabin_lay_low.tony.1.mp3,yes,,"Thanks, Lou. How long is a while?",7,,,,,,,,
1907,Apartment,lou1,vo.call.lou.cabin_lay_low.2,vo.call.lou.cabin_lay_low.2.mp3,yes,,"Now you're nowhere. No city, no visitors, no hero shit. A man who just did what you did does not get seen for a while.",25,,,,,,,,
1908,Apartment,player,vo.call.lou.cabin_lay_low.tony.2,vo.call.lou.cabin_lay_low.tony.2.mp3,yes,,Nowhere I can do. No promises on the hero shit.,10,,,,,,,,
1909,Apartment,lou1,vo.call.lou.cabin_lay_low.3,vo.call.lou.cabin_lay_low.3.mp3,yes,,"Lag keeps the place. He knows you're coming. Walk the property, clear your head, answer your phone.",17,,,,,,,,
1910,Apartment,player,vo.call.lou.cabin_lay_low.tony.3,vo.call.lou.cabin_lay_low.tony.3.mp3,yes,,"Understood. Cabin, fresh air, absolutely normal week.",7,,,,,,,,
1911,Apartment,margo,vo.call.margo.cabin_date.1,vo.call.margo.cabin_date.1.mp3,yes,,Tony. I was starting to think the number was decorative.,10,,,,,,,,
1912,Apartment,player,vo.call.margo.cabin_date.tony.1,vo.call.margo.cabin_date.tony.1.mp3,yes,,Hello? Tony. From the Bing.,5,,,,,,,,
1913,Apartment,margo,vo.call.margo.cabin_date.2,vo.call.margo.cabin_date.2.mp3,yes,,"Sunday. Front & Center. Ask for the Silver Room. Nine o’clock. If you’re late, I eat without you.",18,,,,,,,,
1914,Apartment,player,vo.call.margo.cabin_date.tony.2,vo.call.margo.cabin_date.tony.2.mp3,yes,,Work dragged me out of town. I’m calling before the trees learn my name.,14,,,,,,,,
1915,Apartment,margo,vo.call.margo.cabin_date.3,vo.call.margo.cabin_date.3.mp3,yes,,"Good. Rye, one cube. And wear something that has met an iron.",12,,,,,,,,
1916,Apartment,player,vo.call.margo.cabin_date.tony.3,vo.call.margo.cabin_date.tony.3.mp3,yes,,Sunday. Front & Center. Silver Room. Nine. I won’t waste it.,11,,,,,,,,
1917,Apartment,booski,vo.call.booski.cabin_sasole.1,vo.call.booski.cabin_sasole.1.mp3,yes,,Prospect. You're up at the property. Good. There's a strip forty minutes from you.,14,,,,,,,,
1918,Apartment,player,vo.call.booski.cabin_sasole.tony.1,vo.call.booski.cabin_sasole.tony.1.mp3,yes,,I'm here. Lou said quiet.,5,,,,,,,,
1919,Apartment,booski,vo.call.booski.cabin_sasole.2,vo.call.booski.cabin_sasole.2.mp3,yes,,Captain Sasole. He flies for us and he needs a second pair of hands today.,15,,,,,,,,
1920,Apartment,player,vo.call.booski.cabin_sasole.tony.2,vo.call.booski.cabin_sasole.tony.2.mp3,yes,,Sasole. Do I know what I'm carrying?,7,,,,,,,,
1921,Apartment,booski,vo.call.booski.cabin_sasole.3,vo.call.booski.cabin_sasole.3.mp3,yes,,You're not being asked to fly it. You're being asked to be there.,13,,,,,,,,
1922,Apartment,player,vo.call.booski.cabin_sasole.tony.3,vo.call.booski.cabin_sasole.tony.3.mp3,yes,,That I can do.,4,,,,,,,,
1923,Apartment,booski,vo.call.booski.cabin_sasole.4,vo.call.booski.cabin_sasole.4.mp3,yes,,Go now. Lag will point you at the road.,9,,,,,,,,
1924,Apartment,player,vo.call.booski.cabin_sasole.tony.4,vo.call.booski.cabin_sasole.tony.4.mp3,yes,,On my way.,3,short,,,,,,,
1925,Apartment,booski,vo.call.booski.cabin_billy.1,vo.call.booski.cabin_billy.1.mp3,yes,,You awake? Good. You're done up there. Come back.,9,,,,,,,,
1926,Apartment,player,vo.call.booski.cabin_billy.tony.1,vo.call.booski.cabin_billy.tony.1.mp3,yes,,Awake enough. Done. Understood.,4,,,,,,,,
1927,Apartment,booski,vo.call.booski.cabin_billy.2,vo.call.booski.cabin_billy.2.mp3,yes,,Billy Hotdog is getting out this afternoon. The Bing is doing something about it tonight.,15,,,,,,,,
1928,Apartment,player,vo.call.booski.cabin_billy.tony.2,vo.call.booski.cabin_billy.tony.2.mp3,yes,,Billy's out. That's good news.,5,,,,,,,,
1929,Apartment,booski,vo.call.booski.cabin_billy.3,vo.call.booski.cabin_billy.3.mp3,yes,,Everyone will be there. That includes you now.,8,,,,,,,,
1930,Apartment,player,vo.call.booski.cabin_billy.tony.3,vo.call.booski.cabin_billy.tony.3.mp3,yes,,I'll be there.,3,short,,,,,,,
1931,Apartment,booski,vo.call.booski.cabin_billy.4,vo.call.booski.cabin_billy.4.mp3,yes,,"Car's out front. Clean shirt, no questions. Don't stop anywhere.",10,,,,,,,,
1932,Apartment,player,vo.call.booski.cabin_billy.tony.4,vo.call.booski.cabin_billy.tony.4.mp3,yes,,Clean shirt. No stops. I got it.,7,,,,,,,,
1933,Apartment,gratin,vo.call.gratin.cabin_basement.1,vo.call.gratin.cabin_basement.1.mp3,yes,,Prospect. I'm in the basement at the cabin. I need a hand.,12,,,,,,,,
1934,Apartment,player,vo.call.gratin.cabin_basement.tony.1,vo.call.gratin.cabin_basement.tony.1.mp3,yes,,You're where?,2,short,,,,,,,
1935,Apartment,gratin,vo.call.gratin.cabin_basement.2,vo.call.gratin.cabin_basement.2.mp3,yes,,Basement.,1,short,,,,,,,
1936,Apartment,player,vo.call.gratin.cabin_basement.tony.2,vo.call.gratin.cabin_basement.tony.2.mp3,yes,,"Wait—there's a basement in the cabin, and you're in it?",10,,,,,,,,
1937,Apartment,gratin,vo.call.gratin.cabin_basement.3,vo.call.gratin.cabin_basement.3.mp3,yes,,Follow the Supreme Leader. You'll find it.,7,,,,,,,,
1938,Apartment,player,vo.call.gratin.cabin_basement.tony.3,vo.call.gratin.cabin_basement.tony.3.mp3,yes,,That sentence helped less than you think.,7,,,,,,,,
1939,Apartment,gratin,vo.call.gratin.cabin_basement.4,vo.call.gratin.cabin_basement.4.mp3,yes,,Bring yourself. Tools are provided.,5,,,,,,,,
1940,Apartment,player,vo.call.gratin.cabin_basement.tony.4,vo.call.gratin.cabin_basement.tony.4.mp3,yes,,Right. Completely normal phone call. On my way.,8,,,,,,,,
1941,Apartment,ape,vo.call.ape.cabin_morning.1,vo.call.ape.cabin_morning.1.mp3,yes,,You awake?,2,short,,,,,,,
1942,Apartment,player,vo.call.ape.cabin_morning.tony.1,vo.call.ape.cabin_morning.tony.1.mp3,yes,,Define awake.,2,short,,,,,,,
1943,Apartment,ape,vo.call.ape.cabin_morning.2,vo.call.ape.cabin_morning.2.mp3,yes,,Car's out front. Lou says bring a clean shirt and don't ask me where we're going.,16,,,,,,,,
1944,Apartment,player,vo.call.ape.cabin_morning.tony.2,vo.call.ape.cabin_morning.tony.2.mp3,yes,,"Clean shirt, no questions. That's becoming a uniform.",8,,,,,,,,
1945,Apartment,ape,vo.call.ape.cabin_morning.3,vo.call.ape.cabin_morning.3.mp3,yes,,And don't eat anything Lag cooked in foil. That's separate advice.,11,,,,,,,,
1946,Apartment,player,vo.call.ape.cabin_morning.tony.3,vo.call.ape.cabin_morning.tony.3.mp3,yes,,"Too late to be useful, but appreciated.",7,,,,,,,,
1947,Apartment and shared,lag,vo.cabin.lag.general.arrival,vo.cabin.lag.general.arrival.mp3,yes,,"Well, look who finally made it out here.",8,,,,,,,,
1948,Apartment and shared,lag,vo.cabin.lag.general.quiet,vo.cabin.lag.general.quiet.mp3,yes,,"Hell of a lot quieter than the city, ain't it?",10,,,,,,,,
1949,Apartment and shared,lag,vo.cabin.lag.general.poke,vo.cabin.lag.general.poke.mp3,yes,,Don't just stand there. Go poke around.,7,,,,,,,,
1950,Apartment and shared,lag,vo.cabin.lag.general.more,vo.cabin.lag.general.more.mp3,yes,,Place has got more to it than it looks.,9,,,,,,,,
1951,Apartment and shared,lag,vo.cabin.lag.cabin.computer,vo.cabin.lag.cabin.computer.mp3,yes,,Computer's inside if you're looking for something less outdoorsy.,9,,,,,,,,
1952,Apartment and shared,lag,vo.cabin.lag.cabin.computer.old,vo.cabin.lag.cabin.computer.old.mp3,yes,,There's some old stuff in that cabin nobody's bothered throwing away.,11,,,,,,,,
1953,Apartment and shared,lag,vo.cabin.lag.cabin.board,vo.cabin.lag.cabin.board.mp3,yes,,Drawing board's worth looking at.,5,,,,,,,,
1954,Apartment and shared,lag,vo.cabin.lag.cabin.board.odd,vo.cabin.lag.cabin.board.odd.mp3,yes,,"If something looks outta place in there, it probably is.",10,,,,,,,,
1955,Apartment and shared,lag,vo.cabin.lag.cabin.bedroom,vo.cabin.lag.cabin.bedroom.mp3,yes,,Check around the bedroom.,4,,,,,,,,
1956,Apartment and shared,lag,vo.cabin.lag.cabin.wardrobe,vo.cabin.lag.cabin.wardrobe.mp3,yes,,Dry clothes are in the wardrobe. Push past the hangers and look proper.,13,,,,,,,,
1957,Apartment and shared,lag,vo.cabin.lag.cabin.entertainment,vo.cabin.lag.cabin.entertainment.mp3,yes,,Radio and television both work. Reception's got opinions about the trees.,11,,,,,,,,
1958,Apartment and shared,lag,vo.cabin.lag.property.trail,vo.cabin.lag.property.trail.mp3,yes,,"You see a trail, follow it.",6,,,,,,,,
1959,Apartment and shared,lag,vo.cabin.lag.property.bridge,vo.cabin.lag.property.bridge.mp3,yes,,Bridge is worth walking across.,5,,,,,,,,
1960,Apartment and shared,lag,vo.cabin.lag.property.creek,vo.cabin.lag.property.creek.mp3,yes,,Take a look down by the water.,7,,,,,,,,
1961,Apartment and shared,lag,vo.cabin.lag.property.shed,vo.cabin.lag.property.shed.mp3,yes,,There's some spots back in those woods most people walk right past.,12,,,,,,,,
1962,Apartment and shared,lag,vo.cabin.lag.property.overlook,vo.cabin.lag.property.overlook.mp3,yes,,Trail keeps going farther than you think.,7,,,,,,,,
1963,Apartment and shared,lag,vo.cabin.lag.property.firepit,vo.cabin.lag.property.firepit.mp3,yes,,Whole reason for having a place like this is nobody knows what's out back.,14,,,,,,,,
1964,Apartment and shared,lag,vo.cabin.lag.flavor.service,vo.cabin.lag.flavor.service.mp3,yes,,Cell service gets weird past the bridge. That's a feature.,10,,,,,,,,
1965,Apartment and shared,lag,vo.cabin.lag.flavor.eyes,vo.cabin.lag.flavor.eyes.mp3,yes,,"If you see two eyes looking back at you, mind your business.",12,,,,,,,,
1966,Apartment and shared,lag,vo.cabin.lag.flavor.breaks,vo.cabin.lag.flavor.breaks.mp3,yes,,"Around here, if something breaks, you either fix it or learn to live without it.",15,,,,,,,,
1967,Apartment and shared,lag,vo.cabin.lag.flavor.dark,vo.cabin.lag.flavor.dark.mp3,yes,,Gets dark as hell out here.,6,,,,,,,,
1968,Apartment and shared,lag,vo.cabin.lag.after.good,vo.cabin.lag.after.good.mp3,yes,,Find anything good?,3,short,,,,,,,
1969,Apartment and shared,lag,vo.cabin.lag.after.more,vo.cabin.lag.after.more.mp3,yes,,You ain't seen all of it.,6,,,,,,,,
1970,Apartment and shared,lag,vo.cabin.lag.after.missed,vo.cabin.lag.after.missed.mp3,yes,,There's still a couple places you missed.,7,,,,,,,,
1971,Apartment and shared,lag,vo.cabin.lag.after.no-spoil,vo.cabin.lag.after.no-spoil.mp3,yes,,I'm not telling you exactly where it is. That ruins it.,11,,,,,,,,
1972,Apartment and shared,lag,vo.cabin.lag.wood.1,vo.cabin.lag.wood.1.mp3,yes,,"There you go. Congratulations, you're almost useful.",7,,,,,,,,
1973,Apartment and shared,lag,vo.cabin.lag.wood.2,vo.cabin.lag.wood.2.mp3,yes,,That one was ugly.,4,,,,,,,,
1974,Apartment and shared,lag,vo.cabin.lag.wood.3,vo.cabin.lag.wood.3.mp3,yes,,Wood still split. Guess it counts.,6,,,,,,,,
1975,Apartment and shared,lag,vo.cabin.lag.wood.4,vo.cabin.lag.wood.4.mp3,yes,,That'll burn.,2,short,,,,,,,
1976,Apartment and shared,lag,vo.cabin.lag.wood.5,vo.cabin.lag.wood.5.mp3,yes,,"Keep that up, I might let you build the fire.",10,,,,,,,,
1977,Apartment,player,vo.door.refusal.heist_cleanup.1,vo.door.refusal.heist_cleanup.1.mp3,yes,,Not walking into the Bing wearing the bank. Clean up first.,11,,,,,,,,
1978,Apartment,player,vo.door.refusal.cabin_message.1,vo.door.refusal.cabin_message.1.mp3,yes,,Lou sent somewhere to disappear. Read it before driving into the dark.,12,,,,,,,,
1979,Apartment,player,vo.door.refusal.final_arc_locked.1,vo.door.refusal.final_arc_locked.1.mp3,yes,,"Bank’s done. Nobody’s called. And when nobody calls, you sit down.",11,,"Bank's done. Nobody's called. And when nobody calls, you sit down.","The bank's done. Nobody's called. And in this business, nobody calling is either the best week of your life or the last one, and you don't find out which until it's over.","The bank's done and nobody's rung. And that's either grand or it's very bad, and there's no way of knowin' till it's too late.",Bank's closed out. No follow-up. Which in this organization means either I did it right or somebody's currently deciding about me.,The bank's done. Nobody's called. That's either good or it isn't. Hard to say.,ACCEPTED 2026-08-19,A system gate message wearing dialogue clothing. He is describing the game's state machine.
1980,Apartment,player,vo.door.refusal.initiation_locked.1,vo.door.refusal.initiation_locked.1.mp3,yes,,Lou said seven. The invitation still has to land.,9,,Lou said seven. It's not seven. You don't show up early to a thing like that.,Lou said seven. It's not seven. And nobody in the history of this family has ever been rewarded for showing up early to something like this.,"Lou said seven. It's not seven. You don't turn up early to that kind of thing, you look desperate.","Lou said seven. It's not seven. Arriving early to your own initiation reads as eager, and eager is how people get given the bad jobs.",Lou said seven. It's not seven yet. So.,open,"Same gate-check problem — 'has to land' is production language, not his."
1981,Apartment,player,vo.door.refusal.golf_call.1,vo.door.refusal.golf_call.1.mp3,yes,,Lou said he would call about this morning. I am not guessing where.,13,,,,,,,,
1982,Apartment,player,vo.door.refusal.golf_return.1,vo.door.refusal.golf_return.1.mp3,yes,,"Three holes done. Whatever comes next, Lou will call for it.",11,,,,,,,,
1983,Apartment,player,vo.door.refusal.new_space_call.1,vo.door.refusal.new_space_call.1.mp3,yes,,"Lou said he would ring tonight. Whatever it is, it waits for the phone.",14,,,,,,,,
1984,Apartment,player,vo.door.refusal.sleep_after_take.1,vo.door.refusal.sleep_after_take.1.mp3,yes,,"Eight o’clock at Silver Pines, and it is a drive. Bed.",11,,,,,,,,
1985,Apartment,player,vo.door.refusal.heist_call.1,vo.door.refusal.heist_call.1.mp3,yes,,Lou said he would call. Today is not a day to guess.,12,,,,,,,,
1986,Apartment,player,vo.door.refusal.heist_kit.1,vo.door.refusal.heist_kit.1.mp3,yes,,Everything Lou named goes with me. Nothing else does.,9,,,,,,,,
1987,Apartment,player,vo.door.refusal.big_night_call.1,vo.door.refusal.big_night_call.1.mp3,yes,,Booskibro said he would call about tonight. I am not turning up unasked.,13,,,,,,,,
1988,Apartment,player,vo.door.refusal.no_wake_call.1,vo.door.refusal.no_wake_call.1.mp3,yes,,Lou said he would call when he knew. I am not chasing him today.,14,,,,,,,,
1989,Apartment,player,vo.door.refusal.date_call.1,vo.door.refusal.date_call.1.mp3,yes,,She said she would ring about tonight. I am not turning up at nine on a guess.,17,,,,,,,,
1990,Apartment,player,vo.door.refusal.sleep_after_date.1,vo.door.refusal.sleep_after_date.1.mp3,yes,,That was a good night. Tomorrow is the other kind. Bed.,11,,,,,,,,
1991,Apartment,player,vo.door.refusal.day_two_call.1,vo.door.refusal.day_two_call.1.mp3,yes,,Booskibro said he would call with the next job.,9,,,,,,,,
1992,Apartment,player,vo.door.refusal.second_bing_call.1,vo.door.refusal.second_bing_call.1.mp3,yes,,Lou said he would call when he wanted you back at the Bing.,13,,,,,,,,
1993,Apartment,player,vo.door.refusal.sleep_after_motel.1,vo.door.refusal.sleep_after_motel.1.mp3,yes,,It is not even light out. Whatever is next can wait until I have slept.,15,,,,,,,,
1994,Apartment,player,vo.door.refusal.first_call.1,vo.door.refusal.first_call.1.mp3,yes,,Big Uncle Lou said he would call. I should answer before I go anywhere.,14,,,,,,,,
1995,Apartment,player,vo.door.refusal.sleep_after_squatchfather.1,vo.door.refusal.sleep_after_squatchfather.1.mp3,yes,,That is enough going out for one night.,8,,,,,,,,
1996,Apartment,player,vo.door.refusal.lou_package.1,vo.door.refusal.lou_package.1.mp3,yes,,I am not going anywhere until I find Lou’s package.,10,,,,,,,,
1997,Apartment,player,vo.door.refusal.whiskey.1,vo.door.refusal.whiskey.1.mp3,yes,,Take one pull of whiskey. You earned the nerves.,9,,,,,,,,
1998,Apartment,player,vo.door.refusal.luxury_get_ready.1,vo.door.refusal.luxury_get_ready.1.mp3,yes,,"Nine o’clock, and I am not turning up at a place like that looking like this.",16,,,,,,,,
1999,Apartment,player,vo.door.refusal.luxury_stayover.1,vo.door.refusal.luxury_stayover.1.mp3,yes,,She is asleep. Whatever is out there can stay out there. Bed.,12,,,,,,,,
2000,Apartment,player,vo.door.refusal.luxury_margo_morning.1,vo.door.refusal.luxury_margo_morning.1.mp3,yes,,She is still getting her things together. I am not walking out before she does.,15,,,,,,,,
2001,Apartment,player,vo.door.refusal.watch_tv.1,vo.door.refusal.watch_tv.1.mp3,yes,,I put a man in the ground last night. I would like to know whether it made the news before I go anywhere.,23,,,,,,,,
2002,Apartment,player,vo.door.refusal.counter_squatch.1,vo.door.refusal.counter_squatch.1.mp3,yes,,"I told the boys one game. One game, and then I am out the door.",15,,,,,,,,
2003,Apartment,player,vo.door.refusal.squatch_shoot.1,vo.door.refusal.squatch_shoot.1.mp3,yes,,Lou is going to put a club in my hand in front of people. Something needs warming up and it is not going to be the swing.,27,,,,,,,,
2004,Apartment,player,vo.door.refusal.squatch_smash.1,vo.door.refusal.squatch_smash.1.mp3,yes,,"Whatever tonight is, it is the last night of something. I would like to wreck a campground first.",18,,,,,,,,
2005,Apartment,player,vo.door.refusal.shrooms_before.1,vo.door.refusal.shrooms_before.1.mp3,yes,,They take ninety minutes. Take them now and they land about the time somebody starts making speeches.,17,,,,,,,,
2006,Apartment and shared,margo,vo.margo.comehome.place.1,vo.margo.comehome.place.1.mp3,yes,,"Jesus Christ. A private lift, a staircase, and that view. Who the fuck did you have to bury?",18,,,,,,,,
2007,Apartment and shared,player,vo.margo.comehome.place.tony.1,vo.margo.comehome.place.tony.1.mp3,yes,,Nobody on the lease.,4,,,,,,,,
2008,Apartment and shared,mark,vo.palace.finale.mark.arrival.quiet-1.1,vo.palace.finale.mark.arrival.quiet-1.1.mp3,yes,"Unhurried cartel-boss calm. A man offering dinner to the intruder in his house, certain the house wins.",Tony. Sit down. We are having the veal — Sauce’s recipe. He was going to tell you. Eventually.,18,,,,,,,,
2009,Apartment and shared,mark,vo.palace.finale.mark.arrival.loud-1.1,vo.palace.finale.mark.arrival.loud-1.1.mp3,yes,"Dry, annoyed, unafraid — the gunfire outside was an inconvenience to his evening, not a threat to his life.",You shot your way through my payroll to ruin a quiet dinner. Sit down anyway. The veal is getting cold.,20,,,,,,,,
2010,Apartment and shared,player,vo.palace.finale.tony.accuse-1.1,vo.palace.finale.tony.accuse-1.1.mp3,yes,"Low and level, the anger already spent. He is not asking a question.","Three days. Three days we burned this state down looking for you, Sauce.",13,,,,,,,,
2011,Apartment and shared,player,vo.palace.finale.tony.accuse.belongings-1.1,vo.palace.finale.tony.accuse.belongings-1.1.mp3,yes,"Flat prosecutor’s delivery, laying the first exhibit on the table.",Your knives are folded in the guest suite next to your passport. Prisoners don’t get turn-down service.,17,,,,,,,,
2012,Apartment and shared,player,vo.palace.finale.tony.accuse.still-1.1,vo.palace.finale.tony.accuse.still-1.1.mp3,yes,"The last exhibit, and the coldest. The sentence ends the argument.",And the cameras caught you waving them goodnight. Nobody has ever chained you to anything.,15,,,,,,,,
2013,Apartment and shared,sauce,vo.palace.finale.sauce.admission.cornered-1.1,vo.palace.finale.sauce.admission.cornered-1.1.mp3,yes,"Caught flat and scrambling, hands half-raised, appealing sideways to his boss mid-sentence.","Okay. Yeah. The kidnapping was less of a kidnapping and more of a — Mark, help me with the word.",20,,,,,,,,
2014,Apartment and shared,mark,vo.palace.finale.mark.admission.cornered-2.1,vo.palace.finale.mark.admission.cornered-2.1.mp3,yes,One bored word. He has said it in meetings before.,A rebrand.,2,short,,,,,,,
2015,Apartment and shared,sauce,vo.palace.finale.sauce.admission.cornered-3.1,vo.palace.finale.sauce.admission.cornered-3.1.mp3,yes,"Relieved to have the word, then genuinely, indefensibly sincere about the dental.","A rebrand. The family paid me in exposure and gunfire, Tony. Here I get dental. And a pool.",18,,,,,,,,
2016,Apartment and shared,sauce,vo.palace.finale.sauce.admission.pressed-1.1,vo.palace.finale.sauce.admission.pressed-1.1.mp3,yes,"Backpedalling in real time, the timeline collapsing under him word by word.","Whoa, whoa. ‘Never a prisoner’ is a strong read. I was reluctant. At first. The first week. Day. The drive over.",21,,,,,,,,
2017,Apartment and shared,sauce,vo.palace.finale.sauce.admission.denial-1.1,vo.palace.finale.sauce.admission.denial-1.1.mp3,yes,"Terrible acting, performed with full commitment. He blinks audibly if that is possible.","Prisoner! That’s me. Blink twice, right? I’m blinking, Tony. This is me, blinking.",13,,,,,,,,
2018,Apartment and shared,mark,vo.palace.finale.mark.mark.cornered-1.1,vo.palace.finale.mark.mark.cornered-1.1.mp3,yes,Resigned and expansive. He has seen the ledger on the table and skipped straight past denial to legacy.,"He cooks, I pay, and nobody down there missed him until the food got worse. I’d apologize, but look at my house. I’m not sorry about anything.",27,,,,,,,,
2019,Apartment and shared,mark,vo.palace.finale.mark.mark.pressed-1.1,vo.palace.finale.mark.mark.pressed-1.1.mp3,yes,"Deflecting with contempt, gesturing at the architecture as his witness.",He begged me for this job. Ask the wall he did not climb over.,14,,,,,,,,
2020,Apartment and shared,mark,vo.palace.finale.mark.mark.denial-1.1,vo.palace.finale.mark.mark.denial-1.1.mp3,yes,"Amused, superior. He thinks the evidence is thin and he is enjoying saying so.",You broke into my home with a theory and a rifle. One of those is loaded.,16,,,,,,,,
2021,Apartment and shared,mark-wife,vo.palace.finale.wife.begging.wife-1.1,vo.palace.finale.wife.begging.wife-1.1.mp3,yes,Desperate glamorous begging at full volume. “DEPOSIT” lands like a bereavement.,"No, no, no. Baby — whoever you are — not the face. He just had work done. There is a DEPOSIT.",21,,,,,,,,
2022,Apartment and shared,mark-wife,vo.palace.finale.wife.begging.wife-2.1,vo.palace.finale.wife.begging.wife-2.1.mp3,yes,"Bargaining fast, throwing the chef overboard without a flicker of hesitation.",Take the cars. Take Sauce — he over-salts everything anyway—,10,,,,,,,,
2023,Apartment and shared,sauce,vo.palace.finale.sauce.begging.wife-3.1,vo.palace.finale.sauce.begging.wife-3.1.mp3,yes,Wounded. The over-salting accusation hurts more than the rifle.,Hey!,1,filler short,,,,,,,
2024,Apartment and shared,mark-wife,vo.palace.finale.wife.begging.wife-4.1,vo.palace.finale.wife.begging.wife-4.1.mp3,yes,"Pleading for lives and upholstery in the same breath, and she means both equally.",—but nobody dies at dinner. This rug is hand-knotted. Blood never comes out of hand-knotted.,15,,,,,,,,
2025,Apartment and shared,lola,vo.palace.finale.lola.begging.shorts-1.1,vo.palace.finale.lola.begging.shorts-1.1.mp3,yes,"A short, urgent professional opening a negotiation. Fast, sincere, hands out.","Boss man, listen. Me and him, we have personally witnessed maybe four hundred murders—",14,,,,,,,,
2026,Apartment and shared,johnny,vo.palace.finale.johnny.begging.shorts-2.1,vo.palace.finale.johnny.begging.shorts-2.1.mp3,yes,"Correcting his partner instantly, like they keep a shared spreadsheet.",—five hundred—,2,short,,,,,,,
2027,Apartment and shared,lola,vo.palace.finale.lola.begging.shorts-3.1,vo.palace.finale.lola.begging.shorts-3.1.mp3,yes,Accepting the correction without pause and finishing the shared sentence.,"—five hundred murders, and not one of them improved the evening.",11,,,,,,,,
2028,Apartment and shared,johnny,vo.palace.finale.johnny.begging.shorts-4.1,vo.palace.finale.johnny.begging.shorts-4.1.mp3,yes,Laying out both packages like a waiter reciting specials. Deadly serious about the logistics.,"Kill nobody, and we validate parking. Kill somebody, and we scream, we dive under the table, it becomes a whole thing.",21,,,,,,,,
2029,Apartment and shared,lola,vo.palace.finale.lola.begging.shorts-5.1,vo.palace.finale.lola.begging.shorts-5.1.mp3,yes,"Quiet, confidential postscript. She is not proud that it is rehearsed. She is a little proud.","It is rehearsed, but it is a whole thing.",9,,,,,,,,
2030,Apartment and shared,mark,vo.palace.finale.mark.go-1.1,vo.palace.finale.mark.go-1.1.mp3,yes,"The boss ends the begging. Chair pushed back, evening over.",Enough. He did not climb my wall to hear the help negotiate.,12,,,,,,,,
2031,Apartment and shared,player,vo.palace.finale.tony.go-2.1,vo.palace.finale.tony.go-2.1.mp3,yes,"Verdict. Ice-flat, no rise at the end. The safety comes off on the last word.",The ledger says you bought him. The footage says he sold us. I say dinner’s over.,16,,,,,,,,
2032,Apartment and shared,mark,vo.palace.finale.mark.go-3.1,vo.palace.finale.mark.go-3.1.mp3,yes,"Not a threat and not a retreat, in his own mind: a delegation. He is already standing, already turning, and does not raise his voice once.",It is. Sauce — you brought him into my house. You entertain him.,13,,,,,,,,
2033,Apartment and shared,sauce,vo.palace.finale.sauce.mark.scramble-1.1,vo.palace.finale.sauce.mark.scramble-1.1.mp3,yes,"Three attempts at the same word, each one smaller than the last.",Mark. Mark! MARK.,3,short,,,,,,,
2034,Apartment and shared,mark-wife,vo.palace.finale.wife.mark.scramble-2.1,vo.palace.finale.wife.mark.scramble-2.1.mp3,yes,"Flat, admiring, entirely unhelpful. She is watching her husband leave and appraising his gait.",He is very fast for a big man. He has always been very fast.,14,,,,,,,,
2035,Apartment and shared,sauce,vo.palace.finale.sauce.sauce.alone-1.1,vo.palace.finale.sauce.sauce.alone-1.1.mp3,yes,"The realisation arriving in real time, out loud, to nobody. Not frightened yet — insulted.","Twenty years. Twenty years I cooked for that man, and he is going to leave me at the table.",19,,,,,,,,
2036,Apartment and shared,sauce,vo.palace.finale.sauce.sauce.alone-2.1,vo.palace.finale.sauce.sauce.alone-2.1.mp3,yes,"A chef losing his temper, which is a specific and dangerous kind of temper. He goes for the gun on the last word.","Fine. FINE. You want to know what I am, Tony? I am the only one in this house who ever finished anything.",22,,,,,,,,
2037,Apartment and shared,mark-wife,vo.palace.finale.wife.react.sauce-down-1.1,vo.palace.finale.wife.react.sauce-down-1.1.mp3,yes,Screamed fury. The catering implications hit her before the mortality does.,"The CHEF?! Who garnishes the branzino now, you son of a bitch?!",12,,,,,,,,
2038,Apartment and shared,johnny,vo.palace.finale.johnny.react.sauce-down-2.1,vo.palace.finale.johnny.react.sauce-down-2.1.mp3,yes,"Genuine dismay, already crouching.",He still owed me forty bucks—,6,,,,,,,,
2039,Apartment and shared,lola,vo.palace.finale.lola.react.sauce-down-3.1,vo.palace.finale.lola.react.sauce-down-3.1.mp3,yes,"Finishes the accounting, then the bark, then the dive. All three at full commitment.","—forty bucks, gone. AWAY from the table. AWAY from the table!",11,,,,,,,,
2040,Apartment and shared,lola,vo.palace.finale.lola.begging.after-sauce-1.1,vo.palace.finale.lola.begging.after-sauce-1.1.mp3,yes,"From the floor, fast and reasonable, laying out a position rather than begging. She thinks this is going to work.",We do not cook. We never cooked. We carried things for a man who is now on the tablecloth.,19,,,,,,,,
2041,Apartment and shared,johnny,vo.palace.finale.johnny.begging.after-sauce-2.1,vo.palace.finale.johnny.begging.after-sauce-2.1.mp3,yes,"Helpfully, and flat on his face. He is applying for a job over a corpse and he means it sincerely.",We can carry things for you. We are very good at carrying things.,13,,,,,,,,
2042,Apartment and shared,lola,vo.palace.finale.lola.begging.after-sauce-3.1,vo.palace.finale.lola.begging.after-sauce-3.1.mp3,yes,Quiet. She knows exactly how small it is and puts it on the table anyway.,That is the whole offer. It is not a big offer.,11,,,,,,,,
2043,Apartment and shared,mark,vo.palace.finale.mark.reprisal.enter.cold-1.1,vo.palace.finale.mark.reprisal.enter.cold-1.1.mp3,yes,"Back through the door, unhurried, genuinely aggrieved about the violation of his home.",You shot my chef in my dining room. At my own table.,12,,,,,,,,
2044,Apartment and shared,mark,vo.palace.finale.mark.reprisal.enter.cold-2.1,vo.palace.finale.mark.reprisal.enter.cold-2.1.mp3,yes,"Reasonable to the last syllable. The rifle comes up on ""myself"" and nothing in his voice changes.",I was going to let you leave here with a theory. Now I have to do the leaving-you-here part myself.,20,,,,,,,,
2045,Apartment and shared,mark,vo.palace.finale.mark.reprisal.enter.enraged-1.1,vo.palace.finale.mark.reprisal.enter.enraged-1.1.mp3,yes,"Not shouted. Said slowly, twice, because he cannot get past it.",They CARRIED things. That is the whole of what they did in this house. They carried things.,17,,,,,,,,
2046,Apartment and shared,mark,vo.palace.finale.mark.reprisal.enter.enraged-2.1,vo.palace.finale.mark.reprisal.enter.enraged-2.1.mp3,yes,The one moment in the mission where the man is not performing. It should be uncomfortable.,Nothing in your ledger said to do that. You read my books and then you did that anyway.,18,,,,,,,,
2047,Apartment and shared,mark,vo.palace.finale.mark.reprisal.enter.enraged-3.1,vo.palace.finale.mark.reprisal.enter.enraged-3.1.mp3,yes,"Two words, quiet, and he is already moving.",Come here.,2,short,,,,,,,
2048,Apartment and shared,mark,vo.palace.finale.mark.reprisal.armor-broken-1.1,vo.palace.finale.mark.reprisal.armor-broken-1.1.mp3,yes,"Winded, plates gone, and complimenting the weapon. Buying the four seconds it takes to get through the door.",All right. All right — that is a good rifle.,10,,,,,,,,
2049,Apartment and shared,mark,vo.palace.finale.mark.reprisal.armor-broken-2.1,vo.palace.finale.mark.reprisal.armor-broken-2.1.mp3,yes,"Bellowed down a corridor, the first time all night he has raised his voice.",BOYS. Dining room. Bring everybody.,5,,,,,,,,
2050,Apartment and shared,mark-wife,vo.palace.finale.wife.reprisal.wave-1.1,vo.palace.finale.wife.reprisal.wave-1.1.mp3,yes,"From behind the sideboard, appalled at the expense.",That is the good crew. He keeps the good crew for weddings.,12,,,,,,,,
2051,Apartment and shared,johnny,vo.palace.finale.johnny.reprisal.wave-cleared-1.1,vo.palace.finale.johnny.reprisal.wave-cleared-1.1.mp3,yes,"Muffled, from under the table, doing an inventory.",They are all on the rug.,6,,,,,,,,
2052,Apartment and shared,mark-wife,vo.palace.finale.wife.reprisal.wave-cleared-2.1,vo.palace.finale.wife.reprisal.wave-cleared-2.1.mp3,yes,"The same four words, entirely different grief.",They are ALL on the rug.,6,,,,,,,,
2053,Apartment and shared,mark,vo.palace.finale.mark.reprisal.final.cold-1.1,vo.palace.finale.mark.reprisal.final.cold-1.1.mp3,yes,"Counting what is gone, in a tone that suggests he has done this arithmetic before.",No vest. No boys. No chef.,6,,,,,,,,
2054,Apartment and shared,mark,vo.palace.finale.mark.reprisal.final.cold-2.1,vo.palace.finale.mark.reprisal.final.cold-2.1.mp3,yes,Almost hospitable. He walks out into the open on purpose.,"Just the man who came to my house with a ledger, and me.",13,,,,,,,,
2055,Apartment and shared,mark,vo.palace.finale.mark.reprisal.final.enraged-1.1,vo.palace.finale.mark.reprisal.final.enraged-1.1.mp3,yes,Still on it. He has been standing behind that wall thinking about it.,They carried things.,3,short,,,,,,,
2056,Apartment and shared,mark,vo.palace.finale.mark.reprisal.final.enraged-2.1,vo.palace.finale.mark.reprisal.final.enraged-2.1.mp3,yes,"The full thing, finally uncapped. No performance left in it at all.","Say one word to me about the ledger. Say one word, and I will put you through the wall my wife chose.",22,,,,,,,,
2057,Apartment and shared,mark-wife,vo.palace.finale.wife.react.mark-first-1.1,vo.palace.finale.wife.react.mark-first-1.1.mp3,yes,Screamed over a fresh corpse. Grief and cosmetic-surgery accounting at equal volume.,"MARCO! You shot him in the FACE — the deposit, you ANIMAL, the DEPOSIT!",14,,,,,,,,
2058,Apartment and shared,lola,vo.palace.finale.lola.react.mark-first-2.1,vo.palace.finale.lola.react.mark-first-2.1.mp3,yes,"One barked correction, already moving. Twenty years of the wrong drill, unlearned mid-air.",NOT the table! AWAY from the table!,7,,,,,,,,
2059,Apartment and shared,johnny,vo.palace.finale.johnny.react.mark-first-3.1,vo.palace.finale.johnny.react.mark-first-3.1.mp3,yes,The identical bark a half-beat later. It is rehearsed. It is finally rehearsed correctly.,AWAY FROM THE TABLE!,4,all-caps,,,,,,,
2060,Apartment and shared,lola,vo.palace.finale.lola.react.dive-landed-1.1,vo.palace.finale.lola.react.dive-landed-1.1.mp3,yes,"Winded, flat on the floor, delivering the correction like somebody who has just lost an argument with physics.",Wall. The WALL is cover. A table is a table.,10,,,,,,,,
2061,Apartment and shared,johnny,vo.palace.finale.johnny.react.dive-landed-2.1,vo.palace.finale.johnny.react.dive-landed-2.1.mp3,yes,Muffled and absolutely serious. Somewhere there is a laminated card and he intends to reprint it.,I am updating the procedure.,5,,,,,,,,
2062,Apartment and shared,mark-wife,vo.palace.finale.wife.react.all-down-1.1,vo.palace.finale.wife.react.all-down-1.1.mp3,yes,"The full aria: cursing Tony out, vicious and operatic, with one involuntary compliment in the middle.","FINE! Fine. I hope every rug you ever love betrays you. Now get out of my house, you gorgeous psychopath!",20,,,,,,,,
2063,Apartment and shared,lola,vo.palace.finale.lola.react.all-down-2.1,vo.palace.finale.lola.react.all-down-2.1.mp3,yes,"Muffled, from under the table, instantly cooperative.",We saw nothing.,3,short,,,,,,,
2064,Apartment and shared,johnny,vo.palace.finale.johnny.react.all-down-3.1,vo.palace.finale.johnny.react.all-down-3.1.mp3,yes,"Also from under the table, providing ongoing legal coverage.",We are continuing to see nothing.,6,,,,,,,,
2065,Apartment and shared,lola,vo.palace.finale.lola.react.wife-down-1.1,vo.palace.finale.lola.react.wife-down-1.1.mp3,yes,"Genuine panic, announced like a ring judge, already moving.",He shot the missus! The missus is DOWN!,8,,,,,,,,
2066,Apartment and shared,johnny,vo.palace.finale.johnny.react.wife-down-2.1,vo.palace.finale.johnny.react.wife-down-2.1.mp3,yes,"Horrified — for her, and on her behalf about the rug, which she loved.",On the RUG! She is ON the rug!,8,,,,,,,,
2067,Apartment and shared,johnny,vo.palace.finale.johnny.react.lola-down-1.1,vo.palace.finale.johnny.react.lola-down-1.1.mp3,yes,Grief measured in the only unit that ever mattered between them.,"LOLA. You had two centimetres on me. Two whole centimetres, and you never once let me forget it.",18,,,,,,,,
2068,Apartment and shared,lola,vo.palace.finale.lola.react.johnny-down-1.1,vo.palace.finale.lola.react.johnny-down-1.1.mp3,yes,Bereft and furious about the rota in the same scream.,JOHNNY! You magnificent half-portion — I am not covering your shifts!,11,,,,,,,,
2069,Squatchfather,doorman,vo.sf.extraction.driver.cabin,vo.sf.extraction.driver.cabin.mp3,yes,,Lou says you're sleeping up north tonight. Get in.,9,,,,,,,,
2070,Apartment and shared,player,vo.palace.finale.tony.accuse.case-route-1.1,vo.palace.finale.tony.accuse.case-route-1.1.mp3,yes,"The hard exhibit: two times, one route, Sauce on both rows, and one redacted inside countersign. An accusation, not a discovery.","Sauce, SHORT BUS logged the Silver Case at Lou’s mansion at 17:55, the breach at 02:10, and an active prospect countersigned the inside timing. You sold them the address and the hour. Somebody in our line helped you.",38,,,,,,,,
2071,Radio,announcer,radio.vo.announcer.15n90um,radio.vo.announcer.15n90um.mp3,yes,,Next on 97.8 The Squatch — Lou & Lou. Two Lous. Zero preparation.,13,,,,,,,,
2072,Radio,announcer,radio.vo.announcer.0vsq7pr,radio.vo.announcer.0vsq7pr.mp3,yes,,Next on 97.8 The Squatch — The Rerun Hour. We could not fill it.,14,,,,,,,,
2073,Radio,announcer,radio.vo.announcer.1t10mwr,radio.vo.announcer.1t10mwr.mp3,yes,,Next on 97.8 The Squatch — Booski & Ape’s CS Gambling Show. Nonstop updates from all around the CS world.,20,,,,,,,,
2074,Radio,announcer,radio.vo.announcer.0f5l8z4,radio.vo.announcer.0f5l8z4.mp3,yes,,Next on 97.8 The Squatch — Irish’s Deep Dives. Real News You Can Trust.,14,,,,,,,,
2075,Radio,announcer,radio.vo.announcer.1gbemtl,radio.vo.announcer.1gbemtl.mp3,yes,,Next on 97.8 The Squatch — What’s Happening in India! With Eric & Gratin.,14,,,,,,,,
2076,Radio,announcer,radio.vo.announcer.08ovzxi,radio.vo.announcer.08ovzxi.mp3,yes,,"Next on 97.8 The Squatch — The Squatch Evening Desk. One man, one desk, no material.",16,,,,,,,,
2077,Radio,announcer,radio.vo.announcer.1bd9dp7,radio.vo.announcer.1bd9dp7.mp3,yes,,Next on 97.8 The Squatch — Hog Mama’s Late Night Improv. No script. No plan.,15,,,,,,,,
2078,Radio,announcer,radio.vo.announcer.10edjwf,radio.vo.announcer.10edjwf.mp3,yes,,Next on 97.8 The Squatch — Automated Overnight. Nobody is in the building.,13,,,,,,,,
2079,Radio,lou2,radio.vo.lou2.1vvestx,radio.vo.lou2.1vvestx.mp3,yes,,"Morning. If you are only just getting up, that is fine. Nobody is counting.",14,,,,,,,,
2080,Radio,lou1,radio.vo.lou1.0d4c90q,radio.vo.lou1.0d4c90q.mp3,yes,,"If you are eating breakfast right now, you are ahead of most of our audience.",15,,,,,,,,
2081,Radio,lou2,radio.vo.lou2.1a057jc,radio.vo.lou2.1a057jc.mp3,yes,,"If you are not eating breakfast right now, we are not going to make a thing of it.",18,,,,,,,,
2082,Radio,lou2,radio.vo.lou2.17jd61p,radio.vo.lou2.17jd61p.mp3,yes,,…and that is why you never trust a man who owns two planes.,13,,,,,,,,
2083,Radio,lou1,radio.vo.lou1.1ixqrjg,radio.vo.lou1.1ixqrjg.mp3,yes,,I own two planes.,4,,,,,,,,
2084,Radio,lou2,radio.vo.lou2.096re3b,radio.vo.lou2.096re3b.mp3,yes,,I know. That is what I am telling you.,9,,,,,,,,
2085,Radio,lou1,radio.vo.lou1.1greqi9,radio.vo.lou1.1greqi9.mp3,yes,,I want to open with a correction. Not to anything. Just as a format.,14,,,,,,,,
2086,Radio,lou2,radio.vo.lou2.1kv3xuq,radio.vo.lou2.1kv3xuq.mp3,yes,,The other Lou is not here yet. I am both Lous this morning.,13,,,,,,,,
2087,Radio,lou1,radio.vo.lou1.06a6vky,radio.vo.lou1.06a6vky.mp3,yes,,He has walked in. He has heard that. He is making a face.,13,,,,,,,,
2088,Radio,lou2,radio.vo.lou2.1cw0ew7,radio.vo.lou2.1cw0ew7.mp3,yes,,Aviation corner. Today: a plane I like. That is the whole segment.,12,,,,,,,,
2089,Radio,lou1,radio.vo.lou1.1ianp2b,radio.vo.lou1.1ianp2b.mp3,yes,,You cannot land there. I want to be clear that you cannot land there.,14,,,,,,,,
2090,Radio,lou2,radio.vo.lou2.141qlvm,radio.vo.lou2.141qlvm.mp3,yes,,I have landed there.,4,,,,,,,,
2091,Radio,lou2,radio.vo.lou2.1gkjfpf,radio.vo.lou2.1gkjfpf.mp3,yes,,Friendslop segment. Who is upset today. Start at the top.,10,,,,,,,,
2092,Radio,lou1,radio.vo.lou1.0metb4f,radio.vo.lou1.0metb4f.mp3,yes,,"A man has written in to say we have never once helped him. Noted, and kept.",16,,,,,,,,
2093,Radio,lou2,radio.vo.lou2.03jk2gz,radio.vo.lou2.03jk2gz.mp3,yes,,I have got an app now. You point it at food and it scores it out of a hundred.,19,,,,,,,,
2094,Radio,lou1,radio.vo.lou1.1ieewiu,radio.vo.lou1.1ieewiu.mp3,yes,,What did the eggs get.,5,,,,,,,,
2095,Radio,lou2,radio.vo.lou2.05qlf20,radio.vo.lou2.05qlf20.mp3,yes,,I have not done the eggs. I am not doing the eggs.,12,,,,,,,,
2096,Radio,lou1,radio.vo.lou1.1sjw0yd,radio.vo.lou1.1sjw0yd.mp3,yes,,You are frightened of what the eggs are going to say.,11,,,,,,,,
2097,Radio,lou1,radio.vo.lou1.0hkbfrf,radio.vo.lou1.0hkbfrf.mp3,yes,,There is a second app and this one is specifically about the seed oils.,14,,,,,,,,
2098,Radio,lou2,radio.vo.lou2.1b28nza,radio.vo.lou2.1b28nza.mp3,yes,,Finds them where.,3,short,,,,,,,
2099,Radio,lou1,radio.vo.lou1.1kfpsm2,radio.vo.lou1.1kfpsm2.mp3,yes,,"In everything, Lou. That is the entire point. It is a first-class signal.",13,,,,,,,,
2100,Radio,lou2,radio.vo.lou2.08ajk1z,radio.vo.lou2.08ajk1z.mp3,yes,,What is a first-class signal.,5,,,,,,,,
2101,Radio,lou1,radio.vo.lou1.14mtsx7,radio.vo.lou1.14mtsx7.mp3,yes,,I do not know. It says it on the website.,10,,,,,,,,
2102,Radio,lou2,radio.vo.lou2.1udwvjh,radio.vo.lou2.1udwvjh.mp3,yes,,I scanned a tin of soup this morning and it gave me a little face.,15,,,,,,,,
2103,Radio,lou1,radio.vo.lou1.1jwngnh,radio.vo.lou1.1jwngnh.mp3,yes,,A good face or a bad face.,7,,,,,,,,
2104,Radio,lou2,radio.vo.lou2.0tcr6a5,radio.vo.lou2.0tcr6a5.mp3,yes,,A disappointed face.,3,short,,,,,,,
2105,Radio,lou1,radio.vo.lou1.1fompl6,radio.vo.lou1.1fompl6.mp3,yes,,"Then that is the soup sorted, and we never speak of it again.",13,,,,,,,,
2106,Radio,lou1,radio.vo.lou1.04n7oyl,radio.vo.lou1.04n7oyl.mp3,yes,,Four hours. Four hours of this. And we have not read one news item.,14,,,,,,,,
2107,Radio,lou2,radio.vo.lou2.0cqixr2,radio.vo.lou2.0cqixr2.mp3,yes,,There is a news wire in this building. I have seen it. I have never read it.,17,,,,,,,,
2108,Radio,lou1,radio.vo.lou1.16sis6l,radio.vo.lou1.16sis6l.mp3,yes,,Producer says we have to do a news item. Fine. Something happened. Moving on.,14,,,,,,,,
2109,Radio,lou1,radio.vo.lou1.0rl52pp,radio.vo.lou1.0rl52pp.mp3,yes,,The chat wants the fart segment. The chat always wants the fart segment.,13,,,,,,,,
2110,Radio,lou2,radio.vo.lou2.1f75e6t,radio.vo.lou2.1f75e6t.mp3,yes,,We are not doing the fart segment before eight. We have standards until eight.,14,,,,,,,,
2111,Radio,lou1,radio.vo.lou1.0ftvj3g,radio.vo.lou1.0ftvj3g.mp3,yes,,It is eight.,3,short,,,,,,,
2112,Radio,lou1,radio.vo.lou1.0op3f7n,radio.vo.lou1.0op3f7n.mp3,yes,,"Caller, you are on The Squatch. Go ahead. …Caller? They have gone.",12,,,,,,,,
2113,Radio,lou2,radio.vo.lou2.1iviix3,radio.vo.lou2.1iviix3.mp3,yes,,Was that you? …It was the desk. The desk did that.,11,,,,,,,,
2114,Radio,lou1,radio.vo.lou1.0w7k19f,radio.vo.lou1.0w7k19f.mp3,yes,,"Somebody in the chat says we are ""just two guys called Lou"". Correct.",13,,,,,,,,
2115,Radio,lou2,radio.vo.lou2.0pw7mlf,radio.vo.lou2.0pw7mlf.mp3,yes,,The airport says we are not allowed back. We will fight it on air.,14,,,,,,,,
2116,Radio,lou1,radio.vo.lou1.0tvxvit,radio.vo.lou1.0tvxvit.mp3,yes,,Weather: it is doing something out there. Look out of a window.,12,,,,,,,,
2117,Radio,lou2,radio.vo.lou2.03pzjqz,radio.vo.lou2.03pzjqz.mp3,yes,,Traffic report. There is traffic. It is on the roads.,10,,,,,,,,
2118,Radio,lou1,radio.vo.lou1.101vvnz,radio.vo.lou1.101vvnz.mp3,yes,,Quick reminder that this show is four hours long and nobody made us do that.,15,,,,,,,,
2119,Radio,lou2,radio.vo.lou2.06egb18,radio.vo.lou2.06egb18.mp3,yes,,"We are going to a break, which for us means one of us stops talking.",15,,,,,,,,
2120,Radio,announcer,radio.vo.announcer.1yuhyw6,radio.vo.announcer.1yuhyw6.mp3,yes,,"The Rerun Hour. Two hours the station could not fill, filled.",11,,,,,,,,
2121,Radio,announcer,radio.vo.announcer.147epyh,radio.vo.announcer.147epyh.mp3,yes,,Nobody is in the studio. The tape is doing this by itself.,12,,,,,,,,
2122,Radio,announcer,radio.vo.announcer.1rvx2wq,radio.vo.announcer.1rvx2wq.mp3,yes,,"If you have just tuned in: you have missed nothing, ever.",11,,,,,,,,
2123,Radio,lou1,radio.vo.lou1.0s3r5ww,radio.vo.lou1.0s3r5ww.mp3,yes,,…and that is why you never trust a man who owns two planes.,13,,,,,,,,
2124,Radio,announcer,radio.vo.announcer.183j44c,radio.vo.announcer.183j44c.mp3,yes,,That was from this morning. Four hours ago. We are aware.,11,,,,,,,,
2125,Radio,hogmama,radio.vo.hogmama.0cpuis1,radio.vo.hogmama.0cpuis1.mp3,yes,,New scene. Same bus. I am now the bus.,9,,,,,,,,
2126,Radio,announcer,radio.vo.announcer.0qx6b0o,radio.vo.announcer.0qx6b0o.mp3,yes,,We have been asked not to explain that one.,9,,,,,,,,
2127,Radio,irish,radio.vo.irish.1qiudli,radio.vo.irish.1qiudli.mp3,yes,,There is string on the whiteboard.,6,,,,,,,,
2128,Radio,announcer,radio.vo.announcer.1bqqwwg,radio.vo.announcer.1bqqwwg.mp3,yes,,"There is, in fairness, string on the whiteboard.",8,,,,,,,,
2129,Radio,booski,radio.vo.booski.1jrobac,radio.vo.booski.1jrobac.mp3,yes,,Ask me how that is going.,6,,,,,,,,
2130,Radio,announcer,radio.vo.announcer.01pa0hb,radio.vo.announcer.01pa0hb.mp3,yes,,We did ask. It went badly.,6,,,,,,,,
2131,Radio,announcer,radio.vo.announcer.019vh3l,radio.vo.announcer.019vh3l.mp3,yes,,"Mid-morning on 97.8. Statistically, you should be at work.",9,,,,,,,,
2132,Radio,announcer,radio.vo.announcer.0bdknc0,radio.vo.announcer.0bdknc0.mp3,yes,,A listener asks if the Rerun Hour is ever going to be new. No.,14,,,,,,,,
2133,Radio,announcer,radio.vo.announcer.1s5l4d2,radio.vo.announcer.1s5l4d2.mp3,yes,,Coming up at noon: two men and a betting slip.,10,,,,,,,,
2134,Radio,announcer,radio.vo.announcer.0cbpm0j,radio.vo.announcer.0cbpm0j.mp3,yes,,Eat those pasture raised eggs folks. That one is live. That one we mean.,14,,,,,,,,
2135,Radio,announcer,radio.vo.announcer.1sy134f,radio.vo.announcer.1sy134f.mp3,yes,,97.8 The Squatch. This hour brought to you by having nothing else.,12,,,,,,,,
2136,Radio,booski,radio.vo.booski.1ofq291,radio.vo.booski.1ofq291.mp3,yes,,Is Team Liquid an NA team? We have forty minutes on this.,12,,,,,,,,
2137,Radio,booski,radio.vo.booski.1893doy,radio.vo.booski.1893doy.mp3,yes,,Is Team Liquid an NA team. We are forty minutes in. No progress.,13,,,,,,,,
2138,Radio,ape,radio.vo.ape.1tp6k1k,radio.vo.ape.1tp6k1k.mp3,yes,,I want to note that neither of us has ever been to North America.,14,,,,,,,,
2139,Radio,booski,radio.vo.booski.00ap4ga,radio.vo.booski.00ap4ga.mp3,yes,,I have put my rent on a Silver lobby. Ask me how that is going.,15,,,,,,,,
2140,Radio,ape,radio.vo.ape.1vbtzbx,radio.vo.ape.1vbtzbx.mp3,yes,,Do not ask him how that is going.,8,,,,,,,,
2141,Radio,booski,radio.vo.booski.0elwqby,radio.vo.booski.0elwqby.mp3,yes,,Nobody on this show has ever been up.,8,,,,,,,,
2142,Radio,ape,radio.vo.ape.1n0f64l,radio.vo.ape.1n0f64l.mp3,yes,,"Correction: Booski was up, once, in 2019, for about forty minutes.",11,,,,,,,,
2143,Radio,booski,radio.vo.booski.0xga563,radio.vo.booski.0xga563.mp3,yes,,Best forty minutes of my life and I gave it all back before dinner.,14,,,,,,,,
2144,Radio,booski,radio.vo.booski.17mnqjg,radio.vo.booski.17mnqjg.mp3,yes,,The lobby last night had a guy pre-firing every angle. Every single one.,13,,,,,,,,
2145,Radio,ape,radio.vo.ape.1nv6sd0,radio.vo.ape.1nv6sd0.mp3,yes,,"Was he cheating, or are you just slow? We open the phones.",12,,,,,,,,
2146,Radio,booski,radio.vo.booski.0we71e6,radio.vo.booski.0we71e6.mp3,yes,,Do not open the phones.,5,,,,,,,,
2147,Radio,booski,radio.vo.booski.1dv87p9,radio.vo.booski.1dv87p9.mp3,yes,,A knife opened for me last night. Blue gem. Wrong pattern. Worth nothing.,13,,,,,,,,
2148,Radio,ape,radio.vo.ape.0s9mb0h,radio.vo.ape.0s9mb0h.mp3,yes,,It is worth something. It is worth about as much as a knife.,13,,,,,,,,
2149,Radio,ape,radio.vo.ape.180wvl3,radio.vo.ape.180wvl3.mp3,yes,,"Today’s slate: one match, in a region we cannot pronounce, at 4 AM.",13,,,,,,,,
2150,Radio,booski,radio.vo.booski.0wf752r,radio.vo.booski.0wf752r.mp3,yes,,I will be up for it. I am always up for it. That is the problem.,16,,,,,,,,
2151,Radio,ape,radio.vo.ape.05w2wxf,radio.vo.ape.05w2wxf.mp3,yes,,"We have a caller who says he is ""up"". He is not up. He is down.",16,,,,,,,,
2152,Radio,ape,radio.vo.ape.1ra7oiw,radio.vo.ape.1ra7oiw.mp3,yes,,"A listener writes in: ""how do I stop"". We do not have that information.",14,,,,,,,,
2153,Radio,booski,radio.vo.booski.0ezdueh,radio.vo.booski.0ezdueh.mp3,yes,,A listener says he has stopped. Genuinely stopped. We wish him well.,12,,,,,,,,
2154,Radio,ape,radio.vo.ape.1mlnkzr,radio.vo.ape.1mlnkzr.mp3,yes,,We wish him well and we will never hear from him again.,12,,,,,,,,
2155,Radio,ape,radio.vo.ape.13mrhba,radio.vo.ape.13mrhba.mp3,yes,,Should you bet the house on Spirit? Legally I have to say no.,13,,,,,,,,
2156,Radio,booski,radio.vo.booski.14lhuqa,radio.vo.booski.14lhuqa.mp3,yes,,The odds are the odds. The odds have never once been my friend.,13,,,,,,,,
2157,Radio,booski,radio.vo.booski.1w1br50,radio.vo.booski.1w1br50.mp3,yes,,Someone in the lobby had a 94% headshot rate. We contacted Valve. Nothing.,13,,,,,,,,
2158,Radio,booski,radio.vo.booski.0rfyzi2,radio.vo.booski.0rfyzi2.mp3,yes,,Big news out of the major: nothing. Nothing has happened. Back after this.,13,,,,,,,,
2159,Radio,ape,radio.vo.ape.1sg3xkj,radio.vo.ape.1sg3xkj.mp3,yes,,Here is the thing about Spirit. …I have lost it. I had a thing about Spirit.,16,,,,,,,,
2160,Radio,ape,radio.vo.ape.0rxsr01,radio.vo.ape.0rxsr01.mp3,yes,,Sponsor read. We do not have a sponsor. That was the read.,12,,,,,,,,
2161,Radio,ape,radio.vo.ape.1twzob4,radio.vo.ape.1twzob4.mp3,yes,,"If you are hearing this at work, get back to work.",11,,,,,,,,
2162,Radio,booski,radio.vo.booski.0nkxxtz,radio.vo.booski.0nkxxtz.mp3,yes,,"If you play this game and you have fun, please write in, because we are curious.",16,,,,,,,,
2163,Radio,ape,radio.vo.ape.04r2ni8,radio.vo.ape.04r2ni8.mp3,yes,,Back after this with more of exactly this.,8,,,,,,,,
2164,Radio,irish,radio.vo.irish.072pe3d,radio.vo.irish.072pe3d.mp3,yes,,Tonight: is Big Egg suppressing the pasture-raised truth?,8,,,,,,,,
2165,Radio,irish,radio.vo.irish.0rt6h1o,radio.vo.irish.0rt6h1o.mp3,yes,,We investigate. For way longer than necessary.,7,,,,,,,,
2166,Radio,irish,radio.vo.irish.07vav2n,radio.vo.irish.07vav2n.mp3,yes,,I have a whiteboard. There is string on the whiteboard.,10,,,,,,,,
2167,Radio,irish,radio.vo.irish.1r7kisx,radio.vo.irish.1r7kisx.mp3,yes,,"The carton says ""certified humane"". Certified by whom? Answer me.",10,,,,,,,,
2168,Radio,irish,radio.vo.irish.04wrgzo,radio.vo.irish.04wrgzo.mp3,yes,,I rang the number on the carton. A man answered. He was very nice. Suspicious.,15,,,,,,,,
2169,Radio,irish,radio.vo.irish.1bjuo9p,radio.vo.irish.1bjuo9p.mp3,yes,,"Part fourteen of this investigation. Yes, fourteen. We are close.",10,,,,,,,,
2170,Radio,irish,radio.vo.irish.1e9kpbb,radio.vo.irish.1e9kpbb.mp3,yes,,They do not want you eating the good eggs. That is all I am saying. That is all.,18,,,,,,,,
2171,Radio,irish,radio.vo.irish.1fd458e,radio.vo.irish.1fd458e.mp3,yes,,Coming up after the break: more of this.,8,,,,,,,,
2172,Radio,irish,radio.vo.irish.0ndnk0c,radio.vo.irish.0ndnk0c.mp3,yes,,"""Pasture raised."" Pasture. Raised. Say it slowly and tell me it sounds normal.",13,,,,,,,,
2173,Radio,irish,radio.vo.irish.1fu1nvy,radio.vo.irish.1fu1nvy.mp3,yes,,I have been to a pasture. I have never once seen it raising anything.,14,,,,,,,,
2174,Radio,irish,radio.vo.irish.1yxxzv5,radio.vo.irish.1yxxzv5.mp3,yes,,A producer has asked me to move on. Note who asked. Note it.,13,,,,,,,,
2175,Radio,irish,radio.vo.irish.11pzvev,radio.vo.irish.11pzvev.mp3,yes,,Twelve eggs. Always twelve. Why twelve. Nobody will tell me why twelve.,12,,,,,,,,
2176,Radio,irish,radio.vo.irish.104t2v0,radio.vo.irish.104t2v0.mp3,yes,,I bought a carton from four different shops. Same carton. Same twelve.,12,,,,,,,,
2177,Radio,irish,radio.vo.irish.1r3qogs,radio.vo.irish.1r3qogs.mp3,yes,,We had a whistleblower. He now says he was talking about a different egg.,14,,,,,,,,
2178,Radio,irish,radio.vo.irish.1quzq60,radio.vo.irish.1quzq60.mp3,yes,,They got to him. Or he was talking about a different egg. I accept both.,15,,,,,,,,
2179,Radio,irish,radio.vo.irish.0h2xwb3,radio.vo.irish.0h2xwb3.mp3,yes,,Somebody has emailed to say I am describing normal farming. Sent from a work address.,15,,,,,,,,
2180,Radio,irish,radio.vo.irish.1ubioot,radio.vo.irish.1ubioot.mp3,yes,,I am not saying the hens are in on it. The hens are victims here.,15,,,,,,,,
2181,Radio,irish,radio.vo.irish.1eao9gs,radio.vo.irish.1eao9gs.mp3,yes,,New string on the board today. Red string. Red is for the serious connections.,14,,,,,,,,
2182,Radio,irish,radio.vo.irish.1qdrvmg,radio.vo.irish.1qdrvmg.mp3,yes,,The board is now larger than the studio door. We have discussed this at length.,15,,,,,,,,
2183,Radio,irish,radio.vo.irish.1ig6aqa,radio.vo.irish.1ig6aqa.mp3,yes,,"If I stop broadcasting suddenly, it was the eggs. Put that in writing somewhere.",14,,,,,,,,
2184,Radio,irish,radio.vo.irish.0oaeogj,radio.vo.irish.0oaeogj.mp3,yes,,Part fifteen is recorded. Legal has asked to hear it first. Interesting.,12,,,,,,,,
2185,Radio,irish,radio.vo.irish.0msv067,radio.vo.irish.0msv067.mp3,yes,,"Real News You Can Trust. That is not a slogan, that is a promise, and it is both.",18,,,,,,,,
2186,Radio,irish,radio.vo.irish.02vlyg2,radio.vo.irish.02vlyg2.mp3,yes,,"We will be right back, unless we are not, in which case: the eggs.",14,,,,,,,,
2187,Radio,eric,radio.vo.eric.0ag3tlg,radio.vo.eric.0ag3tlg.mp3,yes,,"Headlines, cricket scores, technology, food. In that order. Usually.",9,,,,,,,,
2188,Radio,gratin,radio.vo.gratin.11vg89r,radio.vo.gratin.11vg89r.mp3,yes,,"The scores first. Then, inevitably, butter chicken.",7,,,,,,,,
2189,Radio,eric,radio.vo.eric.0p64d4x,radio.vo.eric.0p64d4x.mp3,yes,,We are not going to talk about butter chicken today.,10,,,,,,,,
2190,Radio,gratin,radio.vo.gratin.0vq9wmw,radio.vo.gratin.0vq9wmw.mp3,yes,,We are going to talk about butter chicken today.,9,,,,,,,,
2191,Radio,eric,radio.vo.eric.08sy7wy,radio.vo.eric.08sy7wy.mp3,yes,,"An enormous tech story out of Bengaluru, and we have four minutes.",12,,,,,,,,
2192,Radio,gratin,radio.vo.gratin.11tbi9u,radio.vo.gratin.11tbi9u.mp3,yes,,Make it two. I want to get to the butter chicken.,11,,,,,,,,
2193,Radio,eric,radio.vo.eric.1g63ily,radio.vo.eric.1g63ily.mp3,yes,,A listener has sent in a recipe. Gratin has already left the studio.,13,,,,,,,,
2194,Radio,gratin,radio.vo.gratin.0x93c4r,radio.vo.gratin.0x93c4r.mp3,yes,,I am in the car park. I am fine. Read the recipe.,12,,,,,,,,
2195,Radio,eric,radio.vo.eric.0isky6u,radio.vo.eric.0isky6u.mp3,yes,,"Drive time on 97.8. If you are driving, this is your show. If not, also.",15,,,,,,,,
2196,Radio,gratin,radio.vo.gratin.1wry2cb,radio.vo.gratin.1wry2cb.mp3,yes,,Cricket first. Somebody scored a lot of runs. It was very good.,12,,,,,,,,
2197,Radio,eric,radio.vo.eric.0l8waiu,radio.vo.eric.0l8waiu.mp3,yes,,"That is the whole report. He does not follow it, he just likes the numbers.",15,,,,,,,,
2198,Radio,gratin,radio.vo.gratin.1moi2b0,radio.vo.gratin.1moi2b0.mp3,yes,,I like the numbers. The numbers go up. It is a good sport.,13,,,,,,,,
2199,Radio,eric,radio.vo.eric.0k4x5j7,radio.vo.eric.0k4x5j7.mp3,yes,,"Mumbai traffic update, for our listeners in Mumbai, of whom there are none.",13,,,,,,,,
2200,Radio,gratin,radio.vo.gratin.18zagup,radio.vo.gratin.18zagup.mp3,yes,,"There is one. He writes in every week. Hello, Sanjay.",10,,,,,,,,
2201,Radio,eric,radio.vo.eric.1xc79q8,radio.vo.eric.1xc79q8.mp3,yes,,Sanjay says the traffic update is inaccurate and he has stopped listening.,12,,,,,,,,
2202,Radio,gratin,radio.vo.gratin.1fyfxb5,radio.vo.gratin.1fyfxb5.mp3,yes,,"Hello anyway, Sanjay.",3,short,,,,,,,
2203,Radio,eric,radio.vo.eric.16d13f8,radio.vo.eric.16d13f8.mp3,yes,,Tech story: a company in Hyderabad has done something clever with batteries.,12,,,,,,,,
2204,Radio,gratin,radio.vo.gratin.1oyce4n,radio.vo.gratin.1oyce4n.mp3,yes,,Does it cook anything?,4,,,,,,,,
2205,Radio,eric,radio.vo.eric.15r0j6n,radio.vo.eric.15r0j6n.mp3,yes,,It does not cook anything.,5,,,,,,,,
2206,Radio,gratin,radio.vo.gratin.1i7jnn3,radio.vo.gratin.1i7jnn3.mp3,yes,,Then I have no follow-up questions.,6,,,,,,,,
2207,Radio,eric,radio.vo.eric.0jjnx2s,radio.vo.eric.0jjnx2s.mp3,yes,,I am going to get through one headline today without food coming up.,13,,,,,,,,
2208,Radio,gratin,radio.vo.gratin.1x4vx7s,radio.vo.gratin.1x4vx7s.mp3,yes,,A new bridge has opened. Near a restaurant. A very good restaurant.,12,,,,,,,,
2209,Radio,eric,radio.vo.eric.1ozuj33,radio.vo.eric.1ozuj33.mp3,yes,,We were four seconds from it. Four.,7,,,,,,,,
2210,Radio,gratin,radio.vo.gratin.0vfnwgm,radio.vo.gratin.0vfnwgm.mp3,yes,,"If you are heading out this evening, eat first. That is not news, it is advice.",16,,,,,,,,
2211,Radio,eric,radio.vo.eric.0tbrfgb,radio.vo.eric.0tbrfgb.mp3,yes,,Some of our audience are getting ready to go somewhere right now. Godspeed.,13,,,,,,,,
2212,Radio,gratin,radio.vo.gratin.1tn1vig,radio.vo.gratin.1tn1vig.mp3,yes,,Shower. Clean shirt. Eat. In that order. It is not complicated.,11,,,,,,,,
2213,Radio,ape,radio.vo.ape.0pximyr,radio.vo.ape.0pximyr.mp3,yes,,Evening. It is me. It is just me. Everyone else has gone home.,13,,,,,,,,
2214,Radio,ape,radio.vo.ape.07d3ee8,radio.vo.ape.07d3ee8.mp3,yes,,This slot has no format. They gave me two hours and a chair.,13,,,,,,,,
2215,Radio,ape,radio.vo.ape.0sbiptz,radio.vo.ape.0sbiptz.mp3,yes,,I am going to read out things people have sent in. Some of it is not for radio.,18,,,,,,,,
2216,Radio,ape,radio.vo.ape.1bxl6lp,radio.vo.ape.1bxl6lp.mp3,yes,,"""Dear Squatch, is it normal to have a beer while you get ready."" Yes. Next.",15,,,,,,,,
2217,Radio,ape,radio.vo.ape.1b42ni8,radio.vo.ape.1b42ni8.mp3,yes,,"""Dear Squatch, is it normal to have four."" That is a different letter.",13,,,,,,,,
2218,Radio,ape,radio.vo.ape.06u9dd0,radio.vo.ape.06u9dd0.mp3,yes,,The building is empty. The lights are on a timer and the timer has opinions.,15,,,,,,,,
2219,Radio,ape,radio.vo.ape.15mgbv2,radio.vo.ape.15mgbv2.mp3,yes,,"If you are getting an early night, good for you, genuinely.",11,,,,,,,,
2220,Radio,ape,radio.vo.ape.15bndo4,radio.vo.ape.15bndo4.mp3,yes,,"If you are not, Hog Mama is on at ten and that is your own fault.",16,,,,,,,,
2221,Radio,ape,radio.vo.ape.1979djq,radio.vo.ape.1979djq.mp3,yes,,"I have been handed a piece of paper. It says ""20 more minutes"". That is all it says.",18,,,,,,,,
2222,Radio,ape,radio.vo.ape.1b1assm,radio.vo.ape.1b1assm.mp3,yes,,Music? No. This is a talk station. We are committed to the bit.,13,,,,,,,,
2223,Radio,ape,radio.vo.ape.1vmtgcz,radio.vo.ape.1vmtgcz.mp3,yes,,Quiet evening out there. You can hear the city doing its thing.,12,,,,,,,,
2224,Radio,ape,radio.vo.ape.0ma2e29,radio.vo.ape.0ma2e29.mp3,yes,,"Whatever you are supposed to be doing tonight, this is not stopping you.",13,,,,,,,,
2225,Radio,ape,radio.vo.ape.0pr4065,radio.vo.ape.0pr4065.mp3,yes,,97.8. Still on the air. Still probably should not be.,10,,,,,,,,
2226,Radio,hogmama,radio.vo.hogmama.1pvbi35,radio.vo.hogmama.1pvbi35.mp3,yes,,Okay. Okay. Give me a location. …Nobody? Fine. A bus.,10,,,,,,,,
2227,Radio,hogmama,radio.vo.hogmama.164db6b,radio.vo.hogmama.164db6b.mp3,yes,,We are on the bus. I am a dentist. Why am I a dentist.,14,,,,,,,,
2228,Radio,hogmama,radio.vo.hogmama.0ht1tgl,radio.vo.hogmama.0ht1tgl.mp3,yes,,…Still on the bus.,4,,,,,,,,
2229,Radio,hogmama,radio.vo.hogmama.17ytci9,radio.vo.hogmama.17ytci9.mp3,yes,,The engineer is shaking his head at me through the glass.,11,,,,,,,,
2230,Radio,hogmama,radio.vo.hogmama.11nkinf,radio.vo.hogmama.11nkinf.mp3,yes,,"If you are up at this hour, you are exactly my audience and I am sorry.",16,,,,,,,,
2231,Radio,hogmama,radio.vo.hogmama.0wuklsh,radio.vo.hogmama.0wuklsh.mp3,yes,,Somebody has called in. Do not put them through. Put them through.,12,,,,,,,,
2232,Radio,hogmama,radio.vo.hogmama.1bfmzow,radio.vo.hogmama.1bfmzow.mp3,yes,,That was on purpose.,4,,,,,,,,
2233,Radio,hogmama,radio.vo.hogmama.1qr257e,radio.vo.hogmama.1qr257e.mp3,yes,,"Give me an occupation. …The engineer says ""no"". I am a No.",12,,,,,,,,
2234,Radio,hogmama,radio.vo.hogmama.0i4vajs,radio.vo.hogmama.0i4vajs.mp3,yes,,Scene: a man cannot sleep. He is listening to a woman being a bus.,14,,,,,,,,
2235,Radio,hogmama,radio.vo.hogmama.05uiusz,radio.vo.hogmama.05uiusz.mp3,yes,,That is you. You are the man. Hello.,8,,,,,,,,
2236,Radio,hogmama,radio.vo.hogmama.0gtrmr4,radio.vo.hogmama.0gtrmr4.mp3,yes,,I am going to do an impression. Of the desk. …That is the impression.,14,,,,,,,,
2237,Radio,hogmama,radio.vo.hogmama.1jbq1f7,radio.vo.hogmama.1jbq1f7.mp3,yes,,Nobody has ever laughed at that and I do it every night.,12,,,,,,,,
2238,Radio,hogmama,radio.vo.hogmama.1cbt1pi,radio.vo.hogmama.1cbt1pi.mp3,yes,,New scene. Two people. Both me. They are arguing and I am losing.,13,,,,,,,,
2239,Radio,hogmama,radio.vo.hogmama.1pjiss8,radio.vo.hogmama.1pjiss8.mp3,yes,,…I am thinking. I am allowed to think.,8,,,,,,,,
2240,Radio,hogmama,radio.vo.hogmama.0g0w0qx,radio.vo.hogmama.0g0w0qx.mp3,yes,,The clock says it is late enough that this counts as art.,12,,,,,,,,
2241,Radio,hogmama,radio.vo.hogmama.16r6qck,radio.vo.hogmama.16r6qck.mp3,yes,,"Somebody in the chat has typed one word: ""why"". Fair. Good note.",12,,,,,,,,
2242,Radio,hogmama,radio.vo.hogmama.04fa4f3,radio.vo.hogmama.04fa4f3.mp3,yes,,I want to try something. It will not work. Here it is anyway.,13,,,,,,,,
2243,Radio,hogmama,radio.vo.hogmama.1v3994k,radio.vo.hogmama.1v3994k.mp3,yes,,Right. Yes. As predicted.,4,,,,,,,,
2244,Radio,hogmama,radio.vo.hogmama.12smkpl,radio.vo.hogmama.12smkpl.mp3,yes,,"If you have to be up in the morning, turn this off. I mean it. Go.",16,,,,,,,,
2245,Radio,hogmama,radio.vo.hogmama.12c15xl,radio.vo.hogmama.12c15xl.mp3,yes,,You are still here. Okay. Then we are doing the bus again.,12,,,,,,,,
2246,Radio,hogmama,radio.vo.hogmama.0rfi3kc,radio.vo.hogmama.0rfi3kc.mp3,yes,,I have been on this bus for four years. Nobody has ever got off.,14,,,,,,,,
2247,Radio,hogmama,radio.vo.hogmama.0mgmll0,radio.vo.hogmama.0mgmll0.mp3,yes,,Last one. Give me a location. …The apartment. Fine. The apartment.,11,,,,,,,,
2248,Radio,announcer,radio.vo.announcer.0gen8dz,radio.vo.announcer.0gen8dz.mp3,yes,,97.8 The Squatch. Nobody is in the building.,8,,,,,,,,
2249,Radio,announcer,radio.vo.announcer.0y68wik,radio.vo.announcer.0y68wik.mp3,yes,,This is an automated broadcast. There is nobody to complain to.,11,,,,,,,,
2250,Radio,announcer,radio.vo.announcer.0u9v7ne,radio.vo.announcer.0u9v7ne.mp3,yes,,The overnight tape has been running for eleven years.,9,,,,,,,,
2251,Radio,announcer,radio.vo.announcer.0twfsvf,radio.vo.announcer.0twfsvf.mp3,yes,,The following is a repeat. Everything is a repeat.,9,,,,,,,,
2252,Radio,announcer,radio.vo.announcer.0bwdtn9,radio.vo.announcer.0bwdtn9.mp3,yes,,A reminder that nothing on this station has ever been checked.,11,,,,,,,,
2253,Radio,announcer,radio.vo.announcer.1u2ak1b,radio.vo.announcer.1u2ak1b.mp3,yes,,Hog Mama has left the building. She left the microphone on.,11,,,,,,,,
2254,Radio,announcer,radio.vo.announcer.17jjafg,radio.vo.announcer.17jjafg.mp3,yes,,…That was the tape. The tape does that.,8,,,,,,,,
2255,Radio,announcer,radio.vo.announcer.1vtvpq8,radio.vo.announcer.1vtvpq8.mp3,yes,,"If you are awake, that is between you and the ceiling.",11,,,,,,,,
2256,Radio,announcer,radio.vo.announcer.1rj3emp,radio.vo.announcer.1rj3emp.mp3,yes,,"Whatever you were going to do tonight, you have done it now.",12,,,,,,,,
2257,Radio,announcer,radio.vo.announcer.0onxfz6,radio.vo.announcer.0onxfz6.mp3,yes,,97.8. Broadcasting to an empty city at an unreasonable hour.,10,,,,,,,,
2258,Radio,announcer,radio.vo.announcer.1vxa4x4,radio.vo.announcer.1vxa4x4.mp3,yes,,Lou & Lou at six. Both Lous. Allegedly.,8,,,,,,,,
2259,Radio,announcer,radio.vo.announcer.0mggvzp,radio.vo.announcer.0mggvzp.mp3,yes,,We’ll be back at six. Probably.,6,,,,,,,,
2260,Radio,announcer,radio.vo.announcer.0m4q0kv,radio.vo.announcer.0m4q0kv.mp3,yes,,If it’s on the air… it probably shouldn’t be.,9,,,,,,,,
2261,Radio,announcer,radio.vo.announcer.1fd40j6,radio.vo.announcer.1fd40j6.mp3,yes,,Eat those pasture raised eggs folks.,6,,,,,,,,
2262,Radio,announcer,radio.vo.announcer.1mxeyam,radio.vo.announcer.1mxeyam.mp3,yes,,"Tired of boring radio stations that care about ""facts"" and ""professionalism""?",11,,Tired of radio stations that check things? Stations with lawyers? Stations that stop talking when the phone rings?,You tired of stations that check things? Stations with a legal department? A station where a man in a suit walks in and says 'we can't say that on air'? We had one of those. He doesn't work here now. Nobody knows where he went.,Are you sick of stations that check their facts? That have a lawyer? That stop talkin' when somethin' bad happens? We've none of that. We've none of any of it.,"Fed up with radio that fact-checks, apologises, and issues corrections? We have never issued a correction. Not because we're right. We just don't do it.",You tired of stations that care about facts? Professionalism? We don't have either one. We had a guy. He left.,open,"A generic strawman ad opener. Nothing about it is Squatch, and it names its own joke with scare quotes."
2263,Radio,announcer,radio.vo.announcer.10i0r0m,radio.vo.announcer.10i0r0m.mp3,yes,,Then tune your dial to 97.8… THE SQUATCH!,8,,Then get on ninety seven point eight. THE SQUATCH. We are legally required to say the number twice and nothing else.,Then it's ninety seven point eight. THE SQUATCH. Say it out loud. Say it in a room with other people. Watch what happens to their faces.,Then it's ninety seven point eight. THE SQUATCH. There's nowhere else. There's literally nowhere else on the dial out here.,"Then it's ninety seven point eight. THE SQUATCH. The only station in this valley, which is not a boast, it's a geographical fact and a tragedy.","So that's ninety seven point eight. THE SQUATCH. It's the only one that comes in out here, anyway.",open,"Boilerplate CTA, interchangeable with any real station."
2264,Radio,announcer,radio.vo.announcer.0wwm83w,radio.vo.announcer.0wwm83w.mp3,yes,,"Wake up every morning with Lou & Lou! Two Lous. Zero preparation. Four hours of farts, aviation, friendslop and more.",20,,,,,,,,
2265,Radio,announcer,radio.vo.announcer.0zspw0m,radio.vo.announcer.0zspw0m.mp3,yes,,"At Noon, it’s Booski & Ape’s CS Gambling Show!",9,,,,,,,,
2266,Radio,announcer,radio.vo.announcer.1a16urd,radio.vo.announcer.1a16urd.mp3,yes,,"""Is Team Liquid an NA team? Should you bet the house on Spirit? Nonstop updates and news from all around the CS world!""",23,,,,,,,,
2267,Radio,announcer,radio.vo.announcer.0l9km5t,radio.vo.announcer.0l9km5t.mp3,yes,,"At 3 PM, it’s Irish’s Deep Dives… bringing you Real News You Can Trust.",14,,,,,,,,
2268,Radio,announcer,radio.vo.announcer.1pykcsl,radio.vo.announcer.1pykcsl.mp3,yes,,"""Tonight: is Big Egg suppressing the pasture-raised truth? We investigate… for way longer than necessary.""",15,,,,,,,,
2269,Radio,announcer,radio.vo.announcer.04ofbcl,radio.vo.announcer.04ofbcl.mp3,yes,,"Then at 5 PM, don’t miss Eric & Gratin’s ""What’s Happening in India!""",13,,,,,,,,
2270,Radio,announcer,radio.vo.announcer.1ob7c1m,radio.vo.announcer.1ob7c1m.mp3,yes,,"Covering headlines, cricket scores, technology, food, and somehow always ending with a discussion about butter chicken.",16,,,,,,,,
2271,Radio,announcer,radio.vo.announcer.1m7fq8e,radio.vo.announcer.1m7fq8e.mp3,yes,,And when the sun goes down…,6,,,,,,,,
2272,Radio,announcer,radio.vo.announcer.0o3o1tt,radio.vo.announcer.0o3o1tt.mp3,yes,,It’s Hog Mama’s Late Night Improv! No script. No plan. No one knows what’s happening — including Hog Mama.,19,,,,,,,,
2273,Radio,announcer,radio.vo.announcer.0mpkoei,radio.vo.announcer.0mpkoei.mp3,yes,,97.8 THE SQUATCH.,3,short all-caps,,,,,,,
2274,Radio,announcer,radio.vo.announcer.08sys7m,radio.vo.announcer.08sys7m.mp3,yes,,The only station where every host thinks they’re the smartest person in the building… and somehow they are.,18,,"The only station where every host thinks he's the smartest man in the building, and the building is a trailer, and there is one host.",The only station where every host believes he's the smartest man in the building. There are two of us. The other one is a vending machine.,The only station where every host thinks he's the cleverest fella in the buildin'. There's the one of us. And I'm not sure about him.,"The only station where every host is convinced he's the smartest man in the building, which is technically true, because we let the other one go in April.","The only station where every host thinks he's the smartest guy in the building. And, you know. There's only the one of them.",open,"A compliment dressed as a joke. GTA-style station promo works by being proudly, specifically terrible about itself."
2275,Radio,announcer,radio.vo.announcer.1g72tm3,radio.vo.announcer.1g72tm3.mp3,yes,,Eat those pasture raised eggs folks!,6,,,,,,,,
2276,Radio,announcer,radio.vo.announcer.05i3ov7,radio.vo.announcer.05i3ov7.mp3,yes,,"97.8 THE SQUATCH. ""If it’s on the air… it probably shouldn’t be.""",12,,,,,,,,
2277,Radio,announcer,radio.vo.announcer.0abcdkw,radio.vo.announcer.0abcdkw.mp3,yes,,A word about LOU’S ORIGINAL JERKY.,6,,,,,,,,
2278,Radio,announcer,radio.vo.announcer.1aq9dos,radio.vo.announcer.1aq9dos.mp3,yes,,"Three generations. One smokehouse. Same building on Route 9 since nineteen fifty-one, and the same recipe, because nobody has ever been allowed to write it down.",26,,,,,,,,
2279,Radio,announcer,radio.vo.announcer.09jz70p,radio.vo.announcer.09jz70p.mp3,yes,,Big Uncle Lou still comes in at four in the morning to check the racks himself. Ask anybody. They’ll tell you. They’ll tell you quickly.,25,,,,,,,,
2280,Radio,announcer,radio.vo.announcer.1l8loyg,radio.vo.announcer.1l8loyg.mp3,yes,,No fillers. No additives. Nothing in it that wasn’t walking around this county a week ago.,16,,,,,,,,
2281,Radio,announcer,radio.vo.announcer.154eda9,radio.vo.announcer.154eda9.mp3,yes,,"LOU’S ORIGINAL JERKY. Available at fine retailers, and at several retailers who have not been asked.",16,,,,,,,,
2282,Radio,announcer,radio.vo.announcer.1p4rsex,radio.vo.announcer.1p4rsex.mp3,yes,,Because family is everything.,4,,,,,,,,
2283,Radio,announcer,radio.vo.announcer.0xg2y3x,radio.vo.announcer.0xg2y3x.mp3,yes,,Have you been hurt? Have you hurt somebody? Either one. Call the number.,13,,,,,,,,
2284,Radio,announcer,radio.vo.announcer.12vwbcl,radio.vo.announcer.12vwbcl.mp3,yes,,"I’m Vincent Marrow, and for twenty-two years I have stood beside the people of this county at what I would describe as the worst moment of their lives.",28,,,,,,,,
2285,Radio,announcer,radio.vo.announcer.1i9iq1a,radio.vo.announcer.1i9iq1a.mp3,yes,,Slip and fall. Dog bite. Boating accident with an unclear number of people on the boat when it left and when it came back.,24,,,,,,,,
2286,Radio,announcer,radio.vo.announcer.1dts2dr,radio.vo.announcer.1dts2dr.mp3,yes,,I don’t judge. I have never judged. Judging is somebody else’s job in that building and frankly they are not good at it either.,24,,,,,,,,
2287,Radio,announcer,radio.vo.announcer.1r4nlag,radio.vo.announcer.1r4nlag.mp3,yes,,"No fee unless we win. No questions at all, ever, about anything, at any point in our relationship.",18,,,,,,,,
2288,Radio,announcer,radio.vo.announcer.14wolqi,radio.vo.announcer.14wolqi.mp3,yes,,MARROW AND ASSOCIATES. There are no associates.,7,,,,,,,,
2289,Radio,announcer,radio.vo.announcer.1bsyh44,radio.vo.announcer.1bsyh44.mp3,yes,,Do not talk to anyone. Talk to me.,8,,,,,,,,
2290,Radio,announcer,radio.vo.announcer.054iw8l,radio.vo.announcer.054iw8l.mp3,yes,,SUNDAY! SUNDAY! SUNDAY! at BUDDY GRAVES AUTOMOTIVE on the Old Post Road!,12,,,,,,,,
2291,Radio,announcer,radio.vo.announcer.0d1vxsw,radio.vo.announcer.0d1vxsw.mp3,yes,,EVERY TRUCK ON THE LOT! EVERY CAR ON THE LOT! EVERY VEHICLE MY WIFE’S BROTHER LEFT ON THE LOT!,19,all-caps,,,,,,,
2292,Radio,announcer,radio.vo.announcer.09x693c,radio.vo.announcer.09x693c.mp3,yes,,ZERO DOWN! ZERO INTEREST! ZERO CREDIT CHECK! ZERO PAPERWORK OF ANY KIND THAT COULD LATER BE PRODUCED!,17,all-caps,,,,,,,
2293,Radio,announcer,radio.vo.announcer.03x8fj5,radio.vo.announcer.03x8fj5.mp3,yes,,WE WILL BEAT ANY PRICE! WE WILL BEAT ANY OFFER! WE HAVE BEATEN OFFERS THAT WERE NEVER MADE!,18,all-caps,,,,,,,
2294,Radio,announcer,radio.vo.announcer.1o1ovzn,radio.vo.announcer.1o1ovzn.mp3,yes,,"IF YOU CAN GET HERE, YOU CAN DRIVE HOME! IF YOU CANNOT GET HERE, WE WILL COME AND GET YOU, AND WE HAVE.",23,all-caps,,,,,,,
2295,Radio,announcer,radio.vo.announcer.1ehexkx,radio.vo.announcer.1ehexkx.mp3,yes,,BUDDY GRAVES AUTOMOTIVE! OLD POST ROAD! SUNDAY!,7,all-caps,,,,,,,
2296,Radio,announcer,radio.vo.announcer.0tgxpfd,radio.vo.announcer.0tgxpfd.mp3,yes,,Come down and see me. Please. Anybody. Come down and see me on Sunday.,14,,,,,,,,
2297,Radio,announcer,radio.vo.announcer.170fb70,radio.vo.announcer.170fb70.mp3,yes,,The Silver Sasquatches weekly meeting is Wednesday. Tomorrow. Seven in the evening. Members only. Routine business.,16,,The Silver Sasquatches weekly meeting is Wednesday. Tomorrow. Seven in the evening. Members only. Routine business.,The Silver Sasquatches weekly meeting is Wednesday. Tomorrow. Seven in the evening. Members only. Routine business.,The Silver Sasquatches weekly meeting is Wednesday. Tomorrow. Seven in the evening. Members only. Routine business.,The Silver Sasquatches weekly meeting is Wednesday. Tomorrow. Seven in the evening. Members only. Routine business.,The Silver Sasquatches weekly meeting is Wednesday. Tomorrow. Seven in the evening. Members only. Routine business.,ACCEPTED 2026-08-28,Resolved against the campaign spine: this sounds like a normal members notice and preserves Day One without spoiling the later Initiation.
2298,Radio,announcer,radio.vo.announcer.0g9ycag,radio.vo.announcer.0g9ycag.mp3,yes,,The news at the top of the hour. Police are asking for information about a man reported missing after a private party at a nightclub on the east side.,29,,,,,,,,
2299,Radio,announcer,radio.vo.announcer.0pl2nhg,radio.vo.announcer.0pl2nhg.mp3,yes,,"Guests describe a lively evening, a disagreement nobody saw, and a car park with one more car in it than there were owners to drive them home.",27,,,,,,,,
2300,Radio,announcer,radio.vo.announcer.0yk006u,radio.vo.announcer.0yk006u.mp3,yes,,"Staff say the night was completely ordinary. They say it in the same words, in the same order, every time they are asked.",23,,,,,,,,
2301,Radio,announcer,radio.vo.announcer.12bwuzg,radio.vo.announcer.12bwuzg.mp3,yes,,Anyone with information is asked to come forward. So far nobody has any. Sport after the break.,17,,,,,,,,
2302,Radio,announcer,radio.vo.announcer.0ysnvxe,radio.vo.announcer.0ysnvxe.mp3,yes,,"An update from the county road, where police spent the morning at a roadside motel and will not say why.",20,,,,,,,,
2303,Radio,announcer,radio.vo.announcer.0n8zivc,radio.vo.announcer.0n8zivc.mp3,yes,,"Officers removed what one witness describes as boxes, and what a second witness describes as a lot of boxes.",19,,,,,,,,
2304,Radio,announcer,radio.vo.announcer.1px0vn6,radio.vo.announcer.1px0vn6.mp3,yes,,"Rumors that the cargo was jerky remain unconfirmed. The smell, our reporter notes, does not.",15,,,,,,,,
2305,Radio,announcer,radio.vo.announcer.1u90o1i,radio.vo.announcer.1u90o1i.mp3,yes,,The motel says it is open for business. The county road is not.,13,,,,,,,,
2306,Radio,announcer,radio.vo.announcer.1i92quw,radio.vo.announcer.1i92quw.mp3,yes,,From the lake — the search has been suspended after a boating incident left one man unaccounted for.,18,,,,,,,,
2307,Radio,announcer,radio.vo.announcer.0j0s8av,radio.vo.announcer.0j0s8av.mp3,yes,,The vessel returned to the marina with fewer passengers than it left with. The remaining passengers describe a calm and pleasant afternoon.,22,,,,,,,,
2308,Radio,announcer,radio.vo.announcer.0hk4r6y,radio.vo.announcer.0hk4r6y.mp3,yes,,"Nobody on board recalls the missing man being on board, including the man who invited him.",16,,,,,,,,
2309,Radio,announcer,radio.vo.announcer.0npqmix,radio.vo.announcer.0npqmix.mp3,yes,,The lake has been asked for comment. The lake is calm.,11,,,,,,,,
2310,Radio,announcer,radio.vo.announcer.06cunix,radio.vo.announcer.06cunix.mp3,yes,,"Our top story remains the daylight robbery at Cumberland Fidelity, where an armed crew emptied the vault and shot their way out of downtown.",24,,,,,,,,
2311,Radio,announcer,radio.vo.announcer.0rp9kjo,radio.vo.announcer.0rp9kjo.mp3,yes,,"Every hostage walked out unharmed. Several describe the gunmen as polite, professional, and considerably larger than the doors.",18,,,,,,,,
2312,Radio,announcer,radio.vo.announcer.0xnsees,radio.vo.announcer.0xnsees.mp3,yes,,Witnesses describe the man carrying the duffel bags as an unidentified large gentleman. Witnesses describe the other four the same way.,21,,,,,,,,
2313,Radio,announcer,radio.vo.announcer.0ymg6a2,radio.vo.announcer.0ymg6a2.mp3,yes,,Police have released a description. The description is: large. Further details as they refuse to develop.,16,,,,,,,,
2314,Radio,announcer,radio.vo.announcer.1xb04qh,radio.vo.announcer.1xb04qh.mp3,yes,,"The bank reopens Monday. The vault, we are told, needs longer.",11,,,,,,,,
2315,Radio,announcer,radio.vo.announcer.0jx3pgo,radio.vo.announcer.0jx3pgo.mp3,yes,,"Police have confirmed an armed assault overnight on a private estate outside the city, repelled before officers arrived.",18,,,,,,,,
2316,Radio,announcer,radio.vo.announcer.1hwcfyz,radio.vo.announcer.1hwcfyz.mp3,yes,,"The homeowner, described as a retired businessman, declined to be interviewed, photographed, or approached.",14,,,,,,,,
2317,Radio,announcer,radio.vo.announcer.0z1j2c4,radio.vo.announcer.0z1j2c4.mp3,yes,,"Neighbors report roughly twenty minutes of sustained gunfire, which the estate’s groundskeeper attributes to raccoons.",15,,,,,,,,
2318,Radio,announcer,radio.vo.announcer.0oa8zlv,radio.vo.announcer.0oa8zlv.mp3,yes,,No arrests have been made. No attackers could be located to arrest.,12,,,,,,,,
2319,Radio,announcer,radio.vo.announcer.13i20ak,radio.vo.announcer.13i20ak.mp3,yes,,International news. Authorities overseas are investigating a large unexplained detonation outside a coastal city late last night.,17,,,,,,,,
2320,Radio,announcer,radio.vo.announcer.1mw08bf,radio.vo.announcer.1mw08bf.mp3,yes,,"Residents report a single aircraft, a very bright light, and a cloud one witness would only describe as historically shaped.",20,,,,,,,,
2321,Radio,announcer,radio.vo.announcer.1tbxjjr,radio.vo.announcer.1tbxjjr.mp3,yes,,"Air-defense batteries were active for most of an hour. Officials confirm they hit nothing, and have asked us to emphasize that they were close.",24,,,,,,,,
2322,Radio,announcer,radio.vo.announcer.1qmracr,radio.vo.announcer.1qmracr.mp3,yes,,No group has claimed responsibility. Aviation records show no aircraft of that size registered to anybody sensible.,17,,,,,,,,
2323,Radio,announcer,radio.vo.announcer.1dsn9l5,radio.vo.announcer.1dsn9l5.mp3,yes,,Overseas again — officials are investigating an outbreak of violence at a fortified private compound south of the border.,19,,,,,,,,
2324,Radio,announcer,radio.vo.announcer.0c5i559,radio.vo.announcer.0c5i559.mp3,yes,,"The compound belonged to a businessman described in the regional press as an agricultural exporter, with the quotation marks audible.",20,hud-speak,,,,,,,
2325,Radio,announcer,radio.vo.announcer.11yz7vl,radio.vo.announcer.11yz7vl.mp3,yes,,"Sources report a change of leadership in the local organization. The new leadership has not been named, located, or seen.",20,,,,,,,,
2326,Radio,announcer,radio.vo.announcer.10wwqon,radio.vo.announcer.10wwqon.mp3,yes,,"Regional authorities have declared the matter internal, closed, and none of anyone’s business, in that order.",16,,,,,,,,
2327,Radio,announcer,radio.vo.announcer.06vu9sz,radio.vo.announcer.06vu9sz.mp3,yes,,A strange one from the wire. The families of several research scientists say they have been unable to reach them for days.,22,,,,,,,,
2328,Radio,announcer,radio.vo.announcer.0twgwum,radio.vo.announcer.0twgwum.mp3,yes,,Their employer cannot be reached either. Calls to the listed number reach a man who says there is no listed number.,21,,,,,,,,
2329,Radio,announcer,radio.vo.announcer.0qgoe7f,radio.vo.announcer.0qgoe7f.mp3,yes,,The scientists were last seen leaving for a private contract at an undisclosed residence. That is the entire sentence we have been given.,23,,,,,,,,
2330,Radio,announcer,radio.vo.announcer.00eb7vf,radio.vo.announcer.00eb7vf.mp3,yes,,"Police are not treating the matter as suspicious, on the grounds that they have not been told about it.",19,,,,,,,,
2331,Radio,announcer,radio.vo.announcer.1v05271,radio.vo.announcer.1v05271.mp3,yes,,That was one of ours. All of them are ours.,10,,,,,,,,
2332,Radio,announcer,radio.vo.announcer.0rf28a0,radio.vo.announcer.0rf28a0.mp3,yes,,Every record on this station was made by somebody in this group.,12,,,,,,,,
2333,Radio,announcer,radio.vo.announcer.0cdawco,radio.vo.announcer.0cdawco.mp3,yes,,That is not a boast. It is closer to a disclosure.,11,,,,,,,,
2334,Radio,announcer,radio.vo.announcer.1keapkw,radio.vo.announcer.1keapkw.mp3,yes,,Requests are open. Requests have always been open. Nobody has ever rung.,12,,,,,,,,
2335,Radio,announcer,radio.vo.announcer.11ryahr,radio.vo.announcer.11ryahr.mp3,yes,,This one charted. Internally. Among us.,6,,,,,,,,
2336,Radio,announcer,radio.vo.announcer.035km9h,radio.vo.announcer.035km9h.mp3,yes,,"If you know the words, you were probably there when it was written.",13,,,,,,,,
2337,Radio,announcer,radio.vo.announcer.0qdc8ax,radio.vo.announcer.0qdc8ax.mp3,yes,,Somebody mixed this in a basement on monitors that cost forty dollars.,12,,,,,,,,
2338,Radio,announcer,radio.vo.announcer.10fsahj,radio.vo.announcer.10fsahj.mp3,yes,,That was written in one night. You can tell. We are not hiding it.,14,,,,,,,,
2339,Radio,announcer,radio.vo.announcer.0ttl6xr,radio.vo.announcer.0ttl6xr.mp3,yes,,No royalties have ever been paid. No royalties have ever been owed.,12,,,,,,,,
2340,Radio,announcer,radio.vo.announcer.0rc2fyr,radio.vo.announcer.0rc2fyr.mp3,yes,,Turn it up. Nobody in this building is going to stop you.,12,,,,,,,,
2341,Radio,announcer,radio.vo.announcer.02o73bt,radio.vo.announcer.02o73bt.mp3,yes,,"97.8 The Squatch. The roster, on the roster.",8,,,,,,,,
2342,Radio,announcer,radio.vo.announcer.0calrbi,radio.vo.announcer.0calrbi.mp3,yes,,"Tape segment. A listener sent this in. Two wealthy men, left alone with their own laundry.",16,,,,,,,,
2343,Radio,announcer,radio.vo.announcer.1wvrx46,radio.vo.announcer.1wvrx46.mp3,yes,,One week a year. Every year. Our thoughts are with them.,11,,,,,,,,
2344,Radio,unknown,radio.vo.unknown.0atce2d,radio.vo.unknown.0atce2d.mp3,yes,,— and he is still in the flat with y—,10,,,,,,,,
2345,Radio,announcer,radio.vo.announcer.0177le3,radio.vo.announcer.0177le3.mp3,yes,,…which is the traffic. Back to Lou.,7,,,,,,,,
2346,The HotDog Incident,shubenator,vo.bing2.shubenator.intro,vo.bing2.shubenator.intro.mp3,yes,,"Club is closed, glasses are full. Hog Mama, save us from one another.",13,,,,,,,,
2347,The HotDog Incident,hogmama,vo.bing2.hogmama.set.1,vo.bing2.hogmama.set.1.mp3,yes,,"Billy HotDog comes home after eight months and asks if we still water the liquor. Billy, you drank hand sanitizer in county.",22,,,,,,,,
2348,The HotDog Incident,snow,vo.bing2.lawnmower.heckle,vo.bing2.lawnmower.heckle.mp3,yes,,It was name-brand sanitizer!,4,,,,,,,,
2349,The HotDog Incident,hogmama,vo.bing2.hogmama.set.2,vo.bing2.hogmama.set.2.mp3,yes,,Look at Lou smiling. That is not joy. That is a landlord seeing the deposit is already gone.,18,,,,,,,,
2350,The HotDog Incident,hotdog,vo.bing2.hotdog.interrupt,vo.bing2.hotdog.interrupt.mp3,yes,,Do the one about Ape and the brush!,8,,,,,,,,
2351,The HotDog Incident,hogmama,vo.bing2.hogmama.set.3,vo.bing2.hogmama.set.3.mp3,yes,,"I do comedy, baby. Archaeology is down the street.",9,,,,,,,,
2352,The HotDog Incident,hogmama,vo.bing2.hogmama.set.4,vo.bing2.hogmama.set.4.mp3,yes,,"Welcome home, Billy. We missed you exactly as much as the judge required.",13,,,,,,,,
2353,The HotDog Incident,hotdog,vo.bing2.hotdog.bully.1,vo.bing2.hotdog.bully.1.mp3,yes,,Ape used to brush the old guys before meetings. Collar to tail. Go find your little fur brush.,18,,,,,,,,
2354,The HotDog Incident,ape,vo.bing2.ape.warn.1,vo.bing2.ape.warn.1.mp3,yes,,"Old story, Billy. Let it stay old.",7,,,,,,,,
2355,The HotDog Incident,lou1,vo.bing2.lou.redirect,vo.bing2.lou.redirect.mp3,yes,,"Eat your cake, HotDog. Gratin threatened three people for that icing.",11,,,,,,,,
2356,The HotDog Incident,hotdog,vo.bing2.hotdog.bully.2,vo.bing2.hotdog.bully.2.mp3,yes,,"Gratin protects food, Eric protects that camera, and Ape protects a fur brush. Everybody found a calling.",17,,,,,,,,
2357,The HotDog Incident,ape,vo.bing2.ape.warn.2,vo.bing2.ape.warn.2.mp3,yes,,I asked you once.,4,,,,,,,,
2358,The HotDog Incident,hotdog,vo.bing2.hotdog.bully.3,vo.bing2.hotdog.bully.3.mp3,yes,,Then ask me with the brush in your hand.,9,,,,,,,,
2359,The HotDog Incident,rippinflow,vo.bing2.rippin.quiet,vo.bing2.rippin.quiet.mp3,yes,,He didn't leave. He went quiet.,6,,,,,,,,
2360,The HotDog Incident,ape,vo.bing2.ape.return,vo.bing2.ape.return.mp3,yes,,My fault. Fresh bottle. We are good.,7,,,,,,,,
2361,The HotDog Incident,hotdog,vo.bing2.hotdog.last,vo.bing2.hotdog.last.mp3,yes,,There he is. Knew you'd remember your place.,8,,,,,,,,
2362,The HotDog Incident,ape,vo.bing2.ape.fur_brush,vo.bing2.ape.fur_brush.mp3,yes,"Low, controlled fury; close and personal, not shouted. Let “fur brush” land hard.","Here's your fucking fur brush, HotDog.",6,,,,,,,,
2363,The HotDog Incident,shubenator,vo.bing2.shubenator.music,vo.bing2.shubenator.music.mp3,yes,,Music. Right. Sorry.,3,short,,,,,,,
2364,The HotDog Incident,shubenator,vo.bing2.shubenator.signature.gleeful,vo.bing2.shubenator.signature.gleeful.mp3,yes,"Gleeful and brightly oblivious, immediately after the violence. Do not acknowledge the body or play the darkness of the room.","Hey guys, what’s going on?",5,,,,,,,,
2365,The HotDog Incident,lou1,vo.bing2.lou.lockdown,vo.bing2.lou.lockdown.mp3,yes,,"Nobody leaves. Congratulations, everybody. You are all involved now.",9,,,,,,,,
2366,The HotDog Incident,aubbie,vo.bing2.aubbie.bar,vo.bing2.aubbie.bar.mp3,yes,,"The bar, yes. Ape requires a specialist.",7,,,,,,,,
2367,The HotDog Incident,lou1,vo.bing2.lou.handoff,vo.bing2.lou.handoff.mp3,yes,,"Snow takes HotDog. Prospect goes with him. Bury this problem, then handle the Motel, room twelve.",16,,,,,,,,
2368,The HotDog Incident,player,vo.bing2.prospect.motel,vo.bing2.prospect.motel.mp3,yes,,What is at room twelve?,5,,"What's in room twelve? And don't tell me on the way, tell me now, because I've had a night.","What's in room twelve. And before you answer — I've just watched a man get taken apart at a party. So take your time and pick your words, because I'm not in a good place for a surprise.","What's in room twelve? And say it now, not in the car. I've had enough of findin' things out in cars.","What's in room twelve? And I'd like the full brief, not the version where I find out the important part while I'm holding something.",What's at room twelve? I'd like to know before we go. That's not — I don't think that's unreasonable.,open,"Flat and incurious, delivered immediately after a brutal beating at the party. The kid does not react at all to what just happened."
2369,The HotDog Incident,snow,vo.bing2.snow.not-here,vo.bing2.snow.not-here.mp3,yes,,Not here. And not before the graveyard.,7,,,,,,,,
2370,The HotDog Incident,booski,vo.bing2.party.till.booski.1,vo.bing2.party.till.booski.1.mp3,yes,,"Eight months, and the first thing the man does is look at my till.",14,,,,,,,,
2371,The HotDog Incident,willy,vo.bing2.party.till.willy,vo.bing2.party.till.willy.mp3,yes,,Did he touch it?,4,,,,,,,,
2372,The HotDog Incident,booski,vo.bing2.party.till.booski.2,vo.bing2.party.till.booski.2.mp3,yes,,"He LOOKED at it, Willy. Looking is the front half of touching.",12,,,,,,,,
2373,The HotDog Incident,hotdog,vo.bing2.party.prosperous.hotdog.1,vo.bing2.party.prosperous.hotdog.1.mp3,yes,,Booski! You got fat.,4,,,,,,,,
2374,The HotDog Incident,booski,vo.bing2.party.prosperous.booski,vo.bing2.party.prosperous.booski.mp3,yes,,"I got PROSPEROUS, baby. Learn the difference.",7,,,,,,,,
2375,The HotDog Incident,hotdog,vo.bing2.party.prosperous.hotdog.2,vo.bing2.party.prosperous.hotdog.2.mp3,yes,,"Same shirt, though.",3,short,,,,,,,
2376,The HotDog Incident,lou1,vo.bing2.party.its-a-party.lou.1,vo.bing2.party.its-a-party.lou.1.mp3,yes,,Ape. It is a party.,5,,,,,,,,
2377,The HotDog Incident,ape,vo.bing2.party.its-a-party.ape,vo.bing2.party.its-a-party.ape.mp3,yes,,It is a party.,4,,,,,,,,
2378,The HotDog Incident,lou1,vo.bing2.party.its-a-party.lou.2,vo.bing2.party.its-a-party.lou.2.mp3,yes,,Say it again like a man who believes it.,9,,,,,,,,
2379,The HotDog Incident,gratin,vo.bing2.party.cake-rule.gratin.1,vo.bing2.party.cake-rule.gratin.1.mp3,yes,,"Nobody cuts that cake before Hog Mama. It is not a rule, it is a fact about the cake.",19,,,,,,,,
2380,The HotDog Incident,irish,vo.bing2.party.cake-rule.irish,vo.bing2.party.cake-rule.irish.mp3,yes,,So a corner piece is—,5,,,,,,,,
2381,The HotDog Incident,gratin,vo.bing2.party.cake-rule.gratin.2,vo.bing2.party.cake-rule.gratin.2.mp3,yes,,"Facts do not have corners, Irish.",6,,,,,,,,
2382,The HotDog Incident,lag,vo.bing2.party.frame-drops.lag.1,vo.bing2.party.frame-drops.lag.1.mp3,yes,,These lights are on the same circuit as the walk-in. You can see the frame drops.,16,,,,,,,,
2383,The HotDog Incident,old-stove,vo.bing2.party.frame-drops.stove,vo.bing2.party.frame-drops.stove.mp3,yes,,"That is a fridge, son.",5,,,,,,,,
2384,The HotDog Incident,lag,vo.bing2.party.frame-drops.lag.2,vo.bing2.party.frame-drops.lag.2.mp3,yes,,That is what a fridge wants you to think.,9,,,,,,,,
2385,The HotDog Incident,seff,vo.bing2.party.came-home-with-money.seff.1,vo.bing2.party.came-home-with-money.seff.1.mp3,yes,,Somebody tell me Billy came home with money.,8,,,,,,,,
2386,The HotDog Incident,old-stove,vo.bing2.party.came-home-with-money.stove,vo.bing2.party.came-home-with-money.stove.mp3,yes,,I am not here.,4,,,,,,,,
2387,The HotDog Incident,seff,vo.bing2.party.came-home-with-money.seff.2,vo.bing2.party.came-home-with-money.seff.2.mp3,yes,,That is not a no. I am taking that as not a no.,13,,,,,,,,
2388,The HotDog Incident,rippinflow,vo.bing2.party.thats-a-bar.rippin.1,vo.bing2.party.thats-a-bar.rippin.1.mp3,yes,,"Closed room, open bar, nobody eating — uh. That is a bar. That is free.",15,,,,,,,,
2389,The HotDog Incident,lou2,vo.bing2.party.thats-a-bar.sasole,vo.bing2.party.thats-a-bar.sasole.mp3,yes,,You told me you stopped.,5,,,,,,,,
2390,The HotDog Incident,rippinflow,vo.bing2.party.thats-a-bar.rippin.2,vo.bing2.party.thats-a-bar.rippin.2.mp3,yes,,I did stop. It happens to me.,7,,,,,,,,
2391,The HotDog Incident,eric,vo.bing2.party.off-the-record.eric.1,vo.bing2.party.off-the-record.eric.1.mp3,yes,,Off the record. Is he the same? Eight months changes people.,11,,,,,,,,
2392,The HotDog Incident,numbskull,vo.bing2.party.off-the-record.numbskull,vo.bing2.party.off-the-record.numbskull.mp3,yes,,He is louder.,3,short,,,,,,,
2393,The HotDog Incident,eric,vo.bing2.party.off-the-record.eric.2,vo.bing2.party.off-the-record.eric.2.mp3,yes,,That is not the direction I was hoping for.,9,,,,,,,,
2394,The HotDog Incident,numbskull,vo.bing2.party.glad.numbskull.1,vo.bing2.party.glad.numbskull.1.mp3,yes,,"Is a welcome-home party for being glad, or for being seen being glad?",13,,,,,,,,
2395,The HotDog Incident,rippinflow,vo.bing2.party.glad.rippin,vo.bing2.party.glad.rippin.mp3,yes,,Yes.,1,filler short,,,,,,,
2396,The HotDog Incident,numbskull,vo.bing2.party.glad.numbskull.2,vo.bing2.party.glad.numbskull.2.mp3,yes,,Okay. I can do both of them.,7,,,,,,,,
2397,The HotDog Incident,snow,vo.bing2.party.nose-out.snow.1,vo.bing2.party.nose-out.snow.1.mp3,yes,,Car is out back. Nose out.,6,,,,,,,,
2398,The HotDog Incident,aubbie,vo.bing2.party.nose-out.aubbie,vo.bing2.party.nose-out.aubbie.mp3,yes,,For a party.,3,short,,,,,,,
2399,The HotDog Incident,snow,vo.bing2.party.nose-out.snow.2,vo.bing2.party.nose-out.snow.2.mp3,yes,,For a party.,3,short,,,,,,,
2400,The HotDog Incident,deathmegatron,vo.bing2.party.basket.deathmegatron.1,vo.bing2.party.basket.deathmegatron.1.mp3,yes,,"Phones in the basket. Both of yours, Booski.",8,,,,,,,,
2401,The HotDog Incident,booski,vo.bing2.party.basket.booski,vo.bing2.party.basket.booski.mp3,yes,,One of those is a calculator.,6,,,,,,,,
2402,The HotDog Incident,deathmegatron,vo.bing2.party.basket.deathmegatron.2,vo.bing2.party.basket.deathmegatron.2.mp3,yes,,In the basket.,3,short,,,,,,,
2403,The HotDog Incident,hotdog,vo.bing2.party.rhyming.hotdog.1,vo.bing2.party.rhyming.hotdog.1.mp3,yes,,Rippin! You still doing the rhyming thing?,7,,,,,,,,
2404,The HotDog Incident,rippinflow,vo.bing2.party.rhyming.rippin,vo.bing2.party.rhyming.rippin.mp3,yes,,Nah.,1,short,,,,,,,
2405,The HotDog Incident,hotdog,vo.bing2.party.rhyming.hotdog.2,vo.bing2.party.rhyming.hotdog.2.mp3,yes,,Good. It was never good.,5,,,,,,,,
2406,The HotDog Incident,lou2,vo.bing2.party.somebody-says-something.sasole,vo.bing2.party.somebody-says-something.sasole.mp3,yes,,Forty years of these. Somebody always says something.,8,,,,,,,,
2407,The HotDog Incident,deathmegatron,vo.bing2.party.somebody-says-something.deathmegatron,vo.bing2.party.somebody-says-something.deathmegatron.mp3,yes,,Somebody always does.,3,short,,,,,,,
2408,The HotDog Incident,shubenator,vo.bing2.party.spotter.shubenator,vo.bing2.party.spotter.shubenator.mp3,yes,,"I asked Lou for a spotter and he gave me a spotlight. Different discipline, same commitment.",16,,,,,,,,
2409,The HotDog Incident,hogmama,vo.bing2.party.microphone.hogmama,vo.bing2.party.microphone.hogmama.mp3,yes,,"Whoever set this microphone at this height is a coward, and I will find them.",15,,,,,,,,
2410,The HotDog Incident,willy,vo.bing2.party.ears.willy,vo.bing2.party.ears.willy.mp3,yes,,"I would tell you where I have been, but this room has ears and two of them came home tonight.",20,,,,,,,,
2411,The HotDog Incident,willy,vo.bing2.party.mirage.willy.1,vo.bing2.party.mirage.willy.1.mp3,yes,,Ask anybody. I was on Mirage all night. Sat B with the Negev like an asshole.,16,,,,,,,,
2412,The HotDog Incident,numbskull,vo.bing2.party.mirage.numbskull,vo.bing2.party.mirage.numbskull.mp3,yes,,What is a Negev.,4,,,,,,,,
2413,The HotDog Incident,willy,vo.bing2.party.mirage.willy.2,vo.bing2.party.mirage.willy.2.mp3,yes,,"It is a gun, Numbskull. It is a very large gun.",11,,,,,,,,
2414,The HotDog Incident,sauce,vo.bing2.party.fixed-it.sauce.1,vo.bing2.party.fixed-it.sauce.1.mp3,yes,,I did not cater this. I fixed it. There is a difference and the difference is eleven trays.,18,,,,,,,,
2415,The HotDog Incident,gratin,vo.bing2.party.fixed-it.gratin,vo.bing2.party.fixed-it.gratin.mp3,yes,,Nobody asked you to fix it.,6,,,,,,,,
2416,The HotDog Incident,sauce,vo.bing2.party.fixed-it.sauce.2,vo.bing2.party.fixed-it.sauce.2.mp3,yes,,Nobody asked the kitchen to serve that either. Here we are.,11,,,,,,,,
2417,The HotDog Incident,sauce,vo.bing2.party.the-corn.sauce.1,vo.bing2.party.the-corn.sauce.1.mp3,yes,,The corn came in the van. The corn is mine. Do not let Numbskull near the corn.,17,,,,,,,,
2418,The HotDog Incident,numbskull,vo.bing2.party.the-corn.numbskull,vo.bing2.party.the-corn.numbskull.mp3,yes,,I have not touched the corn.,6,,,,,,,,
2419,The HotDog Incident,sauce,vo.bing2.party.the-corn.sauce.2,vo.bing2.party.the-corn.sauce.2.mp3,yes,,You are standing in a corn posture.,7,,,,,,,,
2420,The HotDog Incident,sauce,vo.bing2.party.eleven-years.sauce.1,vo.bing2.party.eleven-years.sauce.1.mp3,yes,,Eleven years I have eaten in this place. Tonight is the first night anybody let me cook in it. For HIM.,21,,,,,,,,
2421,The HotDog Incident,irish,vo.bing2.party.eleven-years.irish,vo.bing2.party.eleven-years.irish.mp3,yes,,Would you rather nobody had asked?,6,,,,,,,,
2422,The HotDog Incident,sauce,vo.bing2.party.eleven-years.sauce.2,vo.bing2.party.eleven-years.sauce.2.mp3,yes,,I would rather they asked eleven years ago.,8,,,,,,,,
2423,The HotDog Incident,sauce,vo.bing2.party.warm-not-hot.sauce,vo.bing2.party.warm-not-hot.sauce.mp3,yes,,Second tray goes out warm at half eleven. Warm. Hot is for people who have earned hot.,17,,,,,,,,
2424,The HotDog Incident,gratin,vo.bing2.party.utensils.gratin,vo.bing2.party.utensils.gratin.mp3,yes,,He has touched every serving utensil on that table. I have re-laid it twice.,14,,,,,,,,
2425,The HotDog Incident,ape,vo.bing2.party.eight-months.ape,vo.bing2.party.eight-months.ape.mp3,yes,,Eight months. People are acting like he came back from a war.,12,,,,,,,,
2426,The HotDog Incident,irish,vo.bing2.party.eggs.irish,vo.bing2.party.eggs.irish.mp3,yes,,Nobody has asked me where the eggs come from tonight. Nobody. In a room this size.,16,,,,,,,,
2427,The HotDog Incident,numbskull,vo.bing2.cleanup.stool.numbskull,vo.bing2.cleanup.stool.numbskull.mp3,yes,,The stool broke on its own. That is what I am saying if anybody asks.,15,,,,,,,,
2428,The HotDog Incident,rippinflow,vo.bing2.cleanup.stool.rippin,vo.bing2.cleanup.stool.rippin.mp3,yes,,Nobody is going to ask.,5,,,,,,,,
2429,The HotDog Incident,booski,vo.bing2.cleanup.counting.booski,vo.bing2.cleanup.counting.booski.mp3,yes,,"Cufflink, pin, tab. Cufflink, pin, tab.",6,,,,,,,,
2430,The HotDog Incident,gratin,vo.bing2.cleanup.bleach.gratin,vo.bing2.cleanup.bleach.gratin.mp3,yes,,"Bleach in the mop water, not on the carpet. On the carpet it leaves a shape.",16,,,,,,,,
2431,The HotDog Incident,deathmegatron,vo.bing2.cleanup.photograph.deathmegatron,vo.bing2.cleanup.photograph.deathmegatron.mp3,yes,,Phones stay in the basket. Nobody took a photograph tonight.,10,,,,,,,,
2432,The HotDog Incident,lou2,vo.bing2.cleanup.whole-night.sasole,vo.bing2.cleanup.whole-night.sasole.mp3,yes,,"He came, he had cake, he left early. That is the whole night.",13,,,,,,,,
2433,The HotDog Incident,willy,vo.bing2.cleanup.never-comes-up.willy,vo.bing2.cleanup.never-comes-up.willy.mp3,yes,,"This never comes up again. That is understood, yeah? Never comes up.",12,,,,,,,,
2434,The HotDog Incident,shubenator,vo.bing2.cleanup.second-pass.shubenator,vo.bing2.cleanup.second-pass.shubenator.mp3,yes,,"Second pass on the floor. Honestly, it is good for the shoulders.",12,,,,,,,,
2435,The HotDog Incident,hogmama,vo.bing2.cleanup.thirty-years.hogmama,vo.bing2.cleanup.thirty-years.hogmama.mp3,yes,,Thirty years of rooms. Never once had to help fold one.,11,,,,,,,,
2436,The HotDog Incident,irish,vo.bing2.cleanup.suspicious.irish,vo.bing2.cleanup.suspicious.irish.mp3,yes,,"Nobody is ever going to look into this, and THAT is the part I find suspicious.",16,,,,,,,,
2437,The HotDog Incident,eric,vo.bing2.cleanup.battery.eric,vo.bing2.cleanup.battery.eric.mp3,yes,,"The battery is in my pocket. Ask me in an hour, same answer.",13,,,,,,,,
2438,The HotDog Incident,snow,vo.bing2.cleanup.lined.snow,vo.bing2.cleanup.lined.snow.mp3,yes,,Trunk is lined. When he is wrapped he goes straight in.,11,,,,,,,,
2439,The HotDog Incident,aubbie,vo.bing2.cleanup.two-bags.aubbie,vo.bing2.cleanup.two-bags.aubbie.mp3,yes,,"Two bags. One for cloth, one for glass. Do not mix them.",12,,,,,,,,
2440,The HotDog Incident,ape,vo.bing2.cleanup.booth.ape,vo.bing2.cleanup.booth.ape.mp3,yes,,I am staying in the booth. Lou knows where I am.,11,,,,,,,,
2441,The HotDog Incident,sauce,vo.bing2.cleanup.the-van.sauce,vo.bing2.cleanup.the-van.sauce.mp3,yes,,The food goes back in the van. All of it. Nobody in this room is eating tonight and I am not binning good beef.,24,,,,,,,,
2442,The HotDog Incident,seff,vo.bing2.cleanup.mattresses.seff,vo.bing2.cleanup.mattresses.seff.mp3,yes,,"So the mattress thing is off, then. That is what I am hearing.",13,,,,,,,,
2443,The HotDog Incident,numbskull,vo.bing2.react.numbskull.sanitizer,vo.bing2.react.numbskull.sanitizer.mp3,yes,,He did! I watched him do it!,7,,,,,,,,
2444,The HotDog Incident,gratin,vo.bing2.react.gratin.choke,vo.bing2.react.gratin.choke.mp3,yes,,I have wine in my lung.,6,,,,,,,,
2445,The HotDog Incident,ape,vo.bing2.react.ape.deposit,vo.bing2.react.ape.deposit.mp3,yes,,"She has got you, Lou.",5,,,,,,,,
2446,The HotDog Incident,eric,vo.bing2.react.eric.tape,vo.bing2.react.eric.tape.mp3,yes,,Tape is rolling. For the family album.,7,,,,,,,,
2447,The HotDog Incident,willy,vo.bing2.react.willy.cake,vo.bing2.react.willy.cake.mp3,yes,,"Billy. Billy, eat your cake.",5,,,,,,,,
2448,The HotDog Incident,numbskull,vo.bing2.attack.numbskull,vo.bing2.attack.numbskull.mp3,yes,,"Ape— Ape, that is enough—",5,,,,,,,,
2449,The HotDog Incident,gratin,vo.bing2.attack.gratin,vo.bing2.attack.gratin.mp3,yes,,I am looking at the kitchen.,6,,,,,,,,
2450,The HotDog Incident,willy,vo.bing2.attack.willy,vo.bing2.attack.willy.mp3,yes,,I am not seeing this. I want that noted.,9,,,,,,,,
2451,The HotDog Incident,lou2,vo.bing2.attack.sasole,vo.bing2.attack.sasole.mp3,yes,,Somebody move the cake.,4,,,,,,,,
2452,The HotDog Incident,hogmama,vo.bing2.attack.hogmama,vo.bing2.attack.hogmama.mp3,yes,,I am going to take five.,6,,,,,,,,
2453,The HotDog Incident,deathmegatron,vo.bing2.attack.deathmegatron,vo.bing2.attack.deathmegatron.mp3,yes,"Quiet, comfortable, and a little pleased. He is the only person in the room enjoying this and he is not hiding it well.",That has been coming since the brush.,7,,,,,,,,
2454,The HotDog Incident,seff,vo.bing2.attack.seff,vo.bing2.attack.seff.mp3,yes,,This is a bad time to bring up my situation.,10,,,,,,,,
2455,The HotDog Incident,eric,vo.bing2.attack.eric,vo.bing2.attack.eric.mp3,yes,,Camera is off. It is off. It has been off.,10,,,,,,,,
2456,The HotDog Incident,irish,vo.bing2.attack.irish,vo.bing2.attack.irish.mp3,yes,,"See, this is what I mean about nobody finishing a story.",11,,,,,,,,
2457,The HotDog Incident,booski,vo.bing2.attack.booski,vo.bing2.attack.booski.mp3,yes,,One cufflink. There is a cufflink on the floor.,9,,,,,,,,
2458,The HotDog Incident,snow,vo.bing2.attack.snow,vo.bing2.attack.snow.mp3,yes,,I will bring the car round. Nose out.,8,,,,,,,,
2459,The HotDog Incident,aubbie,vo.bing2.attack.aubbie,vo.bing2.attack.aubbie.mp3,yes,,Nobody walks east of that stool.,6,,,,,,,,
2460,The HotDog Incident,rippinflow,vo.bing2.attack.rippin,vo.bing2.attack.rippin.mp3,yes,,Not a bar. Nothing about that is a bar.,9,,,,,,,,
2461,The HotDog Incident,sauce,vo.bing2.attack.sauce,vo.bing2.attack.sauce.mp3,yes,Not frightened and not shocked. A man moving a tray out of the way of weather.,"Not near the food. Whatever this is, not near the food.",11,,,,,,,,
2462,The HotDog Incident,booski,vo.bing2.walkup.party.booski.1,vo.bing2.walkup.party.booski.1.mp3,yes,,"Lou put me on the door money AND the bar money. One man, two piles. It is a compliment and a punishment.",22,,,,,,,,
2463,The HotDog Incident,booski,vo.bing2.walkup.party.booski.2,vo.bing2.walkup.party.booski.2.mp3,yes,,Say hello to Billy. Say it fast and keep walking. That is the play.,14,,,,,,,,
2464,The HotDog Incident,willy,vo.bing2.walkup.party.willy,vo.bing2.walkup.party.willy.mp3,yes,,HotDog got louder in county. I did not know that was medically possible.,13,,,,,,,,
2465,The HotDog Incident,eric,vo.bing2.walkup.party.eric,vo.bing2.walkup.party.eric.mp3,yes,,"The camera is old. Tape, not cloud. That is good now, apparently.",12,,,,,,,,
2466,The HotDog Incident,gratin,vo.bing2.walkup.party.gratin,vo.bing2.walkup.party.gratin.mp3,yes,,HotDog touched every serving utensil. Every one.,7,,,,,,,,
2467,The HotDog Incident,snow,vo.bing2.walkup.party.snow,vo.bing2.walkup.party.snow.mp3,yes,,Cold in here. Good.,4,,,,,,,,
2468,The HotDog Incident,aubbie,vo.bing2.walkup.party.aubbie,vo.bing2.walkup.party.aubbie.mp3,yes,,I have been awake since Tuesday and now I am at a party. Do not ask me what I have been working on.,23,,,,,,,,
2469,The HotDog Incident,ape,vo.bing2.walkup.party.ape,vo.bing2.walkup.party.ape.mp3,yes,,"Prospect. Have a drink, stand somewhere with a wall behind it, and enjoy the evening.",15,,,,,,,,
2470,The HotDog Incident,rippinflow,vo.bing2.walkup.party.rippin,vo.bing2.walkup.party.rippin.mp3,yes,,Prospect walks in with a job face on — nah. Not tonight. Tonight I am a guest.,17,,,,,,,,
2471,The HotDog Incident,numbskull,vo.bing2.walkup.party.numbskull,vo.bing2.walkup.party.numbskull.mp3,yes,,I made a card. It is in my jacket. I am waiting for a good moment and there has not been one.,22,,,,,,,,
2472,The HotDog Incident,deathmegatron,vo.bing2.walkup.party.deathmegatron,vo.bing2.walkup.party.deathmegatron.mp3,yes,,"Phone in the basket, kid. Everybody. It is a party, not a deposition.",13,,,,,,,,
2473,The HotDog Incident,hogmama,vo.bing2.walkup.party.hogmama,vo.bing2.walkup.party.hogmama.mp3,yes,,"Thirty seconds, baby. Somebody has to run that light board and it is not going to be me.",18,,,,,,,,
2474,The HotDog Incident,shubenator,vo.bing2.walkup.party.shubenator,vo.bing2.walkup.party.shubenator.mp3,yes,,"Great turnout. Great energy. Slightly low protein, but great energy.",10,,,,,,,,
2475,The HotDog Incident,lou2,vo.bing2.walkup.party.sasole,vo.bing2.walkup.party.sasole.mp3,yes,,I flew in for this. I could have flown in for something else.,13,,,,,,,,
2476,The HotDog Incident,irish,vo.bing2.walkup.party.irish,vo.bing2.walkup.party.irish.mp3,yes,,"Sit down, sit down. So the egg— no, wait, you have got the walk on. Go on, then. Later.",19,,,,,,,,
2477,The HotDog Incident,old-stove,vo.bing2.walkup.party.stove,vo.bing2.walkup.party.stove.mp3,yes,,Nice party. I would not know. I am not here.,10,,,,,,,,
2478,The HotDog Incident,lag,vo.bing2.walkup.party.lag,vo.bing2.walkup.party.lag.mp3,yes,,Everyone is standing in the same six feet of this room. Terrible spread. You get wiped by one grenade.,19,,,,,,,,
2479,The HotDog Incident,seff,vo.bing2.walkup.party.seff,vo.bing2.walkup.party.seff.mp3,yes,,Quick thing. You are close with Lou now. Forget it. Later. It is a calendar thing.,16,,,,,,,,
2480,The HotDog Incident,sauce,vo.bing2.walkup.party.sauce.1,vo.bing2.walkup.party.sauce.1.mp3,yes,,Plate. You are the only man in this room who has not eaten and it is starting to insult me.,20,,,,,,,,
2481,The HotDog Incident,sauce,vo.bing2.walkup.party.sauce.2,vo.bing2.walkup.party.sauce.2.mp3,yes,,Billy asked me what was in the sauce. Eight years I have known him. He has never once asked what was in anything.,23,,,,,,,,
2482,The HotDog Incident,bartender,vo.bing2.walkup.party.bartender,vo.bing2.walkup.party.bartender.mp3,yes,,"Open bar, closed room. I have been told to keep pouring and to stop counting.",15,,,,,,,,
2483,The HotDog Incident,dealer,vo.bing2.walkup.party.dealer,vo.bing2.walkup.party.dealer.mp3,yes,,The table is open. It is Mister Sputthole's table and it is Mister Sputthole's money. Play accordingly.,17,,,,,,,,
2484,The HotDog Incident,mansion-guard,vo.bing2.walkup.party.security.1,vo.bing2.walkup.party.security.1.mp3,yes,,Nobody comes through this door tonight. That includes people you know.,11,,,,,,,,
2485,The HotDog Incident,mansion-guard,vo.bing2.walkup.party.security.2,vo.bing2.walkup.party.security.2.mp3,yes,,I work for Mister Sputthole. I do not work the party. Enjoy yourself.,13,,,,,,,,
2486,The HotDog Incident,booski,vo.bing2.walkup.cleanup.booski,vo.bing2.walkup.cleanup.booski.mp3,yes,,"One cufflink, one pin, one tab. I am counting because nobody else can count under pressure.",16,,,,,,,,
2487,The HotDog Incident,snow,vo.bing2.walkup.cleanup.snow.1,vo.bing2.walkup.cleanup.snow.1.mp3,yes,,Route is clear. Graveyard first. Motel after.,7,,,,,,,,
2488,The HotDog Incident,snow,vo.bing2.walkup.cleanup.snow.2,vo.bing2.walkup.cleanup.snow.2.mp3,yes,,The shovel made sense when I picked it up.,9,,,,,,,,
2489,The HotDog Incident,aubbie,vo.bing2.walkup.cleanup.aubbie,vo.bing2.walkup.cleanup.aubbie.mp3,yes,,Correct plastic is in storage. The shower curtain was Snow.,10,,,,,,,,
2490,The HotDog Incident,hogmama,vo.bing2.walkup.cleanup.hogmama,vo.bing2.walkup.cleanup.hogmama.mp3,yes,,The cake did not kill anybody and I am not throwing it out.,13,,,,,,,,
2491,The HotDog Incident,gratin,vo.bing2.walkup.cleanup.gratin,vo.bing2.walkup.cleanup.gratin.mp3,yes,,The kitchen stays hot. Bleach smells like bleach; onions smell like business.,12,,,,,,,,
2492,The HotDog Incident,deathmegatron,vo.bing2.walkup.cleanup.deathmegatron,vo.bing2.walkup.cleanup.deathmegatron.mp3,yes,,Phone in the basket. Door stays locked.,7,,,,,,,,
2493,The HotDog Incident,rippinflow,vo.bing2.walkup.cleanup.rippin,vo.bing2.walkup.cleanup.rippin.mp3,yes,,Ape stays in the booth. HotDog stays wherever we put him.,11,,,,,,,,
2494,The HotDog Incident,numbskull,vo.bing2.walkup.cleanup.numbskull,vo.bing2.walkup.cleanup.numbskull.mp3,yes,,Do we load the broken stool before or after the person?,11,,,,,,,,
2495,The HotDog Incident,ape,vo.bing2.walkup.cleanup.ape,vo.bing2.walkup.cleanup.ape.mp3,yes,,"I am not going to explain it to you. Lou will, when he wants you to know.",17,,,,,,,,
2496,The HotDog Incident,shubenator,vo.bing2.walkup.cleanup.shubenator,vo.bing2.walkup.cleanup.shubenator.mp3,yes,,"I have got the back hall. Mop, bucket, no complaints. Everybody has a lift they are good at.",18,,,,,,,,
2497,The HotDog Incident,lou2,vo.bing2.walkup.cleanup.sasole,vo.bing2.walkup.cleanup.sasole.mp3,yes,,"You will sleep. Everybody says they will not, and then everybody does.",12,,,,,,,,
2498,The HotDog Incident,willy,vo.bing2.walkup.cleanup.willy,vo.bing2.walkup.cleanup.willy.mp3,yes,,"I was in the bathroom. Whole time. That is not a lie I am telling, that is a lie I am practising.",22,,,,,,,,
2499,The HotDog Incident,irish,vo.bing2.walkup.cleanup.irish,vo.bing2.walkup.cleanup.irish.mp3,yes,,Eight months he was away and eleven minutes he was back. Somebody should look into that. Nobody will.,18,,,,,,,,
2500,The HotDog Incident,old-stove,vo.bing2.walkup.cleanup.stove,vo.bing2.walkup.cleanup.stove.mp3,yes,,"Wipe it down twice. Once is for you, twice is for the fella who comes after you.",17,,,,,,,,
2501,The HotDog Incident,lag,vo.bing2.walkup.cleanup.lag,vo.bing2.walkup.cleanup.lag.mp3,yes,,"I have carried worse. Different weight class, obviously.",8,,,,,,,,
2502,The HotDog Incident,seff,vo.bing2.walkup.cleanup.seff,vo.bing2.walkup.cleanup.seff.mp3,yes,,Nobody is going to want the mattresses now. That is what gets me about tonight.,15,,,,,,,,
2503,The HotDog Incident,sauce,vo.bing2.walkup.cleanup.sauce,vo.bing2.walkup.cleanup.sauce.mp3,yes,,"The food goes out covered, in my van, before anything else leaves this building. Nobody looks twice at a man carrying trays.",22,,,,,,,,
2504,The HotDog Incident,bartender,vo.bing2.walkup.cleanup.bartender,vo.bing2.walkup.cleanup.bartender.mp3,yes,,"Every glass in the room, washed twice. Nobody asked me to. I would like that noticed.",16,,,,,,,,
2505,The HotDog Incident,dealer,vo.bing2.walkup.cleanup.dealer,vo.bing2.walkup.cleanup.dealer.mp3,yes,,"Shoe is boxed, felt is brushed, chips are counted. I watched a comedian and I went home.",17,,,,,,,,
2506,The HotDog Incident,mansion-guard,vo.bing2.walkup.cleanup.security,vo.bing2.walkup.cleanup.security.mp3,yes,,"That door has not opened since eleven. It is what I will say, and it is also true.",18,,,,,,,,
2507,The HotDog Incident,shubenator,vo.bing2.shubenator.nudge,vo.bing2.shubenator.nudge.mp3,yes,"Shouted across a loud room, cheerfully, with no sense that he is nagging.",Prospect. Stage controls. Before Hog Mama starts without electricity.,9,,,,,,,,
2508,The HotDog Incident,lou1,vo.bing2.lou.enjoy,vo.bing2.lou.enjoy.mp3,yes,,"Enjoy the party, Prospect. That is an order with a very short shelf life.",14,,,,,,,,
2509,The HotDog Incident,lou1,vo.bing2.lou.briefing,vo.bing2.lou.briefing.mp3,yes,"Turning panic into departments. Flat, fast, and completely unbothered.","Prospect. Snow's kit is for Billy. You take Stove's Cleaning Kit, clear the men's room, and collect every piece of him off this floor. Then he travels.",27,,,,,,,,
2510,The HotDog Incident,lou1,vo.bing2.lou.sweep_order,vo.bing2.lou.sweep_order.mp3,yes,"Quiet and completely level. He is not angry, he is closing a shift.","He is gone. Now the room. Every surface, every corner, the whole of it, once, properly. Then you have never been here.",22,,,,,,,,
2511,The HotDog Incident,lou1,vo.bing2.lou.leave_now,vo.bing2.lou.leave_now.mp3,yes,,Out the back with Snow. Do not stop in the lot and do not use the front.,17,hud-speak,,,,,,,
2512,The HotDog Incident,lou1,vo.bing2.lou.not_swept,vo.bing2.lou.not_swept.mp3,yes,,That is not a swept room. Finish it and come back to me.,13,,,,,,,,
2513,The HotDog Incident,lou1,vo.bing2.lou.wrap_him,vo.bing2.lou.wrap_him.mp3,yes,"He checks the whole room once, slowly, and only then says it. Quiet, final, and entirely ordinary to him.",Wrap him. Snow gets the keys.,6,,,,,,,,
2514,The HotDog Incident,lou1,vo.bing2.lou.closed_not_clean,vo.bing2.lou.closed_not_clean.mp3,yes,,"It looks closed. That is not the same as clean, and closed is what I asked for.",17,,,,,,,,
2515,The HotDog Incident,old-stove,vo.bing2.old-stove.kit,vo.bing2.old-stove.kit.mp3,yes,,That case is mine. Everything in it is labelled. Use what is labelled.,13,,,,,,,,
2516,The HotDog Incident,booski,vo.bing2.booski.evidence.1,vo.bing2.booski.evidence.1.mp3,yes,,That is one. There is another one somewhere and it is ruining my night.,14,,,,,,,,
2517,The HotDog Incident,booski,vo.bing2.booski.evidence.2,vo.bing2.booski.evidence.2.mp3,yes,,"That is both. Tell Lou it is both, and tell him I counted.",13,,,,,,,,
2518,The HotDog Incident,rippinflow,vo.bing2.rippin.shoulders,vo.bing2.rippin.shoulders.mp3,yes,,I have got the shoulders. You have got the legs. On me.,12,,,,,,,,
2519,The HotDog Incident,aubbie,vo.bing2.aubbie.wrapped,vo.bing2.aubbie.wrapped.mp3,yes,,"Tight, covered, nothing loose. He travels now.",7,,,,,,,,
2520,The HotDog Incident,snow,vo.bing2.snow.carry,vo.bing2.snow.carry.mp3,yes,"Instructions, not encouragement. He has said this to somebody before.","Take him. Through the store room, out the back, straight into the trunk. Do not put him down.",18,,,,,,,,
2521,The HotDog Incident,snow,vo.bing2.snow.trunk,vo.bing2.snow.trunk.mp3,yes,,"Trunk is open. You and Numbskull, on three.",8,,,,,,,,
2522,The HotDog Incident,booski,vo.bing2.booski.shot_offer,vo.bing2.booski.shot_offer.mp3,yes,"Not a question. Warm, flat, and already looking at the bartender.","Prospect, how about a shot?",5,,,,,,,,
2523,The HotDog Incident,sauce,vo.bing2.sauce.plate,vo.bing2.sauce.plate.mp3,yes,Handing over a plate the man did not ask for and will not be allowed to refuse.,"Eat something. Now, while it is still a party.",9,,,,,,,,
2524,Squatch Graveyard,snow,vo.graveyard.arrival.snow.watched-home,vo.graveyard.arrival.snow.watched-home.mp3,yes,,"End of the road. Fresh plot is past GeeWiz. When Billy misses breakfast, they watch familiar doors. Yours is familiar.",20,,,,,,,,
2525,Squatch Graveyard,player,vo.graveyard.arrival.prospect.why-motel,vo.graveyard.arrival.prospect.why-motel.mp3,yes,,So why the Motel?,4,,,,,,,,
2526,Squatch Graveyard,snow,vo.graveyard.arrival.snow.daylight-cover,vo.graveyard.arrival.snow.daylight-cover.mp3,yes,,A room they do not know and a deal that keeps us busy until daylight.,15,,,,,,,,
2527,Squatch Graveyard,snow,vo.graveyard.snow.bark.daylight,vo.graveyard.snow.bark.daylight.mp3,yes,,Car. Now. Room twelve buys us daylight.,7,,,,,,,,
2528,Squatch Graveyard,snow,vo.graveyard.snow.bark.plot,vo.graveyard.snow.bark.plot.mp3,yes,,Fresh plot is past GeeWiz. The reserved hole stays open.,10,,,,,,,,
2529,Squatch Graveyard,player,vo.graveyard.inspect.babs,vo.graveyard.inspect.babs.mp3,yes,,"Babs got the good stone, fresh flowers, and a bench nobody puts their feet on.",15,,,,,,,,
2530,Squatch Graveyard,player,vo.graveyard.inspect.brawny,vo.graveyard.inspect.brawny.mp3,yes,,Brawny sold out the Family. Even the rain looks cleaner than this grave.,13,,,,,,,,
2531,Squatch Graveyard,player,vo.graveyard.inspect.whiplash,vo.graveyard.inspect.whiplash.mp3,yes,,Whiplash got a crooked marker and exactly the maintenance he earned.,11,,,,,,,,
2532,Squatch Graveyard,player,vo.graveyard.inspect.sheep,vo.graveyard.inspect.sheep.mp3,yes,,"Sheep got a proper stone. Not grand, not cheap. Family middle management forever.",13,,,,,,,,
2533,Squatch Graveyard,player,vo.graveyard.inspect.echo,vo.graveyard.inspect.echo.mp3,yes,,Echo got a decent plot and a very premature date.,10,,,,,,,,
2534,Squatch Graveyard,echo,vo.graveyard.echo.alive,vo.graveyard.echo.alive.mp3,yes,,"Hey, guys? I am still alive down here. Help me out.",11,,,,,,,,
2535,Squatch Graveyard,player,vo.graveyard.prospect.wind,vo.graveyard.prospect.wind.mp3,yes,,Poor Echo. Wind sounds just like him tonight.,8,,,,,,,,
2536,Squatch Graveyard,snow,vo.graveyard.snow.wind,vo.graveyard.snow.wind.mp3,yes,,It always does. Keep walking.,5,,,,,,,,
2537,Squatch Graveyard,player,vo.graveyard.inspect.colton,vo.graveyard.inspect.colton.mp3,yes,,Colton. His grave smells like Asian feet. That is all I have.,12,,Colton. His grave smells like his van did. Nobody's saying anything but everybody's noticed.,Colton. Even the ground smells like his van. Four years underground and he has not managed to become less of a smell.,Colton. The grave smells like his van did. Dead four year and he's still the worst part of any place he's in.,"Colton. His plot smells exactly like his van, which raises questions about the van that nobody wants answered.",Colton. Huh. Smells just like his van did. That's — I don't know what to make of that.,open,"REWRITE — the crudeness is welcome but the target is wrong. It is the one gag in the game that lands on an ethnicity rather than on a character, which makes it the odd one out in a script that is otherwise cruel about people for things they did. Same joke, better aim."
2538,Squatch Graveyard,player,vo.graveyard.inspect.geewiz,vo.graveyard.inspect.geewiz.mp3,yes,,"GeeWiz. Regular stone, regular plot, one spelling nobody ever agreed on.",11,,,,,,,,
2539,Squatch Graveyard,player,vo.graveyard.inspect.sauce,vo.graveyard.inspect.sauce.mp3,yes,,An open plot marked RESERVED in fresh pencil.,8,,,,,,,,
2540,Squatch Graveyard,player,vo.graveyard.prospect.sauce,vo.graveyard.prospect.sauce.mp3,yes,,Fresh hole. Why not use this one?,7,,,,,,,,
2541,Squatch Graveyard,snow,vo.graveyard.snow.sauce,vo.graveyard.snow.sauce.mp3,yes,,Reserved means reserved. HotDog goes past GeeWiz.,7,,,,,,,,
2542,Squatch Graveyard,player,vo.graveyard.prospect.pee.brawny,vo.graveyard.prospect.pee.brawny.mp3,yes,,"Brawny finally gets fresh flowers. Different liquid, same sentiment.",9,,,,,,,,
2543,Squatch Graveyard,player,vo.graveyard.prospect.pee.whiplash,vo.graveyard.prospect.pee.whiplash.mp3,yes,,Whiplash receives the only toast anybody brought him.,8,,,,,,,,
2544,Squatch Graveyard,snow,vo.graveyard.snow.lower,vo.graveyard.snow.lower.mp3,yes,,Easy. Feet first. He made enough noise above ground.,9,,,,,,,,
2545,Squatch Graveyard,snow,vo.graveyard.snow.done.watched-home,vo.graveyard.snow.done.watched-home.mp3,yes,,That closes the HotDog thing. Your building stays watched till morning. We use the Motel.,15,hud-speak,,,,,,,
2546,Jerky Motel,npc-male,vo.motel.bathroom-seller.1r6c7ar.1,vo.motel.bathroom-seller.1r6c7ar.1.mp3,yes,,Hold him still!,3,hud-speak short,,,,,,,
2547,Jerky Motel,motel-chino,vo.motel.chino.11p7h06.1,vo.motel.chino.11p7h06.1.mp3,yes,,The gloves are for hygiene.,5,,,,,,,,
2548,Jerky Motel,motel-chino,vo.motel.chino.17xspfp.1,vo.motel.chino.17xspfp.1.mp3,yes,,Stand where I can see you.,6,,Stand where I can see you. And take your hands out of that jacket before I take an interest.,"Stand there. Right there, where the light is. I like to see a man's hands and I like to see his shoes, and I'll tell you why some other time.","Stand where I can see you. And keep your hands out of that coat, you're makin' me curious and I'm awful when I'm curious.",Stand there where the light is. Hands out of the jacket. This is a very simple room and I'd like to keep it that way.,Stand right there where I can see you. Hands out. It's easier for everybody.,open,"Generic guard-speak from a cartel lieutenant who should sound bored, southern, and completely certain he will win."
2549,Jerky Motel,motel-chino,vo.motel.chino.1l7xwgv.1,vo.motel.chino.1l7xwgv.1.mp3,yes,,Get the case! Get the case!,6,,,,,,,,
2550,Jerky Motel,motel-chino,vo.motel.chino.1no0rm9.1,vo.motel.chino.1no0rm9.1.mp3,yes,,Rico. Why is he so tall. Rico.,7,,,,,,,,
2551,Jerky Motel,motel-chino,vo.motel.chino.1uqwhor.1,vo.motel.chino.1uqwhor.1.mp3,yes,,Nobody gets it!,3,short,,,,,,,
2552,Jerky Motel,motel-chino,vo.motel.chino.2v2pmh.1,vo.motel.chino.2v2pmh.1.mp3,yes,,He is too big! Somebody find the prod!,8,,,,,,,,
2553,Jerky Motel,motel-chino,vo.motel.chino.4zdbk.1,vo.motel.chino.4zdbk.1.mp3,yes,,He is buying it blind. Rico. He is buying it blind.,11,,,,,,,,
2554,Jerky Motel,motel-chino,vo.motel.chino.5t7utr.1,vo.motel.chino.5t7utr.1.mp3,yes,,Rico. He knows.,3,short,,,,,,,
2555,Jerky Motel,motel-chino,vo.motel.chino.6gc2rn.1,vo.motel.chino.6gc2rn.1.mp3,yes,,Rico. He is asking who handled it.,7,,,,,,,,
2556,Jerky Motel,motel-chino,vo.motel.chino.gd9owk.1,vo.motel.chino.gd9owk.1.mp3,yes,,You buying or writing a cookbook?,6,,,,,,,,
2557,Jerky Motel,motel-chino,vo.motel.chino.jmbt5j.1,vo.motel.chino.jmbt5j.1.mp3,yes,,Then nobody eats!,3,short,,,,,,,
2558,Jerky Motel,motel-chino,vo.motel.chino.l2z2zx.1,vo.motel.chino.l2z2zx.1.mp3,yes,,Nobody is rushing. I am just standing here. By the door.,11,,,,,,,,
2559,Jerky Motel,motel-chino,vo.motel.chino.qdheri.1,vo.motel.chino.qdheri.1.mp3,yes,,You think rare meat grows on trees?,7,,,,,,,,
2560,Jerky Motel,motel-chino,vo.motel.chino.rs9ixw.1,vo.motel.chino.rs9ixw.1.mp3,yes,,Door stays shut. Air conditioning.,5,,,,,,,,
2561,Jerky Motel,motel-chino,vo.motel.chino.ys9i6q.1,vo.motel.chino.ys9i6q.1.mp3,yes,,No refunds once you chew.,5,,,,,,,,
2562,Jerky Motel,player,vo.motel.prospect.10do4h8.1,vo.motel.prospect.10do4h8.1.mp3,yes,,I did not say the meat was real.,8,,,,,,,,
2563,Jerky Motel,player,vo.motel.prospect.10rdx22.1,vo.motel.prospect.10rdx22.1.mp3,yes,,Eight packages. Numbered labels. Two of these seals have been opened and re-pressed.,13,,,,,,,,
2564,Jerky Motel,player,vo.motel.prospect.10saw4l.1,vo.motel.prospect.10saw4l.1.mp3,yes,,You people do not respect the cure.,7,,,,,,,,
2565,Jerky Motel,player,vo.motel.prospect.115gqb.1,vo.motel.prospect.115gqb.1.mp3,yes,,Snow stays. Say the next part carefully.,7,,,,,,,,
2566,Jerky Motel,player,vo.motel.prospect.11geb9i.1,vo.motel.prospect.11geb9i.1.mp3,yes,,And away it goes. Nobody sells meat to a man with his hand full.,14,,,,,,,,
2567,Jerky Motel,player,vo.motel.prospect.11o17zs.1,vo.motel.prospect.11o17zs.1.mp3,yes,,Drive before I inspect you.,5,,,,,,,,
2568,Jerky Motel,player,vo.motel.prospect.12budk2.1,vo.motel.prospect.12budk2.1.mp3,yes,,I have eaten belts with better texture.,7,,,,,,,,
2569,Jerky Motel,player,vo.motel.prospect.12obl7r.1,vo.motel.prospect.12obl7r.1.mp3,yes,,Somebody who loved this animal cut this.,7,,,,,,,,
2570,Jerky Motel,player,vo.motel.prospect.141ox2h.1,vo.motel.prospect.141ox2h.1.mp3,yes,,Humidity touched the bottom packages.,5,,,,,,,,
2571,Jerky Motel,player,vo.motel.prospect.14b4r8e.1,vo.motel.prospect.14b4r8e.1.mp3,yes,,It survived the way a rumour survives.,7,,,,,,,,
2572,Jerky Motel,player,vo.motel.prospect.14i9cbs.1,vo.motel.prospect.14i9cbs.1.mp3,yes,,That is not sauce.,4,,,,,,,,
2573,Jerky Motel,player,vo.motel.prospect.15489fg.1,vo.motel.prospect.15489fg.1.mp3,yes,,Too much pepper.,3,short,,,,,,,
2574,Jerky Motel,player,vo.motel.prospect.154gev9.1,vo.motel.prospect.154gev9.1.mp3,yes,,It is under my coat. It stays under my coat.,10,,,,,,,,
2575,Jerky Motel,player,vo.motel.prospect.15g7pb6.1,vo.motel.prospect.15g7pb6.1.mp3,yes,,I inspect standing.,3,short,I'll stand. Inspectors stand. It's in the manual.,"I'll stand, thanks. An inspector who sits down isn't inspecting, he's visiting. Different form entirely.",I'll stand. Inspectors stand. That's the difference between an inspection and a chat.,"I'll remain standing. Seated inspections are a different form and a different fee, and neither of us wants that conversation.","I'll stand, if it's all the same. That's how it's done. Standing.",open,Reads like a translation error. The joke — he refuses to sit because sitting is how you get shot — is good and is not on the page.
2576,Jerky Motel,player,vo.motel.prospect.15ikvju.1,vo.motel.prospect.15ikvju.1.mp3,yes,,The railing was rusted. That is on the motel.,9,,,,,,,,
2577,Jerky Motel,player,vo.motel.prospect.17a2qey.1,vo.motel.prospect.17a2qey.1.mp3,yes,,The deal is dead. Now it is a gun.,9,,,,,,,,
2578,Jerky Motel,player,vo.motel.prospect.18hjn3n.1,vo.motel.prospect.18hjn3n.1.mp3,yes,,This strip has been folded.,5,,,,,,,,
2579,Jerky Motel,player,vo.motel.prospect.18wzbaw.1,vo.motel.prospect.18wzbaw.1.mp3,yes,,Open the door.,3,short,,,,,,,
2580,Jerky Motel,player,vo.motel.prospect.197dj2e.1,vo.motel.prospect.197dj2e.1.mp3,yes,,Stay down.,2,short,,,,,,,
2581,Jerky Motel,player,vo.motel.prospect.19y7yz4.1,vo.motel.prospect.19y7yz4.1.mp3,yes,,"The bathroom window opened an inch. Somebody in there wanted air, or a look at the lot.",17,,,,,,,,
2582,Jerky Motel,player,vo.motel.prospect.1adqkmh.1,vo.motel.prospect.1adqkmh.1.mp3,yes,,The coupon expired in March. So did my patience.,9,,,,,,,,
2583,Jerky Motel,player,vo.motel.prospect.1be8uji.1,vo.motel.prospect.1be8uji.1.mp3,yes,,You saw a raccoon. A big one. In a shirt.,10,,,,,,,,
2584,Jerky Motel,player,vo.motel.prospect.1bj01wp.1,vo.motel.prospect.1bj01wp.1.mp3,yes,,"Seventy-two hours of smoke, right in the eyes.",8,,,,,,,,
2585,Jerky Motel,player,vo.motel.prospect.1bzy9q9.1,vo.motel.prospect.1bzy9q9.1.mp3,yes,,I have to duck in your doorway. Think about what that means for you.,14,,,,,,,,
2586,Jerky Motel,player,vo.motel.prospect.1cxjcvf.1,vo.motel.prospect.1cxjcvf.1.mp3,yes,,Wear it.,2,short,,,,,,,
2587,Jerky Motel,player,vo.motel.prospect.1cyyp1q.1,vo.motel.prospect.1cyyp1q.1.mp3,yes,,It is real.,3,short,,,,,,,
2588,Jerky Motel,player,vo.motel.prospect.1d0a8bc.1,vo.motel.prospect.1d0a8bc.1.mp3,yes,,"Premium stash. Black wrap, wax seal, real numbers. He was never going to sell me this.",16,,,,,,,,
2589,Jerky Motel,player,vo.motel.prospect.1d7xfdi.1,vo.motel.prospect.1d7xfdi.1.mp3,yes,,Eight packages. Numbered labels. Seals all intact.,7,,,,,,,,
2590,Jerky Motel,player,vo.motel.prospect.1dq5l5a.1,vo.motel.prospect.1dq5l5a.1.mp3,yes,,You are the third best liar in this room and there are three of us.,15,,,,,,,,
2591,Jerky Motel,player,vo.motel.prospect.1eqj2mi.1,vo.motel.prospect.1eqj2mi.1.mp3,yes,,Pointed at nothing. Whoever aimed it did not want room twelve on tape.,13,,,,,,,,
2592,Jerky Motel,player,vo.motel.prospect.1f40bwo.1,vo.motel.prospect.1f40bwo.1.mp3,yes,,Everyone in this room is smaller than the deal.,9,,,,,,,,
2593,Jerky Motel,player,vo.motel.prospect.1fre0j.1,vo.motel.prospect.1fre0j.1.mp3,yes,,I know. I heard you breathing an hour ago.,9,,,,,,,,
2594,Jerky Motel,player,vo.motel.prospect.1g6x37j.1,vo.motel.prospect.1g6x37j.1.mp3,yes,,"Room eleven. The real cure, stacked to the ceiling. They were selling me the wrapping.",15,,,,,,,,
2595,Jerky Motel,player,vo.motel.prospect.1hsm8zy.1,vo.motel.prospect.1hsm8zy.1.mp3,yes,,Do not rush me near meat.,6,,,,,,,,
2596,Jerky Motel,player,vo.motel.prospect.1icrpcf.1,vo.motel.prospect.1icrpcf.1.mp3,yes,,"Brittle outside, alive inside.",4,,,,,,,,
2597,Jerky Motel,player,vo.motel.prospect.1k6caos.1,vo.motel.prospect.1k6caos.1.mp3,yes,,You Rico?,2,short,,,,,,,
2598,Jerky Motel,player,vo.motel.prospect.1l8u6sa.1,vo.motel.prospect.1l8u6sa.1.mp3,yes,,He answered too fast to be lying.,7,,,,,,,,
2599,Jerky Motel,player,vo.motel.prospect.1mllplw.1,vo.motel.prospect.1mllplw.1.mp3,yes,,Their case is on the far bed now. That is not where a deal happens.,15,,,,,,,,
2600,Jerky Motel,player,vo.motel.prospect.1mr6qip.1,vo.motel.prospect.1mr6qip.1.mp3,yes,,Now. Where is my meat.,5,,,,,,,,
2601,Jerky Motel,player,vo.motel.prospect.1nexwwk.1,vo.motel.prospect.1nexwwk.1.mp3,yes,,Still six. They do not breed in there.,8,,,,,,,,
2602,Jerky Motel,player,vo.motel.prospect.1nfytw8.1,vo.motel.prospect.1nfytw8.1.mp3,yes,,Eight in their case. One on the table. Neither of them is mine yet.,14,,,,,,,,
2603,Jerky Motel,player,vo.motel.prospect.1ppllw9.1,vo.motel.prospect.1ppllw9.1.mp3,yes,,"There is a man breathing in your bathroom, Rico.",9,,,,,,,,
2604,Jerky Motel,player,vo.motel.prospect.1q6jhrg.1,vo.motel.prospect.1q6jhrg.1.mp3,yes,,A man with real product does not need a partner. Deal.,11,,,,,,,,
2605,Jerky Motel,player,vo.motel.prospect.1qdqv41.1,vo.motel.prospect.1qdqv41.1.mp3,yes,,"Cured, not dried.",3,short,,,,,,,
2606,Jerky Motel,player,vo.motel.prospect.1qkrqus.1,vo.motel.prospect.1qkrqus.1.mp3,yes,,"Reserve wrapper. Chewed open, not cut. Somebody in this motel is eating the inventory.",14,,,,,,,,
2607,Jerky Motel,player,vo.motel.prospect.1sf6znk.1,vo.motel.prospect.1sf6znk.1.mp3,yes,,That is how business works.,5,,That's the deal. You don't have to like the deal.,That's business. And I know how that sounds coming out of me. I've been in this eleven weeks and I'm quoting people at you. But it's still true.,"That's business. I'm told. I've only been at it a wet week, but that's what they keep sayin'.","That's the arrangement. I didn't write it, I just have to stand here in a bad room and enforce it.",That's how it works. I didn't come up with it. But that's how it works.,open,A platitude any gangster in any film could say. It is also a line the kid has not earned yet.
2608,Jerky Motel,player,vo.motel.prospect.1sg1oqo.1,vo.motel.prospect.1sg1oqo.1.mp3,yes,,Third man. Of course there is a third man.,9,,,,,,,,
2609,Jerky Motel,player,vo.motel.prospect.1to7kzv.1,vo.motel.prospect.1to7kzv.1.mp3,yes,,This room is too warm.,5,,,,,,,,
2610,Jerky Motel,player,vo.motel.prospect.1toav3k.1,vo.motel.prospect.1toav3k.1.mp3,yes,,Silver is cheaper than this and silver does not spoil.,10,,,,,,,,
2611,Jerky Motel,player,vo.motel.prospect.1va5ald.1,vo.motel.prospect.1va5ald.1.mp3,yes,,This motel smells like boiled carpet.,6,,,,,,,,
2612,Jerky Motel,player,vo.motel.prospect.1vgn0j7.1,vo.motel.prospect.1vgn0j7.1.mp3,yes,,This is gas-station product with the logo scraped off.,9,,,,,,,,
2613,Jerky Motel,player,vo.motel.prospect.1wgrphx.1,vo.motel.prospect.1wgrphx.1.mp3,yes,,Nobody near the television.,4,,,,,,,,
2614,Jerky Motel,player,vo.motel.prospect.1ydce4z.1,vo.motel.prospect.1ydce4z.1.mp3,yes,,Hands. Both of them. On the case.,7,,,,,,,,
2615,Jerky Motel,player,vo.motel.prospect.1z12ntc.1,vo.motel.prospect.1z12ntc.1.mp3,yes,,Motel lamp. Heavier than it looks.,6,,,,,,,,
2616,Jerky Motel,player,vo.motel.prospect.39rx91.1,vo.motel.prospect.39rx91.1.mp3,yes,,Stamp is serialised.,3,short,,,,,,,
2617,Jerky Motel,player,vo.motel.prospect.3vsopv.1,vo.motel.prospect.3vsopv.1.mp3,yes,,Stop eating the shipment!,4,,,,,,,,
2618,Jerky Motel,player,vo.motel.prospect.51x338.1,vo.motel.prospect.51x338.1.mp3,yes,,Show me the full case.,5,,,,,,,,
2619,Jerky Motel,player,vo.motel.prospect.5mi8ez.1,vo.motel.prospect.5mi8ez.1.mp3,yes,,"Sugar glaze, uniform strips, no butcher stamp. Room eleven, then.",10,,,,,,,,
2620,Jerky Motel,player,vo.motel.prospect.5u8h0e.1,vo.motel.prospect.5u8h0e.1.mp3,yes,,Second floor. He looked away a half second late. That is a man with a job.,16,,,,,,,,
2621,Jerky Motel,player,vo.motel.prospect.5wkpe7.1,vo.motel.prospect.5wkpe7.1.mp3,yes,,Do not put hands on a Squatchtana.,7,,,,,,,,
2622,Jerky Motel,player,vo.motel.prospect.7fnml8.1,vo.motel.prospect.7fnml8.1.mp3,yes,,I can smell preservatives.,4,,,,,,,,
2623,Jerky Motel,player,vo.motel.prospect.7gn93f.1,vo.motel.prospect.7gn93f.1.mp3,yes,,Wasted good seasoning.,3,short,,,,,,,
2624,Jerky Motel,player,vo.motel.prospect.7w3hzi.1,vo.motel.prospect.7w3hzi.1.mp3,yes,,It matches the card.,4,,,,,,,,
2625,Jerky Motel,player,vo.motel.prospect.7ziac4.1,vo.motel.prospect.7ziac4.1.mp3,yes,,You sold me a lie in a wrapper. Fix it.,10,,,,,,,,
2626,Jerky Motel,player,vo.motel.prospect.8yh8qr.1,vo.motel.prospect.8yh8qr.1.mp3,yes,,"Two cases, one table. Mine stays shut until I like what I see.",13,,,,,,,,
2627,Jerky Motel,player,vo.motel.prospect.9a7rkv.1,vo.motel.prospect.9a7rkv.1.mp3,yes,,Eleven-year cure. It has a barcode from last April.,9,,,,,,,,
2628,Jerky Motel,player,vo.motel.prospect.9znaav.1,vo.motel.prospect.9znaav.1.mp3,yes,,Depends what is in the suitcase.,6,,,,,,,,
2629,Jerky Motel,player,vo.motel.prospect.aic4op.1,vo.motel.prospect.aic4op.1.mp3,yes,,"He is watching the road, not the lot. Nobody watches the road unless somebody is coming.",16,,,,,,,,
2630,Jerky Motel,player,vo.motel.prospect.am69zw.1,vo.motel.prospect.am69zw.1.mp3,yes,,Running engine. Warm seat. Nobody in it. That is a car waiting to leave in a hurry.,17,,,,,,,,
2631,Jerky Motel,player,vo.motel.prospect.b82z9m.1,vo.motel.prospect.b82z9m.1.mp3,yes,,This is gas-station product.,4,,,,,,,,
2632,Jerky Motel,player,vo.motel.prospect.c3avlg.1,vo.motel.prospect.c3avlg.1.mp3,yes,,"Four of them in the lot. Two by the stairs, one at the pool, one at my car.",18,,,,,,,,
2633,Jerky Motel,player,vo.motel.prospect.d13f0e.1,vo.motel.prospect.d13f0e.1.mp3,yes,,Say his name again and I use the vacuum sealer on you.,12,hud-speak,,,,,,,
2634,Jerky Motel,player,vo.motel.prospect.gaamab.1,vo.motel.prospect.gaamab.1.mp3,yes,,Motel bathtubs are not built for this species.,8,,,,,,,,
2635,Jerky Motel,player,vo.motel.prospect.gfi373.1,vo.motel.prospect.gfi373.1.mp3,yes,,That is the Reserve.,4,,,,,,,,
2636,Jerky Motel,player,vo.motel.prospect.hmhz25.1,vo.motel.prospect.hmhz25.1.mp3,yes,,The card and the meat disagree.,6,,,,,,,,
2637,Jerky Motel,player,vo.motel.prospect.il9mli.1,vo.motel.prospect.il9mli.1.mp3,yes,,Nobody sells this to anybody now.,6,,,,,,,,
2638,Jerky Motel,player,vo.motel.prospect.j3x376.1,vo.motel.prospect.j3x376.1.mp3,yes,,Nobody in this room agrees where the cattle died.,9,,,,,,,,
2639,Jerky Motel,player,vo.motel.prospect.k4q2t7.1,vo.motel.prospect.k4q2t7.1.mp3,yes,,I should work the deal before resorting to that.,9,,,,,,,,
2640,Jerky Motel,player,vo.motel.prospect.k9e4m.1,vo.motel.prospect.k9e4m.1.mp3,yes,,"If the grain runs sideways, we walk.",7,,,,,,,,
2641,Jerky Motel,player,vo.motel.prospect.lflt2o.1,vo.motel.prospect.lflt2o.1.mp3,yes,,You parked facing the building.,5,,,,,,,,
2642,Jerky Motel,player,vo.motel.prospect.m5c7so.1,vo.motel.prospect.m5c7so.1.mp3,yes,,"No, I am motel inspection.",5,,"No. Motel inspection. County. I'm here about the ice machine and I'll be honest, I've heard things.","No. I'm motel inspection. County. And before you ask — no, I don't have a clipboard, because the county took the clipboards, which is its own scandal I'm not getting into with you in a doorway.",No. Motel inspection. And before you start — I know I don't look like it. Nobody looks like it. That's the whole point of it.,"No. Motel inspection. County health, hospitality division. I'm here about the ice machine, the linens, and whatever is happening in your parking lot, which we'll get to.",No. I'm motel inspection. County. It's a — it's a real job. People are always surprised.,open,"The cover story is the funniest idea in the scene and it is delivered like a stage direction. A bad lie has to be committed to, in detail, with paperwork energy."
2643,Jerky Motel,player,vo.motel.prospect.mctpd6.1,vo.motel.prospect.mctpd6.1.mp3,yes,,"Vacuum packets. Opened out here, refilled out here. Somebody repacked the shipment in a parking lot.",16,,,,,,,,
2644,Jerky Motel,player,vo.motel.prospect.nj4caa.1,vo.motel.prospect.nj4caa.1.mp3,yes,,This smoke is real.,4,,,,,,,,
2645,Jerky Motel,player,vo.motel.prospect.nlnc9n.1,vo.motel.prospect.nlnc9n.1.mp3,yes,,Not yet. Let us see how this plays out.,9,,,,,,,,
2646,Jerky Motel,player,vo.motel.prospect.ohgctx.1,vo.motel.prospect.ohgctx.1.mp3,yes,,Lou sent me here to buy meat. Not to redecorate a motel.,12,,,,,,,,
2647,Jerky Motel,player,vo.motel.prospect.owqgsl.1,vo.motel.prospect.owqgsl.1.mp3,yes,,You stored this near fish.,5,,,,,,,,
2648,Jerky Motel,player,vo.motel.prospect.q78td1.1,vo.motel.prospect.q78td1.1.mp3,yes,,"If they waste my time, they lose more than jerky.",10,,,,,,,,
2649,Jerky Motel,player,vo.motel.prospect.rkk726.1,vo.motel.prospect.rkk726.1.mp3,yes,,Bring out the real case and we forget this.,9,,,,,,,,
2650,Jerky Motel,player,vo.motel.prospect.s09ge3.1,vo.motel.prospect.s09ge3.1.mp3,yes,,This was cut against the grain. Who handled it?,9,,,,,,,,
2651,Jerky Motel,player,vo.motel.prospect.vxzjpf.1,vo.motel.prospect.vxzjpf.1.mp3,yes,,Hold the case. I am driving.,6,hud-speak,,,,,,,
2652,Jerky Motel,player,vo.motel.prospect.w6mx48.1,vo.motel.prospect.w6mx48.1.mp3,yes,,Nobody locks a door during honest jerky.,7,,,,,,,,
2653,Jerky Motel,player,vo.motel.prospect.yg7zy7.1,vo.motel.prospect.yg7zy7.1.mp3,yes,,You scraped the logo off. You did not scrape it well.,11,,,,,,,,
2654,Jerky Motel,player,vo.motel.prospect.zuwvp1.1,vo.motel.prospect.zuwvp1.1.mp3,yes,,Compact revolver. Six in the wheel. For emergencies and disrespect.,10,,,,,,,,
2655,Jerky Motel,motel-rico,vo.motel.rico.11fionc.1,vo.motel.rico.11fionc.1.mp3,yes,,"Not worth it, not worth it!",6,,"It's not worth it — it's meat, it's just meat, take the meat!",It's not worth it. Look at me. Look at what we're doing. It's dried meat. We are all going to die in a motel over dried meat.,It's not worth it! It's jerky! We're all goin' to be shot over jerky and I'll not have that on me headstone!,It's not worth it! It's a commodity! It's a low-margin commodity and none of us are insured!,"It's not worth it. It's really not. It's meat. It's just — it's meat, fellas.",open,Generic panic filler with none of Rico's personality. A man who has been swaggering all scene should break in his own specific way.
2656,Jerky Motel,motel-rico,vo.motel.rico.170sfxc.1,vo.motel.rico.170sfxc.1.mp3,yes,,I told you.,3,short,,,,,,,
2657,Jerky Motel,motel-rico,vo.motel.rico.1acw28m.1,vo.motel.rico.1acw28m.1.mp3,yes,,"Relax, big man. Doors open easier when nobody yells at them.",11,,,,,,,,
2658,Jerky Motel,motel-rico,vo.motel.rico.1ahrvdy.1,vo.motel.rico.1ahrvdy.1.mp3,yes,,Nobody handled it. It handles itself.,6,,,,,,,,
2659,Jerky Motel,motel-rico,vo.motel.rico.1ayqiuw.1,vo.motel.rico.1ayqiuw.1.mp3,yes,,Nothing personal. Everything financial.,4,,,,,,,,
2660,Jerky Motel,motel-rico,vo.motel.rico.1d1vszt.1,vo.motel.rico.1d1vszt.1.mp3,yes,,This is not gas-station product.,5,,,,,,,,
2661,Jerky Motel,motel-rico,vo.motel.rico.1d3w1y8.1,vo.motel.rico.1d3w1y8.1.mp3,yes,,Government took the herd. Government did not take everything.,9,,,,,,,,
2662,Jerky Motel,motel-rico,vo.motel.rico.1d756mb.1,vo.motel.rico.1d756mb.1.mp3,yes,,Barcodes get printed. Meat gets born.,6,,,,,,,,
2663,Jerky Motel,motel-rico,vo.motel.rico.1eg090q.1,vo.motel.rico.1eg090q.1.mp3,yes,,Set it down. It is not going to be sitting there long.,12,,,,,,,,
2664,Jerky Motel,motel-rico,vo.motel.rico.1g6gshq.1,vo.motel.rico.1g6gshq.1.mp3,yes,,"Do not lean on that. It is a wall, but only technically.",12,,,,,,,,
2665,Jerky Motel,motel-rico,vo.motel.rico.1gvk8hc.1,vo.motel.rico.1gvk8hc.1.mp3,yes,,What is in the suitcase is history. Come inside before the neighbours smell it.,14,,,,,,,,
2666,Jerky Motel,motel-rico,vo.motel.rico.1hkmltr.1,vo.motel.rico.1hkmltr.1.mp3,yes,,The whole case. Nothing to hide in a case.,9,,,,,,,,
2667,Jerky Motel,motel-rico,vo.motel.rico.1iuwr62.1,vo.motel.rico.1iuwr62.1.mp3,yes,,Mountain reserve. Eleven-year cure. No fillers.,6,,,,,,,,
2668,Jerky Motel,motel-rico,vo.motel.rico.1l3y0w1.1,vo.motel.rico.1l3y0w1.1.mp3,yes,,Meat first. Money second. That is how this works.,9,,"Meat first, money second. That's not a rule, that's a scar.","Meat first. Money second. And before you tell me that's backwards — it is backwards. It's backwards on purpose, because the last man who did it the right way round is in a lake.","Meat first, money second. That's how it goes. Ask me why and I'll tell you about a fella in a lake.","Product first, payment second. Non-negotiable. I lost a lot of money learning that order and I'm not paying that tuition twice.",Meat first. Then the money. That's how we do it here. It's not how everybody does it. It's how we do it.,open,"A rulebook line that Snow then parrots verbatim, making both men sound like the same laminated card. Rico should sound like he made this rule up because somebody once robbed him."
2669,Jerky Motel,motel-rico,vo.motel.rico.1l5asv7.1,vo.motel.rico.1l5asv7.1.mp3,yes,,Whoa — WHOA—,3,short,,,,,,,
2670,Jerky Motel,motel-rico,vo.motel.rico.1m8h69d.1,vo.motel.rico.1m8h69d.1.mp3,yes,,Not the product! Anything but the product!,7,,,,,,,,
2671,Jerky Motel,motel-rico,vo.motel.rico.1p55mem.1,vo.motel.rico.1p55mem.1.mp3,yes,,There is no other case. There is this case.,9,,,,,,,,
2672,Jerky Motel,motel-rico,vo.motel.rico.1q073mn.1,vo.motel.rico.1q073mn.1.mp3,yes,,That batch crossed three state lines.,6,,,,,,,,
2673,Jerky Motel,motel-rico,vo.motel.rico.1r9ocyc.1,vo.motel.rico.1r9ocyc.1.mp3,yes,,...Who told you about eleven?,5,,,,,,,,
2674,Jerky Motel,motel-rico,vo.motel.rico.6tkwpk.1,vo.motel.rico.6tkwpk.1.mp3,yes,,Seventy-two hours of smoke. Seventy-two.,5,,,,,,,,
2675,Jerky Motel,motel-rico,vo.motel.rico.a1d282.1,vo.motel.rico.a1d282.1.mp3,yes,,Depends who is asking about meat at this hour.,9,,,,,,,,
2676,Jerky Motel,motel-rico,vo.motel.rico.afuxpx.1,vo.motel.rico.afuxpx.1.mp3,yes,,"Now the other half. On the table, where I can see it.",12,,,,,,,,
2677,Jerky Motel,motel-rico,vo.motel.rico.agljzb.1,vo.motel.rico.agljzb.1.mp3,yes,,See? Civilised.,2,short,,,,,,,
2678,Jerky Motel,motel-rico,vo.motel.rico.bdn2mc.1,vo.motel.rico.bdn2mc.1.mp3,yes,,In this room we are all the same size.,9,,,,,,,,
2679,Jerky Motel,motel-rico,vo.motel.rico.bxbl0i.1,vo.motel.rico.bxbl0i.1.mp3,yes,,Three. He counted three.,4,,,,,,,,
2680,Jerky Motel,motel-rico,vo.motel.rico.fy7cus.1,vo.motel.rico.fy7cus.1.mp3,yes,,The cattle had names.,4,,,,,,,,
2681,Jerky Motel,motel-rico,vo.motel.rico.hwxkhb.1,vo.motel.rico.hwxkhb.1.mp3,yes,,Satisfied? The case is right there. Eight of them. Count it.,11,,,,,,,,
2682,Jerky Motel,motel-rico,vo.motel.rico.ifg4sl.1,vo.motel.rico.ifg4sl.1.mp3,yes,,There it is. Now we are all friends with a table between us.,13,,,,,,,,
2683,Jerky Motel,motel-rico,vo.motel.rico.kf27q4.1,vo.motel.rico.kf27q4.1.mp3,yes,,Funny. Inspectors do not have that much fur.,8,,,,,,,,
2684,Jerky Motel,motel-rico,vo.motel.rico.m5af92.1,vo.motel.rico.m5af92.1.mp3,yes,,Bring out the cutting board.,5,,,,,,,,
2685,Jerky Motel,motel-rico,vo.motel.rico.nq46iz.1,vo.motel.rico.nq46iz.1.mp3,yes,,Do not touch that package.,5,,,,,,,,
2686,Jerky Motel,motel-rico,vo.motel.rico.p761vr.1,vo.motel.rico.p761vr.1.mp3,yes,,Bring out the cutting board!,5,,,,,,,,
2687,Jerky Motel,motel-rico,vo.motel.rico.pbbijs.1,vo.motel.rico.pbbijs.1.mp3,yes,,Now that is business.,4,,,,,,,,
2688,Jerky Motel,motel-rico,vo.motel.rico.q51qjl.1,vo.motel.rico.q51qjl.1.mp3,yes,,You Prospect?,2,short,,,,,,,
2689,Jerky Motel,motel-rico,vo.motel.rico.vj382u.1,vo.motel.rico.vj382u.1.mp3,yes,,Come in before the neighbours smell it.,7,,,,,,,,
2690,Jerky Motel,motel-rico,vo.motel.rico.wapvrs.1,vo.motel.rico.wapvrs.1.mp3,yes,,Belts. He says belts. In my room.,7,,,,,,,,
2691,Jerky Motel,motel-rico,vo.motel.rico.yn1flc.1,vo.motel.rico.yn1flc.1.mp3,yes,,The next part is the part where you decide.,9,,,,,,,,
2692,Jerky Motel,motel-rico,vo.motel.rico.zag488.1,vo.motel.rico.zag488.1.mp3,yes,,Noted. Loudly.,2,short,,,,,,,
2693,Jerky Motel,motel-rico,vo.motel.rico.zxp81u.1,vo.motel.rico.zxp81u.1.mp3,yes,,"Your driver takes forty of your money for parking a car. Walk out with me instead. You keep the case, I keep the cash, he keeps the parking.",28,,,,,,,,
2694,Jerky Motel,snow,vo.motel.snow.164aj8o.1,vo.motel.snow.164aj8o.1.mp3,yes,,Humidity touched everything tonight.,4,,,,,,,,
2695,Jerky Motel,snow,vo.motel.snow.16e6ehh.1,vo.motel.snow.16e6ehh.1.mp3,yes,,I am fine. Not my blood.,6,,,,,,,,
2696,Jerky Motel,snow,vo.motel.snow.17ndr8f.1,vo.motel.snow.17ndr8f.1.mp3,yes,,That was my door.,4,,,,,,,,
2697,Jerky Motel,snow,vo.motel.snow.19076v5.1,vo.motel.snow.19076v5.1.mp3,yes,,Coming in. Do not swing.,5,,,,,,,,
2698,Jerky Motel,snow,vo.motel.snow.19l50hx.1,vo.motel.snow.19l50hx.1.mp3,yes,,Second car. Running. Nobody in it.,6,,,,,,,,
2699,Jerky Motel,snow,vo.motel.snow.1bnvuno.1,vo.motel.snow.1bnvuno.1.mp3,yes,,We paid forty thousand dollars for gas-station product.,8,,,,,,,,
2700,Jerky Motel,snow,vo.motel.snow.1cofoww.1,vo.motel.snow.1cofoww.1.mp3,yes,,The pool. Nobody drained it since the eighties.,8,,,,,,,,
2701,Jerky Motel,snow,vo.motel.snow.1couizl.1,vo.motel.snow.1couizl.1.mp3,yes,,Driving. Driving.,2,short,,,,,,,
2702,Jerky Motel,snow,vo.motel.snow.1geklbx.1,vo.motel.snow.1geklbx.1.mp3,yes,,"Grain runs sideways, I am driving.",6,,,,,,,,
2703,Jerky Motel,snow,vo.motel.snow.1hkt3n0.1,vo.motel.snow.1hkt3n0.1.mp3,yes,,Right here. Facing the exit.,5,,,,,,,,
2704,Jerky Motel,snow,vo.motel.snow.1igo4tf.1,vo.motel.snow.1igo4tf.1.mp3,yes,,Case in both hands. That is the only thing they need to see you holding.,15,,,,,,,,
2705,Jerky Motel,snow,vo.motel.snow.1k5xr8m.1,vo.motel.snow.1k5xr8m.1.mp3,yes,,Two minutes. Then I honk.,5,,,,,,,,
2706,Jerky Motel,snow,vo.motel.snow.1lx3orc.1,vo.motel.snow.1lx3orc.1.mp3,yes,,The upstairs. Somebody keeps not looking at me.,8,,,,,,,,
2707,Jerky Motel,snow,vo.motel.snow.1mos74v.1,vo.motel.snow.1mos74v.1.mp3,yes,,Car is running! Move!,4,,,,,,,,
2708,Jerky Motel,snow,vo.motel.snow.1o5kfxp.1,vo.motel.snow.1o5kfxp.1.mp3,yes,,Room twelve. The jerky deal is our cover until daylight. Meat first. Money second.,14,,,,,,,,
2709,Jerky Motel,snow,vo.motel.snow.1om0zo2.1,vo.motel.snow.1om0zo2.1.mp3,yes,,"Buy it and leave. I said no speeches, and I can see one forming.",14,,"You buy the meat, you get in the car. You don't make friends and you don't make a speech.",Here's the whole night. You buy the meat. You get in the car. Anything you say in between those two things is a mistake you haven't made yet.,Buy the meat. Get in the car. And whatever you're plannin' on sayin' — don't. I can see you plannin' it.,"Transaction, then exit. No conversation, no negotiation, no personality. You're a wallet with legs tonight.",You buy the meat and then you leave. That's it. No speeches. People get hurt in the speeches.,ACCEPTED 2026-08-28,"An on-screen objective in a mouth. It is also said twice, near-verbatim, later in the scene — which is what exposes it as tutorial text."
2710,Jerky Motel,snow,vo.motel.snow.1u9ic7d.1,vo.motel.snow.1u9ic7d.1.mp3,yes,,Pool side!,2,short,,,,,,,
2711,Jerky Motel,snow,vo.motel.snow.1wrp7lq.1,vo.motel.snow.1wrp7lq.1.mp3,yes,,I grabbed a case. It is full of smoked turkey. It is warm.,13,,,,,,,,
2712,Jerky Motel,snow,vo.motel.snow.1wwmnvb.1,vo.motel.snow.1wwmnvb.1.mp3,yes,,Crowbar. And the thing we never mention.,7,,,,,,,,
2713,Jerky Motel,snow,vo.motel.snow.5y6dnm.1,vo.motel.snow.5y6dnm.1.mp3,yes,,Well?,1,short,,,,,,,
2714,Jerky Motel,snow,vo.motel.snow.9a19ir.1,vo.motel.snow.9a19ir.1.mp3,yes,,Good. Best deal we ever made was the one we did not.,12,,,,,,,,
2715,Jerky Motel,snow,vo.motel.snow.cqr2ld.1,vo.motel.snow.cqr2ld.1.mp3,yes,,Crowbar. Catch it.,3,short,,,,,,,
2716,Jerky Motel,snow,vo.motel.snow.en02v2.1,vo.motel.snow.en02v2.1.mp3,yes,,Then we are rich. I am still shaking.,8,,,,,,,,
2717,Jerky Motel,snow,vo.motel.snow.gqd56p.1,vo.motel.snow.gqd56p.1.mp3,yes,,Buy. Leave. No speeches.,4,,Buy. Leave. I said no speeches and I can see one on your face.,"Buy. Leave. And I've now said it twice, which means I've seen something in you I don't like.","Buy. Leave. No speeches. That's twice. There'll not be a third, there'll just be me disappointed in a car.","Buy. Leave. And I'm repeating myself, which is a thing I do exactly once before I stop bringing somebody places.",Buy it. Leave. No speeches. I've said that now. I'd hate to have said it for nothing.,KEEP 2026-08-28,The verbatim repeat. Fix by making the second one an escalation — he is saying it again because he can see the kid winding up.
2718,Jerky Motel,snow,vo.motel.snow.jyf5oa.1,vo.motel.snow.jyf5oa.1.mp3,yes,,Which case is ours?,4,,,,,,,,
2719,Jerky Motel,snow,vo.motel.snow.k4if12.1,vo.motel.snow.k4if12.1.mp3,yes,,"We wait for daylight. Once your block is clean, I put you home. Now show me what survived.",18,,,,,,,,
2720,Jerky Motel,snow,vo.motel.snow.mngzvm.1,vo.motel.snow.mngzvm.1.mp3,yes,,Checking quality.,2,short,,,,,,,
2721,Jerky Motel,snow,vo.motel.snow.nrgisy.1,vo.motel.snow.nrgisy.1.mp3,yes,,Under the coat. Seven in it. Do not let them see the crest and do not make me explain a Family gun to a night clerk.,26,,,,,,,,
2722,Jerky Motel,snow,vo.motel.snow.nugzzr.1,vo.motel.snow.nugzzr.1.mp3,yes,,One package? Ask for the case.,6,,,,,,,,
2723,Jerky Motel,snow,vo.motel.snow.pa9o26.1,vo.motel.snow.pa9o26.1.mp3,yes,,Good. Business. Not opera.,4,,,,,,,,
2724,Jerky Motel,snow,vo.motel.snow.shbjlt.1,vo.motel.snow.shbjlt.1.mp3,yes,,Tell me that was worth it.,6,,,,,,,,
2725,Jerky Motel,snow,vo.motel.snow.x8vdf0.1,vo.motel.snow.x8vdf0.1.mp3,yes,,Seatbelt. Or do not.,4,,,,,,,,
2726,Jerky Motel,snow,vo.motel.snow.ymyrtq.1,vo.motel.snow.ymyrtq.1.mp3,yes,,I parked facing the exit. Mostly.,6,,,,,,,,
2727,Jerky Motel,snow,vo.motel.snow.zvy8zf.1,vo.motel.snow.zvy8zf.1.mp3,yes,,Blue lights. We leave now.,5,,,,,,,,
2728,NO WAKE,willy,vo.nowake.dock.willy.nice-night.1,vo.nowake.dock.willy.nice-night.1.mp3,yes,,Nice night for it.,4,,,,,,,,
2729,NO WAKE,lou,vo.nowake.dock.lou.get-her-started.1,vo.nowake.dock.lou.get-her-started.1.mp3,yes,,Get her started.,3,short,,,,,,,
2730,NO WAKE,willy,vo.nowake.cruise.willy.quiet.1,vo.nowake.cruise.willy.quiet.1.mp3,yes,,Quiet tonight.,2,short,,,,,,,
2731,NO WAKE,booski,vo.nowake.cruise.booski.yeah.1,vo.nowake.cruise.booski.yeah.1.mp3,yes,,Yeah.,1,filler short,,,,,,,
2732,NO WAKE,willy,vo.nowake.cruise.willy.strip.1,vo.nowake.cruise.willy.strip.1.mp3,yes,,Nobody has said one word to me about the strip. Not one.,12,,,,,,,,
2733,NO WAKE,willy,vo.nowake.cruise.willy.sideways.1,vo.nowake.cruise.willy.sideways.1.mp3,yes,,Everybody has been looking at me sideways since the Motel.,10,,,,,,,,
2734,NO WAKE,willy,vo.nowake.cruise.willy.clean.1,vo.nowake.cruise.willy.clean.1.mp3,yes,,Feels like nobody has been talking to me this week.,10,,Nobody's talked to me all week. Am I — is there something I should know? Because I'd rather know.,Nobody's talked to me all week. And here's the thing about that. I know what it means when nobody talks to you. I've been on the other end of it. I've been the guy not talking.,Nobody's talked to me all week. And I know what that means. I've been the fella not talkin' before now.,"Nobody's spoken to me in seven days. I've been in this business long enough to know exactly what that is, so somebody say something or turn the boat around.",Nobody's talked to me all week. And I know what that usually means. I'd rather somebody just said it.,open,"Three consecutive Willy lines say the same thing three ways ('nobody has said one word', 'looking at me sideways', 'nobody has been talking to me'). The third should escalate into the thing he actually fears, which makes the boat ride unbearable."
2735,NO WAKE,willy,vo.nowake.cruise.willy.where.1,vo.nowake.cruise.willy.where.1.mp3,yes,,Where exactly are we headed?,5,,,,,,,,
2736,NO WAKE,lou,vo.nowake.cruise.lou.away.1,vo.nowake.cruise.lou.away.1.mp3,yes,,Away from the dock.,4,,,,,,,,
2737,NO WAKE,lou,vo.nowake.inlet.lou.bring-her-down.1,vo.nowake.inlet.lou.bring-her-down.1.mp3,yes,,Bring her down.,3,short,,,,,,,
2738,NO WAKE,lou,vo.nowake.inlet.lou.kill-them.1,vo.nowake.inlet.lou.kill-them.1.mp3,yes,,Kill them.,2,short,,,,,,,
2739,NO WAKE,irish,vo.nowake.inlet.irish.channel-clear.1,vo.nowake.inlet.irish.channel-clear.1.mp3,yes,,Channel’s clear.,2,short,,,,,,,
2740,NO WAKE,lou,vo.nowake.inlet.lou.out-of-the-wind.1,vo.nowake.inlet.lou.out-of-the-wind.1.mp3,yes,,Let’s get out of the wind.,6,,,,,,,,
2741,NO WAKE,willy,vo.nowake.cabin.willy.mirage.1,vo.nowake.cabin.willy.mirage.1.mp3,yes,,"You remember that Mirage match? We were down fourteen-twelve. Everybody was broke. I bought the Negev, went B, and held the whole site by myself.",25,,,,,,,,
2742,NO WAKE,willy,vo.nowake.cabin.willy.three-through-apartments.1,vo.nowake.cabin.willy.three-through-apartments.1.mp3,yes,,Three through apartments. One coming out market. Saved the whole damn round.,12,,,,,,,,
2743,NO WAKE,lou,vo.nowake.cabin.lou.willy.1,vo.nowake.cabin.lou.willy.1.mp3,yes,,Willy.,1,short,,,,,,,
2744,NO WAKE,willy,vo.nowake.cabin.willy.yeah.1,vo.nowake.cabin.willy.yeah.1.mp3,yes,,Yeah?,1,filler short,,,,,,,
2745,NO WAKE,lou,vo.nowake.cabin.lou.recorded-leak.1,vo.nowake.cabin.lou.recorded-leak.1.mp3,yes,,Irish pulled their wire. Your voice gave them the mountain strip from the Beef Run and our arrival time.,19,,,,,,,,
2746,NO WAKE,willy,vo.nowake.cabin.willy.not-my-voice.1,vo.nowake.cabin.willy.not-my-voice.1.mp3,yes,,You don’t know who was on that tape.,8,,,,,,,,
2747,NO WAKE,lou,vo.nowake.cabin.lou.negev.1,vo.nowake.cabin.lou.negev.1.mp3,yes,,Was there ever even a Negev on B?,8,,,,,,,,
2748,NO WAKE,willy,vo.nowake.cabin.willy.lou.1,vo.nowake.cabin.willy.lou.1.mp3,yes,,Lou…,1,short,,,,,,,
2749,NO WAKE,lou,vo.nowake.cabin.lou.answer.1,vo.nowake.cabin.lou.answer.1.mp3,yes,,Answer the question.,3,short,,,,,,,
2750,NO WAKE,willy,vo.nowake.cabin.willy.dont-remember.1,vo.nowake.cabin.willy.dont-remember.1.mp3,yes,,I don’t remember every gun from every round.,8,,I don't remember every gun from every round. Nobody remembers every — you're doing this over a gun?,"I don't remember every gun from every round. Nobody does. You want me to remember a Negev from four years ago? Ask me what I had for breakfast. Go on. Ask me. I don't know that either, and nobody's ever killed a man over breakfast.",I don't remember every gun from every round! Who does? Who in the name of God remembers that? You don't. You're doin' this over a gun you don't remember either!,"I don't recall every weapon from every round of a game we played four years ago, and I'd like somebody in this cabin to acknowledge how insane that sentence is.",I don't remember every gun. From every round. That's — nobody remembers that. That's not a thing people remember.,open,"This is the moment Willy realises he is dead, and it is a reasonable, calm sentence. It is the last defensible thing he says before the scene turns, and it should be the sound of a man's story coming apart in his own mouth."
2751,NO WAKE,booski,vo.nowake.cabin.booski.brother.1,vo.nowake.cabin.booski.brother.1.mp3,yes,,You were like a brother to me.,7,,I had you at my table. My kids know your name.,You ate at my table. My kids know your name. My wife asks after you. That's what you did with all that. That's what you spent it on.,You sat at my table. Me kids know your name. And you did this anyway. That's the bit I'll never get past.,"You've eaten at my table. My children know your name. Whatever they paid you, I hope it was more than that's worth.",You ate at my table. My kids know your name. I don't know what to do with that now.,open,The one cliché in an otherwise excellent scene. 'Like a brother' is the single most-used line in mob cinema and the past tense does all the work already.
2752,NO WAKE,willy,vo.nowake.cabin.willy.boosk.1,vo.nowake.cabin.willy.boosk.1.mp3,yes,,"Boosk, come on. You know me.",6,,"Boosk. Boosk, look at me. You were at my mother's funeral. You carried her. You carried her.","Boosk. Look at me. You were at my mother's funeral. You carried the box. You stood in the rain and you carried the box and you didn't complain once, and now you're standing there letting this happen in front of you.","Boosk. Boosk, look at me. You carried me mother's coffin. You did. You stood in the rain and you carried it. And now you'll stand there and watch this?","Boosk. You've known me eleven years. You were at my mother's funeral, you were at my wedding, you've slept on my floor. Somebody in this room say something.",Boosk. Come on. You know me. You've known me a long time. That's got to count for something. Doesn't it?,open,"Too dignified. This is his one appeal to the only man on the boat who loves him, and it should be undignified — that is what makes it unbearable."
2753,NO WAKE,lou,vo.nowake.cabin.lou.we-do-now.1,vo.nowake.cabin.lou.we-do-now.1.mp3,yes,,Yeah. We do now.,4,,,,,,,,
2754,NO WAKE,willy,vo.nowake.cabin.willy.take-a-seat.1,vo.nowake.cabin.willy.take-a-seat.1.mp3,yes,,Can I take a seat?,5,,Can I sit? I need to sit down. My legs have gone.,"Can I sit down. I'm not asking for anything. I'm asking to sit down, because my legs have gone and I don't want to go down in front of you.",Can I sit? I need to sit. Me legs are gone and I'll not be goin' down in front of yiz.,"Can I sit down? That's the whole ask. I'd like to do this sitting down, if that's available.",Can I take a seat? I'd — my legs aren't right. I'd rather sit.,open,The right instinct — a small dignity request. But it plays as polite where it should play as a man's legs going.
2755,NO WAKE,booski,vo.nowake.cabin.booski.sit-down.1,vo.nowake.cabin.booski.sit-down.1.mp3,yes,,Sit down.,2,short,,,,,,,
2756,NO WAKE,willy,vo.nowake.cabin.willy.all-right.1,vo.nowake.cabin.willy.all-right.1.mp3,yes,,All right.,2,short,,,,,,,
2757,NO WAKE,lou,vo.nowake.body.lou.finish-it.1,vo.nowake.body.lou.finish-it.1.mp3,yes,,Finish it.,2,short,,,,,,,
2758,NO WAKE,booski,vo.nowake.body.booski.your-side.1,vo.nowake.body.booski.your-side.1.mp3,yes,,Your side. Fold it over and hold it down.,9,hud-speak,"Your side. Fold it over, hold it down. Don't look at the face. I'm telling you now, don't look at the face.","Your side. Fold it over, hold it down. And don't look at his face. I'm not saying that to be kind. I'm saying it because you'll see it every night for a year and you've got work tomorrow.","Your side. Fold it over, hold it down. And don't look at his face. I'm not bein' soft with you, I'm savin' you a year of not sleepin'.","Your side. Fold, hold. Eyes on the tarp, not on him. That's not sentiment, that's just how you stay useful.",Your side there. Fold it over and hold it down. Don't look at his face. Just — don't do that.,open,"Flagged as HUD-speak and it is — but it should stay HUD-shaped, because the horror of this beat is that it is being handled as a job. The only fix needed is one crack in Booski's voice somewhere in the sequence."
2759,NO WAKE,booski,vo.nowake.body.booski.straps.1,vo.nowake.body.booski.straps.1.mp3,yes,,Straps now. Pull them tight and I’ll close him up.,10,,,,,,,,
2760,NO WAKE,lou,vo.nowake.body.lou.needs-weight.1,vo.nowake.body.lou.needs-weight.1.mp3,yes,,Needs weight.,2,short,,,,,,,
2761,NO WAKE,booski,vo.nowake.body.booski.bow-locker.1,vo.nowake.body.booski.bow-locker.1.mp3,yes,,Bow locker.,2,short,,,,,,,
2762,NO WAKE,irish,vo.nowake.body.irish.nothing-behind-us.1,vo.nowake.body.irish.nothing-behind-us.1.mp3,yes,,Nothing behind us.,3,short,,,,,,,
2763,NO WAKE,booski,vo.nowake.body.booski.sockets.1,vo.nowake.body.booski.sockets.1.mp3,yes,,Clip it to the rings. I’ll cinch it down.,9,,,,,,,,
2764,NO WAKE,lou,vo.nowake.body.lou.move-him.1,vo.nowake.body.lou.move-him.1.mp3,yes,,Move him.,2,short,,,,,,,
2765,NO WAKE,irish,vo.nowake.body.irish.still-clear.1,vo.nowake.body.irish.still-clear.1.mp3,yes,,Still clear.,2,short,,,,,,,
2766,NO WAKE,lou,vo.nowake.body.lou.start-her.1,vo.nowake.body.lou.start-her.1.mp3,yes,,Start her.,2,short,,,,,,,
2767,Apartment,lou1,vo.call.lou.no_wake.1,vo.call.lou.no_wake.1.mp3,yes,,Kid. South Harbor. Gate C. Quarter to one.,8,,,,,,,,
2768,Apartment,player,vo.call.lou.no_wake.tony.1,vo.call.lou.no_wake.tony.1.mp3,yes,,Gate C. Quarter to one.,5,,,,,,,,
2769,Apartment,lou1,vo.call.lou.no_wake.2,vo.call.lou.no_wake.2.mp3,yes,,Plain clothes. Leave the phone in the glovebox when you get there.,12,,,,,,,,
2770,Apartment,player,vo.call.lou.no_wake.tony.2,vo.call.lou.no_wake.tony.2.mp3,yes,,No phone. Understood.,3,short,,,,,,,
2771,Apartment,lou1,vo.call.lou.no_wake.3,vo.call.lou.no_wake.3.mp3,yes,,Booski and Willy are already on their way. We are taking a ride.,13,,,,,,,,
2772,Apartment,player,vo.call.lou.no_wake.tony.3,vo.call.lou.no_wake.tony.3.mp3,yes,,All four of us?,4,,,,,,,,
2773,Apartment,lou1,vo.call.lou.no_wake.4,vo.call.lou.no_wake.4.mp3,yes,,"Do not be late, and do not ring me back.",10,,,,,,,,
2774,Apartment,player,vo.call.lou.no_wake.tony.4,vo.call.lou.no_wake.tony.4.mp3,yes,,I will be there.,4,,,,,,,,
2775,Bada Bing,npc-male,vo.bing.ambient.01,vo.bing.ambient.01.mp3,yes,,You hear something happened with the butcher union?,8,,,,,,,,
2776,Bada Bing,npc-reserve-1,vo.bing.ambient.02,vo.bing.ambient.02.mp3,yes,,I don’t talk business near the coat check.,8,,,,,,,,
2777,Bada Bing,npc-reserve-2,vo.bing.ambient.03,vo.bing.ambient.03.mp3,yes,,Four hundred on a duck. A duck. In this economy.,10,,,,,,,,
2778,Bada Bing,npc-male,vo.bing.ambient.04,vo.bing.ambient.04.mp3,yes,,He says it’s a franchise. It’s a van.,8,,,,,,,,
2779,Bada Bing,performer,vo.bing.ambient.05,vo.bing.ambient.05.mp3,yes,,You want a drink or you want the seat? Both is fine. Neither isn’t.,14,,,,,,,,
2780,Bada Bing,npc-reserve-1,vo.bing.ambient.06,vo.bing.ambient.06.mp3,yes,,They stopped doing the Sunday thing. Nobody said why.,9,,,,,,,,
2781,Bada Bing,npc-reserve-2,vo.bing.ambient.07,vo.bing.ambient.07.mp3,yes,,One more hand and I’m going home. I mean it this time.,12,,,,,,,,
2782,Bada Bing,doorman,vo.bing.ambient.08,vo.bing.ambient.08.mp3,yes,,"That’s the prospect. Don’t look at him, you’ll set him off.",11,,,,,,,,
2783,Bada Bing,npc-male,vo.bing.ambient.09,vo.bing.ambient.09.mp3,yes,,Wednesday. Seven. Everybody keeps saying it like I’ve got a diary.,11,,,,,,,,
2784,Bada Bing,bartender,vo.bing.bartender.capacity,vo.bing.bartender.capacity.mp3,yes,,Finish one of those first. I am not a shelf.,10,,,,,,,,
2785,Bada Bing,ape,vo.bing.full.ape.aside.line.rqb5su,vo.bing.full.ape.aside.line.rqb5su.mp3,yes,,"If it comes off, something behind it has to hold the weight instead. Nobody wants that. I do not want that.",21,hud-speak,,,,,,,
2786,Bada Bing,ape,vo.bing.full.ape.asideMore.line.9a3t0p,vo.bing.full.ape.asideMore.line.9a3t0p.mp3,yes,,"So I keep it on, I have a nice time, and everybody goes home. It is a system and it works.",21,,,,,,,,
2787,Bada Bing,player,vo.bing.full.ape.open.tony.1ms948l,vo.bing.full.ape.open.tony.1ms948l.mp3,yes,,I’ll write that on my hand.,6,,I'll write that on my hand.,Noted. Filed. Alphabetised. I'll be carrying that one around for a while.,Noted. That's goin' straight in the vault with the rest of your wisdom.,"Noted, logged, and added to the growing document of things you've said to me that I'll need therapy about.","Noted. I'll remember that. I remember most of what you say, actually.",ACCEPTED 2026-08-19,Corporate-sounding acknowledgment. Ape is the best-written character in the game and deserves a scene partner.
2788,Bada Bing,player,vo.bing.full.ape.open.tony.kay3u1,vo.bing.full.ape.open.tony.kay3u1.mp3,yes,,Another time.,2,short,,,,,,,
2789,Bada Bing,player,vo.bing.full.ape.open.tony.qqlmup,vo.bing.full.ape.open.tony.qqlmup.mp3,yes,,Load-bearing how?,2,short,,,,,,,
2790,Bada Bing,doorman,vo.bing.full.associate.no.line.xr8cgp,vo.bing.full.associate.no.line.xr8cgp.mp3,yes,,No. That’s not what that was. Come on.,8,,,,,,,,
2791,Bada Bing,doorman,vo.bing.full.associate.open.line.1ub3l1a,vo.bing.full.associate.open.line.1ub3l1a.mp3,yes,,Congratulations. You’ve discovered cards. Lou wants you.,7,,,,,,,,
2792,Bada Bing,player,vo.bing.full.associate.open.tony.124286t,vo.bing.full.associate.open.tony.124286t.mp3,yes,,One more hand.,3,short,,,,,,,
2793,Bada Bing,player,vo.bing.full.associate.open.tony.16pgg7u,vo.bing.full.associate.open.tony.16pgg7u.mp3,yes,,I’m going.,2,short,,,,,,,
2794,Bada Bing,aubbie,vo.bing.full.aubbie.aside.line.yx6t7d,vo.bing.full.aubbie.aside.line.yx6t7d.mp3,yes,,"Two nights. There is a chair where I work that reclines, if you lean on it and agree not to call it a chair.",24,,,,,,,,
2795,Bada Bing,aubbie,vo.bing.full.aubbie.asideMore.line.cevhsx,vo.bing.full.aubbie.asideMore.line.cevhsx.mp3,yes,,"My daughter has started describing me to her friends off a photograph. She holds it up. This one, she says. He is very busy.",24,,,,,,,,
2796,Bada Bing,aubbie,vo.bing.full.aubbie.more.line.gdwsve,vo.bing.full.aubbie.more.line.gdwsve.mp3,yes,,"Twelve hours, and then the telephone at midnight to ask how it is coming along. It is coming along exactly as it was at seven. It is coming along.",29,,,,,,,,
2797,Bada Bing,player,vo.bing.full.aubbie.more.tony.1sbfst0,vo.bing.full.aubbie.more.tony.1sbfst0.mp3,yes,,"Get some sleep, Aubbie.",4,,"Go home, Aubbie. I'll tell him you were here till two and he can argue with me about it.","Go home. And if anybody asks where you went, they can come find me, and I'll explain it to them at length.","Go home to bed. And if anyone gives out about it, send them to me and I'll give out back at them.","Go home, Aubbie. Sleep is not a benefit this organization offers, so you'll have to steal it like everything else.","Get some sleep, Aubbie. Go on. Somebody's got to be the one who says it.",open,Toothless concern. It should be affection expressed the only way anyone in this family knows how — as an instruction with a threat shape.
2798,Bada Bing,aubbie,vo.bing.full.aubbie.open.line.ojzmwc,vo.bing.full.aubbie.open.line.ojzmwc.mp3,yes,,Lou has me working on a big project. He wants it done yesterday. I am one man with one pair of hands — I am only human.,27,,,,,,,,
2799,Bada Bing,player,vo.bing.full.aubbie.open.tony.12ju9v8,vo.bing.full.aubbie.open.tony.12ju9v8.mp3,yes,,You look like you haven’t slept.,6,,You look like you've been awake since Tuesday and lost the argument.,You've got the face. The one people get around hour forty. I've seen it on men doing much worse work than this.,You look shockin'. I mean that kindly. You look like somethin' that's been left out.,You look like an HR case that hasn't been filed yet. Does this place have a maximum shift or is that just a thing other businesses have?,You look like you haven't slept. I don't mean anything by it. You just — you look like that.,open,"Bland table-setting. Aubbie is running herself into the ground; the observation should be specific and a little cruel, which is how people in this world show they care."
2800,Bada Bing,player,vo.bing.full.aubbie.open.tony.8whbeq,vo.bing.full.aubbie.open.tony.8whbeq.mp3,yes,,Everything’s yesterday with Lou.,4,,,,,,,,
2801,Bada Bing,player,vo.bing.full.aubbie.open.tony.kay3u1,vo.bing.full.aubbie.open.tony.kay3u1.mp3,yes,,Another time.,2,short,,,,,,,
2802,Bada Bing,bartender,vo.bing.full.bartender.joke.line.1uqigwu,vo.bing.full.bartender.joke.line.1uqigwu.mp3,yes,,Architecture. Take it up with the architect. He’s dead.,9,,,,,,,,
2803,Bada Bing,bartender,vo.bing.full.bartender.lou-drink.line.17f403x,vo.bing.full.bartender.lou-drink.line.17f403x.mp3,yes,,"Coffee. Black, and he complains about it. Enjoy.",8,,,,,,,,
2804,Bada Bing,bartender,vo.bing.full.bartender.open.line.1w2a01j,vo.bing.full.bartender.open.line.1w2a01j.mp3,yes,,Lou’s in the back. He said don’t make him wait.,10,,"Lou's in the back. He said don't make him wait, and he said it in the voice.","Lou's in the back. He said don't make him wait. He said it twice, and the second time he said it to nobody, which is how I knew he meant it.","Lou's out the back. He said don't be keepin' him. And he'd the face on, so.","Lou's in the back. His exact words were don't make him wait, and his exact tone was the one that ends careers.",Lou's in the back. He said not to make him wait. I'd take him at his word on that.,open,Plain relay with none of this bartender's flavour — the same man says 'I am not a shelf' and 'it makes the hands weird'.
2805,Bada Bing,bartender,vo.bing.full.bartender.open.line.k4a1l5,vo.bing.full.bartender.open.line.k4a1l5.mp3,yes,,You’re done already? He must like you.,7,,,,,,,,
2806,Bada Bing,player,vo.bing.full.bartender.open.tony.1573ecz,vo.bing.full.bartender.open.tony.1573ecz.mp3,yes,,One for the road.,4,,Last one. I've got a thing.,"One more. And then I've got a thing, and I'd rather do the thing with one in me than none.","One more and I'm away. I've a job on, and it's the kind you'd want a drink in you for.",One more for the commute. I've got an appointment that's going to require a certain flexibility of conscience.,"One more, then I'll get going. I've got something I've got to do.",open,Stock phrase with no world in it.
2807,Bada Bing,player,vo.bing.full.bartender.open.tony.1d6a7tv,vo.bing.full.bartender.open.tony.1d6a7tv.mp3,yes,,What’s good back there that isn’t going to kill me?,10,,What's good back there that isn't going to kill me?,"What have you got that a man can drink standing up, without a conversation about it.","What've you got? And don't be showin' me the bottle with the dust on it, I've seen where that's been.","What's on offer that won't ruin my evening or my liver, in that order?",What've you got back there? I'm not fussy. I'd just rather not have the one from last time.,ACCEPTED 2026-08-19,"Default RPG bar dialogue. The bartender here has real personality; the kid should be talking to a person, not a vendor menu."
2808,Bada Bing,player,vo.bing.full.bartender.open.tony.1h534md,vo.bing.full.bartender.open.tony.1h534md.mp3,yes,,Later.,1,short,,,,,,,
2809,Bada Bing,player,vo.bing.full.bartender.open.tony.e38pik,vo.bing.full.bartender.open.tony.e38pik.mp3,yes,,Put it on Booski’s tab.,5,,,,,,,,
2810,Bada Bing,player,vo.bing.full.bartender.open.tony.g8wg42,vo.bing.full.bartender.open.tony.g8wg42.mp3,yes,,Anything I should know before I go back there?,9,,What kind of mood is he in back there?,Before I go back there. What's the weather like. And I'm asking a man who has watched a lot of people walk back there.,"What's the form back there? You've watched a lot of fellas go through that door, you'd know.","Give me the room back there. Mood, headcount, and whether anybody's already unhappy before I make it worse.",Anything I ought to know before I head back? You'd know better than me.,open,Exposition-fishing. Video-gamey 'give me the quest info' phrasing.
2811,Bada Bing,player,vo.bing.full.bartender.open.tony.kay3u1,vo.bing.full.bartender.open.tony.kay3u1.mp3,yes,,Another time.,2,short,,,,,,,
2812,Bada Bing,player,vo.bing.full.bartender.open.tony.poqixp,vo.bing.full.bartender.open.tony.poqixp.mp3,yes,,Then why’d you put a bar between me and his office?,11,,,,,,,,
2813,Bada Bing,player,vo.bing.full.bartender.order.tony.1un6u0s,vo.bing.full.bartender.order.tony.1un6u0s.mp3,yes,,Whatever Lou drinks.,3,short,,,,,,,
2814,Bada Bing,player,vo.bing.full.bartender.order.tony.ip1fej,vo.bing.full.bartender.order.tony.ip1fej.mp3,yes,,Beer.,1,short,,,,,,,
2815,Bada Bing,player,vo.bing.full.bartender.order.tony.ti7t3r,vo.bing.full.bartender.order.tony.ti7t3r.mp3,yes,,Whiskey. Neat.,2,short,,,,,,,
2816,Bada Bing,player,vo.bing.full.bartender.order.tony.xa0av4,vo.bing.full.bartender.order.tony.xa0av4.mp3,yes,,Club soda. I’m working.,4,,,,,,,,
2817,Bada Bing,bartender,vo.bing.full.bartender.poured.line.1t39iem,vo.bing.full.bartender.poured.line.1t39iem.mp3,yes,,This is the last one before he sees you. I mean that as a favour.,15,,,,,,,,
2818,Bada Bing,bartender,vo.bing.full.bartender.poured.line.1tvet,vo.bing.full.bartender.poured.line.1tvet.mp3,yes,,On the house. Everything in here is on the house until Lou says otherwise.,14,,,,,,,,
2819,Bada Bing,bartender,vo.bing.full.bartender.soda.line.kmxlpd,vo.bing.full.bartender.soda.line.kmxlpd.mp3,yes,,Club soda. There you go. Big night.,7,,,,,,,,
2820,Bada Bing,bartender,vo.bing.full.bartender.tip.line.19crrv7,vo.bing.full.bartender.tip.line.19crrv7.mp3,yes,,"Somebody’s been sat in the lot twenty minutes. Engine off. Two of them. Not drinking, not leaving, not my business.",20,,,,,,,,
2821,Bada Bing,player,vo.bing.full.booski.open.tony.1h2bls2,vo.bing.full.booski.open.tony.1h2bls2.mp3,yes,,Later — errands.,3,short,,,,,,,
2822,Bada Bing,player,vo.bing.full.booski.open.tony.h4rucb,vo.bing.full.booski.open.tony.h4rucb.mp3,yes,,"The house always pays you, Boosk.",6,,,,,,,,
2823,Bada Bing,player,vo.bing.full.booski.open.tony.obkpk3,vo.bing.full.booski.open.tony.obkpk3.mp3,yes,,"Good to see you too, Boosk.",6,,"You smell like a fire in a butcher's, Boosk.",Good to see you too. You're louder than last time. I didn't think there was room for louder.,Good to see you and all. You've gotten louder. I didn't think that was available to you.,"Good to see you, Boosk. You've somehow gotten bigger, which I was told was not physically possible.","Good to see you too, Boosk. You look — yeah. You look about the same.",open,"Courteous nothing against a loud, huge character. This relationship is the emotional spine of the whole game and this is a handshake."
2824,Bada Bing,doorman,vo.bing.full.bouncer.annoyed.line.3lxppj,vo.bing.full.bouncer.annoyed.line.3lxppj.mp3,yes,,You drove through Jersey. In Jersey. To Jersey. Go in before I have to think about it.,17,,,,,,,,
2825,Bada Bing,doorman,vo.bing.full.bouncer.direct.line.14rmtxu,vo.bing.full.bouncer.direct.line.14rmtxu.mp3,yes,,Everybody’s expected. Nobody’s expected. Go on.,6,,,,,,,,
2826,Bada Bing,doorman,vo.bing.full.bouncer.friendly.line.wgujnz,vo.bing.full.bouncer.friendly.line.wgujnz.mp3,yes,,That’s the coat. It’s a big coat.,7,,,,,,,,
2827,Bada Bing,doorman,vo.bing.full.bouncer.leaving.line.95cupw,vo.bing.full.bouncer.leaving.line.95cupw.mp3,yes,,"Drive safe. And I mean the speed limit, not the other thing.",12,,,,,,,,
2828,Bada Bing,doorman,vo.bing.full.bouncer.open.line.g60di9,vo.bing.full.bouncer.open.line.g60di9.mp3,yes,,Lou know you’re coming?,4,,,,,,,,
2829,Bada Bing,player,vo.bing.full.bouncer.open.tony.1asmym5,vo.bing.full.bouncer.open.tony.1asmym5.mp3,yes,,He’s expecting me.,3,short,,,,,,,
2830,Bada Bing,player,vo.bing.full.bouncer.open.tony.1hks4kv,vo.bing.full.bouncer.open.tony.1hks4kv.mp3,yes,,He better be. I drove through Jersey.,7,,,,,,,,
2831,Bada Bing,player,vo.bing.full.bouncer.open.tony.6s88zr,vo.bing.full.bouncer.open.tony.6s88zr.mp3,yes,,"You’re looking healthy. Wider, but healthy.",6,,,,,,,,
2832,Bada Bing,doorman,vo.bing.full.bouncer.returning2.line.4u1gt6,vo.bing.full.bouncer.returning2.line.4u1gt6.mp3,yes,,Back so soon. That’s either very good or very bad.,10,,,,,,,,
2833,Bada Bing,doorman,vo.bing.full.bouncer.silent.line.hg4nmz,vo.bing.full.bouncer.silent.line.hg4nmz.mp3,yes,,You’re no fun since they made you a prospect.,9,,,,,,,,
2834,Bada Bing,doorman,vo.bing.full.bouncer.through.line.1rtn1fd,vo.bing.full.bouncer.through.line.1rtn1fd.mp3,yes,,He’s in the back. Don’t make me come find you.,10,,,,,,,,
2835,Bada Bing,player,vo.bing.full.captain_lou_sasole.open.tony.1n6r1j9,vo.bing.full.captain_lou_sasole.open.tony.1n6r1j9.mp3,yes,,"They’re alive, which this week counts.",6,,"They're alive, which this week counts.",They're alright. Which this month is a genuinely impressive answer.,They're grand. Well. They're breathin'. That's what grand means now.,"They're fine. And by fine I mean nobody's in a hole, which is the current standard.",They're all right. Everybody's — yeah. Everybody's all right.,ACCEPTED 2026-08-19,A non-answer with no payoff.
2836,Bada Bing,player,vo.bing.full.captain_lou_sasole.open.tony.kay3u1,vo.bing.full.captain_lou_sasole.open.tony.kay3u1.mp3,yes,,Another time.,2,short,,,,,,,
2837,Bada Bing,dealer,vo.bing.full.dealer.open.line.10erdw,vo.bing.full.dealer.open.line.10erdw.mp3,yes,,Seat’s open. Twenty-five minimum.,4,,,,,,,,
2838,Bada Bing,player,vo.bing.full.dealer.open.tony.14moh1q,vo.bing.full.dealer.open.tony.14moh1q.mp3,yes,,This table straight?,3,short,,,,,,,
2839,Bada Bing,player,vo.bing.full.dealer.open.tony.1wp27rz,vo.bing.full.dealer.open.tony.1wp27rz.mp3,yes,,Not tonight.,2,short,,,,,,,
2840,Bada Bing,player,vo.bing.full.dealer.open.tony.zcu8js,vo.bing.full.dealer.open.tony.zcu8js.mp3,yes,,Deal me in.,3,short,,,,,,,
2841,Bada Bing,dealer,vo.bing.full.dealer.straight.line.115m339,vo.bing.full.dealer.straight.line.115m339.mp3,yes,,The cards are.,3,short,,,,,,,
2842,Bada Bing,deathmegatron,vo.bing.full.deathmegatron.aside.line.16wdk95,vo.bing.full.deathmegatron.aside.line.16wdk95.mp3,yes,,"Picked it at fourteen. Typed it in, hit enter, and that was that. You do not get to choose twice.",20,,,,,,,,
2843,Bada Bing,deathmegatron,vo.bing.full.deathmegatron.asideMore.line.nmglp6,vo.bing.full.deathmegatron.asideMore.line.nmglp6.mp3,yes,,Grown men say it to my face in a bank now. Nobody laughs. That is the part I did not plan.,21,,,,,,,,
2844,Bada Bing,player,vo.bing.full.deathmegatron.open.tony.11xy8re,vo.bing.full.deathmegatron.open.tony.11xy8re.mp3,yes,,Where does the name come from?,6,,,,,,,,
2845,Bada Bing,player,vo.bing.full.deathmegatron.open.tony.kay3u1,vo.bing.full.deathmegatron.open.tony.kay3u1.mp3,yes,,Another time.,2,short,,,,,,,
2846,Bada Bing,player,vo.bing.full.deathmegatron.open.tony.n2gou,vo.bing.full.deathmegatron.open.tony.n2gou.mp3,yes,,"Big night, then.",3,short,,,,,,,
2847,Bada Bing,announcer,vo.bing.full.dj.horns.line.15zbk3f,vo.bing.full.dj.horns.line.15zbk3f.mp3,yes,,Horns. Everybody wants horns. Nobody wants the four minutes before the horns.,12,,,,,,,,
2848,Bada Bing,announcer,vo.bing.full.dj.open.line.flx672,vo.bing.full.dj.open.line.flx672.mp3,yes,,You want a request? Because the answer’s no. Lou picks the records.,12,,,,,,,,
2849,Bada Bing,announcer,vo.bing.full.dj.open.line.yranbx,vo.bing.full.dj.open.line.yranbx.mp3,yes,,"Back again. Alright — one request, and if Lou asks, you threatened me.",13,,,,,,,,
2850,Bada Bing,player,vo.bing.full.dj.open.tony.1nr2ebp,vo.bing.full.dj.open.tony.1nr2ebp.mp3,yes,,Something with horns. Loud.,4,,,,,,,,
2851,Bada Bing,player,vo.bing.full.dj.open.tony.1va8fo7,vo.bing.full.dj.open.tony.1va8fo7.mp3,yes,,Anything by the Squatch?,4,,,,,,,,
2852,Bada Bing,player,vo.bing.full.dj.open.tony.eyf3o,vo.bing.full.dj.open.tony.eyf3o.mp3,yes,,Anything by the Squatch.,4,,,,,,,,
2853,Bada Bing,player,vo.bing.full.dj.open.tony.h033a9,vo.bing.full.dj.open.tony.h033a9.mp3,yes,,Fair enough.,2,short,,,,,,,
2854,Bada Bing,announcer,vo.bing.full.dj.squatch.line.1m9s40e,vo.bing.full.dj.squatch.line.1m9s40e.mp3,yes,,"That’s the one thing I would play. It’s in the crate. Lou says it’s ""a lot"".",16,,,,,,,,
2855,Bada Bing,player,vo.bing.full.eric.open.tony.1jw6ixv,vo.bing.full.eric.open.tony.1jw6ixv.mp3,yes,,What should I eat nearby?,5,,,,,,,,
2856,Bada Bing,player,vo.bing.full.eric.open.tony.1upksdx,vo.bing.full.eric.open.tony.1upksdx.mp3,yes,,Alright. What’s happening overseas?,4,,,,,,,,
2857,Bada Bing,player,vo.bing.full.eric.open.tony.kay3u1,vo.bing.full.eric.open.tony.kay3u1.mp3,yes,,Another time.,2,short,,,,,,,
2858,Bada Bing,gratin,vo.bing.full.gratin.aside.line.1hz1fmf,vo.bing.full.gratin.aside.line.1hz1fmf.mp3,yes,,One fella. Been here longer than the carpet. He does not speak to me and I respect that enormously.,19,,,,,,,,
2859,Bada Bing,gratin,vo.bing.full.gratin.asideMore.line.1b7uagz,vo.bing.full.gratin.asideMore.line.1b7uagz.mp3,yes,,I sent a compliment back once. He sent the shrimp back out. Same shrimp. Still wrong. That is a man with a position.,23,,,,,,,,
2860,Bada Bing,player,vo.bing.full.gratin.open.tony.kay3u1,vo.bing.full.gratin.open.tony.kay3u1.mp3,yes,,Another time.,2,short,,,,,,,
2861,Bada Bing,player,vo.bing.full.gratin.open.tony.ueqzhj,vo.bing.full.gratin.open.tony.ueqzhj.mp3,yes,,Who actually cooks back there?,5,,,,,,,,
2862,Bada Bing,player,vo.bing.full.gratin.open.tony.xqe6sq,vo.bing.full.gratin.open.tony.xqe6sq.mp3,yes,,"That’s not loyalty, that’s a condition.",6,,,,,,,,
2863,Bada Bing,doorman,vo.bing.full.hallGuard.no.line.zp6uhs,vo.bing.full.hallGuard.no.line.zp6uhs.mp3,yes,,No. Go in. He’s been staring at the same page five minutes.,12,,,,,,,,
2864,Bada Bing,doorman,vo.bing.full.hallGuard.open.line.eewi55,vo.bing.full.hallGuard.open.line.eewi55.mp3,yes,,He’s in a mood.,4,,,,,,,,
2865,Bada Bing,doorman,vo.bing.full.hallGuard.open.line.xnqyll,vo.bing.full.hallGuard.open.line.xnqyll.mp3,yes,,That sit comfortable?,3,short,,,,,,,
2866,Bada Bing,player,vo.bing.full.hallGuard.open.tony.1gct3gj,vo.bing.full.hallGuard.open.tony.1gct3gj.mp3,yes,,Then I won’t keep him.,5,,Then I'll be quick and he won't have to look at me long.,Then I won't keep him. I'll be in and out so fast he'll think he imagined it.,Then I'll not keep him. I'll be in and gone before he's finished disapprovin' of me.,Then I'll be brief. Nobody's ever complained that I took up too little of their evening.,Then I won't keep him long. I know he's busy. Everybody's busy.,open,Butler politeness from a mob prospect to a doorman.
2867,Bada Bing,player,vo.bing.full.hallGuard.open.tony.1qhb99,vo.bing.full.hallGuard.open.tony.1qhb99.mp3,yes,,It’s tailoring.,2,short,,,,,,,
2868,Bada Bing,player,vo.bing.full.hallGuard.open.tony.6lnk7x,vo.bing.full.hallGuard.open.tony.6lnk7x.mp3,yes,,That narrow it down?,4,,,,,,,,
2869,Bada Bing,doorman,vo.bing.full.hallGuard.tailoring.line.1y5k1wo,vo.bing.full.hallGuard.tailoring.line.1y5k1wo.mp3,yes,,Sure it is. Keep your jacket shut in the lot.,10,,,,,,,,
2870,Bada Bing,hogmama,vo.bing.full.hogmama.aside.line.b0yc0w,vo.bing.full.hogmama.aside.line.b0yc0w.mp3,yes,,"Ninety-seven eight, baby. Every night they let me. Half the callers are in this room pretending they are not.",19,,,,,,,,
2871,Bada Bing,hogmama,vo.bing.full.hogmama.asideMore.line.snlo98,vo.bing.full.hogmama.asideMore.line.snlo98.mp3,yes,,Somebody phones in a dedication for his own wife and puts on a voice. I take it. I always take it.,21,,,,,,,,
2872,Bada Bing,player,vo.bing.full.hogmama.open.tony.1at8yi0,vo.bing.full.hogmama.open.tony.1at8yi0.mp3,yes,,"You do the radio too, right?",6,,,,,,,,
2873,Bada Bing,player,vo.bing.full.hogmama.open.tony.kay3u1,vo.bing.full.hogmama.open.tony.kay3u1.mp3,yes,,Another time.,2,short,,,,,,,
2874,Bada Bing,player,vo.bing.full.hogmama.open.tony.qr02zn,vo.bing.full.hogmama.open.tony.qr02zn.mp3,yes,,Uh. “Errand.”,2,short,,,,,,,
2875,Bada Bing,player,vo.bing.full.irish.open.tony.kay3u1,vo.bing.full.irish.open.tony.kay3u1.mp3,yes,,Another time.,2,short,,,,,,,
2876,Bada Bing,player,vo.bing.full.irish.open.tony.msqwvq,vo.bing.full.irish.open.tony.msqwvq.mp3,yes,,Go on.,2,short,,,,,,,
2877,Bada Bing,blond,vo.bing.full.james_blond.afterSwing.line.b8zbj7,vo.bing.full.james_blond.afterSwing.line.b8zbj7.mp3,yes,,I’ve had rougher service in Monte Carlo.,7,,,,,,,,
2878,Bada Bing,gratin,vo.bing.full.james_blond.afterTheName.line.51k0p1,vo.bing.full.james_blond.afterTheName.line.51k0p1.mp3,yes,,Anything else you want to ask him while he’s being helpful?,11,,,,,,,,
2879,Bada Bing,player,vo.bing.full.james_blond.afterTheName.tony.j8avic,vo.bing.full.james_blond.afterTheName.tony.j8avic.mp3,yes,,Nothing. We’re finished here.,4,,,,,,,,
2880,Bada Bing,player,vo.bing.full.james_blond.afterTheName.tony.knrqmb,vo.bing.full.james_blond.afterTheName.tony.knrqmb.mp3,yes,,That was available the entire time. Every minute of the last hour was elective. I hope you understand that’s a choice you made.,23,,"You had that in you the whole time. All of that, for that.",You had that the whole time. That whole name was sitting in you while we did all of this. I want you to think about how much of the last hour was optional.,"You had that in you the whole time. All that carry-on, and it was in you the whole while. That's on you, that is.",That was available the entire time. Every minute of the last hour was elective. I hope you understand that's a choice you made.,You had that the whole time. Huh. That's — that's a hell of a thing to sit on.,ACCEPTED 2026-08-19,"Curiously polite, immediately after torturing a confession out of a man. The kid should be cold here, or genuinely rattled — not conversational."
2881,Bada Bing,blond,vo.bing.full.james_blond.breaks.line.1ny5y3j,vo.bing.full.james_blond.breaks.line.1ny5y3j.mp3,yes,,All right! The informant meets my handler every Thursday behind the laundromat.,12,,,,,,,,
2882,Bada Bing,gratin,vo.bing.full.james_blond.brief.line.1trqp5z,vo.bing.full.james_blond.brief.line.1trqp5z.mp3,yes,,He keeps laughing every time I hit him. I can’t tell if he’s tough or just British.,17,,,,,,,,
2883,Bada Bing,player,vo.bing.full.james_blond.car.line.69f8av,vo.bing.full.james_blond.car.line.69f8av.mp3,yes,,What kind of car?,4,,,,,,,,
2884,Bada Bing,blond,vo.bing.full.james_blond.carAlarm.line.13sonpd,vo.bing.full.james_blond.carAlarm.line.13sonpd.mp3,yes,,You stay away from that automobile.,6,,,,,,,,
2885,Bada Bing,blond,vo.bing.full.james_blond.carAnswer.line.w5u623,vo.bing.full.james_blond.carAnswer.line.w5u623.mp3,yes,,A 1964 Harrington V12.,4,,,,,,,,
2886,Bada Bing,gratin,vo.bing.full.james_blond.carForklift.line.1twcgw1,vo.bing.full.james_blond.carForklift.line.1twcgw1.mp3,yes,,"Prospect, go get the forklift.",5,,,,,,,,
2887,Bada Bing,player,vo.bing.full.james_blond.carForklift.tony.1idy71j,vo.bing.full.james_blond.carForklift.tony.1idy71j.mp3,yes,,Turn towards the door.,4,,,,,,,,
2888,Bada Bing,gratin,vo.bing.full.james_blond.carGratin.line.hlj7s4,vo.bing.full.james_blond.carGratin.line.hlj7s4.mp3,yes,,Is that the little silver one out back?,8,,,,,,,,
2889,Bada Bing,gratin,vo.bing.full.james_blond.cart.line.deno9b,vo.bing.full.james_blond.cart.line.deno9b.mp3,yes,,Help yourself. It’s a kitchen.,5,,,,,,,,
2890,Bada Bing,player,vo.bing.full.james_blond.cart.tony.12ogipb,vo.bing.full.james_blond.cart.tony.12ogipb.mp3,yes,,The tongs.,2,short,,,,,,,
2891,Bada Bing,player,vo.bing.full.james_blond.cart.tony.17ou3f3,vo.bing.full.james_blond.cart.tony.17ou3f3.mp3,yes,,The ice bucket.,3,short,,,,,,,
2892,Bada Bing,player,vo.bing.full.james_blond.cart.tony.1cue1tm,vo.bing.full.james_blond.cart.tony.1cue1tm.mp3,yes,,The meat tenderiser.,3,short,,,,,,,
2893,Bada Bing,player,vo.bing.full.james_blond.cart.tony.3p3dbx,vo.bing.full.james_blond.cart.tony.3p3dbx.mp3,yes,,The bottle with no label.,5,,,,,,,,
2894,Bada Bing,player,vo.bing.full.james_blond.cart.tony.of4ibu,vo.bing.full.james_blond.cart.tony.of4ibu.mp3,yes,,Leave the cart alone.,4,,Cart stays where it is. He can look at it.,Leave the cart. Let him look at it. A man looking at a cart does more work in five minutes than I could do in an hour.,Leave the cart. Let him have a good look at it. That's half the job done and I've not lifted a thing.,Cart stays. Let him inventory it himself. Anticipation is free and I'm running a business.,"Leave the cart alone. Just let him see it. That's usually enough, in my experience.",open,"Flat command sitting next to genuinely great options — the tongs, the ice bucket, the meat tenderiser. This one should be a choice with a reason in it."
2895,Bada Bing,gratin,vo.bing.full.james_blond.cordInHand.line.4hherc,vo.bing.full.james_blond.cordInHand.line.4hherc.mp3,yes,,Aim low. Apparently that’s where England keeps its secrets.,9,,,,,,,,
2896,Bada Bing,blond,vo.bing.full.james_blond.counterAtYou.line.1gax5j7,vo.bing.full.james_blond.counterAtYou.line.1gax5j7.mp3,yes,,And you. The new recruit. Do you truly believe these animals consider you family?,14,,,,,,,,
2897,Bada Bing,player,vo.bing.full.james_blond.counterAtYou.tony.10iu49w,vo.bing.full.james_blond.counterAtYou.tony.10iu49w.mp3,yes,,More than your people considered you.,6,,,,,,,,
2898,Bada Bing,player,vo.bing.full.james_blond.counterAtYou.tony.1urb46s,vo.bing.full.james_blond.counterAtYou.tony.1urb46s.mp3,yes,,I’m mostly here for the health insurance.,7,,,,,,,,
2899,Bada Bing,player,vo.bing.full.james_blond.counterAtYou.tony.o95x3g,vo.bing.full.james_blond.counterAtYou.tony.o95x3g.mp3,yes,,Keep talking.,2,short,,,,,,,
2900,Bada Bing,gratin,vo.bing.full.james_blond.counterGratin.line.aegi1v,vo.bing.full.james_blond.counterGratin.line.aegi1v.mp3,yes,,Lou still has my bowling shoes. We’re tied together financially.,10,,,,,,,,
2901,Bada Bing,numbskull,vo.bing.full.james_blond.counterJoke.line.r8ym0o,vo.bing.full.james_blond.counterJoke.line.r8ym0o.mp3,yes,,"We do not have that. Gratin, do we have that?",10,,,,,,,,
2902,Bada Bing,blond,vo.bing.full.james_blond.counterKeep.line.c3v5wx,vo.bing.full.james_blond.counterKeep.line.c3v5wx.mp3,yes,,"I’d rather not, now you’ve said it like that.",9,,,,,,,,
2903,Bada Bing,gratin,vo.bing.full.james_blond.counterLanded.line.1jesc5n,vo.bing.full.james_blond.counterLanded.line.1jesc5n.mp3,yes,,"Oh, that landed. Look at his face. That LANDED.",9,,,,,,,,
2904,Bada Bing,blond,vo.bing.full.james_blond.counterMaybe.line.szn5vr,vo.bing.full.james_blond.counterMaybe.line.szn5vr.mp3,yes,,"You know, your employer will dispose of you the moment you become inconvenient.",13,,,,,,,,
2905,Bada Bing,gratin,vo.bing.full.james_blond.counterSilence.line.dzdccn,vo.bing.full.james_blond.counterSilence.line.dzdccn.mp3,yes,,"Nothing. He gave him nothing. Prospect, that’s the first professional thing anybody’s done in this room tonight.",17,,,,,,,,
2906,Bada Bing,gratin,vo.bing.full.james_blond.endings.line.zqtjnp,vo.bing.full.james_blond.endings.line.zqtjnp.mp3,yes,,So. What do we do with him.,7,,,,,,,,
2907,Bada Bing,player,vo.bing.full.james_blond.endings.tony.astkvk,vo.bing.full.james_blond.endings.tony.astkvk.mp3,yes,,Finish the job.,3,short,,,,,,,
2908,Bada Bing,gratin,vo.bing.full.james_blond.endShot.line.tgrvlq,vo.bing.full.james_blond.endShot.line.tgrvlq.mp3,yes,,"Right. Numbskull, the drain’s right there. And somebody find out whose car that is now.",15,,,,,,,,
2909,Bada Bing,snow,vo.bing.full.james_blond.endSnowAnswer.line.1lmpqhy,vo.bing.full.james_blond.endSnowAnswer.line.1lmpqhy.mp3,yes,,"Every time there’s a drain involved, it’s me. I’m not saying no. I’m saying it’s getting ridiculous.",17,,,,,,,,
2910,Bada Bing,gratin,vo.bing.full.james_blond.endSnowDone.line.f5ed3v,vo.bing.full.james_blond.endSnowDone.line.f5ed3v.mp3,yes,,He says that every time too.,6,,,,,,,,
2911,Bada Bing,numbskull,vo.bing.full.james_blond.endSnowShout.line.bznutd,vo.bing.full.james_blond.endSnowShout.line.bznutd.mp3,yes,,SNOW. We’re gonna need you back here.,7,,,,,,,,
2912,Bada Bing,player,vo.bing.full.james_blond.firstQuestion.line.cf4bx8,vo.bing.full.james_blond.firstQuestion.line.cf4bx8.mp3,yes,,"Let’s start with money. Not names, money. Who paid you? how, and did it clear?",15,,Whose money is in your shoes?,"Let's start with money. Not names — money. Who paid you, how, and did it clear.","Who's payin' you? And don't say a name, say an amount. The amount tells me the name.","Who's funding you? And I want the entity, not the individual, because the individual's always some idiot with a clipboard.",Who hired you? I'd like to know that. It'd save everybody some time.,ACCEPTED 2026-08-19,"Stock interrogation. Every other option in this beat has specificity — the hair, the silver case, the car — and this one has none."
2913,Bada Bing,gratin,vo.bing.full.james_blond.floor.line.14lf3a1,vo.bing.full.james_blond.floor.line.14lf3a1.mp3,yes,,Well? He’s not going to volunteer.,6,,,,,,,,
2914,Bada Bing,gratin,vo.bing.full.james_blond.floor.line.arj3ng,vo.bing.full.james_blond.floor.line.arj3ng.mp3,yes,,He’s got a whole life in that jacket. Keep pulling.,10,,,,,,,,
2915,Bada Bing,player,vo.bing.full.james_blond.floor.tony.1clbh8f,vo.bing.full.james_blond.floor.tony.1clbh8f.mp3,yes,,Who inside the family are you talking to?,8,,Which one of ours has been talking to you? Say the name and this stops.,"Somebody in that room upstairs has been talking to you. I've eaten with those men. I want a name, and then I want to go and sit down.",Which of ours is talkin' to you? I've had me dinner with every one of them. Say a name and ruin me evenin'.,Who's your inside line? Because I've got a room full of people upstairs and one of them's a subscription service.,Who're you talking to inside? Somebody is. That's just — that's the only way any of this works.,open,Generic phrasing for the single most important question in the scene.
2916,Bada Bing,player,vo.bing.full.james_blond.floor.tony.1okd54y,vo.bing.full.james_blond.floor.tony.1okd54y.mp3,yes,,Step back and let Gratin have another go.,8,,,,,,,,
2917,Bada Bing,player,vo.bing.full.james_blond.floor.tony.1rdb28s,vo.bing.full.james_blond.floor.tony.1rdb28s.mp3,yes,,Who sent you into our city?,6,,Who put you on a plane to this shithole?,"Somebody put you on a plane. Somebody looked at a map, found this place, and thought: him. I want that person's name and I want to know what they were drinking.",Who sent you here? To here. Have you seen here? Someone hated you enough to send you here.,"Who deployed you? Because somebody sat in an office and decided this town was worth an operative, and I'd love to see that business case.",Who sent you out here? Somebody had to send you. Nobody comes here on their own.,open,"'Our city' reads like a placeholder from a different, worse game."
2918,Bada Bing,player,vo.bing.full.james_blond.floor.tony.1x9y9bu,vo.bing.full.james_blond.floor.tony.1x9y9bu.mp3,yes,,Where did the silver case go?,6,,,,,,,,
2919,Bada Bing,player,vo.bing.full.james_blond.floor.tony.69f8av,vo.bing.full.james_blond.floor.tony.69f8av.mp3,yes,,What kind of car?,4,,,,,,,,
2920,Bada Bing,player,vo.bing.full.james_blond.floor.tony.h1m51k,vo.bing.full.james_blond.floor.tony.h1m51k.mp3,yes,,How do you keep your hair like that?,8,,,,,,,,
2921,Bada Bing,player,vo.bing.full.james_blond.floor.tony.jotwam,vo.bing.full.james_blond.floor.tony.jotwam.mp3,yes,,Use something off the cart.,5,,,,,,,,
2922,Bada Bing,blond,vo.bing.full.james_blond.frogBlond.line.15on3v8,vo.bing.full.james_blond.frogBlond.line.15on3v8.mp3,yes,,"For what it is worth, I agree with him.",9,,,,,,,,
2923,Bada Bing,gratin,vo.bing.full.james_blond.frogGratin.line.10vlvfn,vo.bing.full.james_blond.frogGratin.line.10vlvfn.mp3,yes,,"Well, I’m not going to dive any deeper into that idea at all.",13,,,,,,,,
2924,Bada Bing,player,vo.bing.full.james_blond.frogProspect.line.bjghya,vo.bing.full.james_blond.frogProspect.line.bjghya.mp3,yes,,…Like a frog?,3,short,,,,,,,
2925,Bada Bing,gratin,vo.bing.full.james_blond.gratinAdmits.line.kdt4b8,vo.bing.full.james_blond.gratinAdmits.line.kdt4b8.mp3,yes,,It’s a good technique.,4,,,,,,,,
2926,Bada Bing,gratin,vo.bing.full.james_blond.gratinLooksRound.line.pahehk,vo.bing.full.james_blond.gratinLooksRound.line.pahehk.mp3,yes,,That was your first mistake.,5,,,,,,,,
2927,Bada Bing,blond,vo.bing.full.james_blond.gratinTechnique.line.1gf55s1,vo.bing.full.james_blond.gratinTechnique.line.1gf55s1.mp3,yes,,That is the same technique.,5,,,,,,,,
2928,Bada Bing,gratin,vo.bing.full.james_blond.gratinTurn.line.1agsef5,vo.bing.full.james_blond.gratinTurn.line.1agsef5.mp3,yes,,Fine. Watch. This is a technique.,6,,,,,,,,
2929,Bada Bing,gratin,vo.bing.full.james_blond.gratinVindicated.line.p3a1d8,vo.bing.full.james_blond.gratinVindicated.line.p3a1d8.mp3,yes,,See? That’s the crap he’s been doing all night.,9,,,,,,,,
2930,Bada Bing,gratin,vo.bing.full.james_blond.hairAgain.line.1fpfdmy,vo.bing.full.james_blond.hairAgain.line.1fpfdmy.mp3,yes,,Hit him again.,3,short,,,,,,,
2931,Bada Bing,gratin,vo.bing.full.james_blond.handOverCord.line.127e3o,vo.bing.full.james_blond.handOverCord.line.127e3o.mp3,yes,,"Here. Off the fryer. It was a cord before it was anything else, so nobody has to explain it later.",20,,,,,,,,
2932,Bada Bing,gratin,vo.bing.full.james_blond.iceGratin.line.ocnwj3,vo.bing.full.james_blond.iceGratin.line.ocnwj3.mp3,yes,,"Outstanding work, Prospect. We’ve confirmed his temperature.",7,,,,,,,,
2933,Bada Bing,gratin,vo.bing.full.james_blond.jacketGratin.line.1lywjjv,vo.bing.full.james_blond.jacketGratin.line.1lywjjv.mp3,yes,,"Prospect. Prospect, look at him. He didn’t blink for the tongs.",11,,,,,,,,
2934,Bada Bing,gratin,vo.bing.full.james_blond.nameDemanded.line.amwd14,vo.bing.full.james_blond.nameDemanded.line.amwd14.mp3,yes,,Name.,1,short,,,,,,,
2935,Bada Bing,numbskull,vo.bing.full.james_blond.numbskullFrogIdea.line.12h8hyk,vo.bing.full.james_blond.numbskullFrogIdea.line.12h8hyk.mp3,yes,,What if we crucify him like a frog?,8,,,,,,,,
2936,Bada Bing,numbskull,vo.bing.full.james_blond.numbskullWeighsIn.line.hqn8ez,vo.bing.full.james_blond.numbskullWeighsIn.line.hqn8ez.mp3,yes,,I offered to hold him. Gratin says that’s not the part that isn’t working.,14,hud-speak,,,,,,,
2937,Bada Bing,blond,vo.bing.full.james_blond.open.line.rndh1f,vo.bing.full.james_blond.open.line.rndh1f.mp3,yes,,"Blond. James Blond. International intelligence, specialised operations, occasional baccarat.",9,,,,,,,,
2938,Bada Bing,blond,vo.bing.full.james_blond.persuasive.line.vs21k,vo.bing.full.james_blond.persuasive.line.vs21k.mp3,yes,,You’ll need to be considerably more persuasive.,7,,,,,,,,
2939,Bada Bing,blond,vo.bing.full.james_blond.propCamera.line.1jwl4zv,vo.bing.full.james_blond.propCamera.line.1jwl4zv.mp3,yes,,There is nothing on it. There is famously nothing on it. Please put it down.,15,,,,,,,,
2940,Bada Bing,blond,vo.bing.full.james_blond.propJacket.line.1aaslx6,vo.bing.full.james_blond.propJacket.line.1aaslx6.mp3,yes,,That is not off a rack. A man in Naples is going to hear about this and he is going to be hurt.,23,,,,,,,,
2941,Bada Bing,gratin,vo.bing.full.james_blond.propKeys.line.g9ptbe,vo.bing.full.james_blond.propKeys.line.g9ptbe.mp3,yes,,Car keys. Nice ones. Heavier than my car.,8,,,,,,,,
2942,Bada Bing,blond,vo.bing.full.james_blond.propPistol.line.15t3auz,vo.bing.full.james_blond.propPistol.line.15t3auz.mp3,yes,,That is a fitted grip. You will not find another. I would rather you shot me with it than dropped it.,21,,,,,,,,
2943,Bada Bing,blond,vo.bing.full.james_blond.propWatch.line.w6o8hq,vo.bing.full.james_blond.propWatch.line.w6o8hq.mp3,yes,,"Careful. That is not a watch, that is a receipt for eleven years of my life.",16,,,,,,,,
2944,Bada Bing,blond,vo.bing.full.james_blond.qCase.line.pcyjzg,vo.bing.full.james_blond.qCase.line.pcyjzg.mp3,yes,,The silver case went where silver cases go. I’d check the last man who told you it was silver.,19,,,,,,,,
2945,Bada Bing,blond,vo.bing.full.james_blond.qHair.line.1hk6jwj,vo.bing.full.james_blond.qHair.line.1hk6jwj.mp3,yes,,"Sea salt, discipline, and excellent genetics.",6,,,,,,,,
2946,Bada Bing,blond,vo.bing.full.james_blond.qInformant.line.je5kob,vo.bing.full.james_blond.qInformant.line.je5kob.mp3,yes,,"Inside? Goodness. You’ve assumed the answer is a person and not, say, a filing habit.",15,,,,,,,,
2947,Bada Bing,blond,vo.bing.full.james_blond.qOrg.line.914mel,vo.bing.full.james_blond.qOrg.line.914mel.mp3,yes,,Nobody sends me anywhere. I am invited. Occasionally I am invited very quietly indeed.,14,,,,,,,,
2948,Bada Bing,gratin,vo.bing.full.james_blond.resume.line.xv8pi2,vo.bing.full.james_blond.resume.line.xv8pi2.mp3,yes,,I didn’t ask for your résumé.,6,,,,,,,,
2949,Bada Bing,blond,vo.bing.full.james_blond.sauceBlond.line.10e3tm0,vo.bing.full.james_blond.sauceBlond.line.10e3tm0.mp3,yes,,Now — let us all be terribly calm about this. What was the question?,14,,,,,,,,
2950,Bada Bing,blond,vo.bing.full.james_blond.shubesAccepted.line.1xe56ci,vo.bing.full.james_blond.shubesAccepted.line.1xe56ci.mp3,yes,,Thank you.,2,short,,,,,,,
2951,Bada Bing,blond,vo.bing.full.james_blond.shubesAftermath.line.mkwsr4,vo.bing.full.james_blond.shubesAftermath.line.mkwsr4.mp3,yes,,Remarkably good.,2,short,,,,,,,
2952,Bada Bing,shubenator,vo.bing.full.james_blond.shubesBacksOut.line.18dho87,vo.bing.full.james_blond.shubesBacksOut.line.18dho87.mp3,yes,,"Okay. Well, let me know if you guys need anything.",10,,,,,,,,
2953,Bada Bing,gratin,vo.bing.full.james_blond.shubesDenial.line.cdtg5n,vo.bing.full.james_blond.shubesDenial.line.cdtg5n.mp3,yes,,There is no British guy tied to the chair.,9,,,,,,,,
2954,Bada Bing,gratin,vo.bing.full.james_blond.shubesFrozen.line.1q4bx1r,vo.bing.full.james_blond.shubesFrozen.line.1q4bx1r.mp3,yes,,They’re frozen.,2,short,,,,,,,
2955,Bada Bing,gratin,vo.bing.full.james_blond.shubesGetOut.line.1we2h77,vo.bing.full.james_blond.shubesGetOut.line.1we2h77.mp3,yes,,Get out.,2,short,,,,,,,
2956,Bada Bing,blond,vo.bing.full.james_blond.shubesGoodEvening.line.17v4q3y,vo.bing.full.james_blond.shubesGoodEvening.line.17v4q3y.mp3,yes,,Good evening.,2,short,,,,,,,
2957,Bada Bing,shubenator,vo.bing.full.james_blond.shubesHey.line.1y290h5,vo.bing.full.james_blond.shubesHey.line.1y290h5.mp3,yes,,Hey.,1,filler short,,,,,,,
2958,Bada Bing,shubenator,vo.bing.full.james_blond.shubesIsThis.line.1v7i9qx,vo.bing.full.james_blond.shubesIsThis.line.1v7i9qx.mp3,yes,,Oh. Is this the guy?,5,,,,,,,,
2959,Bada Bing,shubenator,vo.bing.full.james_blond.shubesOffers.line.btoqo9,vo.bing.full.james_blond.shubesOffers.line.btoqo9.mp3,yes,,Mozzarella stick?,2,short,,,,,,,
2960,Bada Bing,gratin,vo.bing.full.james_blond.shubesPrivate.line.5i2jnd,vo.bing.full.james_blond.shubesPrivate.line.5i2jnd.mp3,yes,,Private meeting.,2,short,,,,,,,
2961,Bada Bing,shubenator,vo.bing.full.james_blond.shubesReturns.line.1c39j1y,vo.bing.full.james_blond.shubesReturns.line.1c39j1y.mp3,yes,,Do you want me to lock this?,7,,,,,,,,
2962,Bada Bing,shubenator,vo.bing.full.james_blond.shubesTheBritishGuy.line.1cc81p1,vo.bing.full.james_blond.shubesTheBritishGuy.line.1cc81p1.mp3,yes,,The British guy tied to the chair.,7,,,,,,,,
2963,Bada Bing,gratin,vo.bing.full.james_blond.shubesWhatGuy.line.3qj8s5,vo.bing.full.james_blond.shubesWhatGuy.line.3qj8s5.mp3,yes,,What guy?,2,short,,,,,,,
2964,Bada Bing,gratin,vo.bing.full.james_blond.shubesYes.line.1l7u0l6,vo.bing.full.james_blond.shubesYes.line.1l7u0l6.mp3,yes,,YES.,1,filler short all-caps,,,,,,,
2965,Bada Bing,blond,vo.bing.full.james_blond.smashCamera.line.l8fm6d,vo.bing.full.james_blond.smashCamera.line.l8fm6d.mp3,yes,,There was nothing on it. Now there is nothing on it in a way I shall have to explain in writing.,21,,,,,,,,
2966,Bada Bing,blond,vo.bing.full.james_blond.smashJacket.line.htk90b,vo.bing.full.james_blond.smashJacket.line.htk90b.mp3,yes,,You have torn it at the shoulder. That is not a repair. There is no repair. That is a funeral.,20,,,,,,,,
2967,Bada Bing,gratin,vo.bing.full.james_blond.smashKeys.line.l5s525,vo.bing.full.james_blond.smashKeys.line.l5s525.mp3,yes,,"Not those. Prospect, look at me — not those. Those are the only good news in this room.",18,,,,,,,,
2968,Bada Bing,blond,vo.bing.full.james_blond.smashPistol.line.1578w3p,vo.bing.full.james_blond.smashPistol.line.1578w3p.mp3,yes,,"You have bent the frame. That was fitted to my hand. Do you understand that it cannot be replaced, only apologised for.",22,,,,,,,,
2969,Bada Bing,numbskull,vo.bing.full.james_blond.smashPistolNumbskull.line.14alimb,vo.bing.full.james_blond.smashPistolNumbskull.line.14alimb.mp3,yes,,That was worth my car.,5,,,,,,,,
2970,Bada Bing,blond,vo.bing.full.james_blond.smashWatch.line.1rzgx43,vo.bing.full.james_blond.smashWatch.line.1rzgx43.mp3,yes,,That was my father’s. You have just done the only thing that will be remembered about tonight.,17,,,,,,,,
2971,Bada Bing,gratin,vo.bing.full.james_blond.smashWatchGratin.line.14vy3td,vo.bing.full.james_blond.smashWatchGratin.line.14vy3td.mp3,yes,,There it is. THERE it is. Prospect — everything on that table. All of it.,15,,,,,,,,
2972,Bada Bing,blond,vo.bing.full.james_blond.swingAgain.line.wfw3i6,vo.bing.full.james_blond.swingAgain.line.wfw3i6.mp3,yes,,Mm. Yes. That is certainly a thing that happened to me.,11,,,,,,,,
2973,Bada Bing,blond,vo.bing.full.james_blond.swingThree.line.180re6x,vo.bing.full.james_blond.swingThree.line.180re6x.mp3,yes,,There. That is all of it. That is everything my body has to offer you and I am afraid it is not very much.,24,,,,,,,,
2974,Bada Bing,blond,vo.bing.full.james_blond.swingTwo.line.k36lws,vo.bing.full.james_blond.swingTwo.line.k36lws.mp3,yes,,Do keep going. I should hate to be the only one in this room getting anything out of it.,19,,,,,,,,
2975,Bada Bing,numbskull,vo.bing.full.james_blond.swingTwoNumbskull.line.1o82303,vo.bing.full.james_blond.swingTwoNumbskull.line.1o82303.mp3,yes,,Is he supposed to be doing that with his face?,10,,,,,,,,
2976,Bada Bing,blond,vo.bing.full.james_blond.swingWide.line.3aw6k8,vo.bing.full.james_blond.swingWide.line.3aw6k8.mp3,yes,,Do let me know when you begin.,7,,,,,,,,
2977,Bada Bing,gratin,vo.bing.full.james_blond.tableNudge.line.1rlhme0,vo.bing.full.james_blond.tableNudge.line.1rlhme0.mp3,yes,,Stop. Prospect — stop. Look at his face. He’s been counting them.,12,,,,,,,,
2978,Bada Bing,blond,vo.bing.full.james_blond.tableNudgeBlond.line.1o9vlnf,vo.bing.full.james_blond.tableNudgeBlond.line.1o9vlnf.mp3,yes,,I would very much rather you didn’t.,7,,,,,,,,
2979,Bada Bing,gratin,vo.bing.full.james_blond.tableNudgeTable.line.ts4u3i,vo.bing.full.james_blond.tableNudgeTable.line.ts4u3i.mp3,yes,,Everything out of his pockets is on the table behind you. Numbskull laid it out. Go and pick his life up instead of hitting him with a fryer part.,29,,,,,,,,
2980,Bada Bing,gratin,vo.bing.full.james_blond.tenderizerGratin.line.fuqrfz,vo.bing.full.james_blond.tenderizerGratin.line.fuqrfz.mp3,yes,,This is Tennessee. We got our own conventions.,8,,,,,,,,
2981,Bada Bing,blond,vo.bing.full.james_blond.theName.line.1bukl7f,vo.bing.full.james_blond.theName.line.1bukl7f.mp3,yes,,Vincent Mallard.,2,short,,,,,,,
2982,Bada Bing,gratin,vo.bing.full.james_blond.tongsGratin.line.1oqnpv0,vo.bing.full.james_blond.tongsGratin.line.1oqnpv0.mp3,yes,,"Buddy, you wore a tuxedo to spy on Sasquatches.",9,,,,,,,,
2983,Bada Bing,blond,vo.bing.full.james_blond.useIce.line.14yi6xf,vo.bing.full.james_blond.useIce.line.14yi6xf.mp3,yes,,Cold.,1,short,,,,,,,
2984,Bada Bing,gratin,vo.bing.full.james_blond.useSauce.line.15qv56b,vo.bing.full.james_blond.useSauce.line.15qv56b.mp3,yes,,This is either hot sauce or fryer cleaner. Label fell off.,11,,,,,,,,
2985,Bada Bing,blond,vo.bing.full.james_blond.useTenderizer.line.xyqv5m,vo.bing.full.james_blond.useTenderizer.line.xyqv5m.mp3,yes,,Surely that violates some international convention.,6,,,,,,,,
2986,Bada Bing,blond,vo.bing.full.james_blond.useTongs.line.10rknz1,vo.bing.full.james_blond.useTongs.line.10rknz1.mp3,yes,,Let’s not be theatrical.,4,,,,,,,,
2987,Bada Bing,blond,vo.bing.full.james_blond.whyNot.line.1u5z4gg,vo.bing.full.james_blond.whyNot.line.1u5z4gg.mp3,yes,,Because I assumed you were professionals.,6,,,,,,,,
2988,Bada Bing,gratin,vo.bing.full.james_blond.writtenDown.line.kellhl,vo.bing.full.james_blond.writtenDown.line.kellhl.mp3,yes,,"Numbskull, is there a pen. There’s a pen. I’m using the menu.",12,,,,,,,,
2989,Bada Bing,lag,vo.bing.full.lag.aside.line.a2h47j,vo.bing.full.lag.aside.line.a2h47j.mp3,yes,,"You would not have heard of it. Server browser, no matchmaking, and a map nobody could pronounce.",17,,,,,,,,
2990,Bada Bing,lag,vo.bing.full.lag.asideMore.line.1q7b7jg,vo.bing.full.lag.asideMore.line.1q7b7jg.mp3,yes,,I held rank one on that map for eleven weeks. Then they patched the ladder and gave everybody a fresh start. Everybody. Like it was nothing.,26,,,,,,,,
2991,Bada Bing,player,vo.bing.full.lag.open.tony.kay3u1,vo.bing.full.lag.open.tony.kay3u1.mp3,yes,,Another time.,2,short,,,,,,,
2992,Bada Bing,player,vo.bing.full.lag.open.tony.s2jldk,vo.bing.full.lag.open.tony.s2jldk.mp3,yes,,What game did you peak in?,6,,,,,,,,
2993,Bada Bing,blond,vo.bing.full.licenseToGrillCallback.open.line.ht1dty,vo.bing.full.licenseToGrillCallback.open.line.ht1dty.mp3,yes,,I’ve been meaning to discuss your interrogation technique.,8,,,,,,,,
2994,Bada Bing,player,vo.bing.full.licenseToGrillCallback.open.tony.kiea6x,vo.bing.full.licenseToGrillCallback.open.tony.kiea6x.mp3,yes,,Still driving the silver car?,5,,,,,,,,
2995,Bada Bing,gratin,vo.bing.full.licenseToGrillDoor.knocking.line.1mvtv1e,vo.bing.full.licenseToGrillDoor.knocking.line.1mvtv1e.mp3,yes,,Prospect! Get back here. I need a second set of hands.,11,,,,,,,,
2996,Bada Bing,gratin,vo.bing.full.licenseToGrillGratin.handOff.line.1sqprmo,vo.bing.full.licenseToGrillGratin.handOff.line.1sqprmo.mp3,yes,,"Good. And Prospect — watch his face, not his mouth. His mouth is a professional.",15,,,,,,,,
2997,Bada Bing,gratin,vo.bing.full.licenseToGrillGratin.need.line.qyc88g,vo.bing.full.licenseToGrillGratin.need.line.qyc88g.mp3,yes,,A second set of hands and a second face. He has had mine all night and he has started finishing my sentences.,22,,,,,,,,
2998,Bada Bing,gratin,vo.bing.full.licenseToGrillGratin.needTools.line.1ez2vja,vo.bing.full.licenseToGrillGratin.needTools.line.1ez2vja.mp3,yes,,"Cart is on your left, it is a kitchen, help yourself. Everything he had in his pockets is on the table by the door. Use one, use the other, use both. Just get me a name.",36,hud-speak,,,,,,,
2999,Bada Bing,gratin,vo.bing.full.licenseToGrillGratin.noticed.line.i1acfa,vo.bing.full.licenseToGrillGratin.noticed.line.i1acfa.mp3,yes,,I saw it. Hit him and he writes a review. Touch one thing that belongs to him and he forgets to be charming.,23,,,,,,,,
3000,Bada Bing,gratin,vo.bing.full.licenseToGrillGratin.noticedMore.line.1pvtpta,vo.bing.full.licenseToGrillGratin.noticedMore.line.1pvtpta.mp3,yes,,So stop hitting him and start going through what’s on that table.,12,,,,,,,,
3001,Bada Bing,gratin,vo.bing.full.licenseToGrillGratin.open.line.1g00ent,vo.bing.full.licenseToGrillGratin.open.line.1g00ent.mp3,yes,,What are you standing there for? He is four feet away and he is having a lovely time.,18,,,,,,,,
3002,Bada Bing,gratin,vo.bing.full.licenseToGrillGratin.open.line.5c7gw9,vo.bing.full.licenseToGrillGratin.open.line.5c7gw9.mp3,yes,,"We got a name out of him. Whatever you do next, do it away from my shoes.",17,,,,,,,,
3003,Bada Bing,gratin,vo.bing.full.licenseToGrillGratin.open.line.p86qay,vo.bing.full.licenseToGrillGratin.open.line.p86qay.mp3,yes,,"You are getting somewhere. Whatever you just picked up, pick up more of it.",14,,,,,,,,
3004,Bada Bing,player,vo.bing.full.licenseToGrillGratin.open.tony.14lv4tr,vo.bing.full.licenseToGrillGratin.open.tony.14lv4tr.mp3,yes,,What do you actually need from me?,7,,,,,,,,
3005,Bada Bing,player,vo.bing.full.licenseToGrillGratin.open.tony.1a5x6e0,vo.bing.full.licenseToGrillGratin.open.tony.1a5x6e0.mp3,yes,,He went quiet when I touched his things.,8,,,,,,,,
3006,Bada Bing,player,vo.bing.full.licenseToGrillGratin.open.tony.1ko44d5,vo.bing.full.licenseToGrillGratin.open.tony.1ko44d5.mp3,yes,,What have you already tried?,5,,"What have you tried so far, and why is it all still on the counter?","Walk me through what you've already tried. In order. Because from where I'm standing it looks like you've tried everything at once, which isn't a method, it's a mess.","What've you tried so far? And be honest, because I can see the counter and the counter's tellin' me a story.",What's been attempted so far? Give me the process. I'd like to know whether we're being systematic or just enthusiastic.,What have you tried already? I just don't want to repeat anything. That'd be a waste.,open,"Purely functional information-gathering, in a scene whose whole comic engine is treating an interrogation like a cooking show."
3007,Bada Bing,player,vo.bing.full.licenseToGrillGratin.open.tony.1stlk9q,vo.bing.full.licenseToGrillGratin.open.tony.1stlk9q.mp3,yes,,Let me have a go at him.,7,,,,,,,,
3008,Bada Bing,player,vo.bing.full.licenseToGrillGratin.open.tony.3vo7xx,vo.bing.full.licenseToGrillGratin.open.tony.3vo7xx.mp3,yes,,Who is he?,3,short,,,,,,,
3009,Bada Bing,player,vo.bing.full.licenseToGrillGratin.open.tony.jiw36c,vo.bing.full.licenseToGrillGratin.open.tony.jiw36c.mp3,yes,,Nothing. Forget it.,3,short,,,,,,,
3010,Bada Bing,player,vo.bing.full.licenseToGrillGratin.open.tony.sa4lho,vo.bing.full.licenseToGrillGratin.open.tony.sa4lho.mp3,yes,,Why can’t you do this yourself?,6,,Why is this mine? You've got two hands and a whole kitchen.,"Explain to me why this is my job. You have two hands, a full kitchen, and about forty years on me.",Why's it me? You've the hands. You've the kitchen. You've the years. Why's it always me?,"Why is this being delegated to me? You have the tools, the expertise, and, I'd argue, the temperament.",Why can't you do it yourself? I'm asking sincerely. You seem better suited.,open,Flat and functional with no attitude behind it.
3011,Bada Bing,gratin,vo.bing.full.licenseToGrillGratin.tried.line.z195g4,vo.bing.full.licenseToGrillGratin.tried.line.z195g4.mp3,yes,,Hitting him. Hitting him harder. Waiting a while. Hitting him during the waiting.,13,,,,,,,,
3012,Bada Bing,gratin,vo.bing.full.licenseToGrillGratin.triedFace.line.qsh2fb,vo.bing.full.licenseToGrillGratin.triedFace.line.qsh2fb.mp3,yes,,Every single time he looks at me like I have brought him the wrong wine.,15,,,,,,,,
3013,Bada Bing,gratin,vo.bing.full.licenseToGrillGratin.who.line.18q48un,vo.bing.full.licenseToGrillGratin.who.line.18q48un.mp3,yes,,"Foreign. Intelligence, the proper kind. Walked across our lot with a camera the size of a lighter and did not run when I said his name out loud.",28,,,,,,,,
3014,Bada Bing,gratin,vo.bing.full.licenseToGrillGratin.whoWorry.line.d2cntt,vo.bing.full.licenseToGrillGratin.whoWorry.line.d2cntt.mp3,yes,,That last part is the part I do not like.,10,,,,,,,,
3015,Bada Bing,gratin,vo.bing.full.licenseToGrillGratin.why.line.uecgyj,vo.bing.full.licenseToGrillGratin.why.line.uecgyj.mp3,yes,,Because I have been in this room since seven o’clock and I am starting to like him.,17,,,,,,,,
3016,Bada Bing,numbskull,vo.bing.full.licenseToGrillNumbskull.holding.line.1y65zsf,vo.bing.full.licenseToGrillNumbskull.holding.line.1y65zsf.mp3,yes,,I am good. I said early on I would hold him still and everybody went quiet at me.,18,hud-speak,,,,,,,
3017,Bada Bing,numbskull,vo.bing.full.licenseToGrillNumbskull.holdingStill.line.hif1re,vo.bing.full.licenseToGrillNumbskull.holdingStill.line.hif1re.mp3,yes,,I do still think it would help.,7,,,,,,,,
3018,Bada Bing,numbskull,vo.bing.full.licenseToGrillNumbskull.open.line.1khqw2q,vo.bing.full.licenseToGrillNumbskull.open.line.1khqw2q.mp3,yes,,"Everything off him is laid out on that table. Watch, camera, the little gun, and keys to something.",18,,,,,,,,
3019,Bada Bing,numbskull,vo.bing.full.licenseToGrillNumbskull.open.line.grdgo6,vo.bing.full.licenseToGrillNumbskull.open.line.grdgo6.mp3,yes,,He gave it up. I want it on the record that nobody needed holding.,14,,,,,,,,
3020,Bada Bing,player,vo.bing.full.licenseToGrillNumbskull.open.tony.1ef5x4a,vo.bing.full.licenseToGrillNumbskull.open.tony.1ef5x4a.mp3,yes,,"Did you actually go through it, or did you look at it and get bored?",15,,"Did you actually go through it, or did you look at it and get bored?","Did you go through it properly. And I want you to understand that 'properly' in this room means seams, shoes, and the lining, not a glance and a shrug.","Did you go through it right? Or did you have a wee look and lose interest, like you do.","Did you conduct an actual search, or the thing you do where you pat a bag and call it due diligence?","Did you go through it all the way? Because last time you went through it, you didn't go through it.",ACCEPTED 2026-08-19,Managerial check-in tone in a room where a man is tied to a chair.
3021,Bada Bing,player,vo.bing.full.licenseToGrillNumbskull.open.tony.1h534md,vo.bing.full.licenseToGrillNumbskull.open.tony.1h534md.mp3,yes,,Later.,1,short,,,,,,,
3022,Bada Bing,player,vo.bing.full.licenseToGrillNumbskull.open.tony.1mi8jml,vo.bing.full.licenseToGrillNumbskull.open.tony.1mi8jml.mp3,yes,,Anything on there worth anything?,5,,Anything on there worth the night we're having?,Anything on there worth what this has cost us? And I'm counting the towels.,Is there anythin' on it worth the state of this room?,"Is there anything of value on it, or have we destroyed a functioning kitchen for a man's holiday photos?",Anything on there worth anything? Because this has been a lot of trouble already.,open,Interchangeable with any heist scene in any game.
3023,Bada Bing,player,vo.bing.full.licenseToGrillNumbskull.open.tony.1ygn69,vo.bing.full.licenseToGrillNumbskull.open.tony.1ygn69.mp3,yes,,"You still with us, Numbskull? Blink if the answer’s no.",10,,"You still with us, Numbskull? Blink if the answer's no.","You holding up? And be honest, because there's a lot of night left and I need to know what I'm working with.","Are you alive in there, Numbskull? Give us a blink if you're not.","How are we doing, Numbskull? And I mean that operationally, not emotionally, because we don't do emotionally down here.","You holding up okay, Numbskull? It's been a long one. For everybody.",ACCEPTED 2026-08-19,"A soft check-in with no edge and no humour, in a scene built entirely on kitchen-equipment menace."
3024,Bada Bing,numbskull,vo.bing.full.licenseToGrillNumbskull.theBox.line.niep5o,vo.bing.full.licenseToGrillNumbskull.theBox.line.niep5o.mp3,yes,,"Twice. Pockets, lining, both shoes. Then I put it all out where you could see it, in a line, like a shop.",22,,,,,,,,
3025,Bada Bing,numbskull,vo.bing.full.licenseToGrillNumbskull.theBoxDrain.line.1nx4zm0,vo.bing.full.licenseToGrillNumbskull.theBoxDrain.line.1nx4zm0.mp3,yes,,Do not set any of it down on the floor. The floor in here has a drain in it.,19,,,,,,,,
3026,Bada Bing,numbskull,vo.bing.full.licenseToGrillNumbskull.worth.line.1ln79p1,vo.bing.full.licenseToGrillNumbskull.worth.line.1ln79p1.mp3,yes,,The watch is worth my car. The little gun is worth my car. The keys go to something I have not been allowed to walk out and look at.,29,hud-speak,,,,,,,
3027,Bada Bing,numbskull,vo.bing.full.licenseToGrillNumbskull.worthWall.line.1cajjlk,vo.bing.full.licenseToGrillNumbskull.worthWall.line.1cajjlk.mp3,yes,,Gratin said do not go and look at it. So I have been looking at this wall instead.,18,,,,,,,,
3028,Bada Bing,lou1,vo.bing.full.lou.andthen.line.1vah18a,vo.bing.full.lou.andthen.line.1vah18a.mp3,yes,,Then you decide whether they’re wasting our time. That part’s yours. That’s why it’s you going and not one of the animals.,22,,,,,,,,
3029,Bada Bing,lou1,vo.bing.full.lou.busy.line.1rjobfp,vo.bing.full.lou.busy.line.1rjobfp.mp3,yes,,It’s Tuesday. Tuesday’s busy. Wednesday’s worse.,6,,,,,,,,
3030,Bada Bing,lou1,vo.bing.full.lou.called.line.czlqoh,vo.bing.full.lou.called.line.czlqoh.mp3,yes,,I did.,2,short,,,,,,,
3031,Bada Bing,lou1,vo.bing.full.lou.candy.line.d2l6uh,vo.bing.full.lou.candy.line.d2l6uh.mp3,yes,,Take one. Everybody takes one. Nobody eats one.,8,,,,,,,,
3032,Bada Bing,lou1,vo.bing.full.lou.changed.line.tulsor,vo.bing.full.lou.changed.line.tulsor.mp3,yes,,"Nothing changed. That’s what worries me. It should have, by now.",11,,,,,,,,
3033,Bada Bing,lou1,vo.bing.full.lou.confident.line.iqzopd,vo.bing.full.lou.confident.line.iqzopd.mp3,yes,,Everybody knows what they’re doing. The ones who don’t come back knew as well.,14,,,,,,,,
3034,Bada Bing,lou1,vo.bing.full.lou.contact.line.12j6sav,vo.bing.full.lou.contact.line.12j6sav.mp3,yes,,"Sal Sorrento does the selling. Captain McClawsky watches and interrupts when it matters. The quiet one is still the one to watch, which I should not have to explain to a grown man.",33,,,,,,,,
3035,Bada Bing,lou1,vo.bing.full.lou.doorOpen.line.19tnvci,vo.bing.full.lou.doorOpen.line.19tnvci.mp3,yes,,Close the door. We’re not selling raffle tickets.,8,,,,,,,,
3036,Bada Bing,lou1,vo.bing.full.lou.enter.line.1f761oa,vo.bing.full.lou.enter.line.1f761oa.mp3,yes,,There he is.,3,short,,,,,,,
3037,Bada Bing,lou1,vo.bing.full.lou.enter.line.1kwn31d,vo.bing.full.lou.enter.line.1kwn31d.mp3,yes,,"Office is closed, Prospect. Party is out front. Try not to miss the murder.",14,,,,,,,,
3038,Bada Bing,lou1,vo.bing.full.lou.enter.line.1oe6npq,vo.bing.full.lou.enter.line.1oe6npq.mp3,yes,,Shut the door.,3,short,,,,,,,
3039,Bada Bing,lou1,vo.bing.full.lou.enter.line.bkm5pu,vo.bing.full.lou.enter.line.bkm5pu.mp3,yes,,Sit down. Or don’t. You’ve had all night to decide.,10,,,,,,,,
3040,Bada Bing,player,vo.bing.full.lou.envelope.tony.1uitjw6,vo.bing.full.lou.envelope.tony.1uitjw6.mp3,yes,,And then?,2,short,,,,,,,
3041,Bada Bing,player,vo.bing.full.lou.envelope.tony.yscmc9,vo.bing.full.lou.envelope.tony.yscmc9.mp3,yes,,Fine.,1,short,,,,,,,
3042,Bada Bing,lou1,vo.bing.full.lou.greet.line.17ydj50,vo.bing.full.lou.greet.line.17ydj50.mp3,yes,,You came here for a package and nearly left with forty pounds of quarters.,14,,,,,,,,
3043,Bada Bing,lou1,vo.bing.full.lou.greet.line.lc299m,vo.bing.full.lou.greet.line.lc299m.mp3,yes,,You took your time. Relatively speaking.,6,,,,,,,,
3044,Bada Bing,lou1,vo.bing.full.lou.greet.line.lki7aa,vo.bing.full.lou.greet.line.lki7aa.mp3,yes,,You’ve been at my bar. I can hear it from here.,11,,,,,,,,
3045,Bada Bing,lou1,vo.bing.full.lou.greet.line.tmwqwr,vo.bing.full.lou.greet.line.tmwqwr.mp3,yes,,You took your time.,4,,,,,,,,
3046,Bada Bing,player,vo.bing.full.lou.greet.tony.140czgz,vo.bing.full.lou.greet.tony.140czgz.mp3,yes,,I came straight in.,4,,"I came straight in. Nobody stopped me, which I'd look into.","Came straight in. Nobody stopped me. Walked past four of your guys and a door that's supposed to be locked, and here I am.","Came straight in. Nobody stopped me. You'd want to look at that, or someone less lovely than me'll do the same.",I walked straight in. Past two doors and four employees. That's a security review right there and I'm giving it to you free.,I came right in. Nobody said anything. I thought that was worth mentioning.,open,"Filler, and it sits right beside 'Your slot machine attacked me,' which shows exactly how good this beat can be."
3047,Bada Bing,player,vo.bing.full.lou.greet.tony.1dsb0i0,vo.bing.full.lou.greet.tony.1dsb0i0.mp3,yes,,You called. I’m here.,4,,,,,,,,
3048,Bada Bing,player,vo.bing.full.lou.greet.tony.1g0x304,vo.bing.full.lou.greet.tony.1g0x304.mp3,yes,,Your slot machine attacked me.,5,,,,,,,,
3049,Bada Bing,player,vo.bing.full.lou.greet.tony.1skj0qt,vo.bing.full.lou.greet.tony.1skj0qt.mp3,yes,,Place looks busy.,3,short,,,,,,,
3050,Bada Bing,lou1,vo.bing.full.lou.hang.line.3wpchh,vo.bing.full.lou.hang.line.3wpchh.mp3,yes,,Out front. Hog Mama is waiting on the stage controls.,10,,,,,,,,
3051,Bada Bing,player,vo.bing.full.lou.hang.tony.hq4amq,vo.bing.full.lou.hang.tony.hq4amq.mp3,yes,,"I’m going, Lou.",3,short,,,,,,,
3052,Bada Bing,player,vo.bing.full.lou.hang.tony.s33n16,vo.bing.full.lou.hang.tony.s33n16.mp3,yes,,Clean. Mostly.,2,short,,,,,,,
3053,Bada Bing,lou1,vo.bing.full.lou.inspecting.line.pj0l8m,vo.bing.full.lou.inspecting.line.pj0l8m.mp3,yes,,"It’s a gun, Prospect. Not an engagement ring.",8,,,,,,,,
3054,Bada Bing,lou1,vo.bing.full.lou.liquor.line.oiyhn4,vo.bing.full.lou.liquor.line.oiyhn4.mp3,yes,,You complete the errand first. Then you rob my bar.,10,,,,,,,,
3055,Bada Bing,lou1,vo.bing.full.lou.machine.line.9ju3gw,vo.bing.full.lou.machine.line.9ju3gw.mp3,yes,,That machine has taken more off this crew than the state has. Sit down.,14,,,,,,,,
3056,Bada Bing,lou1,vo.bing.full.lou.monitor.line.1eyrta1,vo.bing.full.lou.monitor.line.1eyrta1.mp3,yes,,Four cameras and none of them point at anything I care about.,12,,,,,,,,
3057,Bada Bing,lou1,vo.bing.full.lou.photos.line.pfpdv4,vo.bing.full.lou.photos.line.pfpdv4.mp3,yes,,You here to pick up a package or review my decorating?,11,,,,,,,,
3058,Bada Bing,player,vo.bing.full.lou.questions.tony.13zl6yb,vo.bing.full.lou.questions.tony.13zl6yb.mp3,yes,,Why give me this here?,5,,"Why are we doing this out here, where anybody can see us doing it?",Why here? There's forty people out that door and a girl on a pole eight feet from your head. Why is this the room you picked.,Why here? There's half the county out that door. Why's this the room you chose for it?,Why are we having this conversation here? There's a public on the other side of that curtain and a camera in the corner I don't recognise.,Why're you giving me this here? There's people right out there. That's all I'm saying.,open,Functional question that undersells the tension of a briefing happening somewhere it should not be happening.
3059,Bada Bing,player,vo.bing.full.lou.questions.tony.16a5c15,vo.bing.full.lou.questions.tony.16a5c15.mp3,yes,,I’ve got it.,3,short,,,,,,,
3060,Bada Bing,player,vo.bing.full.lou.questions.tony.1lahoj6,vo.bing.full.lou.questions.tony.1lahoj6.mp3,yes,,Who am I meeting?,4,,,,,,,,
3061,Bada Bing,player,vo.bing.full.lou.questions.tony.wmukgv,vo.bing.full.lou.questions.tony.wmukgv.mp3,yes,,Somebody’s watching the club.,4,,,,,,,,
3062,Bada Bing,lou1,vo.bing.full.lou.refuse.line.3o4jmh,vo.bing.full.lou.refuse.line.3o4jmh.mp3,yes,,"Then you go anyway and I worry the whole evening. Take it, Prospect.",13,,,,,,,,
3063,Bada Bing,lou1,vo.bing.full.lou.sat.line.1js4sny,vo.bing.full.lou.sat.line.1js4sny.mp3,yes,,Good. Sitting. That’s progress.,4,,,,,,,,
3064,Bada Bing,lou1,vo.bing.full.lou.sitdown.line.1rjd9oy,vo.bing.full.lou.sitdown.line.1rjd9oy.mp3,yes,,"Sal carries the offer. McClawsky watches until he has something worth saying. Listen when he does, and agree to nothing I did not put in that envelope.",27,,,,,,,,
3065,Bada Bing,lou1,vo.bing.full.lou.straight.line.cjsc8t,vo.bing.full.lou.straight.line.cjsc8t.mp3,yes,,You did. I noticed. Don’t get used to being noticed.,10,,,,,,,,
3066,Bada Bing,player,vo.bing.full.lou.waiting.tony.1ddcl3z,vo.bing.full.lou.waiting.tony.1ddcl3z.mp3,yes,,And if I don’t take it?,6,,,,,,,,
3067,Bada Bing,player,vo.bing.full.lou.waiting.tony.1lavgm7,vo.bing.full.lou.waiting.tony.1lavgm7.mp3,yes,,What is it?,3,short,,,,,,,
3068,Bada Bing,player,vo.bing.full.lou.warning.tony.13il57i,vo.bing.full.lou.warning.tony.13il57i.mp3,yes,,Sal Sorrento and McClawsky. A sit-down.,6,,,,,,,,
3069,Bada Bing,player,vo.bing.full.lou.warning.tony.1rs0tw,vo.bing.full.lou.warning.tony.1rs0tw.mp3,yes,,What changed?,2,short,,,,,,,
3070,Bada Bing,player,vo.bing.full.lou.warning.tony.awltb1,vo.bing.full.lou.warning.tony.awltb1.mp3,yes,,I know what I’m doing.,5,,I've got it. I know how it looks. I've got it.,I know what I'm doing. And I know that's exactly what a man who doesn't know what he's doing says. I'm saying it anyway.,I know what I'm at. I know that's what an eejit says. I'm sayin' it regardless.,"I've got a handle on it. And yes, I hear how that sounds, and no, I don't have a better sentence.",I know what I'm doing. I do. I've thought about it some.,open,"The single most generic tough-guy line available, said to Big Uncle Lou of all people, who would eat it."
3071,Bada Bing,player,vo.bing.full.lou.warning.tony.mg3d9s,vo.bing.full.lou.warning.tony.mg3d9s.mp3,yes,,I understand.,2,short,"I hear you. I don't like it, but I hear you.","I understand. I want to be clear that understanding it and liking it are two different rooms, and I'm only standing in one of them.","I understand you. I don't have to be happy about it, but I understand you.",Understood. And noted. And filed somewhere I'm going to be looking at for a while.,I understand. I don't know that I agree. But I understand it.,open,A confirm button. Lou has just warned him about something serious and the kid has no reaction to it.
3072,Bada Bing,lou1,vo.bing.full.lou.watched.line.cwm110,vo.bing.full.lou.watched.line.cwm110.mp3,yes,,…Grey sedan. By the office wall. Alright. Find out whether it follows you. Don’t do anything about it. Find out.,20,,,,,,,,
3073,Bada Bing,lou1,vo.bing.full.lou.why.line.5g6i9h,vo.bing.full.lou.why.line.5g6i9h.mp3,yes,,"Because here it’s mine, and out there it’s evidence. And because I wanted to look at you before you went.",20,,,,,,,,
3074,Bada Bing,player,vo.bing.full.margo.dinner.tony.14cm7ow,vo.bing.full.margo.dinner.tony.14cm7ow.mp3,yes,,That was the whole thing. That was all of it.,10,,,,,,,,
3075,Bada Bing,player,vo.bing.full.margo.dinner.tony.1d8n5oz,vo.bing.full.margo.dinner.tony.1d8n5oz.mp3,yes,,Give me your number. I’ll call when I’m back in town.,11,,,,,,,,
3076,Bada Bing,margo,vo.bing.full.margo.fold.line.1gbo14r,vo.bing.full.margo.fold.line.1gbo14r.mp3,yes,,Hm. Shame. That was nearly something.,6,,,,,,,,
3077,Bada Bing,margo,vo.bing.full.margo.number.line.gsasl8,vo.bing.full.margo.number.line.gsasl8.mp3,yes,,"That is my number. I get one night off in six. Call when you are back in the city. If I use it on you and you are boring, I will be extremely unpleasant about it.",36,,,,,,,,
3078,Bada Bing,player,vo.bing.full.margo.open.tony.1xxg4iv,vo.bing.full.margo.open.tony.1xxg4iv.mp3,yes,,I was going to walk past.,6,,,,,,,,
3079,Bada Bing,player,vo.bing.full.margo.open.tony.rnhobt,vo.bing.full.margo.open.tony.rnhobt.mp3,yes,,What are you drinking?,4,,,,,,,,
3080,Bada Bing,player,vo.bing.full.margo.why.tony.10rytv8,vo.bing.full.margo.why.tony.10rytv8.mp3,yes,,I could have a word about the two hundred.,9,,,,,,,,
3081,Bada Bing,player,vo.bing.full.margo.why.tony.152qfmo,vo.bing.full.margo.why.tony.152qfmo.mp3,yes,,Good luck with the two hundred.,6,,,,,,,,
3082,Bada Bing,player,vo.bing.full.margo.why.tony.ijm69l,vo.bing.full.margo.why.tony.ijm69l.mp3,yes,,Let me buy you dinner.,5,,,,,,,,
3083,Bada Bing,margo,vo.bing.full.margo.word.line.1r9jmzw,vo.bing.full.margo.word.line.1r9jmzw.mp3,yes,,No. Absolutely not. I have watched what a word costs and I would rather have the two hundred outstanding forever. But thank you for offering it like it was nothing.,30,,,,,,,,
3084,Bada Bing,player,vo.bing.full.margo.word.tony.9r65as,vo.bing.full.margo.word.tony.9r65as.mp3,yes,,Then let me buy you dinner instead.,7,,,,,,,,
3085,Bada Bing,numbskull,vo.bing.full.numbskull.aside.line.1a3glad,vo.bing.full.numbskull.aside.line.1a3glad.mp3,yes,,Shoulder. Old thing. It goes when it is cold and it is always cold by that fire door.,18,,,,,,,,
3086,Bada Bing,numbskull,vo.bing.full.numbskull.asideMore.line.1fmwp8z,vo.bing.full.numbskull.asideMore.line.1fmwp8z.mp3,yes,,"Do not tell anybody. If they know it goes, they stop asking me to do the part I am good at.",21,,,,,,,,
3087,Bada Bing,player,vo.bing.full.numbskull.open.tony.kay3u1,vo.bing.full.numbskull.open.tony.kay3u1.mp3,yes,,Another time.,2,short,,,,,,,
3088,Bada Bing,player,vo.bing.full.numbskull.open.tony.o1awfw,vo.bing.full.numbskull.open.tony.o1awfw.mp3,yes,,Ow?,1,short,,,,,,,
3089,Bada Bing,player,vo.bing.full.numbskull.open.tony.ofpa41,vo.bing.full.numbskull.open.tony.ofpa41.mp3,yes,,…Thanks?,1,short,,,,,,,
3090,Bada Bing,old-stove,vo.bing.full.old_stove.aside.line.1vrdg7g,vo.bing.full.old_stove.aside.line.1vrdg7g.mp3,yes,,Longer than the strip. I was there when it was a field and a man with an opinion about the field.,21,,,,,,,,
3091,Bada Bing,old-stove,vo.bing.full.old_stove.asideMore.line.9nqoo6,vo.bing.full.old_stove.asideMore.line.9nqoo6.mp3,yes,,"They paved it, they numbered it, they put up a windsock. Same field. Same opinion.",15,,,,,,,,
3092,Bada Bing,player,vo.bing.full.old_stove.open.tony.dbfott,vo.bing.full.old_stove.open.tony.dbfott.mp3,yes,,How long have you been at that strip?,8,,,,,,,,
3093,Bada Bing,player,vo.bing.full.old_stove.open.tony.kay3u1,vo.bing.full.old_stove.open.tony.kay3u1.mp3,yes,,Another time.,2,short,,,,,,,
3094,Bada Bing,player,vo.bing.full.old_stove.open.tony.x8oqq6,vo.bing.full.old_stove.open.tony.x8oqq6.mp3,yes,,"The ice is fine, Stove.",5,,,,,,,,
3095,Bada Bing,rippinflow,vo.bing.full.rippinflow.aside.line.15x6wkj,vo.bing.full.rippinflow.aside.line.15x6wkj.mp3,yes,,I did not stop. I retired. There is a difference and the difference is dignity.,15,,,,,,,,
3096,Bada Bing,rippinflow,vo.bing.full.rippinflow.asideMore.line.1yl5vv7,vo.bing.full.rippinflow.asideMore.line.1yl5vv7.mp3,yes,,"Booski keeps a recording of the last one. He plays it at parties. That is not dignity, that is hostage footage.",21,,,,,,,,
3097,Bada Bing,player,vo.bing.full.rippinflow.open.tony.1y1d6fm,vo.bing.full.rippinflow.open.tony.1y1d6fm.mp3,yes,,I’m not writing that down.,5,,,,,,,,
3098,Bada Bing,player,vo.bing.full.rippinflow.open.tony.3ny2bi,vo.bing.full.rippinflow.open.tony.3ny2bi.mp3,yes,,Why did you stop freestyling?,5,,,,,,,,
3099,Bada Bing,player,vo.bing.full.rippinflow.open.tony.kay3u1,vo.bing.full.rippinflow.open.tony.kay3u1.mp3,yes,,Another time.,2,short,,,,,,,
3100,Bada Bing,sauce,vo.bing.full.sauce.aside.line.yujbdt,vo.bing.full.sauce.aside.line.yujbdt.mp3,yes,,"The runway. She is on at midnight, she is from San Juan, and she says buenas noches to me on the way past like it costs her nothing.",28,,,,,,,,
3101,Bada Bing,sauce,vo.bing.full.sauce.asideMore.line.1aa7iwu,vo.bing.full.sauce.asideMore.line.1aa7iwu.mp3,yes,,"I tip, I sit, and I have nine words of Spanish off a cassette in the van. She laughs at the words. Nine words and a laugh is more than most marriages start with.",34,,,,,,,,
3102,Bada Bing,sauce,vo.bing.full.sauce.more.line.xeijn6,vo.bing.full.sauce.more.line.xeijn6.mp3,yes,,"Every night for eleven years. And every year they send me another one of you. Make the A team, then come and talk to me. Until then you are somebody else’s paperwork.",32,,,,,,,,
3103,Bada Bing,player,vo.bing.full.sauce.more.tony.1ifjdrr,vo.bing.full.sauce.more.tony.1ifjdrr.mp3,yes,,Enjoy the corn.,3,short,,,,,,,
3104,Bada Bing,sauce,vo.bing.full.sauce.open.line.ggzxjv,vo.bing.full.sauce.open.line.ggzxjv.mp3,yes,,"That is corn. I bring my own into this place, and that is not an insult to the kitchen, it is a review. Now what do you want.",28,,,,,,,,
3105,Bada Bing,player,vo.bing.full.sauce.open.tony.1kpphcc,vo.bing.full.sauce.open.tony.1kpphcc.mp3,yes,,You’re sat very close to the stage.,7,,,,,,,,
3106,Bada Bing,player,vo.bing.full.sauce.open.tony.1wwigel,vo.bing.full.sauce.open.tony.1wwigel.mp3,yes,,You brought corn to the Bada Bing.,7,,,,,,,,
3107,Bada Bing,player,vo.bing.full.sauce.open.tony.kay3u1,vo.bing.full.sauce.open.tony.kay3u1.mp3,yes,,Another time.,2,short,,,,,,,
3108,Bada Bing,doorman,vo.bing.full.security.chair.line.1461trs,vo.bing.full.security.chair.line.1461trs.mp3,yes,,Check it from a chair.,5,,,,,,,,
3109,Bada Bing,doorman,vo.bing.full.security.open.line.1rxz5cn,vo.bing.full.security.open.line.1rxz5cn.mp3,yes,,Prospect. Floor’s down there.,4,,,,,,,,
3110,Bada Bing,player,vo.bing.full.security.open.tony.18uzeor,vo.bing.full.security.open.tony.18uzeor.mp3,yes,,"Alright, alright.",2,short,,,,,,,
3111,Bada Bing,player,vo.bing.full.security.open.tony.56elm3,vo.bing.full.security.open.tony.56elm3.mp3,yes,,I’m checking the structural integrity.,5,,,,,,,,
3112,Bada Bing,seff,vo.bing.full.seff.aside.line.vzj3ea,vo.bing.full.seff.aside.line.vzj3ea.mp3,yes,,It is not a situation situation. It is a timing thing. A calendar thing. Lou and I have a calendar thing.,21,,,,,,,,
3113,Bada Bing,seff,vo.bing.full.seff.asideMore.line.7bbons,vo.bing.full.seff.asideMore.line.7bbons.mp3,yes,,Do not put it like that when you tell him. Put it warmer. Put it like I am already sorry.,20,,,,,,,,
3114,Bada Bing,player,vo.bing.full.seff.more.tony.18rev59,vo.bing.full.seff.more.tony.18rev59.mp3,yes,,"I’m not doing that, Seff.",5,,,,,,,,
3115,Bada Bing,player,vo.bing.full.seff.open.tony.kay3u1,vo.bing.full.seff.open.tony.kay3u1.mp3,yes,,Another time.,2,short,,,,,,,
3116,Bada Bing,player,vo.bing.full.seff.open.tony.lm2qxk,vo.bing.full.seff.open.tony.lm2qxk.mp3,yes,,What situation?,2,short,,,,,,,
3117,Bada Bing,player,vo.bing.full.seff.open.tony.xorodf,vo.bing.full.seff.open.tony.xorodf.mp3,yes,,Why do I need a mattress guy?,7,,,,,,,,
3118,Bada Bing,shubenator,vo.bing.full.shubenator.aside.line.81ffut,vo.bing.full.shubenator.aside.line.81ffut.mp3,yes,,Held. Every single one. Nine hundred times it could have said no and it never said no.,17,,,,,,,,
3119,Bada Bing,shubenator,vo.bing.full.shubenator.asideMore.line.2h8h1v,vo.bing.full.shubenator.asideMore.line.2h8h1v.mp3,yes,,"People thank the trainer. Nobody thanks the floor. Hey — what is going on with that, actually?",17,,,,,,,,
3120,Bada Bing,player,vo.bing.full.shubenator.open.tony.1jthio9,vo.bing.full.shubenator.open.tony.1jthio9.mp3,yes,,What did the floor do?,5,,,,,,,,
3121,Bada Bing,player,vo.bing.full.shubenator.open.tony.kay3u1,vo.bing.full.shubenator.open.tony.kay3u1.mp3,yes,,Another time.,2,short,,,,,,,
3122,Bada Bing,snow,vo.bing.full.snow.aside.line.1i7d3nl,vo.bing.full.snow.aside.line.1i7d3nl.mp3,yes,,Nights are honest. Nobody asks you to be pleased about anything at four in the morning.,16,,,,,,,,
3123,Bada Bing,snow,vo.bing.full.snow.asideMore.line.1lw2upu,vo.bing.full.snow.asideMore.line.1lw2upu.mp3,yes,,"Mop, radiator, one window that does not shut. I know where everything in this building is. Ask me sometime when it matters.",22,,,,,,,,
3124,Bada Bing,player,vo.bing.full.snow.open.tony.1lb6swm,vo.bing.full.snow.open.tony.1lb6swm.mp3,yes,,You always work nights?,4,,,,,,,,
3125,Bada Bing,player,vo.bing.full.snow.open.tony.kay3u1,vo.bing.full.snow.open.tony.kay3u1.mp3,yes,,Another time.,2,short,,,,,,,
3126,Bada Bing,willy,vo.bing.full.willy.aside.line.10q2gcw,vo.bing.full.willy.aside.line.10q2gcw.mp3,yes,,"Cannot say. Genuinely cannot. Not being cute about it, I signed nothing but I gave my word to a fella.",20,,,,,,,,
3127,Bada Bing,willy,vo.bing.full.willy.asideMore.line.z9644b,vo.bing.full.willy.asideMore.line.z9644b.mp3,yes,,When it lands you will hear about it from somebody who is not me. That is how you will know it was me.,23,,,,,,,,
3128,Bada Bing,player,vo.bing.full.willy.open.tony.dt2qpn,vo.bing.full.willy.open.tony.dt2qpn.mp3,yes,,What big things?,3,short,,,,,,,
3129,Bada Bing,player,vo.bing.full.willy.open.tony.kay3u1,vo.bing.full.willy.open.tony.kay3u1.mp3,yes,,Another time.,2,short,,,,,,,
3130,Bada Bing,player,vo.bing.full.willy.open.tony.rml5hz,vo.bing.full.willy.open.tony.rml5hz.mp3,yes,,"Sure they can, Willy.",4,,,,,,,,
3131,Bada Bing,shubenator,vo.bing.hang.shubenator.signature.cheerful,vo.bing.hang.shubenator.signature.cheerful.mp3,yes,Cheerful and casually late to the conversation. A friendly first hello; he genuinely believes nothing in the room is tense.,"Hey guys, what’s going on?",5,,,,,,,,
3132,The Silver Case,ape,vo.silvercase.car.ape.pitch,vo.silvercase.car.ape.pitch.mp3,yes,,Three geniuses borrowed something from Lou without asking. We’re going over there to improve their decision-making.,16,,,,,,,,
3133,The Silver Case,player,vo.silvercase.car.prospect.ask,vo.silvercase.car.prospect.ask.mp3,yes,,What’s inside the case?,4,,,,,,,,
3134,The Silver Case,ape,vo.silvercase.car.ape.benefit,vo.silvercase.car.ape.benefit.mp3,yes,,Not knowing is one of the benefits of being new.,10,,,,,,,,
3135,The Silver Case,ape,vo.silvercase.car.ape.jerky.1,vo.silvercase.car.ape.jerky.1.mp3,yes,,You know Big Uncle Lou calls it “jerky.” Not “squatch jerky.” Not “premium cut.” Just jerky. Like there’s only the one kind.,22,,,,,,,,
3136,The Silver Case,player,vo.silvercase.car.prospect.jerky,vo.silvercase.car.prospect.jerky.mp3,yes,,There’s not?,2,short,,,,,,,
3137,The Silver Case,ape,vo.silvercase.car.ape.jerky.2,vo.silvercase.car.ape.jerky.2.mp3,yes,,There’s nine kinds. He just doesn’t respect you enough yet to tell you which one you’re chewing.,17,,,,,,,,
3138,The Silver Case,ape,vo.silvercase.car.ape.arrive,vo.silvercase.car.ape.arrive.mp3,yes,,Anyway. Focus up. We’re here.,5,,,,,,,,
3139,The Silver Case,ape,vo.silvercase.arrival.ape.endofhall,vo.silvercase.arrival.ape.endofhall.mp3,yes,,"2E. End of the hall, past the one that smells like a fish tank.",14,,,,,,,,
3140,The Silver Case,ape,vo.silvercase.arrival.ape.dothetalking,vo.silvercase.arrival.ape.dothetalking.mp3,yes,,I do the talking. You do the looking-like-you’ve-done-this-before.,8,,,,,,,,
3141,The Silver Case,chester,vo.silvercase.arrival.chester.whoisit,vo.silvercase.arrival.chester.whoisit.mp3,yes,,Who is it?,3,short,,,,,,,
3142,The Silver Case,ape,vo.silvercase.arrival.ape.committee,vo.silvercase.arrival.ape.committee.mp3,yes,,Building appreciation committee.,3,short,,,,,,,
3143,The Silver Case,ape,vo.silvercase.arrival.ape.doorstall,vo.silvercase.arrival.ape.doorstall.mp3,yes,,Door doesn’t close itself. Well — it does. Just not with us on the right side of it.,18,,,,,,,,
3144,The Silver Case,ape,vo.silvercase.control.ape.nice-place,vo.silvercase.control.ape.nice-place.mp3,yes,,Nice place. Real lived-in.,4,,,,,,,,
3145,The Silver Case,ape,vo.silvercase.control.ape.expecting,vo.silvercase.control.ape.expecting.mp3,yes,,You boys expecting company?,4,,,,,,,,
3146,The Silver Case,npc-male,vo.silvercase.control.deke.justus,vo.silvercase.control.deke.justus.mp3,yes,,"Nah, man, it’s just — it’s just us hanging out.",10,,,,,,,,
3147,The Silver Case,ape,vo.silvercase.control.ape.threeofyou,vo.silvercase.control.ape.threeofyou.mp3,yes,,Just the three of you.,5,,,,,,,,
3148,The Silver Case,ape,vo.silvercase.control.ape.wherescase,vo.silvercase.control.ape.wherescase.mp3,yes,,Where’s Lou’s case?,3,short,,,,,,,
3149,The Silver Case,chester,vo.silvercase.control.chester.whatcase,vo.silvercase.control.chester.whatcase.mp3,yes,,…Case? What case?,3,short,,,,,,,
3150,The Silver Case,npc-male,vo.silvercase.control.deke.dontknow,vo.silvercase.control.deke.dontknow.mp3,yes,,"We don’t know nothin’ about a case, man.",8,,,,,,,,
3151,The Silver Case,ape,vo.silvercase.control.ape.storageunit,vo.silvercase.control.ape.storageunit.mp3,yes,,Interesting. Because I heard three very specific people carrying something very specific out of a storage unit on Tuesday.,19,,,,,,,,
3152,The Silver Case,chester,vo.silvercase.control.chester.misunderstanding,vo.silvercase.control.chester.misunderstanding.mp3,yes,,That was — that was a misunderstanding.,7,,,,,,,,
3153,The Silver Case,ape,vo.silvercase.control.ape.alwaysmisunderstanding,vo.silvercase.control.ape.alwaysmisunderstanding.mp3,yes,,"It’s always a misunderstanding. Every job I’ve ever worked, somebody’s misunderstanding somewhere.",12,,,,,,,,
3154,The Silver Case,ape,vo.silvercase.control.ape.lookaround,vo.silvercase.control.ape.lookaround.mp3,yes,,"Have a look around, Prospect. Case doesn’t walk itself out either.",11,,,,,,,,
3155,The Silver Case,ape,vo.silvercase.control.ape.civilized,vo.silvercase.control.ape.civilized.mp3,yes,,Easy. We came to have a civilized misunderstanding.,8,,,,,,,,
3156,The Silver Case,ape,vo.silvercase.control.ape.putitaway,vo.silvercase.control.ape.putitaway.mp3,yes,,Put it away. I’ll tell you when.,7,,,,,,,,
3157,The Silver Case,chester,vo.silvercase.control.chester.drink,vo.silvercase.control.chester.drink.mp3,yes,,"You, uh — you want a drink or somethin’?",9,,,,,,,,
3158,The Silver Case,ape,vo.silvercase.case.ape.thereitis,vo.silvercase.case.ape.thereitis.mp3,yes,,There it is. Lou’s missing luggage.,6,,,,,,,,
3159,The Silver Case,ape,vo.silvercase.case.ape.openit,vo.silvercase.case.ape.openit.mp3,yes,,Open it.,2,short,,,,,,,
3160,The Silver Case,npc-reserve-1,vo.silvercase.case.winston.okay,vo.silvercase.case.winston.okay.mp3,yes,,"…Okay. Okay, yeah.",3,short,,,,,,,
3161,The Silver Case,ape,vo.silvercase.case.ape.everythingstillin,vo.silvercase.case.ape.everythingstillin.mp3,yes,,Everything still in there?,4,,,,,,,,
3162,The Silver Case,ape,vo.silvercase.case.ape.paperwork,vo.silvercase.case.ape.paperwork.mp3,yes,,He nodded. That’s practically paperwork.,5,,,,,,,,
3163,The Silver Case,ape,vo.silvercase.couch.ape.remember,vo.silvercase.couch.ape.remember.mp3,yes,,This is the part where we make sure everybody remembers this conversation.,12,,,,,,,,
3164,The Silver Case,ape,vo.silvercase.couch.ape.theoneonthecouch,vo.silvercase.couch.ape.theoneonthecouch.mp3,yes,,The one on the couch. Deke.,6,,,,,,,,
3165,The Silver Case,ape,vo.silvercase.couch.ape.goahead,vo.silvercase.couch.ape.goahead.mp3,yes,,Go ahead.,2,short,,,,,,,
3166,The Silver Case,ape,vo.silvercase.couch.ape.moreseating,vo.silvercase.couch.ape.moreseating.mp3,yes,,Now we have more seating.,5,,,,,,,,
3167,The Silver Case,chester,vo.silvercase.couch.chester.whatthehell,vo.silvercase.couch.chester.whatthehell.mp3,yes,,"What the hell, man?!",4,,,,,,,,
3168,The Silver Case,ape,vo.silvercase.shots.ape.missed,vo.silvercase.shots.ape.missed.mp3,yes,,That was a wall. The wall isn’t the problem here.,10,,,,,,,,
3169,The Silver Case,ape,vo.silvercase.shots.ape.wrongman,vo.silvercase.shots.ape.wrongman.mp3,yes,,Wrong one. Look at what you’re pointing it at before you pull.,12,,,,,,,,
3170,The Silver Case,ape,vo.silvercase.shots.ape.atme,vo.silvercase.shots.ape.atme.mp3,yes,,"You want to swing that back around at me, Prospect? Take your time. Think it through.",16,,,,,,,,
3171,The Silver Case,ape,vo.silvercase.lou.ape.lookslikeabitch,vo.silvercase.lou.ape.lookslikeabitch.mp3,yes,,Does he look like a bitch?,6,,[keep as written],[keep as written],[keep as written],[keep as written],[keep as written],open,"BENCHMARK — the crudest line in the game and the best-earned, because it is doing three jobs at once: the recognition, the threat, and the character. This is the level the owner is asking for everywhere else. Do not touch it."
3172,The Silver Case,chester,vo.silvercase.lou.chester.what,vo.silvercase.lou.chester.what.mp3,yes,,What?,1,short,,,,,,,
3173,The Silver Case,ape,vo.silvercase.lou.ape.lookslikeabitch.again,vo.silvercase.lou.ape.lookslikeabitch.again.mp3,yes,,Does he look like a bitch?,6,,,,,,,,
3174,The Silver Case,chester,vo.silvercase.lou.chester.no,vo.silvercase.lou.chester.no.mp3,yes,,No.,1,filler short,,,,,,,
3175,The Silver Case,ape,vo.silvercase.lou.ape.mrssputthole,vo.silvercase.lou.ape.mrssputthole.mp3,yes,,Then why you trying to fuck him like a bitch? Because the only one he likes to fuck is Mrs. Sputthole.,21,,,,,,,,
3176,The Silver Case,ape,vo.silvercase.prayer.ape.sharepassage,vo.silvercase.prayer.ape.sharepassage.mp3,yes,,I’m gonna share a little passage with you.,8,,,,,,,,
3177,The Silver Case,ape,vo.silvercase.prayer.ape.squatchiel6917,vo.silvercase.prayer.ape.squatchiel6917.mp3,yes,,"Squatchiel. Sixty-nine, seventeen.",3,short,,,,,,,
3178,The Silver Case,ape,vo.silvercase.prayer.ape.squatchiel.line1,vo.silvercase.prayer.ape.squatchiel.line1.mp3,yes,,The trail of the righteous Squatch is surrounded on every side by the greed of weak men.,17,,,,,,,,
3179,The Silver Case,ape,vo.silvercase.prayer.ape.squatchiel.line2,vo.silvercase.prayer.ape.squatchiel.line2.mp3,yes,,Blessed is the Squatch who walks with his brothers.,9,,,,,,,,
3180,The Silver Case,ape,vo.silvercase.prayer.ape.squatchiel.line3,vo.silvercase.prayer.ape.squatchiel.line3.mp3,yes,,"But to those who betray the family, or raise a hand against one of our own...",16,,,,,,,,
3181,The Silver Case,ape,vo.silvercase.prayer.ape.squatchiel.line4,vo.silvercase.prayer.ape.squatchiel.line4.mp3,yes,,I will strike down upon thee with great vengeance and furious anger!,12,,,,,,,,
3182,The Silver Case,player,vo.silvercase.prayer.prospect.squatchiel.finish,vo.silvercase.prayer.prospect.squatchiel.finish.mp3,yes,,And you will know my name is the Squatch when I lay my vengeance upon thee.,16,,,,,,,,
3183,The Silver Case,ape,vo.silvercase.chair.ape.amen,vo.silvercase.chair.ape.amen.mp3,yes,,Prayer’s said. Now the amen.,5,,,,,,,,
3184,The Silver Case,ape,vo.silvercase.chair.ape.together,vo.silvercase.chair.ape.together.mp3,yes,,"Together, Prospect. You and me. On you.",7,,,,,,,,
3185,The Silver Case,ape,vo.silvercase.chair.ape.anytime,vo.silvercase.chair.ape.anytime.mp3,yes,,He isn’t going to volunteer. Any time now.,8,,,,,,,,
3186,The Silver Case,ape,vo.silvercase.chair.ape.onestory,vo.silvercase.chair.ape.onestory.mp3,yes,,"Two of us, one story. That’s how the Family remembers it.",11,,,,,,,,
3187,The Silver Case,ape,vo.silvercase.chair.ape.myround,vo.silvercase.chair.ape.myround.mp3,yes,,Fine. My round.,3,short,,,,,,,
3188,The Silver Case,ape,vo.silvercase.chair.ape.myparttoo,vo.silvercase.chair.ape.myparttoo.mp3,yes,,Lou is going to hear it was mine. That’s twice now I did your part of this.,17,,,,,,,,
3189,The Silver Case,ape,vo.silvercase.bathroom.ape.warning,vo.silvercase.bathroom.ape.warning.mp3,yes,,Bathroom!,1,short,,,,,,,
3190,The Silver Case,ape,vo.silvercase.bathroom.ape.listen,vo.silvercase.bathroom.ape.listen.mp3,yes,,Good. You do listen occasionally.,5,,,,,,,,
3191,The Silver Case,ape,vo.silvercase.bathroom.ape.countedfour,vo.silvercase.bathroom.ape.countedfour.mp3,yes,,You counted four. I saw you.,6,,,,,,,,
3192,The Silver Case,ape,vo.silvercase.aftermath.ape.witness,vo.silvercase.aftermath.ape.witness.mp3,yes,,Congratulations. You’ve been promoted to witness.,6,,,,,,,,
3193,The Silver Case,ape,vo.silvercase.aftermath.ape.cleanup,vo.silvercase.aftermath.ape.cleanup.mp3,yes,,Clean this up. All of it. And you were never here.,11,,,,,,,,
3194,The Silver Case,npc-reserve-1,vo.silvercase.aftermath.winston.neverhere,vo.silvercase.aftermath.winston.neverhere.mp3,yes,,Yes — yes sir. Never. I was never here.,9,,,,,,,,
3195,The Silver Case,ape,vo.silvercase.aftermath.ape.ordont,vo.silvercase.aftermath.ape.ordont.mp3,yes,,…Or don’t.,2,short,,,,,,,
3196,The Silver Case,ape,vo.silvercase.aftermath.ape.yourround,vo.silvercase.aftermath.ape.yourround.mp3,yes,,"Your call, your round. He’s standing right there.",8,,,,,,,,
3197,The Silver Case,npc-reserve-1,vo.silvercase.aftermath.winston.please,vo.silvercase.aftermath.winston.please.mp3,yes,,"Please — please, I’ll clean it, I’ll clean all of it —",12,,,,,,,,
3198,The Silver Case,ape,vo.silvercase.aftermath.ape.nobodytoclean,vo.silvercase.aftermath.ape.nobodytoclean.mp3,yes,,Then there’s nobody to clean it. That’s a choice too.,10,,,,,,,,
3199,The Silver Case,ape,vo.silvercase.aftermath.ape.wantitdoit,vo.silvercase.aftermath.ape.wantitdoit.mp3,yes,,You don’t get to want it and not do it.,10,,,,,,,,
3200,The Silver Case,ape,vo.silvercase.aftermath.ape.badideas,vo.silvercase.aftermath.ape.badideas.mp3,yes,,Always check the bathroom. That’s where bad ideas go to load themselves.,12,hud-speak,[keep as written],[keep as written],[keep as written],[keep as written],[keep as written],open,"BENCHMARK — flagged as HUD-speak by the tool and it is not; it is an instruction delivered as a piece of a man's philosophy, which is exactly what the tone doc asks for. Nothing to fix. Listed here as the reference standard the rest of the game should be written up to."
3201,SQUATCHOLA GAY,lou2,vo.enolasquatch.sasole.preflight-arrival-1.1,vo.enolasquatch.sasole.preflight-arrival-1.1.mp3,yes,,You brought the Brushrunner back with all the pieces. This one has twice the engines and none of the manners. Walk her with me before you get in.,28,,,,,,,,
3202,SQUATCHOLA GAY,player,vo.enolasquatch.prospect.preflight-arrival-2.1,vo.enolasquatch.prospect.preflight-arrival-2.1.mp3,yes,,Same rules?,2,short,,,,,,,
3203,SQUATCHOLA GAY,lou2,vo.enolasquatch.sasole.preflight-arrival-3.1,vo.enolasquatch.sasole.preflight-arrival-3.1.mp3,yes,,"Same rule. Look before you trust it. Chocks, all four fans, the bay, the bomb, the tail.",17,,,,,,,,
3204,SQUATCHOLA GAY,player,vo.enolasquatch.prospect.preflight-numbskull-1.1,vo.enolasquatch.prospect.preflight-numbskull-1.1.mp3,yes,,Should you be standing under that?,6,,,,,,,,
3205,SQUATCHOLA GAY,numbskull,vo.enolasquatch.numbskull.preflight-numbskull-2.1,vo.enolasquatch.numbskull.preflight-numbskull-2.1.mp3,yes,,Probably not.,2,short,,,,,,,
3206,SQUATCHOLA GAY,lou2,vo.enolasquatch.sasole.preflight-chocks-1.1,vo.enolasquatch.sasole.preflight-chocks-1.1.mp3,yes,,"Chocks first. Two of them, and both of them come out, because I have seen what happens when it is one.",21,,,,,,,,
3207,SQUATCHOLA GAY,lou2,vo.enolasquatch.sasole.preflight-props-1.1,vo.enolasquatch.sasole.preflight-props-1.1.mp3,yes,,"Pull each one through by hand. Four engines means four times, not one time with feeling.",16,,,,,,,,
3208,SQUATCHOLA GAY,player,vo.enolasquatch.prospect.preflight-props-all-1.1,vo.enolasquatch.prospect.preflight-props-all-1.1.mp3,yes,,All four turn.,3,short,,,,,,,
3209,SQUATCHOLA GAY,lou2,vo.enolasquatch.sasole.preflight-props-all-2.1,vo.enolasquatch.sasole.preflight-props-all-2.1.mp3,yes,,All four turning is the low bar. All four turning at the same time is the job.,17,,,,,,,,
3210,SQUATCHOLA GAY,irish,vo.enolasquatch.irish.preflight-payload-look-1.1,vo.enolasquatch.irish.preflight-payload-look-1.1.mp3,yes,,"That is the Fat Squatch. Do not lean on it, do not sit on it, do not put your coffee on it.",22,,,,,,,,
3211,SQUATCHOLA GAY,numbskull,vo.enolasquatch.numbskull.preflight-payload-tap-1.1,vo.enolasquatch.numbskull.preflight-payload-tap-1.1.mp3,yes,,Hold the key down. You do not load one of these with a tap.,14,hud-speak,,,,,,,
3212,SQUATCHOLA GAY,numbskull,vo.enolasquatch.numbskull.preflight-bombbay-tap-1.1,vo.enolasquatch.numbskull.preflight-bombbay-tap-1.1.mp3,yes,,"Give it a proper look, not a glance. It is a panel, not a painting.",15,,,,,,,,
3213,SQUATCHOLA GAY,lou2,vo.enolasquatch.sasole.preflight-surfaces-1.1,vo.enolasquatch.sasole.preflight-surfaces-1.1.mp3,yes,,"Move the elevator. If it moves, it is connected. If it does not, we have a much shorter evening.",19,,,,,,,,
3214,SQUATCHOLA GAY,lou2,vo.enolasquatch.sasole.preflight-done-1.1,vo.enolasquatch.sasole.preflight-done-1.1.mp3,yes,,"That is the walk. Nothing on this aeroplane is a surprise now, which is the most I have ever been able to say about it.",25,,,,,,,,
3215,SQUATCHOLA GAY,irish,vo.enolasquatch.irish.preflight-done-2.1,vo.enolasquatch.irish.preflight-done-2.1.mp3,yes,,"Door is open, Prospect. Left seat. Yours is the one on the left as she sits, not as you look at her.",22,,,,,,,,
3216,SQUATCHOLA GAY,lou2,vo.enolasquatch.sasole.preflight-board-1.1,vo.enolasquatch.sasole.preflight-board-1.1.mp3,yes,,Get in. Mind the ladder — it is the newest part of the aircraft and I do not trust it either.,21,,,,,,,,
3217,SQUATCHOLA GAY,lou2,vo.enolasquatch.sasole.preflight-chocksStill-1.1,vo.enolasquatch.sasole.preflight-chocksStill-1.1.mp3,yes,,Chocks are still in. She will run up beautifully and go absolutely nowhere.,13,,,,,,,,
3218,SQUATCHOLA GAY,irish,vo.enolasquatch.irish.preflight-restraints-1.1,vo.enolasquatch.irish.preflight-restraints-1.1.mp3,yes,,Payload secure?,2,short,,,,,,,
3219,SQUATCHOLA GAY,numbskull,vo.enolasquatch.numbskull.preflight-restraints-2.1,vo.enolasquatch.numbskull.preflight-restraints-2.1.mp3,yes,,Secure enough.,2,short,,,,,,,
3220,SQUATCHOLA GAY,lou2,vo.enolasquatch.sasole.preflight-loadSquatch-1.1,vo.enolasquatch.sasole.preflight-loadSquatch-1.1.mp3,yes,,Load it. Slowly. It is the only one we brought.,10,,,,,,,,
3221,SQUATCHOLA GAY,numbskull,vo.enolasquatch.numbskull.preflight-loadSquatch-2.1,vo.enolasquatch.numbskull.preflight-loadSquatch-2.1.mp3,yes,,Bringing her under. Mind your feet.,6,,,,,,,,
3222,SQUATCHOLA GAY,irish,vo.enolasquatch.irish.preflight-loadSquatch-3.1,vo.enolasquatch.irish.preflight-loadSquatch-3.1.mp3,yes,,Six thousand pounds of somebody’s idea.,6,,,,,,,,
3223,SQUATCHOLA GAY,numbskull,vo.enolasquatch.numbskull.preflight-loadSquatch-4.1,vo.enolasquatch.numbskull.preflight-loadSquatch-4.1.mp3,yes,,Shackles closed. Braces on. That is a bomb in a bomb bay.,12,,,,,,,,
3224,SQUATCHOLA GAY,lou2,vo.enolasquatch.sasole.preflight-bombbay-1.1,vo.enolasquatch.sasole.preflight-bombbay-1.1.mp3,yes,,Bomb-bay panel closed and pinned?,5,,,,,,,,
3225,SQUATCHOLA GAY,numbskull,vo.enolasquatch.numbskull.preflight-bombbay-2.1,vo.enolasquatch.numbskull.preflight-bombbay-2.1.mp3,yes,,Closed. Pinned is a strong word.,6,,,,,,,,
3226,SQUATCHOLA GAY,shubenator,vo.enolasquatch.shubes.preflight-shubes-first-1.1,vo.enolasquatch.shubes.preflight-shubes-first-1.1.mp3,yes,,"Hey guys, what’s going on?",5,,,,,,,,
3227,SQUATCHOLA GAY,lou2,vo.enolasquatch.sasole.preflight-shubes-first-2.1,vo.enolasquatch.sasole.preflight-shubes-first-2.1.mp3,yes,,How did you get on this aircraft?,7,,,,,,,,
3228,SQUATCHOLA GAY,shubenator,vo.enolasquatch.shubes.preflight-shubes-first-3.1,vo.enolasquatch.shubes.preflight-shubes-first-3.1.mp3,yes,,You left the back open.,5,,,,,,,,
3229,SQUATCHOLA GAY,irish,vo.enolasquatch.irish.preflight-shubes-first-4.1,vo.enolasquatch.irish.preflight-shubes-first-4.1.mp3,yes,,"That is not an answer, that is a confession.",9,,,,,,,,
3230,SQUATCHOLA GAY,shubenator,vo.enolasquatch.shubes.preflight-shubes-aboard-1.1,vo.enolasquatch.shubes.preflight-shubes-aboard-1.1.mp3,yes,,"Hey guys, what’s going on?",5,,,,,,,,
3231,SQUATCHOLA GAY,lou2,vo.enolasquatch.sasole.preflight-shubes-aboard-2.1,vo.enolasquatch.sasole.preflight-shubes-aboard-2.1.mp3,yes,,You were at the back of the aeroplane forty seconds ago.,11,,,,,,,,
3232,SQUATCHOLA GAY,shubenator,vo.enolasquatch.shubes.preflight-shubes-aboard-3.1,vo.enolasquatch.shubes.preflight-shubes-aboard-3.1.mp3,yes,,Yeah. I came round the front. It’s more polite.,9,,,,,,,,
3233,SQUATCHOLA GAY,irish,vo.enolasquatch.irish.preflight-shubes-aboard-4.1,vo.enolasquatch.irish.preflight-shubes-aboard-4.1.mp3,yes,,He has used the door. I want that in the log.,11,,,,,,,,
3234,SQUATCHOLA GAY,lou2,vo.enolasquatch.sasole.preflight-engineStart-1.1,vo.enolasquatch.sasole.preflight-engineStart-1.1.mp3,yes,,"Start sequence. One, then two.",5,,,,,,,,
3235,SQUATCHOLA GAY,lou2,vo.enolasquatch.sasole.preflight-engineStart-2.1,vo.enolasquatch.sasole.preflight-engineStart-2.1.mp3,yes,,"Three and four are yours, Prospect. Don’t be gentle, be correct.",11,,,,,,,,
3236,SQUATCHOLA GAY,lou2,vo.enolasquatch.sasole.preflight-sasole-chocksDone-1.1,vo.enolasquatch.sasole.preflight-sasole-chocksDone-1.1.mp3,yes,,"Both of them. There are always two, and there is always a pilot who found out there were two.",19,,,,,,,,
3237,SQUATCHOLA GAY,lou2,vo.enolasquatch.sasole.preflight-sasole-propOne-1.1,vo.enolasquatch.sasole.preflight-sasole-propOne-1.1.mp3,yes,,"One. Nine more blades to go, Prospect.",7,,,,,,,,
3238,SQUATCHOLA GAY,lou2,vo.enolasquatch.sasole.preflight-sasole-propTwo-1.1,vo.enolasquatch.sasole.preflight-sasole-propTwo-1.1.mp3,yes,,Two. This is the part of aviation nobody puts on a poster.,12,,,,,,,,
3239,SQUATCHOLA GAY,lou2,vo.enolasquatch.sasole.preflight-sasole-propThree-1.1,vo.enolasquatch.sasole.preflight-sasole-propThree-1.1.mp3,yes,,"Three. If one of these bites you, we are down a bombardier and a hand.",15,,,,,,,,
3240,SQUATCHOLA GAY,numbskull,vo.enolasquatch.numbskull.preflight-sasole-propThree-2.1,vo.enolasquatch.numbskull.preflight-sasole-propThree-2.1.mp3,yes,,I am the bombardier.,4,,,,,,,,
3241,SQUATCHOLA GAY,lou2,vo.enolasquatch.sasole.preflight-sasole-propThree-3.1,vo.enolasquatch.sasole.preflight-sasole-propThree-3.1.mp3,yes,,Then be careful for both of us.,7,,,,,,,,
3242,SQUATCHOLA GAY,lou2,vo.enolasquatch.sasole.preflight-sasole-propFour-1.1,vo.enolasquatch.sasole.preflight-sasole-propFour-1.1.mp3,yes,,"Four. Every fan turns, nothing is seized, nobody is bleeding. Best preflight I have had all year.",17,,,,,,,,
3243,SQUATCHOLA GAY,lou2,vo.enolasquatch.sasole.preflight-sasole-bayDone-1.1,vo.enolasquatch.sasole.preflight-sasole-bayDone-1.1.mp3,yes,,"Panel is on. That is not the same as the panel being right, but it is the half I can see.",21,,,,,,,,
3244,SQUATCHOLA GAY,lou2,vo.enolasquatch.sasole.preflight-sasole-payloadDone-1.1,vo.enolasquatch.sasole.preflight-sasole-payloadDone-1.1.mp3,yes,,"Straps are tight. That bomb goes out of this aeroplane once, on purpose, over somebody else.",16,,,,,,,,
3245,SQUATCHOLA GAY,lou2,vo.enolasquatch.sasole.preflight-sasole-tailDone-1.1,vo.enolasquatch.sasole.preflight-sasole-tailDone-1.1.mp3,yes,,"Gun swings, ammunition is in it, and there is a Shubenator attached. Two of those I asked for.",18,,,,,,,,
3246,SQUATCHOLA GAY,lou2,vo.enolasquatch.sasole.preflight-sasole-surfacesDone-1.1,vo.enolasquatch.sasole.preflight-sasole-surfacesDone-1.1.mp3,yes,,Elevator moves the way the wheel tells it to. Small thing. Only matters every second we are up.,18,,,,,,,,
3247,SQUATCHOLA GAY,lou2,vo.enolasquatch.sasole.preflight-sasole-boardNudge-1.1,vo.enolasquatch.sasole.preflight-sasole-boardNudge-1.1.mp3,yes,,"Door is on the port side, behind the wing, with a ladder under it. Follow the marker, Prospect.",18,,,,,,,,
3248,SQUATCHOLA GAY,lou2,vo.enolasquatch.sasole.preflight-sasole-boardNudge-2.1,vo.enolasquatch.sasole.preflight-sasole-boardNudge-2.1.mp3,yes,,I will be in the right seat pretending I did not have to say that.,15,,,,,,,,
3249,SQUATCHOLA GAY,lou2,vo.enolasquatch.sasole.nightfall-hatch-1.1,vo.enolasquatch.sasole.nightfall-hatch-1.1.mp3,yes,,Hatch closed. Bay closed. Nobody gets out of this aeroplane for the next four hours.,15,,,,,,,,
3250,SQUATCHOLA GAY,shubenator,vo.enolasquatch.shubes.nightfall-hatch-2.1,vo.enolasquatch.shubes.nightfall-hatch-2.1.mp3,yes,,I would like it noted that I did not get in on purpose.,13,,,,,,,,
3251,SQUATCHOLA GAY,lou2,vo.enolasquatch.sasole.nightfall-hatch-3.1,vo.enolasquatch.sasole.nightfall-hatch-3.1.mp3,yes,,Noted. Denied.,2,short,,,,,,,
3252,SQUATCHOLA GAY,irish,vo.enolasquatch.irish.nightfall-wait-1.1,vo.enolasquatch.irish.nightfall-wait-1.1.mp3,yes,,We do not go in daylight. We sit until the field goes dark and then we go.,17,,,,,,,,
3253,SQUATCHOLA GAY,player,vo.enolasquatch.prospect.nightfall-wait-2.1,vo.enolasquatch.prospect.nightfall-wait-2.1.mp3,yes,,How long?,2,short,,,,,,,
3254,SQUATCHOLA GAY,lou2,vo.enolasquatch.sasole.nightfall-wait-3.1,vo.enolasquatch.sasole.nightfall-wait-3.1.mp3,yes,,Long enough to think about it. Not long enough to change your mind.,13,,,,,,,,
3255,SQUATCHOLA GAY,lou2,vo.enolasquatch.sasole.nightfall-lineup-1.1,vo.enolasquatch.sasole.nightfall-lineup-1.1.mp3,yes,,"There it is. Whispering Pines at night, one runway, no tower, nobody to tell us not to.",17,,,,,,,,
3256,SQUATCHOLA GAY,irish,vo.enolasquatch.irish.nightfall-lineup-2.1,vo.enolasquatch.irish.nightfall-lineup-2.1.mp3,yes,,"Lined up and holding, Captain. Lamps are out down both edges.",11,,,,,,,,
3257,SQUATCHOLA GAY,lou2,vo.enolasquatch.sasole.nightfall-lineup-3.1,vo.enolasquatch.sasole.nightfall-lineup-3.1.mp3,yes,,"Then we are done waiting. Battery, fuel, four engines, Prospect. Wake her up.",13,,,,,,,,
3258,SQUATCHOLA GAY,lou2,vo.enolasquatch.sasole.taxi-line-1.1,vo.enolasquatch.sasole.taxi-line-1.1.mp3,yes,,Runway’s yours. Long roll on this one — she’s carrying six thousand pounds of opinion.,15,,,,,,,,
3259,SQUATCHOLA GAY,irish,vo.enolasquatch.irish.taxi-line-2.1,vo.enolasquatch.irish.taxi-line-2.1.mp3,yes,,"Straight line, Prospect. She will not forgive a wander.",9,,,,,,,,
3260,SQUATCHOLA GAY,lou2,vo.enolasquatch.sasole.takeoff-rotate-1.1,vo.enolasquatch.sasole.takeoff-rotate-1.1.mp3,yes,,Gear up. Complaints down. We’re officially committed.,7,,,,,,,,
3261,SQUATCHOLA GAY,irish,vo.enolasquatch.irish.takeoff-airborne-1.1,vo.enolasquatch.irish.takeoff-airborne-1.1.mp3,yes,,"Airborne, with the Fat Squatch still aboard. Nobody clap yet.",10,,,,,,,,
3262,SQUATCHOLA GAY,irish,vo.enolasquatch.irish.climb-turn-east-1.1,vo.enolasquatch.irish.climb-turn-east-1.1.mp3,yes,,"Climb out on the runway heading, then come right onto zero-nine-zero. We’re going east tonight.",15,,,,,,,,
3263,SQUATCHOLA GAY,irish,vo.enolasquatch.irish.climb-turn-west-1.1,vo.enolasquatch.irish.climb-turn-west-1.1.mp3,yes,,"Climb out on the runway heading, then come left onto two-seven-zero. We’re going west tonight.",15,,,,,,,,
3264,SQUATCHOLA GAY,lou2,vo.enolasquatch.sasole.cruise-settle-1.1,vo.enolasquatch.sasole.cruise-settle-1.1.mp3,yes,,Cruise. Lights out in a minute — let your eyes get used to it before we go dark.,18,,,,,,,,
3265,SQUATCHOLA GAY,irish,vo.enolasquatch.irish.cruise-settle-2.1,vo.enolasquatch.irish.cruise-settle-2.1.mp3,yes,,Radio chatter’s ours to keep quiet from here.,8,,,,,,,,
3266,SQUATCHOLA GAY,irish,vo.enolasquatch.irish.nav-left5-1.1,vo.enolasquatch.irish.nav-left5-1.1.mp3,yes,,Come left five degrees.,4,,,,,,,,
3267,SQUATCHOLA GAY,irish,vo.enolasquatch.irish.nav-right5-1.1,vo.enolasquatch.irish.nav-right5-1.1.mp3,yes,,Come right five degrees.,4,,,,,,,,
3268,SQUATCHOLA GAY,irish,vo.enolasquatch.irish.nav-wrongWay-1.1,vo.enolasquatch.irish.nav-wrongWay-1.1.mp3,yes,,"Other left, Lindbergh.",3,short,,,,,,,
3269,SQUATCHOLA GAY,irish,vo.enolasquatch.irish.nav-goodLine-1.1,vo.enolasquatch.irish.nav-goodLine-1.1.mp3,yes,,There. Hold that line.,4,hud-speak,,,,,,,
3270,SQUATCHOLA GAY,lou2,vo.enolasquatch.sasole.nav-nag-sasole-1.1,vo.enolasquatch.sasole.nav-nag-sasole-1.1.mp3,yes,,You planning on sightseeing? Heading zero-nine-zero.,6,,,,,,,,
3271,SQUATCHOLA GAY,irish,vo.enolasquatch.irish.nav-nag-irish-1.1,vo.enolasquatch.irish.nav-nag-irish-1.1.mp3,yes,,"Zero-nine-zero, Prospect. It is written down and everything.",8,,,,,,,,
3272,SQUATCHOLA GAY,lou2,vo.enolasquatch.sasole.nav-nag-sasoleAgain-1.1,vo.enolasquatch.sasole.nav-nag-sasoleAgain-1.1.mp3,yes,,Bank her over. East. The city is not going to come to us.,13,,,,,,,,
3273,SQUATCHOLA GAY,lou2,vo.enolasquatch.sasole.detect-corridor-1.1,vo.enolasquatch.sasole.detect-corridor-1.1.mp3,yes,,Valley ahead. Get under the ridgeline and stay there — we go under their radar or we don’t go.,19,,,,,,,,
3274,SQUATCHOLA GAY,irish,vo.enolasquatch.irish.detect-searching-1.1,vo.enolasquatch.irish.detect-searching-1.1.mp3,yes,,"Searchlight’s hunting, not looking right at us. Hold low.",9,hud-speak,,,,,,,
3275,SQUATCHOLA GAY,irish,vo.enolasquatch.irish.detect-located-1.1,vo.enolasquatch.irish.detect-located-1.1.mp3,yes,,They’ve got us. So much for quiet.,7,,,,,,,,
3276,SQUATCHOLA GAY,irish,vo.enolasquatch.irish.detect-clear-1.1,vo.enolasquatch.irish.detect-clear-1.1.mp3,yes,,Lost them. Nicely flown.,4,,,,,,,,
3277,SQUATCHOLA GAY,shubenator,vo.enolasquatch.shubes.defense-opening-1.1,vo.enolasquatch.shubes.defense-opening-1.1.mp3,yes,,Are those guys shooting at us?,6,,,,,,,,
3278,SQUATCHOLA GAY,irish,vo.enolasquatch.irish.defense-opening-2.1,vo.enolasquatch.irish.defense-opening-2.1.mp3,yes,,"No, Shubes. They’re applauding.",4,,,,,,,,
3279,SQUATCHOLA GAY,shubenator,vo.enolasquatch.shubes.defense-gunner-on-1.1,vo.enolasquatch.shubes.defense-gunner-on-1.1.mp3,yes,,Rear gun’s hot. Say the word.,6,,,,,,,,
3280,SQUATCHOLA GAY,shubenator,vo.enolasquatch.shubes.defense-gunner-open-1.1,vo.enolasquatch.shubes.defense-gunner-open-1.1.mp3,yes,,Word taken! Word absolutely taken!,5,,,,,,,,
3281,SQUATCHOLA GAY,lou2,vo.enolasquatch.sasole.defense-gunner-open-2.1,vo.enolasquatch.sasole.defense-gunner-open-2.1.mp3,yes,,Hold her steady for him. He cannot hit anything if the whole aeroplane is the thing that is moving.,19,hud-speak,,,,,,,
3282,SQUATCHOLA GAY,lou2,vo.enolasquatch.sasole.defense-hit-1.1,vo.enolasquatch.sasole.defense-hit-1.1.mp3,yes,,That one found us. Report.,5,,,,,,,,
3283,SQUATCHOLA GAY,shubenator,vo.enolasquatch.shubes.defense-suppressed-1.1,vo.enolasquatch.shubes.defense-suppressed-1.1.mp3,yes,,I think I got one! I think! There was fire! Fire happened!,12,,,,,,,,
3284,SQUATCHOLA GAY,irish,vo.enolasquatch.irish.defense-engineStrain-1.1,vo.enolasquatch.irish.defense-engineStrain-1.1.mp3,yes,,Number three’s losing revs. She’s been asking for this the whole climb.,12,,,,,,,,
3285,SQUATCHOLA GAY,lou2,vo.enolasquatch.sasole.defense-engineStrain-2.1,vo.enolasquatch.sasole.defense-engineStrain-2.1.mp3,yes,,"Heard it. Nurse it — we keep flying, we just fly lighter on that side.",15,,,,,,,,
3286,SQUATCHOLA GAY,shubenator,vo.enolasquatch.shubes.fighters-first-1.1,vo.enolasquatch.shubes.fighters-first-1.1.mp3,yes,,Something just went past the tail. Something fast and it was not ours.,13,,,,,,,,
3287,SQUATCHOLA GAY,irish,vo.enolasquatch.irish.fighters-first-2.1,vo.enolasquatch.irish.fighters-first-2.1.mp3,yes,,Single engine. He is climbing back up to have another look at us.,13,,,,,,,,
3288,SQUATCHOLA GAY,lou2,vo.enolasquatch.sasole.fighters-first-3.1,vo.enolasquatch.sasole.fighters-first-3.1.mp3,yes,,"Night fighters. They were always going to come. Everybody calls what they see, nobody guesses.",15,,,,,,,,
3289,SQUATCHOLA GAY,shubenator,vo.enolasquatch.shubes.fighters-down-1.1,vo.enolasquatch.shubes.fighters-down-1.1.mp3,yes,,He is going down! He is going DOWN!,8,,,,,,,,
3290,SQUATCHOLA GAY,irish,vo.enolasquatch.irish.fighters-down-2.1,vo.enolasquatch.irish.fighters-down-2.1.mp3,yes,,Confirmed. One less of them.,5,,,,,,,,
3291,SQUATCHOLA GAY,irish,vo.enolasquatch.irish.fighters-broke-1.1,vo.enolasquatch.irish.fighters-broke-1.1.mp3,yes,,They have turned back. We are past what their fuel will carry.,12,,,,,,,,
3292,SQUATCHOLA GAY,lou2,vo.enolasquatch.sasole.fighters-broke-2.1,vo.enolasquatch.sasole.fighters-broke-2.1.mp3,yes,,Then we are past the worst of it. Nobody relax.,10,,,,,,,,
3293,SQUATCHOLA GAY,lou2,vo.enolasquatch.sasole.auto-on-1.1,vo.enolasquatch.sasole.auto-on-1.1.mp3,yes,,Setting the gyro. She will hold this heading and this height and she will do nothing else.,17,hud-speak,,,,,,,
3294,SQUATCHOLA GAY,lou2,vo.enolasquatch.sasole.auto-on-2.1,vo.enolasquatch.sasole.auto-on-2.1.mp3,yes,,Understand me. She will not get out of the way of anything. That part was you.,16,,,,,,,,
3295,SQUATCHOLA GAY,lou2,vo.enolasquatch.sasole.auto-off-1.1,vo.enolasquatch.sasole.auto-off-1.1.mp3,yes,,I have her. Hands on.,5,,,,,,,,
3296,SQUATCHOLA GAY,lou2,vo.enolasquatch.sasole.auto-kicked-1.1,vo.enolasquatch.sasole.auto-kicked-1.1.mp3,yes,,"Gyro is off — she is going over! Prospect, seat, NOW!",11,,,,,,,,
3297,SQUATCHOLA GAY,shubenator,vo.enolasquatch.shubes.gun-take-1.1,vo.enolasquatch.shubes.gun-take-1.1.mp3,yes,,You want it? Take it. I am not proud and I am not accurate.,14,,,,,,,,
3298,SQUATCHOLA GAY,lou2,vo.enolasquatch.sasole.gun-take-2.1,vo.enolasquatch.sasole.gun-take-2.1.mp3,yes,,"Prospect is on the tail gun. Nobody is flying this aeroplane but a box of gears, so be quick about it.",21,,,,,,,,
3299,SQUATCHOLA GAY,shubenator,vo.enolasquatch.shubes.gun-leave-1.1,vo.enolasquatch.shubes.gun-leave-1.1.mp3,yes,,It is warm. You are welcome.,6,,,,,,,,
3300,SQUATCHOLA GAY,irish,vo.enolasquatch.irish.gun-dry-1.1,vo.enolasquatch.irish.gun-dry-1.1.mp3,yes,,Belt is out. There is nothing else back there.,9,,,,,,,,
3301,SQUATCHOLA GAY,shubenator,vo.enolasquatch.shubes.gun-dry-2.1,vo.enolasquatch.shubes.gun-dry-2.1.mp3,yes,,There was a lot of it and now there is none of it.,13,,,,,,,,
3302,SQUATCHOLA GAY,numbskull,vo.enolasquatch.numbskull.bomb-targetInSight-1.1,vo.enolasquatch.numbskull.bomb-targetInSight-1.1.mp3,yes,,Target coming into view.,4,,,,,,,,
3303,SQUATCHOLA GAY,numbskull,vo.enolasquatch.numbskull.bomb-cityInSight-1.1,vo.enolasquatch.numbskull.bomb-cityInSight-1.1.mp3,yes,,That is a whole town down there. Streets and everything.,10,,,,,,,,
3304,SQUATCHOLA GAY,irish,vo.enolasquatch.irish.bomb-cityInSight-2.1,vo.enolasquatch.irish.bomb-cityInSight-2.1.mp3,yes,,"City in sight. Grid runs north–south, the tall part is the middle, and the middle is what we were given.",20,,,,,,,,
3305,SQUATCHOLA GAY,player,vo.enolasquatch.prospect.bomb-cityInSight-3.1,vo.enolasquatch.prospect.bomb-cityInSight-3.1.mp3,yes,,It’s bigger than I thought.,5,,,,,,,,
3306,SQUATCHOLA GAY,lou2,vo.enolasquatch.sasole.bomb-cityInSight-4.1,vo.enolasquatch.sasole.bomb-cityInSight-4.1.mp3,yes,,They always are. Fly the line.,6,,,,,,,,
3307,SQUATCHOLA GAY,irish,vo.enolasquatch.irish.bomb-tenSeconds-1.1,vo.enolasquatch.irish.bomb-tenSeconds-1.1.mp3,yes,,Ten seconds.,2,short,,,,,,,
3308,SQUATCHOLA GAY,lou2,vo.enolasquatch.sasole.bomb-steady-1.1,vo.enolasquatch.sasole.bomb-steady-1.1.mp3,yes,,Steady. Don’t chase it. Let the target come to you.,10,,,,,,,,
3309,SQUATCHOLA GAY,numbskull,vo.enolasquatch.numbskull.bomb-doorsFail-1.1,vo.enolasquatch.numbskull.bomb-doorsFail-1.1.mp3,yes,,Doors aren’t opening.,3,short,,,,,,,
3310,SQUATCHOLA GAY,lou2,vo.enolasquatch.sasole.bomb-doorsFail-2.1,vo.enolasquatch.sasole.bomb-doorsFail-2.1.mp3,yes,,Why?,1,short,,,,,,,
3311,SQUATCHOLA GAY,numbskull,vo.enolasquatch.numbskull.bomb-doorsFail-3.1,vo.enolasquatch.numbskull.bomb-doorsFail-3.1.mp3,yes,,I used the wrong bolts.,5,,,,,,,,
3312,SQUATCHOLA GAY,lou2,vo.enolasquatch.sasole.bomb-manualReset-1.1,vo.enolasquatch.sasole.bomb-manualReset-1.1.mp3,yes,,"Then fix it manually and do it fast. Prospect, hold her level — level is the whole job right now.",20,hud-speak,,,,,,,
3313,SQUATCHOLA GAY,shubenator,vo.enolasquatch.shubes.bomb-shubesInBay-1.1,vo.enolasquatch.shubes.bomb-shubesInBay-1.1.mp3,yes,,"Hey guys, what’s going on?",5,,,,,,,,
3314,SQUATCHOLA GAY,lou2,vo.enolasquatch.sasole.bomb-shubesInBay-2.1,vo.enolasquatch.sasole.bomb-shubesInBay-2.1.mp3,yes,,GET OUT OF THERE!,4,all-caps,,,,,,,
3315,SQUATCHOLA GAY,irish,vo.enolasquatch.irish.bomb-shubesInBay-3.1,vo.enolasquatch.irish.bomb-shubesInBay-3.1.mp3,yes,,GET OUT OF THERE!,4,all-caps,,,,,,,
3316,SQUATCHOLA GAY,numbskull,vo.enolasquatch.numbskull.bomb-shubesInBay-4.1,vo.enolasquatch.numbskull.bomb-shubesInBay-4.1.mp3,yes,,GET OUT OF THERE!,4,all-caps,,,,,,,
3317,SQUATCHOLA GAY,numbskull,vo.enolasquatch.numbskull.bomb-doorsFixed-1.1,vo.enolasquatch.numbskull.bomb-doorsFixed-1.1.mp3,yes,,"Doors are open! Doors are open, they were always going to open!",12,,,,,,,,
3318,SQUATCHOLA GAY,numbskull,vo.enolasquatch.numbskull.bomb-releaseStuck-1.1,vo.enolasquatch.numbskull.bomb-releaseStuck-1.1.mp3,yes,,...Nothing. Hang on.,3,short,,,,,,,
3319,SQUATCHOLA GAY,numbskull,vo.enolasquatch.numbskull.bomb-releaseKick-1.1,vo.enolasquatch.numbskull.bomb-releaseKick-1.1.mp3,yes,,Kicking the mount.,3,short,,,,,,,
3320,SQUATCHOLA GAY,numbskull,vo.enolasquatch.numbskull.bomb-packageAway-1.1,vo.enolasquatch.numbskull.bomb-packageAway-1.1.mp3,yes,,Package away!,2,short,,,,,,,
3321,SQUATCHOLA GAY,irish,vo.enolasquatch.irish.bomb-packageAway-2.1,vo.enolasquatch.irish.bomb-packageAway-2.1.mp3,yes,,That is a very generous definition of away.,8,,,,,,,,
3322,SQUATCHOLA GAY,lou2,vo.enolasquatch.sasole.bomb-weightLoss-1.1,vo.enolasquatch.sasole.bomb-weightLoss-1.1.mp3,yes,,There she goes. Plane just lost six thousand pounds of bad intentions.,12,,,,,,,,
3323,SQUATCHOLA GAY,lou2,vo.enolasquatch.sasole.bomb-breakTurn-1.1,vo.enolasquatch.sasole.bomb-breakTurn-1.1.mp3,yes,,"Now TURN. Hard over, nose down, and do not stop turning until I tell you.",15,,,,,,,,
3324,SQUATCHOLA GAY,irish,vo.enolasquatch.irish.bomb-breakTurn-2.1,vo.enolasquatch.irish.bomb-breakTurn-2.1.mp3,yes,,"Every second of that is distance, Prospect. Distance is the entire plan.",12,,,,,,,,
3325,SQUATCHOLA GAY,shubenator,vo.enolasquatch.shubes.bomb-falling-1.1,vo.enolasquatch.shubes.bomb-falling-1.1.mp3,yes,,Is it supposed to make that noise?,7,,,,,,,,
3326,SQUATCHOLA GAY,numbskull,vo.enolasquatch.numbskull.bomb-falling-2.1,vo.enolasquatch.numbskull.bomb-falling-2.1.mp3,yes,,That is the noise. That is the correct noise.,9,,,,,,,,
3327,SQUATCHOLA GAY,irish,vo.enolasquatch.irish.bomb-falling-3.1,vo.enolasquatch.irish.bomb-falling-3.1.mp3,yes,,Then why is it getting worse.,6,,,,,,,,
3328,SQUATCHOLA GAY,player,vo.enolasquatch.prospect.explosion-flash-1.1,vo.enolasquatch.prospect.explosion-flash-1.1.mp3,yes,,I cannot see. I cannot see anything.,7,,,,,,,,
3329,SQUATCHOLA GAY,lou2,vo.enolasquatch.sasole.explosion-flash-2.1,vo.enolasquatch.sasole.explosion-flash-2.1.mp3,yes,,Nobody look at it. Fly the instruments. It comes back.,10,,,,,,,,
3330,SQUATCHOLA GAY,irish,vo.enolasquatch.irish.explosion-shockwave-1.1,vo.enolasquatch.irish.explosion-shockwave-1.1.mp3,yes,,BRACE—,1,short all-caps,,,,,,,
3331,SQUATCHOLA GAY,numbskull,vo.enolasquatch.numbskull.explosion-shockwave-2.1,vo.enolasquatch.numbskull.explosion-shockwave-2.1.mp3,yes,,Something hit us! Something hit the whole aeroplane at once!,10,,,,,,,,
3332,SQUATCHOLA GAY,lou2,vo.enolasquatch.sasole.explosion-shockwave-3.1,vo.enolasquatch.sasole.explosion-shockwave-3.1.mp3,yes,,That was the air. The air hit us.,8,,,,,,,,
3333,SQUATCHOLA GAY,irish,vo.enolasquatch.irish.explosion-reaction-1.1,vo.enolasquatch.irish.explosion-reaction-1.1.mp3,yes,,That seems excessive.,3,short,,,,,,,
3334,SQUATCHOLA GAY,lou2,vo.enolasquatch.sasole.explosion-reaction-2.1,vo.enolasquatch.sasole.explosion-reaction-2.1.mp3,yes,,That was the conservative setting.,5,,,,,,,,
3335,SQUATCHOLA GAY,numbskull,vo.enolasquatch.numbskull.explosion-column-1.1,vo.enolasquatch.numbskull.explosion-column-1.1.mp3,yes,,It is still going up.,5,,,,,,,,
3336,SQUATCHOLA GAY,irish,vo.enolasquatch.irish.explosion-column-2.1,vo.enolasquatch.irish.explosion-column-2.1.mp3,yes,,It has been going up for fifteen seconds.,8,,,,,,,,
3337,SQUATCHOLA GAY,numbskull,vo.enolasquatch.numbskull.explosion-column-3.1,vo.enolasquatch.numbskull.explosion-column-3.1.mp3,yes,,It is still going up.,5,,,,,,,,
3338,SQUATCHOLA GAY,shubenator,vo.enolasquatch.shubes.explosion-column-4.1,vo.enolasquatch.shubes.explosion-column-4.1.mp3,yes,,Is it going to stop?,5,,,,,,,,
3339,SQUATCHOLA GAY,lou2,vo.enolasquatch.sasole.explosion-column-5.1,vo.enolasquatch.sasole.explosion-column-5.1.mp3,yes,,Eventually.,1,short,,,,,,,
3340,SQUATCHOLA GAY,shubenator,vo.enolasquatch.shubes.explosion-crater-1.1,vo.enolasquatch.shubes.explosion-crater-1.1.mp3,yes,,"Guys. Guys, where did it go?",6,,,,,,,,
3341,SQUATCHOLA GAY,numbskull,vo.enolasquatch.numbskull.explosion-crater-2.1,vo.enolasquatch.numbskull.explosion-crater-2.1.mp3,yes,,The town?,2,short,,,,,,,
3342,SQUATCHOLA GAY,shubenator,vo.enolasquatch.shubes.explosion-crater-3.1,vo.enolasquatch.shubes.explosion-crater-3.1.mp3,yes,,"Yeah, the town.",3,short,,,,,,,
3343,SQUATCHOLA GAY,irish,vo.enolasquatch.irish.explosion-crater-4.1,vo.enolasquatch.irish.explosion-crater-4.1.mp3,yes,,There is a hole where the town was. A round one. You can see the far side of it from here.,21,,,,,,,,
3344,SQUATCHOLA GAY,lou2,vo.enolasquatch.sasole.explosion-crater-5.1,vo.enolasquatch.sasole.explosion-crater-5.1.mp3,yes,,"That is what a crater is, Irish.",7,,,,,,,,
3345,SQUATCHOLA GAY,player,vo.enolasquatch.prospect.explosion-crater-6.1,vo.enolasquatch.prospect.explosion-crater-6.1.mp3,yes,,...I said a line before that.,6,,,,,,,,
3346,SQUATCHOLA GAY,lou2,vo.enolasquatch.sasole.explosion-crater-7.1,vo.enolasquatch.sasole.explosion-crater-7.1.mp3,yes,,Nobody heard your line. Everybody is looking at the hole.,10,,,,,,,,
3347,SQUATCHOLA GAY,lou2,vo.enolasquatch.sasole.escape-turn-1.1,vo.enolasquatch.sasole.escape-turn-1.1.mp3,yes,,"Climb, bank, and don’t look at it. Looking at it doesn’t help.",12,,,,,,,,
3348,SQUATCHOLA GAY,shubenator,vo.enolasquatch.shubes.escape-gunnerDone-1.1,vo.enolasquatch.shubes.escape-gunnerDone-1.1.mp3,yes,,I think we’re out of bullets.,6,,,,,,,,
3349,SQUATCHOLA GAY,irish,vo.enolasquatch.irish.escape-gunnerDone-2.1,vo.enolasquatch.irish.escape-gunnerDone-2.1.mp3,yes,,You fired into the same truck for four minutes.,9,,,,,,,,
3350,SQUATCHOLA GAY,lou2,vo.enolasquatch.sasole.fighters-sasoleTakesIt-1.1,vo.enolasquatch.sasole.fighters-sasoleTakesIt-1.1.mp3,yes,,Plane’s mine. You go shoot.,5,,,,,,,,
3351,SQUATCHOLA GAY,lou2,vo.enolasquatch.sasole.fighters-sasoleTakesIt-2.1,vo.enolasquatch.sasole.fighters-sasoleTakesIt-2.1.mp3,yes,,"Gyro has the heading, I have the yoke. Get in the tail, Prospect.",13,,,,,,,,
3352,SQUATCHOLA GAY,shubenator,vo.enolasquatch.shubes.fighters-sasoleTakesIt-3.1,vo.enolasquatch.shubes.fighters-sasoleTakesIt-3.1.mp3,yes,,There is someone already in here.,6,,,,,,,,
3353,SQUATCHOLA GAY,lou2,vo.enolasquatch.sasole.fighters-sasoleTakesIt-4.1,vo.enolasquatch.sasole.fighters-sasoleTakesIt-4.1.mp3,yes,,Then budge up.,3,short,,,,,,,
3354,SQUATCHOLA GAY,lou2,vo.enolasquatch.sasole.escape-clear-1.1,vo.enolasquatch.sasole.escape-clear-1.1.mp3,yes,,Clean air. Keep climbing.,4,,,,,,,,
3355,SQUATCHOLA GAY,lou2,vo.enolasquatch.sasole.emergency-overheat-1.1,vo.enolasquatch.sasole.emergency-overheat-1.1.mp3,yes,,Number three is running hot. Two-forty and climbing.,8,,,,,,,,
3356,SQUATCHOLA GAY,lou2,vo.enolasquatch.sasole.emergency-overheat-2.1,vo.enolasquatch.sasole.emergency-overheat-2.1.mp3,yes,,Ease her back. Bring the throttle down.,7,,,,,,,,
3357,SQUATCHOLA GAY,lou2,vo.enolasquatch.sasole.emergency-throttleBack-1.1,vo.enolasquatch.sasole.emergency-throttleBack-1.1.mp3,yes,,"Throttle, Prospect. All the way back to the stop and leave it there.",13,,,,,,,,
3358,SQUATCHOLA GAY,lou2,vo.enolasquatch.sasole.emergency-stabilised-1.1,vo.enolasquatch.sasole.emergency-stabilised-1.1.mp3,yes,,There you go. Hold it there until she cools off.,10,hud-speak,,,,,,,
3359,SQUATCHOLA GAY,numbskull,vo.enolasquatch.numbskull.emergency-cooled-1.1,vo.enolasquatch.numbskull.emergency-cooled-1.1.mp3,yes,,Two hundred and falling. She will live.,7,,,,,,,,
3360,SQUATCHOLA GAY,lou2,vo.enolasquatch.sasole.emergency-cooled-2.1,vo.enolasquatch.sasole.emergency-cooled-2.1.mp3,yes,,"Then we go home on four warm ones. Whispering Pines, straight in.",12,,,,,,,,
3361,SQUATCHOLA GAY,lou2,vo.enolasquatch.sasole.emergency-shutdown-1.1,vo.enolasquatch.sasole.emergency-shutdown-1.1.mp3,yes,,"Shutting two down. She’ll fly on three, she just won’t enjoy it.",12,,,,,,,,
3362,SQUATCHOLA GAY,lou2,vo.enolasquatch.sasole.emergency-pushedIt-1.1,vo.enolasquatch.sasole.emergency-pushedIt-1.1.mp3,yes,,That is not what I meant by hope.,8,,,,,,,,
3363,SQUATCHOLA GAY,lou2,vo.enolasquatch.sasole.landing-line-1.1,vo.enolasquatch.sasole.landing-line-1.1.mp3,yes,,Same field we left from. Try to remember which end has the hangar.,13,,,,,,,,
3364,SQUATCHOLA GAY,lou2,vo.enolasquatch.sasole.landing-perfect-1.1,vo.enolasquatch.sasole.landing-perfect-1.1.mp3,yes,,Maybe next time we let you fly something expensive.,9,,,,,,,,
3365,SQUATCHOLA GAY,irish,vo.enolasquatch.irish.landing-hard-1.1,vo.enolasquatch.irish.landing-hard-1.1.mp3,yes,,We dropped one package. Didn’t need to drop the aircraft.,10,,,,,,,,
3366,SQUATCHOLA GAY,lou2,vo.enolasquatch.sasole.arrival-sasole-1.1,vo.enolasquatch.sasole.arrival-sasole-1.1.mp3,yes,,Chocks in. Leave her turning until the ground crew has all four temperatures.,13,,,,,,,,
3367,SQUATCHOLA GAY,player,vo.enolasquatch.prospect.arrival-sasole-2.1,vo.enolasquatch.prospect.arrival-sasole-2.1.mp3,yes,,You heading inside?,3,short,,,,,,,
3368,SQUATCHOLA GAY,lou2,vo.enolasquatch.sasole.arrival-sasole-3.1,vo.enolasquatch.sasole.arrival-sasole-3.1.mp3,yes,,No. Lou can ask his questions at the house. We put the aeroplane away.,14,,,,,,,,
3369,SQUATCHOLA GAY,lou2,vo.enolasquatch.sasole.bark-walkaroundIdle-1.1,vo.enolasquatch.sasole.bark-walkaroundIdle-1.1.mp3,yes,,"Marker is on the next one, Prospect. It is not going to check itself.",14,,,,,,,,
3370,SQUATCHOLA GAY,lou2,vo.enolasquatch.sasole.bark-walkaroundIdle-2.1,vo.enolasquatch.sasole.bark-walkaroundIdle-2.1.mp3,yes,,She is thirty-three metres across. Walking is most of the job.,11,,,,,,,,
3371,SQUATCHOLA GAY,irish,vo.enolasquatch.irish.bark-walkaroundIdle-3.1,vo.enolasquatch.irish.bark-walkaroundIdle-3.1.mp3,yes,,"Sun is going down on us, Prospect. Keep moving.",9,,,,,,,,
3372,SQUATCHOLA GAY,lou2,vo.enolasquatch.sasole.bark-walkaroundIdle-4.1,vo.enolasquatch.sasole.bark-walkaroundIdle-4.1.mp3,yes,,I have watched men stare at this aeroplane before. It never once fixed anything.,14,,,,,,,,
3373,SQUATCHOLA GAY,lou2,vo.enolasquatch.sasole.bark-heavyBanked-1.1,vo.enolasquatch.sasole.bark-heavyBanked-1.1.mp3,yes,,Easy. She’s not the little plane. Ease it back.,9,,,,,,,,
3374,SQUATCHOLA GAY,lou2,vo.enolasquatch.sasole.bark-heavyBanked-2.1,vo.enolasquatch.sasole.bark-heavyBanked-2.1.mp3,yes,,That bank angle is a request she is declining.,9,,,,,,,,
3375,SQUATCHOLA GAY,lou2,vo.enolasquatch.sasole.bark-heavySlow-1.1,vo.enolasquatch.sasole.bark-heavySlow-1.1.mp3,yes,,Nose down a hair. She climbs like it’s a personal insult when she’s this loaded.,15,,,,,,,,
3376,SQUATCHOLA GAY,lou2,vo.enolasquatch.sasole.bark-heavySmooth-1.1,vo.enolasquatch.sasole.bark-heavySmooth-1.1.mp3,yes,,There. Small inputs. She rewards patience.,6,,,,,,,,
3377,SQUATCHOLA GAY,shubenator,vo.enolasquatch.shubes.bark-gunnerIdle-1.1,vo.enolasquatch.shubes.bark-gunnerIdle-1.1.mp3,yes,,"Rear gunner reporting no targets, several opinions.",7,,,,,,,,
3378,SQUATCHOLA GAY,shubenator,vo.enolasquatch.shubes.bark-gunnerIdle-2.1,vo.enolasquatch.shubes.bark-gunnerIdle-2.1.mp3,yes,,Everything back here is fine. I am counting stars.,9,,,,,,,,
3379,SQUATCHOLA GAY,shubenator,vo.enolasquatch.shubes.bark-gunnerFiring-1.1,vo.enolasquatch.shubes.bark-gunnerFiring-1.1.mp3,yes,,Eating a lot of tracer up here!,7,,,,,,,,
3380,SQUATCHOLA GAY,shubenator,vo.enolasquatch.shubes.bark-gunnerFiring-2.1,vo.enolasquatch.shubes.bark-gunnerFiring-2.1.mp3,yes,,This gun is louder than I expected and I expected a lot!,12,,,,,,,,
3381,SQUATCHOLA GAY,irish,vo.enolasquatch.irish.bark-lowFuel-1.1,vo.enolasquatch.irish.bark-lowFuel-1.1.mp3,yes,,Fuel’s getting opinions of its own. Keep it efficient.,9,,,,,,,,
3382,SQUATCHOLA GAY,lou2,vo.enolasquatch.sasole.bark-terrainClose-1.1,vo.enolasquatch.sasole.bark-terrainClose-1.1.mp3,yes,,Terrain. Terrain is a thing that wins arguments.,8,,,,,,,,
3383,SQUATCHOLA GAY,lou2,vo.enolasquatch.sasole.bark-flakClose-1.1,vo.enolasquatch.sasole.bark-flakClose-1.1.mp3,yes,,That one was close enough to read the serial number off.,11,,,,,,,,
3384,SQUATCHOLA GAY,irish,vo.enolasquatch.irish.bark-flakClose-2.1,vo.enolasquatch.irish.bark-flakClose-2.1.mp3,yes,,Splinters. We are taking splinters down the side.,8,,,,,,,,
3385,SQUATCHOLA GAY,numbskull,vo.enolasquatch.numbskull.bark-flakClose-3.1,vo.enolasquatch.numbskull.bark-flakClose-3.1.mp3,yes,,I felt that one in my teeth.,7,,,,,,,,
3386,SQUATCHOLA GAY,shubenator,vo.enolasquatch.shubes.bark-flakClose-4.1,vo.enolasquatch.shubes.bark-flakClose-4.1.mp3,yes,,The whole tail just moved and I was still attached to it!,12,,,,,,,,
3387,SQUATCHOLA GAY,shubenator,vo.enolasquatch.shubes.bark-fighterCommitting-1.1,vo.enolasquatch.shubes.bark-fighterCommitting-1.1.mp3,yes,,"He is rolling in on us! High, coming down!",9,,,,,,,,
3388,SQUATCHOLA GAY,irish,vo.enolasquatch.irish.bark-fighterCommitting-2.1,vo.enolasquatch.irish.bark-fighterCommitting-2.1.mp3,yes,,One committing. He is inside a mile and he is not sightseeing.,12,,,,,,,,
3389,SQUATCHOLA GAY,shubenator,vo.enolasquatch.shubes.bark-fighterCommitting-3.1,vo.enolasquatch.shubes.bark-fighterCommitting-3.1.mp3,yes,,I can see his exhaust. That is how close he is.,11,,,,,,,,
3390,SQUATCHOLA GAY,shubenator,vo.enolasquatch.shubes.bark-fighterAgain-1.1,vo.enolasquatch.shubes.bark-fighterAgain-1.1.mp3,yes,,He is back. He is BACK.,6,,,,,,,,
3391,SQUATCHOLA GAY,irish,vo.enolasquatch.irish.bark-fighterAgain-2.1,vo.enolasquatch.irish.bark-fighterAgain-2.1.mp3,yes,,Second pass. Do not give him a straight line to work with.,12,,,,,,,,
3392,SQUATCHOLA GAY,lou2,vo.enolasquatch.sasole.bark-fighterAgain-3.1,vo.enolasquatch.sasole.bark-fighterAgain-3.1.mp3,yes,,"Same one, coming round again. He is patient. I hate patient.",11,,,,,,,,
3393,SQUATCHOLA GAY,shubenator,vo.enolasquatch.shubes.bark-fighterNearMiss-1.1,vo.enolasquatch.shubes.bark-fighterNearMiss-1.1.mp3,yes,,That went past me! That went past ME!,8,,,,,,,,
3394,SQUATCHOLA GAY,irish,vo.enolasquatch.irish.bark-fighterNearMiss-2.1,vo.enolasquatch.irish.bark-fighterNearMiss-2.1.mp3,yes,,Wide. He has not settled yet.,6,,,,,,,,
3395,SQUATCHOLA GAY,numbskull,vo.enolasquatch.numbskull.bark-fighterNearMiss-3.1,vo.enolasquatch.numbskull.bark-fighterNearMiss-3.1.mp3,yes,,There is daylight in this aeroplane and it is night.,10,,,,,,,,
3396,SQUATCHOLA GAY,numbskull,vo.enolasquatch.numbskull.bark-fighterHitUs-1.1,vo.enolasquatch.numbskull.bark-fighterHitUs-1.1.mp3,yes,,We are hit! We are hit somewhere!,7,,,,,,,,
3397,SQUATCHOLA GAY,lou2,vo.enolasquatch.sasole.bark-fighterHitUs-2.1,vo.enolasquatch.sasole.bark-fighterHitUs-2.1.mp3,yes,,"Report. Somebody give me a number, not a noise.",9,,,,,,,,
3398,SQUATCHOLA GAY,irish,vo.enolasquatch.irish.bark-fighterHitUs-3.1,vo.enolasquatch.irish.bark-fighterHitUs-3.1.mp3,yes,,He got some of us that time.,7,,,,,,,,
3399,SQUATCHOLA GAY,shubenator,vo.enolasquatch.shubes.bark-gunJam-1.1,vo.enolasquatch.shubes.bark-gunJam-1.1.mp3,yes,,It has stopped! It got too hot and it has STOPPED!,11,,,,,,,,
3400,SQUATCHOLA GAY,irish,vo.enolasquatch.irish.bark-gunJam-2.1,vo.enolasquatch.irish.bark-gunJam-2.1.mp3,yes,,Let it cool. Counting to three is not a personality flaw.,11,,,,,,,,
3401,SQUATCHOLA GAY,lou2,vo.enolasquatch.sasole.bark-autoRefused-1.1,vo.enolasquatch.sasole.bark-autoRefused-1.1.mp3,yes,,"Not like this. Wings level, out of the buffet, and off the deck first.",14,,,,,,,,
3402,SQUATCHOLA GAY,lou2,vo.enolasquatch.sasole.bark-autoRefused-2.1,vo.enolasquatch.sasole.bark-autoRefused-2.1.mp3,yes,,The gyro is not a magician. Fly her level and ask me again.,13,,,,,,,,
3403,SQUATCHOLA GAY,lou2,vo.enolasquatch.sasole.bark-gunRefused-1.1,vo.enolasquatch.sasole.bark-gunRefused-1.1.mp3,yes,,"Not on the ground, Prospect. There is nothing up there to shoot at.",13,,,,,,,,
3404,SQUATCHOLA GAY,player,vo.enolasquatch.prospect.release-1.1,vo.enolasquatch.prospect.release-1.1.mp3,yes,,Fat Squatch away. God help whoever’s down there.,8,,Fat Squatch away. God help whoever's down there.,You know they named it. Somebody in a basement sat down and named this thing. Fat Squatch. Like it's a horse.,"Fat Squatch, away. Christ. Somebody named it. Somebody sat down and thought about a name.",Fat Squatch is away. Product delivered. Somebody in marketing is going to be very pleased with themselves.,There it goes. The Fat Squatch. That's — yeah. That's what they called it.,ACCEPTED 2026-08-19,Reads like the kid is reading the label off the ordnance. It is the moment he drops it; it should cost him something or reveal something ugly about him.
3405,SQUATCHOLA GAY,player,vo.enolasquatch.prospect.release-2.1,vo.enolasquatch.prospect.release-2.1.mp3,yes,,Special delivery.,2,short,It's gone. It's out. Turn us the hell around.,"It's away. Don't look. I'm telling you as a friend, do not look down.","It's gone. Don't look at it. I'm serious now, don't look at it.",Payload's away. Whatever's down there just became somebody else's paperwork.,It's away. Okay. That's — okay. That's done now.,open,"The single most-used one-liner in the history of the medium. It also winks, which the doctrine forbids."
3406,SQUATCHOLA GAY,player,vo.enolasquatch.prospect.release-3.1,vo.enolasquatch.prospect.release-3.1.mp3,yes,,That’s from Lou. And I’ll be sayin’ that in my sleep for the rest of me life.,17,,That's from Lou. All of it. Every bit of it is from Lou.,"That's Lou's. I want that on the record. That's Lou's, all the way down.","That's from Lou. And I'll be sayin' that in me sleep for the rest of me life, so I will.","Compliments of Big Uncle Lou. Who is, and I want this noted, four hundred miles away eating a sandwich.","That one's from Lou. I'd want them to know that, if there was anybody left to tell.",ACCEPTED 2026-08-19,Second-hand gangster-movie catchphrase. It also makes a mass casualty event sound like a slap.
3407,SQUATCHOLA GAY,player,vo.enolasquatch.prospect.release-4.1,vo.enolasquatch.prospect.release-4.1.mp3,yes,,Hope they’re hungry.,3,short,Bay's clear. I'd like to stop being the guy who did this now.,Bay's clear. And I want you to know I'm going to remember exactly where I was standing.,"That's it gone. And I'll be honest with you — I don't feel a thing. Which is worse, I think. That's the bit that'll get me.","Payload away, bay's clear, and I have just personally out-produced every drone strike in the Pacific Northwest.","That's it out. Huh. I thought I'd feel something. I don't, really.",open,A joke at the exact frame the scene must not joke. Wrong on the doctrine and wrong on the character.
3408,Apartment,lou1,vo.call.lou.new_space.1,vo.call.lou.new_space.1.mp3,yes,,Kid. Sit down. We got a new space.,8,,,,,,,,
3409,Apartment,lou1,vo.call.lou.new_space.2,vo.call.lou.new_space.2.mp3,yes,,"Come meet us on the course. Silver Pines, off Route Twenty-Three, second gate.",13,,,,,,,,
3410,Apartment,lou1,vo.call.lou.new_space.3,vo.call.lou.new_space.3.mp3,yes,,Tomorrow at eight. Rippinflow and Eric are already complaining about the hour.,12,,,,,,,,
3411,Apartment,lou1,vo.call.lou.new_space.4,vo.call.lou.new_space.4.mp3,yes,,Bring nothing. Wear something you can walk in.,8,,,,,,,,
3412,Apartment,player,vo.call.lou.new_space.tony.1,vo.call.lou.new_space.tony.1.mp3,yes,,A new space.,3,short,,,,,,,
3413,Apartment,player,vo.call.lou.new_space.tony.2,vo.call.lou.new_space.tony.2.mp3,yes,,Silver Pines. Second gate.,4,,,,,,,,
3414,Apartment,player,vo.call.lou.new_space.tony.3,vo.call.lou.new_space.tony.3.mp3,yes,,Tomorrow at eight.,3,short,,,,,,,
3415,Apartment,player,vo.call.lou.new_space.tony.4,vo.call.lou.new_space.tony.4.mp3,yes,,Nothing but walking shoes.,4,,,,,,,,
3416,Silver Pines,eric,vo.golf.h1.eric.already_not,vo.golf.h1.eric.already_not.mp3,yes,Flat. Closing the exchange.,It is already not all love.,6,,,,,,,,
3417,Silver Pines,eric,vo.golf.h1.eric.and_yet,vo.golf.h1.eric.and_yet.mp3,yes,"Gentle. He is not scoring a point, he is closing a door.",And yet these were the ones you brought.,8,,,,,,,,
3418,Silver Pines,eric,vo.golf.h1.eric.birdie_on_the_first,vo.golf.h1.eric.birdie_on_the_first.mp3,yes,Noting it for the card.,Birdie on the first.,4,,,,,,,,
3419,Silver Pines,eric,vo.golf.h1.eric.boring_works,vo.golf.h1.eric.boring_works.mp3,yes,Approving.,Middle of the green. Boring works.,6,,,,,,,,
3420,Silver Pines,eric,vo.golf.h1.eric.bushes_do_not_float,vo.golf.h1.eric.bushes_do_not_float.mp3,yes,Correcting the record.,The bushes do not float.,5,,,,,,,,
3421,Silver Pines,eric,vo.golf.h1.eric.cricket_rules,vo.golf.h1.eric.cricket_rules.mp3,yes,Mid-address. He does not stop what he is doing to say it.,Cricket would have more rules and somehow less waiting.,9,,,,,,,,
3422,Silver Pines,eric,vo.golf.h1.eric.did_not_survive,vo.golf.h1.eric.did_not_survive.mp3,yes,Immediate.,That sentence did not survive the putt.,7,,,,,,,,
3423,Silver Pines,eric,vo.golf.h1.eric.do_not_do_that,vo.golf.h1.eric.do_not_do_that.mp3,yes,"Fast, and the only time Eric raises his voice all morning.",Do not do that.,4,,,,,,,,
3424,Silver Pines,eric,vo.golf.h1.eric.exactly_that_much,vo.golf.h1.eric.exactly_that_much.mp3,yes,The quiet last line again. Let it sit.,Exactly that much.,3,short,,,,,,,
3425,Silver Pines,eric,vo.golf.h1.eric.good_shot,vo.golf.h1.eric.good_shot.mp3,yes,Plain and meant.,Good shot.,2,short,,,,,,,
3426,Silver Pines,eric,vo.golf.h1.eric.he_does,vo.golf.h1.eric.he_does.mp3,yes,"Confirming a fact, not agreeing with a joke.",He does.,2,short,,,,,,,
3427,Silver Pines,eric,vo.golf.h1.eric.hes_been_hitting_it_all_morning,vo.golf.h1.eric.hes_been_hitting_it_all_morning.mp3,yes,"Correcting the record, gently, as always.",He has been hitting it all morning.,7,,,,,,,,
3428,Silver Pines,eric,vo.golf.h1.eric.it_was_a_bunker,vo.golf.h1.eric.it_was_a_bunker.mp3,yes,Immovable.,It was a bunker.,4,,,,,,,,
3429,Silver Pines,eric,vo.golf.h1.eric.land_a_plane,vo.golf.h1.eric.land_a_plane.mp3,yes,"Vouching for him, lightly.",He can land a plane. He can land an iron.,10,,,,,,,,
3430,Silver Pines,eric,vo.golf.h1.eric.less_than_rippin_says,vo.golf.h1.eric.less_than_rippin_says.mp3,yes,Immediate.,Less than Rippin says.,4,,,,,,,,
3431,Silver Pines,eric,vo.golf.h1.eric.lou_said_you_noticed,vo.golf.h1.eric.lou_said_you_noticed.mp3,yes,"Making conversation, and passing on that Lou talks about him.",Lou said you noticed the car.,6,,,,,,,,
3432,Silver Pines,eric,vo.golf.h1.eric.middle_of_green,vo.golf.h1.eric.middle_of_green.mp3,yes,"To the Prospect, quietly. The single most useful sentence anybody says today.",Middle of the green. Ignore the flag.,7,,,,,,,,
3433,Silver Pines,eric,vo.golf.h1.eric.morning,vo.golf.h1.eric.morning.mp3,yes,"Flat, warm, complete. He has already said everything he needs to.",Morning.,1,short,,,,,,,
3434,Silver Pines,eric,vo.golf.h1.eric.needed_the_rest,vo.golf.h1.eric.needed_the_rest.mp3,yes,Helpfully unhelpful.,Needed the rest of the putt.,6,,,,,,,,
3435,Silver Pines,eric,vo.golf.h1.eric.neither_was_your_tee_shot,vo.golf.h1.eric.neither_was_your_tee_shot.mp3,yes,The kill.,Neither was your tee shot.,5,,,,,,,,
3436,Silver Pines,eric,vo.golf.h1.eric.nobody_wants_that,vo.golf.h1.eric.nobody_wants_that.mp3,yes,Immediate.,Nobody wants that.,3,short,,,,,,,
3437,Silver Pines,eric,vo.golf.h1.eric.not_what_i_said,vo.golf.h1.eric.not_what_i_said.mp3,yes,Patient.,That is not what I said.,6,,,,,,,,
3438,Silver Pines,eric,vo.golf.h1.eric.on_the_green,vo.golf.h1.eric.on_the_green.mp3,yes,A fact.,On the green.,3,short,,,,,,,
3439,Silver Pines,eric,vo.golf.h1.eric.one_hundred_sixty_seven,vo.golf.h1.eric.one_hundred_sixty_seven.mp3,yes,"Stating it for the record, and for Rippin.",He is putting from one hundred and sixty-seven yards.,9,,,,,,,,
3440,Silver Pines,eric,vo.golf.h1.eric.open_the_face,vo.golf.h1.eric.open_the_face.mp3,yes,Actual instruction. It actually works.,Open the face. Hit behind the ball.,7,,,,,,,,
3441,Silver Pines,eric,vo.golf.h1.eric.par,vo.golf.h1.eric.par.mp3,yes,A fact worth stating.,Par.,1,short,,,,,,,
3442,Silver Pines,eric,vo.golf.h1.eric.par_five,vo.golf.h1.eric.par_five.mp3,yes,Precise.,Par five.,2,short,,,,,,,
3443,Silver Pines,eric,vo.golf.h1.eric.preferred_order,vo.golf.h1.eric.preferred_order.mp3,yes,Flatly confirming the standard.,That is the preferred order.,5,,,,,,,,
3444,Silver Pines,eric,vo.golf.h1.eric.roll_the_ball,vo.golf.h1.eric.roll_the_ball.mp3,yes,"Teaching, gently.",Do not hit the hole. Roll the ball to the hole.,11,,,,,,,,
3445,Silver Pines,eric,vo.golf.h1.eric.selected_driver,vo.golf.h1.eric.selected_driver.mp3,yes,Perfectly level. This is how Eric roasts people.,You have selected a driver.,5,,Driver. Bold. On this hole. All right.,"The driver. Okay. On a par three. I'm not going to say anything, I'm just going to stand back here and watch.","The driver, is it. On this hole. Grand. I'll stand well back so.",You've gone with the driver. That's an aggressive choice for a man who couldn't find the first tee.,That's the driver. Huh. Okay. That's a choice.,open,"A UI toast in a man's mouth. This is the HUD-instruction failure the tone doc names explicitly, and Eric is written with dry wit everywhere else."
3446,Silver Pines,eric,vo.golf.h1.eric.short_grass,vo.golf.h1.eric.short_grass.mp3,yes,Plain approval. Eric does not gild anything.,Short grass. That is the whole job off a tee.,10,,,,,,,,
3447,Silver Pines,eric,vo.golf.h1.eric.take_your_time,vo.golf.h1.eric.take_your_time.mp3,yes,Kind.,Take your time.,3,short,,,,,,,
3448,Silver Pines,eric,vo.golf.h1.eric.that_is_different,vo.golf.h1.eric.that_is_different.mp3,yes,"Into the silence, after it has gone on slightly too long. He is telling the Prospect what just happened, because Lou never will.",That is different.,3,short,,,,,,,
3449,Silver Pines,eric,vo.golf.h1.eric.that_matters,vo.golf.h1.eric.that_matters.mp3,yes,Quiet and completely sincere.,That matters.,2,short,,,,,,,
3450,Silver Pines,eric,vo.golf.h1.eric.that_went_in,vo.golf.h1.eric.that_went_in.mp3,yes,"Quietly astonished, which for Eric is a shout.",That went in.,3,short,,,,,,,
3451,Silver Pines,eric,vo.golf.h1.eric.that_will_play,vo.golf.h1.eric.that_will_play.mp3,yes,The highest praise Eric gives.,That will play.,3,short,,,,,,,
3452,Silver Pines,eric,vo.golf.h1.eric.thats_a_lot_of_club,vo.golf.h1.eric.thats_a_lot_of_club.mp3,yes,"Observing, not stopping him.",That is a lot of club for a hundred and sixty-seven yards.,12,,,,,,,,
3453,Silver Pines,eric,vo.golf.h1.eric.useful_clarification,vo.golf.h1.eric.useful_clarification.mp3,yes,Dry.,Useful clarification.,2,short,,,,,,,
3454,Silver Pines,eric,vo.golf.h1.eric.wanted_bunker,vo.golf.h1.eric.wanted_bunker.mp3,yes,"Sincere curiosity, which is worse.",You wanted the bunker?,4,,,,,,,,
3455,Silver Pines,eric,vo.golf.h1.eric.we_are_standing_here,vo.golf.h1.eric.we_are_standing_here.mp3,yes,Reasonable.,We are standing here.,4,,,,,,,,
3456,Silver Pines,eric,vo.golf.h1.eric.yes,vo.golf.h1.eric.yes.mp3,yes,Conceding nothing at all.,Yes.,1,filler short,,,,,,,
3457,Silver Pines,eric,vo.golf.h1.eric.yes_2,vo.golf.h1.eric.yes_2.mp3,yes,Watching it go.,Yes.,1,filler short,,,,,,,
3458,Silver Pines,eric,vo.golf.h1.eric.you_have_a_shot,vo.golf.h1.eric.you_have_a_shot.mp3,yes,Encouraging and technically true.,You have a shot.,4,,You've got a shot. Not a good one. But a shot.,You've got a shot. I want to be careful how I say this — you have a shot the way a man falling off a roof has a plan.,"You've a shot. It's not a good shot. But it's a shot, and that's more than you had a minute ago.",You have a shot. Whether you have the swing is a separate conversation we'll have afterwards.,You've got a shot there. It's not much of one. But it's there.,open,"Third UI toast from the same character. Eric needs a pass across the whole hole, not three separate patches."
3459,Silver Pines,eric,vo.golf.h1.eric.you_have_clubs,vo.golf.h1.eric.you_have_clubs.mp3,yes,The quiet last line. Do not push it.,Those are clubs. Somebody paid a lot for them and it wasn’t you.,13,,Those are clubs. Somebody paid a lot for them and it wasn't you.,"Those are clubs. Real ones. Somebody paid four thousand dollars for those and it was not you, and I want you to carry that knowledge into your swing.","Them's clubs. Proper ones. Someone paid a fortune for them and it wasn't you, so mind them.",You've got clubs. Borrowed clubs. Which means every mistake you make today belongs to somebody else.,"Those are your clubs there. They're good ones. They're not yours, but they're good ones.",ACCEPTED 2026-08-19,System message. Same failure family as the line above — the game telling the player his inventory using a character.
3460,Silver Pines,eric,vo.golf.h1.eric.you_watched_it,vo.golf.h1.eric.you_watched_it.mp3,yes,Reasonable.,You watched it happen.,4,,,,,,,,
3461,Silver Pines,lou1,vo.golf.h1.lou.advice_for_both,vo.golf.h1.lou.advice_for_both.mp3,yes,Without looking up from the card.,That advice is for both of you.,7,,,,,,,,
3462,Silver Pines,lou1,vo.golf.h1.lou.aiming_there,vo.golf.h1.lou.aiming_there.mp3,yes,Quiet defence. Rare and worth noticing.,He was aiming there.,4,,,,,,,,
3463,Silver Pines,lou1,vo.golf.h1.lou.also_gave_you_an_iron,vo.golf.h1.lou.also_gave_you_an_iron.mp3,yes,Unhurried. He has had this answer the whole time.,I also gave you an iron.,6,,,,,,,,
3464,Silver Pines,lou1,vo.golf.h1.lou.becomes_work,vo.golf.h1.lou.becomes_work.mp3,yes,Dry. He is not joking and it is still funny.,It’s golf. It becomes work around the second bad shot.,10,,,,,,,,
3465,Silver Pines,lou1,vo.golf.h1.lou.before_he_changes_his_mind,vo.golf.h1.lou.before_he_changes_his_mind.mp3,yes,Warm. As close to proud as he gets in public.,Pick up the ball before he changes his mind.,9,,,,,,,,
3466,Silver Pines,lou1,vo.golf.h1.lou.cars_do_that,vo.golf.h1.lou.cars_do_that.mp3,yes,Closing it.,Cars do that. People miss it.,6,,,,,,,,
3467,Silver Pines,lou1,vo.golf.h1.lou.changed_for_us,vo.golf.h1.lou.changed_for_us.mp3,yes,Flat and complete.,For us.,2,short,,,,,,,
3468,Silver Pines,lou1,vo.golf.h1.lou.changed_for_you,vo.golf.h1.lou.changed_for_you.mp3,yes,The reward is real. The explanation can wait until the clubhouse.,And for you. Finish the round.,6,,,,,,,,
3469,Silver Pines,lou1,vo.golf.h1.lou.closer_than_yours,vo.golf.h1.lou.closer_than_yours.mp3,yes,Walking away as he says it.,It’s closer than yours.,4,,,,,,,,
3470,Silver Pines,lou1,vo.golf.h1.lou.conversation_not_complaint,vo.golf.h1.lou.conversation_not_complaint.mp3,yes,"The rule of the whole family, stated once.",That is why this is a conversation and not a complaint.,11,,,,,,,,
3471,Silver Pines,lou1,vo.golf.h1.lou.criminal_pays_better,vo.golf.h1.lou.criminal_pays_better.mp3,yes,Absolutely deadpan. The best joke in the scene.,No. Criminal pays better.,4,,,,,,,,
3472,Silver Pines,lou1,vo.golf.h1.lou.didnt_promise_to_defend,vo.golf.h1.lou.didnt_promise_to_defend.mp3,yes,The joke and the reassurance in the same sentence.,We invited him. We didn’t promise to defend him.,9,,,,,,,,
3473,Silver Pines,lou1,vo.golf.h1.lou.do_that_again_you_walk,vo.golf.h1.lou.do_that_again_you_walk.mp3,yes,Not shouted. Considerably worse than shouted.,Do that again and you walk.,6,,,,,,,,
3474,Silver Pines,lou1,vo.golf.h1.lou.dont_have_to_fill_it,vo.golf.h1.lou.dont_have_to_fill_it.mp3,yes,"The reward for saying nothing. Deliver it as information, not as praise.",You don’t have to fill every quiet minute. That’s one of the reasons you’re here.,15,,,,,,,,
3475,Silver Pines,lou1,vo.golf.h1.lou.driver_time,vo.golf.h1.lou.driver_time.mp3,yes,"To the Prospect, directly, for the first time all morning. He looks at him when he says it.",Driver time.,2,short,,,,,,,
3476,Silver Pines,lou1,vo.golf.h1.lou.earned_invitation,vo.golf.h1.lou.earned_invitation.mp3,yes,The first half is real and he moves past it fast.,You earned the invitation. Morning’s still up for debate.,9,,,,,,,,
3477,Silver Pines,lou1,vo.golf.h1.lou.enough_to_remember,vo.golf.h1.lou.enough_to_remember.mp3,yes,Closing the card.,Enough to remember.,3,short,,,,,,,
3478,Silver Pines,lou1,vo.golf.h1.lou.find_out_when_you_putt,vo.golf.h1.lou.find_out_when_you_putt.mp3,yes,Enjoying himself.,You’ll find out when you putt.,6,,,,,,,,
3479,Silver Pines,lou1,vo.golf.h1.lou.fine,vo.golf.h1.lou.fine.mp3,yes,"One syllable, entirely unreadable.",Fine.,1,short,,,,,,,
3480,Silver Pines,lou1,vo.golf.h1.lou.finish_your_putt,vo.golf.h1.lou.finish_your_putt.mp3,yes,Not evasive. There is a private cart waiting after this green.,Finish the putt. Then we’ll talk.,6,,,,,,,,
3481,Silver Pines,lou1,vo.golf.h1.lou.five_1,vo.golf.h1.lou.five_1.mp3,yes,Not looking up.,Five.,1,short,,,,,,,
3482,Silver Pines,lou1,vo.golf.h1.lou.five_2,vo.golf.h1.lou.five_2.mp3,yes,Identical delivery.,Five.,1,short,,,,,,,
3483,Silver Pines,lou1,vo.golf.h1.lou.get_in_the_sand,vo.golf.h1.lou.get_in_the_sand.mp3,yes,Not unkind. Entirely an instruction.,Get in the sand.,4,,,,,,,,
3484,Silver Pines,lou1,vo.golf.h1.lou.good,vo.golf.h1.lou.good.mp3,yes,Case closed.,Good.,1,filler short,,,,,,,
3485,Silver Pines,lou1,vo.golf.h1.lou.good_roll,vo.golf.h1.lou.good_roll.mp3,yes,Two words. From Lou that is a standing ovation.,Good roll.,2,short,,,,,,,
3486,Silver Pines,lou1,vo.golf.h1.lou.good_start_forget_it,vo.golf.h1.lou.good_start_forget_it.mp3,yes,Both halves are the advice.,Good start. Forget it.,4,,,,,,,,
3487,Silver Pines,lou1,vo.golf.h1.lou.green_falls_toward_water,vo.golf.h1.lou.green_falls_toward_water.mp3,yes,"The only genuinely useful read anybody gives, offered without being asked, which is Lou helping.",Green falls toward the water.,5,,,,,,,,
3488,Silver Pines,lou1,vo.golf.h1.lou.had_the_line,vo.golf.h1.lou.had_the_line.mp3,yes,"Consoling, barely.",Had the line.,3,short,,,,,,,
3489,Silver Pines,lou1,vo.golf.h1.lou.havent_hit_yours,vo.golf.h1.lou.havent_hit_yours.mp3,yes,"From the green, not looking over.",You haven’t hit yours.,4,,,,,,,,
3490,Silver Pines,lou1,vo.golf.h1.lou.he_finished,vo.golf.h1.lou.he_finished.mp3,yes,"Shutting it down, on the Prospect’s side.",He finished.,2,short,,,,,,,
3491,Silver Pines,lou1,vo.golf.h1.lou.hit_on_sixteen,vo.golf.h1.lou.hit_on_sixteen.mp3,yes,"Over his shoulder, on the tee.",Try not to spend the whole morning deciding whether to hit on sixteen.,13,,,,,,,,
3492,Silver Pines,lou1,vo.golf.h1.lou.i_noticed,vo.golf.h1.lou.i_noticed.mp3,yes,The compliment is buried and he is not digging it up.,I noticed. That’s why I didn’t call.,7,,,,,,,,
3493,Silver Pines,lou1,vo.golf.h1.lou.invited_you,vo.golf.h1.lou.invited_you.mp3,yes,"Low, matter-of-fact, no warmth added. Let the significance arrive after the sentence rather than inside it. He does not look at him.",We can find a fourth. We invited you.,8,,,,,,,,
3494,Silver Pines,lou1,vo.golf.h1.lou.it_counts,vo.golf.h1.lou.it_counts.mp3,yes,Final and slightly amused.,It counts.,2,short,,,,,,,
3495,Silver Pines,lou1,vo.golf.h1.lou.it_is_today,vo.golf.h1.lou.it_is_today.mp3,yes,Closing it. Three words and Rippin has nowhere to go.,It is today.,3,short,,,,,,,
3496,Silver Pines,lou1,vo.golf.h1.lou.kept_your_head,vo.golf.h1.lou.kept_your_head.mp3,yes,Meant. Not softened.,You kept your head while everybody else was spending theirs.,10,,,,,,,,
3497,Silver Pines,lou1,vo.golf.h1.lou.luck_doesnt_drive_home,vo.golf.h1.lou.luck_doesnt_drive_home.mp3,yes,The nearest thing to a compliment he owns.,Luck doesn’t bring the crew and the money home.,9,,,,,,,,
3498,Silver Pines,lou1,vo.golf.h1.lou.middle_swing_once,vo.golf.h1.lou.middle_swing_once.mp3,yes,"The only coaching he gives all morning, and it is the same advice Eric gave. That is the point.",Middle of the green. Swing once.,6,,,,,,,,
3499,Silver Pines,lou1,vo.golf.h1.lou.more_than_cash,vo.golf.h1.lou.more_than_cash.mp3,yes,Dry. He answers the question without inflating the answer.,More than cash. Less than a crown.,7,,,,,,,,
3500,Silver Pines,lou1,vo.golf.h1.lou.most_of_the_plane,vo.golf.h1.lou.most_of_the_plane.mp3,yes,The same sentence with the compliment removed.,You brought most of the plane back.,7,,,,,,,,
3501,Silver Pines,lou1,vo.golf.h1.lou.no,vo.golf.h1.lou.no.mp3,yes,Not looking. Already knows.,No.,1,filler short,,,,,,,
3502,Silver Pines,lou1,vo.golf.h1.lou.nobody_invited_you_to_audition,vo.golf.h1.lou.nobody_invited_you_to_audition.mp3,yes,"As the cart slows. He is out of it before the sentence has landed, because staying would make it a speech.",Nobody invited you here to audition. You already did that.,10,,,,,,,,
3503,Silver Pines,lou1,vo.golf.h1.lou.not_putting_all_that,vo.golf.h1.lou.not_putting_all_that.mp3,yes,Pen already moving.,We are not putting all of that on the card.,10,,,,,,,,
3504,Silver Pines,lou1,vo.golf.h1.lou.not_today,vo.golf.h1.lou.not_today.mp3,yes,Reassuring because it is specific.,Not today.,2,short,,,,,,,
3505,Silver Pines,lou1,vo.golf.h1.lou.not_where_he_landed_it,vo.golf.h1.lou.not_where_he_landed_it.mp3,yes,Dry. This is Lou being funny.,Not where he landed it.,5,,,,,,,,
3506,Silver Pines,lou1,vo.golf.h1.lou.nothing_wrong_with_boring,vo.golf.h1.lou.nothing_wrong_with_boring.mp3,yes,And he is not only talking about the hole.,Nothing wrong with boring.,4,,,,,,,,
3507,Silver Pines,lou1,vo.golf.h1.lou.noticed_the_car,vo.golf.h1.lou.noticed_the_car.mp3,yes,The highest technical compliment in the game.,You noticed the car in the lot. Most people notice the gun and miss the car.,16,,,,,,,,
3508,Silver Pines,lou1,vo.golf.h1.lou.one,vo.golf.h1.lou.one.mp3,yes,Writing it down.,One.,1,short,,,,,,,
3509,Silver Pines,lou1,vo.golf.h1.lou.one_down_two_to_go,vo.golf.h1.lou.one_down_two_to_go.mp3,yes,Closing the card. Satisfied.,One down. Two to go.,5,,,,,,,,
3510,Silver Pines,lou1,vo.golf.h1.lou.one_hole_doesnt_decide,vo.golf.h1.lou.one_hole_doesnt_decide.mp3,yes,Meant about more than golf and not flagged as such.,One hole doesn’t decide anything.,5,,,,,,,,
3511,Silver Pines,lou1,vo.golf.h1.lou.parade_before_second_tee,vo.golf.h1.lou.parade_before_second_tee.mp3,yes,Affectionate. This is Lou pleased.,You want a parade before the second tee?,8,,,,,,,,
3512,Silver Pines,lou1,vo.golf.h1.lou.pick_up_the_tee,vo.golf.h1.lou.pick_up_the_tee.mp3,yes,"No congratulation. Moving him along, which IS the congratulation.",Pick up the tee.,4,,,,,,,,
3513,Silver Pines,lou1,vo.golf.h1.lou.practiced_before,vo.golf.h1.lou.practiced_before.mp3,yes,Already over the ball. It is not a boast.,I practiced before you got here.,6,,,,,,,,
3514,Silver Pines,lou1,vo.golf.h1.lou.rippin_wouldnt,vo.golf.h1.lou.rippin_wouldnt.mp3,yes,"Amused, barely.","If it was a test, Rippin wouldn’t be administering it.",10,,,,,,,,
3515,Silver Pines,lou1,vo.golf.h1.lou.six,vo.golf.h1.lou.six.mp3,yes,The funniest line Lou has. Play it completely straight.,Six.,1,short,,,,,,,
3516,Silver Pines,lou1,vo.golf.h1.lou.six_hands,vo.golf.h1.lou.six_hands.mp3,yes,Not angry. Filed.,You also played six hands while I waited.,8,,,,,,,,
3517,Silver Pines,lou1,vo.golf.h1.lou.swing,vo.golf.h1.lou.swing.mp3,yes,Ending the subject.,Swing.,1,short,,,,,,,
3518,Silver Pines,lou1,vo.golf.h1.lou.take_brought_everybody_home,vo.golf.h1.lou.take_brought_everybody_home.mp3,yes,"After a long stretch of nothing but the motor. He does not turn his head. A private review of THE TAKE, with the outcome counted before the compliment.",The money came home. Everybody else did too. You did good.,11,,,,,,,,
3519,Silver Pines,lou1,vo.golf.h1.lou.take_changed_things,vo.golf.h1.lou.take_changed_things.mp3,yes,Casual. He has been waiting the whole cart ride to say this.,Taking care of that thing changed a few things.,9,,,,,,,,
3520,Silver Pines,lou1,vo.golf.h1.lou.take_the_drop,vo.golf.h1.lou.take_the_drop.mp3,yes,The most useful thing anybody says to him all day.,Take the drop. Forget the shot.,6,,,,,,,,
3521,Silver Pines,lou1,vo.golf.h1.lou.take_was_finished,vo.golf.h1.lou.take_was_finished.mp3,yes,Correcting the scale to the only measure Lou respects.,It was the one he finished.,6,,,,,,,,
3522,Silver Pines,lou1,vo.golf.h1.lou.thats_what_its_for,vo.golf.h1.lou.thats_what_its_for.mp3,yes,"Nodding at the driver. Mild, and it is praise.",That is what the thing is for.,7,,,,,,,,
3523,Silver Pines,lou1,vo.golf.h1.lou.thats_why_we_came,vo.golf.h1.lou.thats_why_we_came.mp3,yes,The last line of the scene. He is not being sentimental and it is the most sentimental thing he has ever said.,That’s why we came.,4,,,,,,,,
3524,Silver Pines,lou1,vo.golf.h1.lou.there_he_is,vo.golf.h1.lou.there_he_is.mp3,yes,Not a greeting. An observation he is happy to have made.,"There he is. Shoes are wrong, but he’s here.",9,,,,,,,,
3525,Silver Pines,lou1,vo.golf.h1.lou.thinking_lunch,vo.golf.h1.lou.thinking_lunch.mp3,yes,"Checking his watch on the way off the tee box. Completely serious about lunch, and not joking about the hour either. Warm, unhurried, already walking.","Alright, eight A.M. Let’s start thinking lunch.",7,,,,,,,,
3526,Silver Pines,lou1,vo.golf.h1.lou.three_clubs,vo.golf.h1.lou.three_clubs.mp3,yes,Handing it over without ceremony. Advice about golf and about everything else.,Three clubs. You don’t need seventeen ways to make the same mistake.,12,,,,,,,,
3527,Silver Pines,lou1,vo.golf.h1.lou.three_holes_rippin,vo.golf.h1.lou.three_holes_rippin.mp3,yes,Deadpan.,Three holes with Rippin.,4,,,,,,,,
3528,Silver Pines,lou1,vo.golf.h1.lou.wait_for_clubhouse,vo.golf.h1.lou.wait_for_clubhouse.mp3,yes,"A promise, not a tease.",Finish the round. I’ll show you.,6,,,,,,,,
3529,Silver Pines,lou1,vo.golf.h1.lou.waited_for_the_noise,vo.golf.h1.lou.waited_for_the_noise.mp3,yes,Very quiet. Neither of them names what the noise was.,You waited for the noise. That was the important part.,10,,,,,,,,
3530,Silver Pines,lou1,vo.golf.h1.lou.we_see_it,vo.golf.h1.lou.we_see_it.mp3,yes,Enough.,We see it.,3,short,,,,,,,
3531,Silver Pines,lou1,vo.golf.h1.lou.were_not_in_a_hurry,vo.golf.h1.lou.were_not_in_a_hurry.mp3,yes,And he genuinely is not. That is the whole morning.,We’re not in a hurry.,5,,,,,,,,
3532,Silver Pines,lou1,vo.golf.h1.lou.why_youre_getting_one,vo.golf.h1.lou.why_youre_getting_one.mp3,yes,He respects the answer and refuses to make a ceremony of it.,That’s one reason you’re getting one.,6,,,,,,,,
3533,Silver Pines,lou1,vo.golf.h1.lou.wings_still_attached,vo.golf.h1.lou.wings_still_attached.mp3,yes,Almost impressed.,You brought the shipment back with the wings still attached.,10,,,,,,,,
3534,Silver Pines,lou1,vo.golf.h1.lou.won_more_than_you,vo.golf.h1.lou.won_more_than_you.mp3,yes,Enjoying this.,He won more than you did.,6,,,,,,,,
3535,Silver Pines,lou1,vo.golf.h1.lou.work_added_up,vo.golf.h1.lou.work_added_up.mp3,yes,Counting completed work off without emphasis. Nothing from later in the campaign is named.,The Bing. The restaurant. The plane. The cabin. Billy. The bank. You kept your head when it mattered.,18,,,,,,,,
3536,Silver Pines,lou1,vo.golf.h1.lou.wrong_club,vo.golf.h1.lou.wrong_club.mp3,yes,Watching it sail.,You brought the wrong club.,5,,,,,,,,
3537,Silver Pines,lou1,vo.golf.h1.lou.you_have_it,vo.golf.h1.lou.you_have_it.mp3,yes,Final.,You have it.,3,short,,,,,,,
3538,Silver Pines,lou1,vo.golf.h1.lou.you_sat_down,vo.golf.h1.lou.you_sat_down.mp3,yes,Three short facts and a fourth that is the whole morning.,You sat down. You listened. You waited. Same rules out here.,11,,,,,,,,
3539,Silver Pines,player,vo.golf.h1.prospect.another_test,vo.golf.h1.prospect.another_test.mp3,yes,Direct and watchful. He has learned what these invitations can mean.,Is this a test? Because everything’s been a test and nobody tells me the results.,15,,Is this a test? Because everything's been a test and nobody tells me the results.,"Is this another test? Because so far everything's been a test, nobody's ever told me the score, and I'm starting to think that's the test.",Is this another test? Everythin's a test with you lot. Do I ever pass? Has anyone ever passed?,Is this another evaluation? Because I've been continuously assessed for eleven weeks and nobody's shared a single metric with me.,Is this a test? It seems like a test. Everything's been a test so far.,ACCEPTED 2026-08-19,Stock dialogue-menu phrasing where the character could be guarded and sharp.
3540,Silver Pines,player,vo.golf.h1.prospect.arrival_better_shoes,vo.golf.h1.prospect.arrival_better_shoes.mp3,yes,A small defensive correction delivered too late to help.,I own better shoes.,4,,,,,,,,
3541,Silver Pines,player,vo.golf.h1.prospect.arrival_on_time,vo.golf.h1.prospect.arrival_on_time.mp3,yes,Dry and matter-of-fact. He followed the instruction exactly.,You said eight. It’s eight.,5,,,,,,,,
3542,Silver Pines,player,vo.golf.h1.prospect.arrival_thought_work,vo.golf.h1.prospect.arrival_thought_work.mp3,yes,"Suspicious, but not complaining. He is trying to read the assignment.",I thought this was work.,5,,I thought this was work. Nobody said bring shoes.,I thought this was work. I brought a jacket. There's a man over there in shorts drinking a gin and tonic at ten in the morning.,I thought this was work. I've a jacket on. There's a fella over there in shorts with a drink in him and it's ten in the mornin'.,"I was told this was work. I've dressed for a meeting and arrived at a leisure activity, which I'm choosing to find informative.",I thought this was work. I brought a jacket and everything.,open,Generic straight-man setup with no specific voice.
3543,Silver Pines,player,vo.golf.h1.prospect.changed_for_who,vo.golf.h1.prospect.changed_for_who.mp3,yes,Careful. He is not assuming the answer includes him.,For who?,2,short,,,,,,,
3544,Silver Pines,player,vo.golf.h1.prospect.didnt_do_it_for_reward,vo.golf.h1.prospect.didnt_do_it_for_reward.mp3,yes,Certain and concise. He wants Lou to know the work came first.,I didn’t do it for a reward.,7,,,,,,,,
3545,Silver Pines,player,vo.golf.h1.prospect.earned_morning_off,vo.golf.h1.prospect.earned_morning_off.mp3,yes,Confident without swagger. Testing whether he is allowed to say it.,I figured I earned a morning off.,7,,,,,,,,
3546,Silver Pines,player,vo.golf.h1.prospect.fine_good_or_bad,vo.golf.h1.prospect.fine_good_or_bad.mp3,yes,He has learned to ask.,Fine good or fine bad?,5,,,,,,,,
3547,Silver Pines,player,vo.golf.h1.prospect.got_lucky,vo.golf.h1.prospect.got_lucky.mp3,yes,"Modest, with enough experience to know luck was not the whole of it.",I got lucky.,3,short,I got lucky. I'd rather be lucky here than good anywhere else.,I got lucky. And I've decided I'm fine with that. Lucky's a skill nobody can take off you because nobody can prove you had it.,"I got lucky. And I'd rather be lucky than good, because good runs out.",I got lucky. Which in this organization is functionally identical to being talented and considerably cheaper.,I got lucky. That's all that was. I'm not going to pretend otherwise.,open,Flavourless humility that does nothing the scene needs.
3548,Silver Pines,player,vo.golf.h1.prospect.how_much_are_we_putting,vo.golf.h1.prospect.how_much_are_we_putting.mp3,yes,He has worked out how this works.,How much are we putting?,5,,,,,,,,
3549,Silver Pines,player,vo.golf.h1.prospect.how_much_break,vo.golf.h1.prospect.how_much_break.mp3,yes,"Asking for help out loud, which he could not have done on Day One.",How much break?,3,short,,,,,,,
3550,Silver Pines,player,vo.golf.h1.prospect.i_came_back,vo.golf.h1.prospect.i_came_back.mp3,yes,Steady.,I came back.,3,short,I came back. That's the part that should worry you.,"I came back. And I want you to sit with that for a second, because a smarter man wouldn't have.","I came back. Which says more about me than it does about you, and neither of us should be happy about it.",I came back. Voluntarily. That's either loyalty or a diagnosis.,I came back. I don't know that I had to. But I did.,open,Vague placeholder that contributes nothing to the beat.
3551,Silver Pines,player,vo.golf.h1.prospect.its_all_love,vo.golf.h1.prospect.its_all_love.mp3,yes,The first time the Prospect uses the house phrase. Play it as a man trying on a jacket that turns out to fit.,It’s all love.,3,short,,,,,,,
3552,Silver Pines,player,vo.golf.h1.prospect.kept_everybody_moving,vo.golf.h1.prospect.kept_everybody_moving.mp3,yes,"Professional and restrained. He is reporting THE TAKE, not fishing for praise.",I kept everybody moving.,4,,,,,,,,
3553,Silver Pines,player,vo.golf.h1.prospect.needed_a_fourth,vo.golf.h1.prospect.needed_a_fourth.mp3,yes,Modest on purpose. He is giving Lou an easy answer.,You needed a fourth.,4,,,,,,,,
3554,Silver Pines,player,vo.golf.h1.prospect.no_practice_swing,vo.golf.h1.prospect.no_practice_swing.mp3,yes,Curious rather than cheeky. He is watching how Lou does things.,No practice swing?,3,short,,,,,,,
3555,Silver Pines,player,vo.golf.h1.prospect.said_it_was_intentional,vo.golf.h1.prospect.said_it_was_intentional.mp3,yes,Comfortable enough now to needle him.,You said this was intentional.,5,,,,,,,,
3556,Silver Pines,player,vo.golf.h1.prospect.should_i_worry,vo.golf.h1.prospect.should_i_worry.mp3,yes,Careful rather than frightened. Good news from Lou still deserves inspection.,Should I be worried?,4,,,,,,,,
3557,Silver Pines,player,vo.golf.h1.prospect.sitting_wrong,vo.golf.h1.prospect.sitting_wrong.mp3,yes,Understating it.,It was sitting wrong.,4,,,,,,,,
3558,Silver Pines,player,vo.golf.h1.prospect.thats_it,vo.golf.h1.prospect.thats_it.mp3,yes,A little wounded.,That’s it?,2,short,That's it? That's the whole thing? I got dressed for that?,That's it? That's the whole thing? I ironed a shirt.,That's it? That's the whole of it? I've a shirt on and everythin'.,That's it? I cleared my morning and rented shoes for that.,That's it? Huh. Okay. I thought there'd be more to it.,open,Stock disbelief with no personality attached.
3559,Silver Pines,player,vo.golf.h1.prospect.understood,vo.golf.h1.prospect.understood.mp3,yes,Accepting the instruction without asking Lou to soften it.,Understood.,1,short,"Got it. I still don't know why I'm here, but got it.","Understood. I don't understand any of it, but I understand that I'm supposed to say understood.","Understood. I've not a clue what's happenin', but understood.","Understood. Which is not the same as informed, but I've learned not to push.",Understood. I think. I'll go along with it.,open,Textbook mission-accept boilerplate. Could be any character in any genre.
3560,Silver Pines,player,vo.golf.h1.prospect.what_changed,vo.golf.h1.prospect.what_changed.mp3,yes,Quietly asking Lou to finish the thought.,What changed?,2,short,,,,,,,
3561,Silver Pines,player,vo.golf.h1.prospect.what_did_it_buy,vo.golf.h1.prospect.what_did_it_buy.mp3,yes,Plain and direct. He means standing as much as money.,What did it buy me?,5,,,,,,,,
3562,Silver Pines,player,vo.golf.h1.prospect.what_did_it_change,vo.golf.h1.prospect.what_did_it_change.mp3,yes,"He is asking about status, not money, and trying not to sound like it.",What did it change?,4,,,,,,,,
3563,Silver Pines,player,vo.golf.h1.prospect.whats_the_catch,vo.golf.h1.prospect.whats_the_catch.mp3,yes,Light joke with a real question underneath it.,What’s the catch?,3,short,,,,,,,
3564,Silver Pines,player,vo.golf.h1.prospect.why_am_i_here,vo.golf.h1.prospect.why_am_i_here.mp3,yes,"Asked lightly, because asking it seriously would cost too much.",So why am I here?,5,,,,,,,,
3565,Silver Pines,player,vo.golf.h1.prospect.you_gave_me_the_club,vo.golf.h1.prospect.you_gave_me_the_club.mp3,yes,Bold. He would not have said this a week ago.,You gave me the club.,5,,,,,,,,
3566,Silver Pines,player,vo.golf.h1.prospect.you_wanted_information,vo.golf.h1.prospect.you_wanted_information.mp3,yes,The first time he gives one back without checking Lou first.,You said you wanted information.,5,,,,,,,,
3567,Silver Pines,rippinflow,vo.golf.h1.rippin.absolutely_not,vo.golf.h1.rippin.absolutely_not.mp3,yes,After two full seconds of nobody saying anything. Genuine outrage.,No. Absolutely not.,3,short,,,,,,,
3568,Silver Pines,rippinflow,vo.golf.h1.rippin.aim_for_the_bushes,vo.golf.h1.rippin.aim_for_the_bushes.mp3,yes,"The old line, deployed with love.",Aim for the bushes next time. They float better.,9,,,,,,,,
3569,Silver Pines,rippinflow,vo.golf.h1.rippin.all_love,vo.golf.h1.rippin.all_love.mp3,yes,The house phrase. Warm and completely automatic.,It’s all love.,3,short,,,,,,,
3570,Silver Pines,rippinflow,vo.golf.h1.rippin.all_love_2,vo.golf.h1.rippin.all_love_2.mp3,yes,Retreating.,It’s all love.,3,short,,,,,,,
3571,Silver Pines,rippinflow,vo.golf.h1.rippin.all_love_3,vo.golf.h1.rippin.all_love_3.mp3,yes,Deploying the phrase as a bargaining chip.,It’s all love.,3,short,,,,,,,
3572,Silver Pines,rippinflow,vo.golf.h1.rippin.buy_a_lesson,vo.golf.h1.rippin.buy_a_lesson.mp3,yes,Bitter about the machine.,Use the slot money and buy a lesson.,8,hud-speak,,,,,,,
3573,Silver Pines,rippinflow,vo.golf.h1.rippin.close_the_face,vo.golf.h1.rippin.close_the_face.mp3,yes,Confidently wrong.,Or close the face and hit the ball directly.,9,,,,,,,,
3574,Silver Pines,rippinflow,vo.golf.h1.rippin.credentials,vo.golf.h1.rippin.credentials.mp3,yes,Wounded.,I have credentials.,3,short,,,,,,,
3575,Silver Pines,rippinflow,vo.golf.h1.rippin.dont_trust_witnesses,vo.golf.h1.rippin.dont_trust_witnesses.mp3,yes,A whole character in four words.,I don’t trust witnesses.,4,,,,,,,,
3576,Silver Pines,rippinflow,vo.golf.h1.rippin.easy_prospect,vo.golf.h1.rippin.easy_prospect.mp3,yes,"Stepping back. Amused, not alarmed.","Easy, Prospect.",2,short,,,,,,,
3577,Silver Pines,rippinflow,vo.golf.h1.rippin.enough_information,vo.golf.h1.rippin.enough_information.mp3,yes,"The bit, completed. He is thrilled.",Now we have enough information.,5,,,,,,,,
3578,Silver Pines,rippinflow,vo.golf.h1.rippin.eric_not_cricket,vo.golf.h1.rippin.eric_not_cricket.mp3,yes,Heckling for the sake of it.,"Eric, this isn’t cricket.",4,,,,,,,,
3579,Silver Pines,rippinflow,vo.golf.h1.rippin.everybody_came_home,vo.golf.h1.rippin.everybody_came_home.mp3,yes,The toast without a glass.,Everybody came home. Money did too.,6,,,,,,,,
3580,Silver Pines,rippinflow,vo.golf.h1.rippin.exactly_where,vo.golf.h1.rippin.exactly_where.mp3,yes,"Instantly, before the sand has settled.",Exactly where I wanted it.,5,,,,,,,,
3581,Silver Pines,rippinflow,vo.golf.h1.rippin.finally_somebody_hits_it,vo.golf.h1.rippin.finally_somebody_hits_it.mp3,yes,As though he has been waiting years.,Finally. Somebody out here hits it.,6,,,,,,,,
3582,Silver Pines,rippinflow,vo.golf.h1.rippin.first_hole_ace,vo.golf.h1.rippin.first_hole_ace.mp3,yes,"To Lou, appealing to a higher court.",First hole with us and he gets an ace?,9,,,,,,,,
3583,Silver Pines,rippinflow,vo.golf.h1.rippin.first_tee,vo.golf.h1.rippin.first_tee.mp3,yes,Instant. He had this ready before the sentence finished.,"For him, that’s the first tee.",6,,,,,,,,
3584,Silver Pines,rippinflow,vo.golf.h1.rippin.five_is_fair,vo.golf.h1.rippin.five_is_fair.mp3,yes,Instantly.,Five is fair.,3,short,,,,,,,
3585,Silver Pines,rippinflow,vo.golf.h1.rippin.four,vo.golf.h1.rippin.four.mp3,yes,Trying it.,Four.,1,short,,,,,,,
3586,Silver Pines,rippinflow,vo.golf.h1.rippin.golf_shoes,vo.golf.h1.rippin.golf_shoes.mp3,yes,Delighted with himself. Already mid-practice-swing.,Those are golf shoes if you stop respecting golf.,9,,,,,,,,
3587,Silver Pines,rippinflow,vo.golf.h1.rippin.good_thing_lou_keeps_score,vo.golf.h1.rippin.good_thing_lou_keeps_score.mp3,yes,"Cheerfully, and not entirely certain.",Good thing Lou keeps score and not grudges.,8,,,,,,,,
3588,Silver Pines,rippinflow,vo.golf.h1.rippin.ground_under_repair,vo.golf.h1.rippin.ground_under_repair.mp3,yes,Opening negotiations.,That was ground under repair.,5,,,,,,,,
3589,Silver Pines,rippinflow,vo.golf.h1.rippin.havent_said_anything,vo.golf.h1.rippin.havent_said_anything.mp3,yes,Indignant.,I haven’t said anything.,4,,,,,,,,
3590,Silver Pines,rippinflow,vo.golf.h1.rippin.hit_it_again,vo.golf.h1.rippin.hit_it_again.mp3,yes,Supportive in the least useful way.,Hit it again. Something might change.,6,,,,,,,,
3591,Silver Pines,rippinflow,vo.golf.h1.rippin.hitting_slowly,vo.golf.h1.rippin.hitting_slowly.mp3,yes,Pleased with the logic.,That is hitting the hole slowly.,6,,,,,,,,
3592,Silver Pines,rippinflow,vo.golf.h1.rippin.i_do,vo.golf.h1.rippin.i_do.mp3,yes,Immediate. No shame whatsoever.,I do.,2,short,,,,,,,
3593,Silver Pines,rippinflow,vo.golf.h1.rippin.ill_brief_you,vo.golf.h1.rippin.ill_brief_you.mp3,yes,Thrilled to have been got.,I’ll brief you.,3,short,,,,,,,
3594,Silver Pines,rippinflow,vo.golf.h1.rippin.information,vo.golf.h1.rippin.information.mp3,yes,Committing hard to the bit.,I wanted information about the bunker.,6,,,,,,,,
3595,Silver Pines,rippinflow,vo.golf.h1.rippin.inspect_scorecard,vo.golf.h1.rippin.inspect_scorecard.mp3,yes,Still not over it.,I want the scorecard inspected.,5,,,,,,,,
3596,Silver Pines,rippinflow,vo.golf.h1.rippin.know_what_i_said,vo.golf.h1.rippin.know_what_i_said.mp3,yes,Standing by it.,I know what I said.,5,,,,,,,,
3597,Silver Pines,rippinflow,vo.golf.h1.rippin.know_what_im_doing,vo.golf.h1.rippin.know_what_im_doing.mp3,yes,He does not.,I know what I’m doing.,5,,,,,,,,
3598,Silver Pines,rippinflow,vo.golf.h1.rippin.learned_that_from_me,vo.golf.h1.rippin.learned_that_from_me.mp3,yes,Instantly claiming it.,He learned that from me.,5,,,,,,,,
3599,Silver Pines,rippinflow,vo.golf.h1.rippin.left_the_door_open,vo.golf.h1.rippin.left_the_door_open.mp3,yes,Enormously pleased with the diagnosis.,You left the door open and the ball outside.,9,,,,,,,,
3600,Silver Pines,rippinflow,vo.golf.h1.rippin.let_him_cook,vo.golf.h1.rippin.let_him_cook.mp3,yes,Absolutely serious.,No. Let him cook.,4,,,,,,,,
3601,Silver Pines,rippinflow,vo.golf.h1.rippin.let_me_watch_you,vo.golf.h1.rippin.let_me_watch_you.mp3,yes,He does not know where the sentence is going either.,Let me watch you let you watch me.,8,,,,,,,,
3602,Silver Pines,rippinflow,vo.golf.h1.rippin.located_grass,vo.golf.h1.rippin.located_grass.mp3,yes,Announcing it to the whole course.,"Let it be known, the Prospect has located grass.",9,,,,,,,,
3603,Silver Pines,rippinflow,vo.golf.h1.rippin.more_expensive,vo.golf.h1.rippin.more_expensive.mp3,yes,"Breaking the moment on purpose, the way friends do.",And more expensive. Lou never pays for the fourth.,9,,,,,,,,
3604,Silver Pines,rippinflow,vo.golf.h1.rippin.more_talking_than_golf,vo.golf.h1.rippin.more_talking_than_golf.mp3,yes,Complaining about the thing he loves.,And more talking than golf.,5,,,,,,,,
3605,Silver Pines,rippinflow,vo.golf.h1.rippin.more_than_that_ball,vo.golf.h1.rippin.more_than_that_ball.mp3,yes,Winning.,More than that ball.,4,,,,,,,,
3606,Silver Pines,rippinflow,vo.golf.h1.rippin.needed_repair,vo.golf.h1.rippin.needed_repair.mp3,yes,"Airtight, in his view.",It needed repair.,3,short,,,,,,,
3607,Silver Pines,rippinflow,vo.golf.h1.rippin.next_ones_long,vo.golf.h1.rippin.next_ones_long.mp3,yes,Already walking.,Next one’s long.,3,short,,,,,,,
3608,Silver Pines,rippinflow,vo.golf.h1.rippin.not_on_the_scorecard,vo.golf.h1.rippin.not_on_the_scorecard.mp3,yes,Warmly.,Not on the scorecard.,4,,,,,,,,
3609,Silver Pines,rippinflow,vo.golf.h1.rippin.not_the_whole_job,vo.golf.h1.rippin.not_the_whole_job.mp3,yes,Cannot let a compliment stand unsupervised.,It is not the whole job.,6,,,,,,,,
3610,Silver Pines,rippinflow,vo.golf.h1.rippin.now_its_a_meeting,vo.golf.h1.rippin.now_its_a_meeting.mp3,yes,Delighted to have company in the sand.,Good. Now it’s a meeting.,5,,,,,,,,
3611,Silver Pines,rippinflow,vo.golf.h1.rippin.oldest_man_shot,vo.golf.h1.rippin.oldest_man_shot.mp3,yes,Real admiration disguised as an insult.,That is the oldest-man shot I’ve ever seen.,8,,,,,,,,
3612,Silver Pines,rippinflow,vo.golf.h1.rippin.par_three,vo.golf.h1.rippin.par_three.mp3,yes,Reading the hole like a man announcing a fight.,"Par three. One-sixty-seven. Water right, bunker left, dignity everywhere.",9,,,,,,,,
3613,Silver Pines,rippinflow,vo.golf.h1.rippin.piping_hot,vo.golf.h1.rippin.piping_hot.mp3,yes,Genuine. He is pleased and slightly annoyed about being pleased.,Piping hot.,2,short,,,,,,,
3614,Silver Pines,rippinflow,vo.golf.h1.rippin.piping_hot_2,vo.golf.h1.rippin.piping_hot_2.mp3,yes,Unreserved.,Piping hot.,2,short,,,,,,,
3615,Silver Pines,rippinflow,vo.golf.h1.rippin.plane_has_a_runway,vo.golf.h1.rippin.plane_has_a_runway.mp3,yes,Objecting.,A plane has a runway.,5,,,,,,,,
3616,Silver Pines,rippinflow,vo.golf.h1.rippin.reject_the_event,vo.golf.h1.rippin.reject_the_event.mp3,yes,Formally.,"Let it be known, I reject the event.",8,,,,,,,,
3617,Silver Pines,rippinflow,vo.golf.h1.rippin.safe_1,vo.golf.h1.rippin.safe_1.mp3,yes,An accusation.,Safe.,1,short,,,,,,,
3618,Silver Pines,rippinflow,vo.golf.h1.rippin.safe_2,vo.golf.h1.rippin.safe_2.mp3,yes,"Same word, no less certain.",Safe.,1,short,,,,,,,
3619,Silver Pines,rippinflow,vo.golf.h1.rippin.saving_words,vo.golf.h1.rippin.saving_words.mp3,yes,Filling the silence because somebody has to and it is always him.,He’s saving his words for the scorecard.,7,,,,,,,,
3620,Silver Pines,rippinflow,vo.golf.h1.rippin.several_trees_first,vo.golf.h1.rippin.several_trees_first.mp3,yes,Helpfully.,He has several trees first.,5,,,,,,,,
3621,Silver Pines,rippinflow,vo.golf.h1.rippin.slots_arent_golf,vo.golf.h1.rippin.slots_arent_golf.mp3,yes,Retreating to principle.,Slots aren’t golf.,3,short,,,,,,,
3622,Silver Pines,rippinflow,vo.golf.h1.rippin.social_calendar,vo.golf.h1.rippin.social_calendar.mp3,yes,Genuinely pleased for him and refusing to show it straight.,"Front-row table, golf with Lou. Prospect’s social calendar is piping hot.",11,,,,,,,,
3623,Silver Pines,rippinflow,vo.golf.h1.rippin.still_invited,vo.golf.h1.rippin.still_invited.mp3,yes,A joke that is also the reassurance.,Still invited.,2,short,,,,,,,
3624,Silver Pines,rippinflow,vo.golf.h1.rippin.still_moving_1,vo.golf.h1.rippin.still_moving_1.mp3,yes,Narrating.,Still moving.,2,short,,,,,,,
3625,Silver Pines,rippinflow,vo.golf.h1.rippin.still_moving_2,vo.golf.h1.rippin.still_moving_2.mp3,yes,Same delivery. That is the joke.,Still moving.,2,short,,,,,,,
3626,Silver Pines,rippinflow,vo.golf.h1.rippin.take_was_the_big_one,vo.golf.h1.rippin.take_was_the_big_one.mp3,yes,"Filling a wait, and proud of the crew rather than fishing for details.",So THE TAKE was the big one.,7,,,,,,,,
3627,Silver Pines,rippinflow,vo.golf.h1.rippin.that_is_criminal,vo.golf.h1.rippin.that_is_criminal.mp3,yes,Outraged on his behalf.,That is criminal.,3,short,,,,,,,
3628,Silver Pines,rippinflow,vo.golf.h1.rippin.thats_golf,vo.golf.h1.rippin.thats_golf.mp3,yes,"Generous, for him.",That’s golf.,2,short,,,,,,,
3629,Silver Pines,rippinflow,vo.golf.h1.rippin.thirty_seconds,vo.golf.h1.rippin.thirty_seconds.mp3,yes,"Loud, cheerful, and a promise rather than a threat.",You got thirty fucking seconds before I start coaching.,9,,,,,,,,
3630,Silver Pines,rippinflow,vo.golf.h1.rippin.took_his_time,vo.golf.h1.rippin.took_his_time.mp3,yes,Immediately undoing the kindness.,He took his time. That was the problem.,8,,,,,,,,
3631,Silver Pines,rippinflow,vo.golf.h1.rippin.two_schools,vo.golf.h1.rippin.two_schools.mp3,yes,Serene.,Two schools of thought.,4,,,,,,,,
3632,Silver Pines,rippinflow,vo.golf.h1.rippin.visualizing_hole_two,vo.golf.h1.rippin.visualizing_hole_two.mp3,yes,"Unbothered. It is, in his mind, a complete defence.",I’m visualizing Hole Two.,4,,,,,,,,
3633,Silver Pines,rippinflow,vo.golf.h1.rippin.watch_this,vo.golf.h1.rippin.watch_this.mp3,yes,Genuine confidence. That is what makes it funny.,Watch this.,2,short,,,,,,,
3634,Silver Pines,rippinflow,vo.golf.h1.rippin.welcome,vo.golf.h1.rippin.welcome.mp3,yes,Hosting. From inside the bunker.,Welcome.,1,short,,,,,,,
3635,Silver Pines,rippinflow,vo.golf.h1.rippin.yours_worries_me,vo.golf.h1.rippin.yours_worries_me.mp3,yes,"Sincere concern, briefly.",It was. Yours worries me.,5,,,,,,,,
3636,Silver Pines,eric,vo.golf.h2.eric.clubhouse_behind_the_last,vo.golf.h2.eric.clubhouse_behind_the_last.mp3,yes,A fact about geography.,Last one comes back to the clubhouse.,7,,,,,,,,
3637,Silver Pines,eric,vo.golf.h2.eric.dogleg_right,vo.golf.h2.eric.dogleg_right.mp3,yes,"Information, offered before anybody asks for it.",It doglegs right at the pines. You cannot see the corner from here.,13,,,,,,,,
3638,Silver Pines,eric,vo.golf.h2.eric.first_honest_thing,vo.golf.h2.eric.first_honest_thing.mp3,yes,Warm. It is the closest Eric comes to liking somebody out loud.,That is the first honest thing anybody has said on a tee this morning.,14,,,,,,,,
3639,Silver Pines,eric,vo.golf.h2.eric.gratin_butter_chicken,vo.golf.h2.eric.gratin_butter_chicken.mp3,yes,The one subject Eric will not let go of.,Gratin still owes me a proper butter chicken. He has been to India. He has *seen* it done.,18,,,,,,,,
3640,Silver Pines,eric,vo.golf.h2.eric.green_is_long,vo.golf.h2.eric.green_is_long.mp3,yes,"The read, offered as always without being asked.",Green’s long and it runs away from you at the back.,11,,,,,,,,
3641,Silver Pines,eric,vo.golf.h2.eric.he_had_a_point,vo.golf.h2.eric.he_had_a_point.mp3,yes,Fair-minded to a fault.,It came on while he was over the ball. He had a point.,13,,,,,,,,
3642,Silver Pines,eric,vo.golf.h2.eric.he_thinks_weather_is_rigged,vo.golf.h2.eric.he_thinks_weather_is_rigged.mp3,yes,Deadpan.,He thinks the weather is rigged.,6,,,,,,,,
3643,Silver Pines,eric,vo.golf.h2.eric.i_know_he_uses_a_jar,vo.golf.h2.eric.i_know_he_uses_a_jar.mp3,yes,The only time Eric sounds genuinely wounded all morning.,I know he uses a jar. That is the entire problem.,11,,,,,,,,
3644,Silver Pines,eric,vo.golf.h2.eric.it_was_windy,vo.golf.h2.eric.it_was_windy.mp3,yes,"Closing it down, kindly.",It was windy.,3,short,,,,,,,
3645,Silver Pines,eric,vo.golf.h2.eric.let_him_think,vo.golf.h2.eric.let_him_think.mp3,yes,Quiet.,Let him think.,3,short,,,,,,,
3646,Silver Pines,eric,vo.golf.h2.eric.sand_is_on_that_line,vo.golf.h2.eric.sand_is_on_that_line.mp3,yes,"A fact, delivered to nobody in particular.",The sand is on that line.,6,,,,,,,,
3647,Silver Pines,eric,vo.golf.h2.eric.six,vo.golf.h2.eric.six.mp3,yes,Writing nothing. Just saying it.,Six.,1,short,,,,,,,
3648,Silver Pines,eric,vo.golf.h2.eric.that_is_not_what_happened,vo.golf.h2.eric.that_is_not_what_happened.mp3,yes,Tired.,That is not what happened.,5,,,,,,,,
3649,Silver Pines,eric,vo.golf.h2.eric.that_is_the_game,vo.golf.h2.eric.that_is_the_game.mp3,yes,Mid-swing.,That is the game.,4,,,,,,,,
3650,Silver Pines,eric,vo.golf.h2.eric.that_is_the_sand,vo.golf.h2.eric.that_is_the_sand.mp3,yes,Not gloating. Reporting.,That is the sand.,4,,,,,,,,
3651,Silver Pines,eric,vo.golf.h2.eric.that_was_a_compliment,vo.golf.h2.eric.that_was_a_compliment.mp3,yes,"Translating, because somebody has to.",That was a compliment.,4,,,,,,,,
3652,Silver Pines,eric,vo.golf.h2.eric.there_is_sand_there,vo.golf.h2.eric.there_is_sand_there.mp3,yes,Flat.,There is sand there.,4,,,,,,,,
3653,Silver Pines,eric,vo.golf.h2.eric.two_instructions,vo.golf.h2.eric.two_instructions.mp3,yes,"Dry, after the line has landed.",That is two instructions.,4,,,,,,,,
3654,Silver Pines,eric,vo.golf.h2.eric.walls_need_work,vo.golf.h2.eric.walls_need_work.mp3,yes,A factual correction from somebody who has seen them.,The walls need work.,4,,,,,,,,
3655,Silver Pines,lou1,vo.golf.h2.lou.both_simple,vo.golf.h2.lou.both_simple.mp3,yes,Closing the subject and returning to golf.,They’re both simple.,3,short,,,,,,,
3656,Silver Pines,lou1,vo.golf.h2.lou.dont,vo.golf.h2.lou.dont.mp3,yes,Too late.,Don’t.,1,short,,,,,,,
3657,Silver Pines,lou1,vo.golf.h2.lou.dont_copy_me,vo.golf.h2.lou.dont_copy_me.mp3,yes,Entirely at peace with his own game.,Don’t copy me. I’m playing this for a five and I’m happy about it.,14,,,,,,,,
3658,Silver Pines,lou1,vo.golf.h2.lou.driver,vo.golf.h2.lou.driver.mp3,yes,"Permission, and it is the first time he has given any.",Driver. Both of you.,4,,,,,,,,
3659,Silver Pines,lou1,vo.golf.h2.lou.good_ole_days,vo.golf.h2.lou.good_ole_days.mp3,yes,"Not nostalgic. Two words, put down like a stone.",Good ole days.,3,short,,,,,,,
3660,Silver Pines,lou1,vo.golf.h2.lou.he_did_not_cry,vo.golf.h2.lou.he_did_not_cry.mp3,yes,"Protective, barely.",He did not cry.,4,,,,,,,,
3661,Silver Pines,lou1,vo.golf.h2.lou.hes_right_about_the_weather,vo.golf.h2.lou.hes_right_about_the_weather.mp3,yes,Completely unreadable.,He’s right about the weather.,5,,,,,,,,
3662,Silver Pines,lou1,vo.golf.h2.lou.i_know_they_are,vo.golf.h2.lou.i_know_they_are.mp3,yes,"He does not look at the Prospect. This is the second time all morning he has said why, and he says it to Rippin instead.",I know they are. That’s why he’s here.,8,,,,,,,,
3663,Silver Pines,lou1,vo.golf.h2.lou.im_in_the_fairway,vo.golf.h2.lou.im_in_the_fairway.mp3,yes,"Dry, and it is the whole philosophy of the man.",I’m in the fairway. They’re in a conversation about sand.,10,,,,,,,,
3664,Silver Pines,lou1,vo.golf.h2.lou.im_playing_for_a_five,vo.golf.h2.lou.im_playing_for_a_five.mp3,yes,Not looking up. He will be proved right and they both know it.,I’m playing for a five.,5,,,,,,,,
3665,Silver Pines,lou1,vo.golf.h2.lou.its_a_golf_course,vo.golf.h2.lou.its_a_golf_course.mp3,yes,And the joke lands on the far side of something true.,"It’s a golf course, Rip. They all do that.",9,,,,,,,,
3666,Silver Pines,lou1,vo.golf.h2.lou.keep_her_outside,vo.golf.h2.lou.keep_her_outside.mp3,yes,Kind in the way Lou is kind: by drawing a hard line that keeps her safe.,"Good. She gets dinner, not minutes. Keep her outside the business.",11,,,,,,,,
3667,Silver Pines,lou1,vo.golf.h2.lou.longer_than_it_looks,vo.golf.h2.lou.longer_than_it_looks.mp3,yes,And he is not talking about the hole.,Everything out here is longer than it looks.,8,,,,,,,,
3668,Silver Pines,lou1,vo.golf.h2.lou.nehoo,vo.golf.h2.lou.nehoo.mp3,yes,Under his breath. Not for anybody.,Nehoo with a guu.,4,,,,,,,,
3669,Silver Pines,lou1,vo.golf.h2.lou.new_space_is_front_and_center,vo.golf.h2.lou.new_space_is_front_and_center.mp3,yes,"The payoff to the apartment call, delivered while reading the green. It is a business fact, not an announcement.","The new space is Front & Center. Dining room, downstairs club, all of it.",14,,,,,,,,
3670,Silver Pines,lou1,vo.golf.h2.lou.nobody_lost_a_hole_wide,vo.golf.h2.lou.nobody_lost_a_hole_wide.mp3,yes,Approval that sounds like a shrug.,Nobody ever lost a hole from the wide side. They just took longer getting home.,15,,,,,,,,
3671,Silver Pines,lou1,vo.golf.h2.lou.same_sand,vo.golf.h2.lou.same_sand.mp3,yes,Walking past him.,Same sand.,2,short,,,,,,,
3672,Silver Pines,lou1,vo.golf.h2.lou.six_2,vo.golf.h2.lou.six_2.mp3,yes,Identical to the last time he did this.,Six.,1,short,,,,,,,
3673,Silver Pines,lou1,vo.golf.h2.lou.take_margo_tonight,vo.golf.h2.lou.take_margo_tonight.mp3,yes,"A practical suggestion, not matchmaking. He knows the date is already arranged.",Take Margo tonight. Silver Room. Let her see the place when it looks expensive.,14,,,,,,,,
3674,Silver Pines,lou1,vo.golf.h2.lou.three_shots_to_get_there,vo.golf.h2.lou.three_shots_to_get_there.mp3,yes,"Advice, and permission, in one sentence.",Three shots to get there. You have got room to be wrong twice.,13,,,,,,,,
3675,Silver Pines,lou1,vo.golf.h2.lou.two_down,vo.golf.h2.lou.two_down.mp3,yes,Closing the card.,Two down. One to go.,5,,,,,,,,
3676,Silver Pines,player,vo.golf.h2.prospect.cut_the_corner,vo.golf.h2.prospect.cut_the_corner.mp3,yes,Committing out loud before he can talk himself out of it.,I’m cutting the corner.,4,,,,,,,,
3677,Silver Pines,player,vo.golf.h2.prospect.front_and_center_is_ours,vo.golf.h2.prospect.front_and_center_is_ours.mp3,yes,"Surprised by the scale, not the kind of business.",Front & Center is ours?,5,,,,,,,,
3678,Silver Pines,player,vo.golf.h2.prospect.know_when_im_over_it,vo.golf.h2.prospect.know_when_im_over_it.mp3,yes,"The truth, offered without decoration.",I’ll know when I’m stood over it.,7,,,,,,,,
3679,Silver Pines,player,vo.golf.h2.prospect.she_knows_nothing,vo.golf.h2.prospect.she_knows_nothing.mp3,yes,Protective and careful. He is checking the boundary before he crosses it.,She doesn’t know about any of this.,7,,,,,,,,
3680,Silver Pines,player,vo.golf.h2.prospect.what_eggs,vo.golf.h2.prospect.what_eggs.mp3,yes,He has learned that asking is usually a mistake and asks anyway.,What eggs?,2,short,,,,,,,
3681,Silver Pines,player,vo.golf.h2.prospect.whatever_lou_hits,vo.golf.h2.prospect.whatever_lou_hits.mp3,yes,Half a joke. Only half.,Whatever Lou hits.,3,short,,,,,,,
3682,Silver Pines,player,vo.golf.h2.prospect.wide_and_safe,vo.golf.h2.prospect.wide_and_safe.mp3,yes,Unglamorous and completely deliberate.,Wide. I’ll take the extra shot.,6,,,,,,,,
3683,Silver Pines,player,vo.golf.h2.prospect.you_hit_it_short,vo.golf.h2.prospect.you_hit_it_short.mp3,yes,Not a criticism. He is working something out.,You hit it shorter than both of them.,8,,,,,,,,
3684,Silver Pines,rippinflow,vo.golf.h2.rippin.ape_says_cheating,vo.golf.h2.rippin.ape_says_cheating.mp3,yes,Fondly.,Ape came out once. Accused a sprinkler of cheating.,9,,,,,,,,
3685,Silver Pines,rippinflow,vo.golf.h2.rippin.booski_rigged,vo.golf.h2.rippin.booski_rigged.mp3,yes,Delighted.,Booskibro thinks this course is rigged. He thinks *golf* is rigged.,11,,,,,,,,
3686,Silver Pines,rippinflow,vo.golf.h2.rippin.different_sand,vo.golf.h2.rippin.different_sand.mp3,yes,Committed.,Different sand.,2,short,,,,,,,
3687,Silver Pines,rippinflow,vo.golf.h2.rippin.eleven_months,vo.golf.h2.rippin.eleven_months.mp3,yes,Awed.,Eleven months he’s been on it. Eleven.,7,,,,,,,,
3688,Silver Pines,rippinflow,vo.golf.h2.rippin.eric_finds_it_every_time,vo.golf.h2.rippin.eric_finds_it_every_time.mp3,yes,The closest he gets to a compliment.,Eric hits it nowhere and finds it every time.,9,,,,,,,,
3689,Silver Pines,rippinflow,vo.golf.h2.rippin.five,vo.golf.h2.rippin.five.mp3,yes,Reflex.,Five.,1,short,,,,,,,
3690,Silver Pines,rippinflow,vo.golf.h2.rippin.he_uses_a_jar,vo.golf.h2.rippin.he_uses_a_jar.mp3,yes,Betraying a friend without hesitating.,He uses a jar.,4,,,,,,,,
3691,Silver Pines,rippinflow,vo.golf.h2.rippin.hes_playing_for_a_six,vo.golf.h2.rippin.hes_playing_for_a_six.mp3,yes,Instantly.,He’s playing for a six.,5,,,,,,,,
3692,Silver Pines,rippinflow,vo.golf.h2.rippin.his_eyes_were_wet,vo.golf.h2.rippin.his_eyes_were_wet.mp3,yes,Legally precise.,His eyes were wet.,4,,,,,,,,
3693,Silver Pines,rippinflow,vo.golf.h2.rippin.hog_mama_bus,vo.golf.h2.rippin.hog_mama_bus.mp3,yes,A sentence he has clearly said before and will say again.,Hog Mama drove the bus to Atlantic City. Hog Mama *became* the bus.,13,,,,,,,,
3694,Silver Pines,rippinflow,vo.golf.h2.rippin.i_can_see_it,vo.golf.h2.rippin.i_can_see_it.mp3,yes,He cannot.,I can see it.,4,,,,,,,,
3695,Silver Pines,rippinflow,vo.golf.h2.rippin.i_like_the_back,vo.golf.h2.rippin.i_like_the_back.mp3,yes,He does not.,I like the back.,4,,,,,,,,
3696,Silver Pines,rippinflow,vo.golf.h2.rippin.irish_and_the_eggs,vo.golf.h2.rippin.irish_and_the_eggs.mp3,yes,As though this is ordinary.,Irish is still looking into the eggs.,7,,,,,,,,
3697,Silver Pines,rippinflow,vo.golf.h2.rippin.its_all_love_4,vo.golf.h2.rippin.its_all_love_4.mp3,yes,"Beaten, and enjoying being beaten.",It’s all love.,3,short,,,,,,,
3698,Silver Pines,rippinflow,vo.golf.h2.rippin.not_where_im_going,vo.golf.h2.rippin.not_where_im_going.mp3,yes,Certain.,Not where I’m going.,4,,,,,,,,
3699,Silver Pines,rippinflow,vo.golf.h2.rippin.now_we_talk,vo.golf.h2.rippin.now_we_talk.mp3,yes,Genuinely happy. This is his hole and he knows it.,Five-twenty. Now we’re talking.,4,,,,,,,,
3700,Silver Pines,rippinflow,vo.golf.h2.rippin.sallie_j_hit_one,vo.golf.h2.rippin.sallie_j_hit_one.mp3,yes,Looking off into the trees.,"Sallie J hit one out here once. Still going, far as anybody knows.",13,,,,,,,,
3701,Silver Pines,rippinflow,vo.golf.h2.rippin.sand_is_everywhere,vo.golf.h2.rippin.sand_is_everywhere.mp3,yes,Waving it away. He is not wrong and it does not help.,"The sand is everywhere, Eric.",5,,,,,,,,
3702,Silver Pines,rippinflow,vo.golf.h2.rippin.shubes_cried,vo.golf.h2.rippin.shubes_cried.mp3,yes,The best story he has.,Shubes cried on the ninth at Ridgemont. Openly.,8,,,,,,,,
3703,Silver Pines,rippinflow,vo.golf.h2.rippin.so_it_ends_where_it_started,vo.golf.h2.rippin.so_it_ends_where_it_started.mp3,yes,"Being funny, and accidentally not.",So it ends where it started. Poetic.,7,,,,,,,,
3704,Silver Pines,rippinflow,vo.golf.h2.rippin.squatch_up,vo.golf.h2.rippin.squatch_up.mp3,yes,"Loud, across the fairway.","Squatch up, Prospect. It’s a par five, not a funeral.",10,,,,,,,,
3705,Silver Pines,rippinflow,vo.golf.h2.rippin.thats_how_i_tell_it,vo.golf.h2.rippin.thats_how_i_tell_it.mp3,yes,Unmovable.,That’s how I tell it.,5,,,,,,,,
3706,Silver Pines,rippinflow,vo.golf.h2.rippin.thats_my_boy,vo.golf.h2.rippin.thats_my_boy.mp3,yes,Enormous. He has been waiting all morning for somebody to be reckless.,That is my boy.,4,,,,,,,,
3707,Silver Pines,rippinflow,vo.golf.h2.rippin.theyre_still_going,vo.golf.h2.rippin.theyre_still_going.mp3,yes,"Gently. This is Rippin being kind, which he does about once a year.","They’re still going, Lou.",4,,,,,,,,
3708,Silver Pines,rippinflow,vo.golf.h2.rippin.two_holes_two_bunkers,vo.golf.h2.rippin.two_holes_two_bunkers.mp3,yes,Aggrieved at the universe.,Two holes. Two bunkers. There’s a pattern forming and I don’t care for it.,14,,,,,,,,
3709,Silver Pines,rippinflow,vo.golf.h2.rippin.watch_the_corner,vo.golf.h2.rippin.watch_the_corner.mp3,yes,Announcing a plan nobody asked to hear.,I’m going over the corner.,5,,,,,,,,
3710,Silver Pines,rippinflow,vo.golf.h2.rippin.we_bought_the_problems,vo.golf.h2.rippin.we_bought_the_problems.mp3,yes,Pleased with the line and with the acquisition.,We bought the problems. Lou says the walls came free.,10,,,,,,,,
3711,Silver Pines,rippinflow,vo.golf.h2.rippin.which_side,vo.golf.h2.rippin.which_side.mp3,yes,"Genuinely wants to know, and is going to have an opinion either way.","Right. Corner’s out there somewhere behind those pines. Which side are you playing, Prospect?",14,,,,,,,,
3712,Silver Pines,booski,vo.golf.h3.booski.fourth_mans_in,vo.golf.h3.booski.fourth_mans_in.mp3,yes,Raising the can about two inches. From him that is a standing ovation.,Fourth man’s in. That’s the morning.,6,,,,,,,,
3713,Silver Pines,booski,vo.golf.h3.booski.there_he_is,vo.golf.h3.booski.there_he_is.mp3,yes,"Can in hand, not moving an inch. Delighted and complaining.",There he is. Take your time. We’ve only been stood out here since seven.,14,,,,,,,,
3714,Silver Pines,deathmegatron,vo.golf.h3.deathmegatron.cigar_with_your_name,vo.golf.h3.deathmegatron.cigar_with_your_name.mp3,yes,The warmest thing he has ever said to anybody.,I’ve got a cigar with your name on it and I am not giving it to you.,17,,,,,,,,
3715,Silver Pines,deathmegatron,vo.golf.h3.deathmegatron.two_putt,vo.golf.h3.deathmegatron.two_putt.mp3,yes,Around a cigar he is not taking out of his mouth.,Two-putt it and we all go inside.,7,,,,,,,,
3716,Silver Pines,eric,vo.golf.h3.eric.good_morning_for_it,vo.golf.h3.eric.good_morning_for_it.mp3,yes,"Looking at the sky, meaning something else.",Good morning for it.,4,,,,,,,,
3717,Silver Pines,eric,vo.golf.h3.eric.last_green_of_the_day,vo.golf.h3.eric.last_green_of_the_day.mp3,yes,"Kind, and the most Eric thing he says all morning.",Last green. Take a second on it.,7,,,,,,,,
3718,Silver Pines,eric,vo.golf.h3.eric.leave_it_rip,vo.golf.h3.eric.leave_it_rip.mp3,yes,"And Rippin does, which tells you he understood.","Leave it, Rip.",3,short,,,,,,,
3719,Silver Pines,eric,vo.golf.h3.eric.most_useful_thing_all_day,vo.golf.h3.eric.most_useful_thing_all_day.mp3,yes,"And he means the whole day, golf included.",That is the most useful thing he has said all day.,11,,,,,,,,
3720,Silver Pines,eric,vo.golf.h3.eric.provisionally,vo.golf.h3.eric.provisionally.mp3,yes,Dry.,Provisionally.,1,short,,,,,,,
3721,Silver Pines,eric,vo.golf.h3.eric.that_is_devastating,vo.golf.h3.eric.that_is_devastating.mp3,yes,Impressed.,That is devastating.,3,short,,,,,,,
3722,Silver Pines,eric,vo.golf.h3.eric.there_is_sand_at_two_ten,vo.golf.h3.eric.there_is_sand_at_two_ten.mp3,yes,"To the Prospect, not to Rippin.",Sand at two hundred and ten. Right side.,8,,,,,,,,
3723,Silver Pines,eric,vo.golf.h3.eric.two_eleven,vo.golf.h3.eric.two_eleven.mp3,yes,Watching it come down.,Two hundred and eleven.,4,,,,,,,,
3724,Silver Pines,lou1,vo.golf.h3.lou.anybody_know_youre_here,vo.golf.h3.lou.anybody_know_youre_here.mp3,yes,"Conversational. He asks it the way he would ask about traffic, and it is the most serious question of the round.",Before you hit. Does anybody know you’re out here this morning?,11,,,,,,,,
3725,Silver Pines,lou1,vo.golf.h3.lou.apartment_keys,vo.golf.h3.lou.apartment_keys.mp3,yes,The verbal and physical handover. Hold the ring out in his free hand and let the keys make the gift real.,Here. Keys. Address is on the tag.,7,,,,,,,,
3726,Silver Pines,lou1,vo.golf.h3.lou.breaks_toward_the_building,vo.golf.h3.lou.breaks_toward_the_building.mp3,yes,"The last read he gives, and it is a joke about the club.",Breaks toward the building. Everything here does.,7,,,,,,,,
3727,Silver Pines,lou1,vo.golf.h3.lou.go_see_it,vo.golf.h3.lou.go_see_it.mp3,yes,The final line of the morning. It sends him to the new home and keeps the already-arranged Margo date on schedule.,Go see it. Silver Room has your table at nine. Wear something that doesn’t look rented.,16,,,,,,,,
3728,Silver Pines,lou1,vo.golf.h3.lou.golf,vo.golf.h3.lou.golf.mp3,yes,Flat.,Golf.,1,short,,,,,,,
3729,Silver Pines,lou1,vo.golf.h3.lou.golf_is_the_true_half,vo.golf.h3.lou.golf_is_the_true_half.mp3,yes,"Practical instruction, given like a club recommendation.",Golf is the true half. Tell people the true half and stop there.,13,,,,,,,,
3730,Silver Pines,lou1,vo.golf.h3.lou.he_did_hear_you,vo.golf.h3.lou.he_did_hear_you.mp3,yes,Enjoying his morning.,He did hear you.,4,,,,,,,,
3731,Silver Pines,lou1,vo.golf.h3.lou.i_thought_about_it_on_one,vo.golf.h3.lou.i_thought_about_it_on_one.mp3,yes,Using Rippin’s own phrase on him. This is Lou being playful.,I thought about it on the first. It’s all love.,10,,,,,,,,
3732,Silver Pines,lou1,vo.golf.h3.lou.no,vo.golf.h3.lou.no.mp3,yes,Not looking up.,No.,1,filler short,,,,,,,
3733,Silver Pines,lou1,vo.golf.h3.lou.one_more_thing,vo.golf.h3.lou.one_more_thing.mp3,yes,Not ominous. Lou has already decided this is good news and sees no reason to decorate it.,One more thing before you hit.,6,,,,,,,,
3734,Silver Pines,lou1,vo.golf.h3.lou.out_of_the_shoebox,vo.golf.h3.lou.out_of_the_shoebox.mp3,yes,A property description and a verdict on the old apartment.,The kind with two floors. You’re out of that shoebox.,10,,,,,,,,
3735,Silver Pines,lou1,vo.golf.h3.lou.right_answer_wrong_life,vo.golf.h3.lou.right_answer_wrong_life.mp3,yes,"A flicker of something, gone before you can name it.",That’s the right answer. I didn’t want it to be.,10,,,,,,,,
3736,Silver Pines,lou1,vo.golf.h3.lou.sad_or_professional,vo.golf.h3.lou.sad_or_professional.mp3,yes,Not unkind. He has met both.,That’s either very sad or very professional.,7,,,,,,,,
3737,Silver Pines,lou1,vo.golf.h3.lou.somewhere_better,vo.golf.h3.lou.somewhere_better.mp3,yes,Warmth buried under a practical correction.,I found you somewhere better. Don’t make it sentimental.,9,,,,,,,,
3738,Silver Pines,lou1,vo.golf.h3.lou.thats_the_round,vo.golf.h3.lou.thats_the_round.mp3,yes,Closing the card for the last time.,That’s the round.,3,short,,,,,,,
3739,Silver Pines,lou1,vo.golf.h3.lou.three_ninety_five,vo.golf.h3.lou.three_ninety_five.mp3,yes,"Reading the hole, and the last sentence is the one that matters.",Three ninety-five. Bends left. Clubhouse behind the green.,8,,,,,,,,
3740,Silver Pines,lou1,vo.golf.h3.lou.today_it_matters,vo.golf.h3.lou.today_it_matters.mp3,yes,And the subject is closed by the man who opened it.,Today it does. Tomorrow it won’t. Hit your ball.,9,,,,,,,,
3741,Silver Pines,lou1,vo.golf.h3.lou.took_care_of_you,vo.golf.h3.lou.took_care_of_you.mp3,yes,"The owner’s reward logic, said plainly on the walk in. No speech and no suggestion that the gift was owed.",You took care of that thing for me. I took care of something for you.,15,,,,,,,,
3742,Silver Pines,numbskull,vo.golf.h3.numbskull.it_is_though,vo.golf.h3.numbskull.it_is_though.mp3,yes,Standing by it.,"It is, though.",3,short,,,,,,,
3743,Silver Pines,numbskull,vo.golf.h3.numbskull.three_putt_is_funnier,vo.golf.h3.numbskull.three_putt_is_funnier.mp3,yes,"Immediately, and he means it kindly.",Three-putt’s funnier.,2,short,,,,,,,
3744,Silver Pines,player,vo.golf.h3.prospect.an_apartment,vo.golf.h3.prospect.an_apartment.mp3,yes,The surprise finally gets through his guard.,You bought me an apartment?,5,,,,,,,,
3745,Silver Pines,player,vo.golf.h3.prospect.does_it_matter,vo.golf.h3.prospect.does_it_matter.mp3,yes,Testing whether he is allowed to ask that yet.,Does it matter?,3,short,,,,,,,
3746,Silver Pines,player,vo.golf.h3.prospect.ill_be_here,vo.golf.h3.prospect.ill_be_here.mp3,yes,"And he means it, and everybody hears that he means it.",I’ll be here.,3,short,,,,,,,
3747,Silver Pines,player,vo.golf.h3.prospect.keys_are_real,vo.golf.h3.prospect.keys_are_real.mp3,yes,Looking at the keys now in his own hand. More affected than he wants Lou to hear.,This is real?,3,short,,,,,,,
3748,Silver Pines,player,vo.golf.h3.prospect.margo_only_knows_tonight,vo.golf.h3.prospect.margo_only_knows_tonight.mp3,yes,Careful. He is watching Lou’s face for the answer.,Nobody. Margo only knows about tonight.,6,,,,,,,,
3749,Silver Pines,player,vo.golf.h3.prospect.never_one_thing,vo.golf.h3.prospect.never_one_thing.mp3,yes,Dry. Comfortable enough now to say it.,It is never one thing.,5,,,,,,,,
3750,Silver Pines,player,vo.golf.h3.prospect.nobody_knows,vo.golf.h3.prospect.nobody_knows.mp3,yes,"Immediate, and he hears how that sounds after he says it.",Nobody.,1,short,,,,,,,
3751,Silver Pines,player,vo.golf.h3.prospect.what_kind_of_something,vo.golf.h3.prospect.what_kind_of_something.mp3,yes,Careful. Lou’s gifts usually have instructions attached.,What kind of something?,4,,,,,,,,
3752,Silver Pines,player,vo.golf.h3.prospect.who_would_i_tell,vo.golf.h3.prospect.who_would_i_tell.mp3,yes,"Blunt, and sadder than he means it.",Who would I tell?,4,,,,,,,,
3753,Silver Pines,rippinflow,vo.golf.h3.rippin.can_be_both,vo.golf.h3.rippin.can_be_both.mp3,yes,"From the next tee marker, and for once he is being serious.",It can be both.,4,,,,,,,,
3754,Silver Pines,rippinflow,vo.golf.h3.rippin.didnt_even_think,vo.golf.h3.rippin.didnt_even_think.mp3,yes,Outraged.,You didn’t even think about it.,6,,,,,,,,
3755,Silver Pines,rippinflow,vo.golf.h3.rippin.final_accounting,vo.golf.h3.rippin.final_accounting.mp3,yes,Opening negotiations he has already lost.,Right. Final accounting. I want my four back from the first.,11,,,,,,,,
3756,Silver Pines,rippinflow,vo.golf.h3.rippin.i_can_see_the_bar,vo.golf.h3.rippin.i_can_see_the_bar.mp3,yes,Approving.,I can see the bar from the tee. That’s a design decision.,12,,,,,,,,
3757,Silver Pines,rippinflow,vo.golf.h3.rippin.i_heard_you,vo.golf.h3.rippin.i_heard_you.mp3,yes,From the sand.,I heard you.,3,short,,,,,,,
3758,Silver Pines,rippinflow,vo.golf.h3.rippin.im_taking_two_seconds,vo.golf.h3.rippin.im_taking_two_seconds.mp3,yes,Softer than usual.,I’m taking two.,3,short,,,,,,,
3759,Silver Pines,rippinflow,vo.golf.h3.rippin.it_is_all_love,vo.golf.h3.rippin.it_is_all_love.mp3,yes,Beaten and completely happy.,It *is* all love. That’s the tragedy of it.,9,,,,,,,,
3760,Silver Pines,rippinflow,vo.golf.h3.rippin.last_one,vo.golf.h3.rippin.last_one.mp3,yes,"Cheerful, and checking.",Last one. Everybody still friends?,5,,,,,,,,
3761,Silver Pines,rippinflow,vo.golf.h3.rippin.same_time_next_week,vo.golf.h3.rippin.same_time_next_week.mp3,yes,"Said as an ordinary arrangement, which is the single warmest thing anybody says to him all day — because it assumes a next week.","Same time next week, Prospect.",5,,,,,,,,
3762,Silver Pines,rippinflow,vo.golf.h3.rippin.two_ten_is_not_a_problem,vo.golf.h3.rippin.two_ten_is_not_a_problem.mp3,yes,It is about to be.,Two-ten is not a problem for me.,7,,,,,,,,
3763,Silver Pines,rippinflow,vo.golf.h3.rippin.what_are_we_talking_about,vo.golf.h3.rippin.what_are_we_talking_about.mp3,yes,"From forty yards away, because he cannot bear it.",What are we talking about over there?,7,,,,,,,,
3764,Silver Pines,shubenator,vo.golf.h3.shubenator.grille_is_open,vo.golf.h3.shubenator.grille_is_open.mp3,yes,Already turning toward the steps.,"Balcony’s open. Lou’s buying, which means Eric’s buying.",8,,,,,,,,
3765,Silver Pines,shubenator,vo.golf.h3.shubenator.theres_a_bar_up_here,vo.golf.h3.shubenator.theres_a_bar_up_here.mp3,yes,"Genuine sympathy, expressed as a grievance about himself.","There is a bar thirty feet behind me, Prospect. Thirty feet, and I am out here.",16,,,,,,,,
3766,Silver Pines,snow,vo.golf.h3.snow.he_means_come_up,vo.golf.h3.snow.he_means_come_up.mp3,yes,"Translating, once, with a nod at the terrace over the green, and going back to his beer.",He means come up.,4,,,,,,,,
3767,Silver Pines,snow,vo.golf.h3.snow.numbskull,vo.golf.h3.snow.numbskull.mp3,yes,"One word, flat, without turning round.",Numbskull.,1,short,,,,,,,
3768,Apartment,announcer,vo.machine.lou.heist_day.0,vo.machine.lou.heist_day.0.mp3,yes,,Message. Today. 6:02 AM.,4,,,,,,,,
3769,Apartment,lou1,vo.machine.lou.heist_day.1,vo.machine.lou.heist_day.1.mp3,yes,,"Today is the day, kid. Keep the line clear and do not ring back.",14,,,,,,,,
3770,Apartment,lou1,vo.machine.lou.heist_day.2,vo.machine.lou.heist_day.2.mp3,yes,,Everything you have done this week was somebody asking a question. Today is the answer.,15,,,,,,,,
3771,Apartment,lou1,vo.machine.lou.heist_day.3,vo.machine.lou.heist_day.3.mp3,yes,,Eat. Dress plain. I will call when the car is moving.,11,,,,,,,,
3772,PROJECT SILENT SQUATCH,player,vo.silentsquatch.arrival.prospect.firstvisitcase,vo.silentsquatch.arrival.prospect.firstvisitcase.mp3,yes,,First time at Lou’s place. Whatever’s in this case has been humming since the car.,15,,,,,,,,
3773,PROJECT SILENT SQUATCH,rippinflow,vo.silentsquatch.arrival.rippin.balls,vo.silentsquatch.arrival.rippin.balls.mp3,yes,,"Whatever’s in that thing, I don’t want it near my balls.",11,,,,,,,,
3774,PROJECT SILENT SQUATCH,rippinflow,vo.silentsquatch.arrival.rippin.overthere,vo.silentsquatch.arrival.rippin.overthere.mp3,yes,,I’m serious. Take it over there.,6,,,,,,,,
3775,PROJECT SILENT SQUATCH,eric,vo.silentsquatch.arrival.eric.mood,vo.silentsquatch.arrival.eric.mood.mp3,yes,,Lou’s waiting for you. And he’s been in one of those moods.,12,,,,,,,,
3776,PROJECT SILENT SQUATCH,eric,vo.silentsquatch.arrival.eric.dontsitdown,vo.silentsquatch.arrival.eric.dontsitdown.mp3,yes,,"Top of the stairs, past the boardroom. Don’t sit down.",10,,,,,,,,
3777,PROJECT SILENT SQUATCH,shubenator,vo.silentsquatch.arrival.shubes.whatsgoingon,vo.silentsquatch.arrival.shubes.whatsgoingon.mp3,yes,,"Hey guys, what’s going on?",5,,,,,,,,
3778,PROJECT SILENT SQUATCH,shubenator,vo.silentsquatch.arrival.shubes.nevermind,vo.silentsquatch.arrival.shubes.nevermind.mp3,yes,,"Actually, never mind. I don’t want to know.",8,,,,,,,,
3779,PROJECT SILENT SQUATCH,shubenator,vo.silentsquatch.arrival.shubes.arms,vo.silentsquatch.arrival.shubes.arms.mp3,yes,,I’m gonna go do arms.,5,,,,,,,,
3780,PROJECT SILENT SQUATCH,snow,vo.silentsquatch.arrival.snow.morework,vo.silentsquatch.arrival.snow.morework.mp3,yes,,Try not to make more work for me tonight.,9,,,,,,,,
3781,PROJECT SILENT SQUATCH,snow,vo.silentsquatch.arrival.snow.doesntcomeout,vo.silentsquatch.arrival.snow.doesntcomeout.mp3,yes,,It doesn’t come out. Marble.,5,,,,,,,,
3782,PROJECT SILENT SQUATCH,lou1,vo.silentsquatch.office.lou.shutthedoor,vo.silentsquatch.office.lou.shutthedoor.mp3,yes,,Shut the door.,3,short,,,,,,,
3783,PROJECT SILENT SQUATCH,lou1,vo.silentsquatch.office.lou.onthedesk,vo.silentsquatch.office.lou.onthedesk.mp3,yes,,On the desk. Where I can see it.,8,,,,,,,,
3784,PROJECT SILENT SQUATCH,lou1,vo.silentsquatch.office.lou.itsadesk,vo.silentsquatch.office.lou.itsadesk.mp3,yes,,"It’s a desk, kid. It’s been there longer than you have.",11,,,,,,,,
3785,PROJECT SILENT SQUATCH,player,vo.silentsquatch.office.prospect.whatsinside,vo.silentsquatch.office.prospect.whatsinside.mp3,yes,,What’s inside?,2,short,,,,,,,
3786,PROJECT SILENT SQUATCH,lou1,vo.silentsquatch.office.lou.namesquatchanium,vo.silentsquatch.office.lou.namesquatchanium.mp3,yes,,Squatchanium. Booski will show you what that means downstairs. Then you’ll wish I hadn’t named it.,16,,,,,,,,
3787,PROJECT SILENT SQUATCH,lou1,vo.silentsquatch.office.lou.deliverittobooski,vo.silentsquatch.office.lou.deliverittobooski.mp3,yes,,Go deliver it to Booski. He’s in the basement.,9,,,,,,,,
3788,PROJECT SILENT SQUATCH,lou1,vo.silentsquatch.office.lou.heykid,vo.silentsquatch.office.lou.heykid.mp3,yes,,"Hey, kid.",2,short,,,,,,,
3789,PROJECT SILENT SQUATCH,lou1,vo.silentsquatch.office.lou.nicejob,vo.silentsquatch.office.lou.nicejob.mp3,yes,,Nice job.,2,short,,,,,,,
3790,PROJECT SILENT SQUATCH,lou1,vo.silentsquatch.office.lou.dontaskanything,vo.silentsquatch.office.lou.dontaskanything.mp3,yes,,"Now don’t fuck around, and don’t ask anything you don’t wanna know.",12,,,,,,,,
3791,PROJECT SILENT SQUATCH,lou1,vo.silentsquatch.office.lou.pastthearmory,vo.silentsquatch.office.lou.pastthearmory.mp3,yes,,Down past the armory. Booski knows you’re coming.,8,,,,,,,,
3792,PROJECT SILENT SQUATCH,player,vo.silentsquatch.cellar.prospect.wineracks,vo.silentsquatch.cellar.prospect.wineracks.mp3,yes,,Wine racks. Pool table. Photographs of men nobody talks about.,10,,,,,,,,
3793,PROJECT SILENT SQUATCH,player,vo.silentsquatch.cellar.prospect.wherewashemeant,vo.silentsquatch.cellar.prospect.wherewashemeant.mp3,yes,,So where’s the basement he meant?,6,,,,,,,,
3794,PROJECT SILENT SQUATCH,player,vo.silentsquatch.cellar.prospect.somebodydusts,vo.silentsquatch.cellar.prospect.somebodydusts.mp3,yes,,Somebody dusts this thing.,4,,,,,,,,
3795,PROJECT SILENT SQUATCH,player,vo.silentsquatch.cellar.prospect.gapundertheplinth,vo.silentsquatch.cellar.prospect.gapundertheplinth.mp3,yes,,…There’s a gap under the plinth.,6,,,,,,,,
3796,PROJECT SILENT SQUATCH,player,vo.silentsquatch.cellar.prospect.okay,vo.silentsquatch.cellar.prospect.okay.mp3,yes,,Okay.,1,filler short,,,,,,,
3797,PROJECT SILENT SQUATCH,player,vo.silentsquatch.cellar.prospect.musicsgone,vo.silentsquatch.cellar.prospect.musicsgone.mp3,yes,,Music’s gone.,2,short,,,,,,,
3798,PROJECT SILENT SQUATCH,irish,vo.silentsquatch.corridor.irish.notdry,vo.silentsquatch.corridor.irish.notdry.mp3,yes,,Mind the floor there. It’s not dry.,7,,,,,,,,
3799,PROJECT SILENT SQUATCH,irish,vo.silentsquatch.corridor.irish.drains,vo.silentsquatch.corridor.irish.drains.mp3,yes,,There’s a drain every three metres in this hallway. Have a think about why a house needs that.,18,,,,,,,,
3800,PROJECT SILENT SQUATCH,irish,vo.silentsquatch.corridor.irish.goondown,vo.silentsquatch.corridor.irish.goondown.mp3,yes,,Go on down. He doesn’t like waiting and I don’t like watching him wait.,14,,,,,,,,
3801,PROJECT SILENT SQUATCH,xxx,vo.silentsquatch.corridor.xxx.comehere,vo.silentsquatch.corridor.xxx.comehere.mp3,yes,,…Who’s that. Come here where I can see you.,9,,,,,,,,
3802,PROJECT SILENT SQUATCH,xxx,vo.silentsquatch.corridor.xxx.thenewkid,vo.silentsquatch.corridor.xxx.thenewkid.mp3,yes,,Ah. The new kid. Course it is.,7,,,,,,,,
3803,PROJECT SILENT SQUATCH,booski,vo.silentsquatch.corridor.booski.decorations,vo.silentsquatch.corridor.booski.decorations.mp3,yes,,Quit talking to the decorations and bring me the case!,10,,,,,,,,
3804,PROJECT SILENT SQUATCH,irish,vo.silentsquatch.corridor.irish.samethreelines,vo.silentsquatch.corridor.irish.samethreelines.mp3,yes,,"He’s been at that all night, God love him. Same three lines.",12,,,,,,,,
3805,PROJECT SILENT SQUATCH,deathmegatron,vo.silentsquatch.lab.dmt.youarelate,vo.silentsquatch.lab.dmt.youarelate.mp3,yes,,You’re late.,2,short,,,,,,,
3806,PROJECT SILENT SQUATCH,deathmegatron,vo.silentsquatch.lab.dmt.twelvecentimetres,vo.silentsquatch.lab.dmt.twelvecentimetres.mp3,yes,,Don’t lean on the glass. It’s twelve centimetres. You could drive a car at it.,15,,,,,,,,
3807,PROJECT SILENT SQUATCH,deathmegatron,vo.silentsquatch.lab.dmt.sixofthem,vo.silentsquatch.lab.dmt.sixofthem.mp3,yes,,Six of them. Been in there since March.,8,,,,,,,,
3808,PROJECT SILENT SQUATCH,booski,vo.silentsquatch.delivery.booski.deliveryboy,vo.silentsquatch.delivery.booski.deliveryboy.mp3,yes,,There he is. Our little delivery boy.,7,,,,,,,,
3809,PROJECT SILENT SQUATCH,booski,vo.silentsquatch.delivery.booski.bothhands,vo.silentsquatch.delivery.booski.bothhands.mp3,yes,,On the transfer table. Both hands.,6,,,,,,,,
3810,PROJECT SILENT SQUATCH,booski,vo.silentsquatch.delivery.booski.doesntgetlighter,vo.silentsquatch.delivery.booski.doesntgetlighter.mp3,yes,,"It doesn’t get lighter, kid.",5,,,,,,,,
3811,PROJECT SILENT SQUATCH,booski,vo.silentsquatch.delivery.booski.thesquatchanium,vo.silentsquatch.delivery.booski.thesquatchanium.mp3,yes,,"Ah, yes. The Squatchanium.",4,,,,,,,,
3812,PROJECT SILENT SQUATCH,booski,vo.silentsquatch.delivery.booski.howhard,vo.silentsquatch.delivery.booski.howhard.mp3,yes,,Do you have any idea how hard this stuff is to get?,12,,,,,,,,
3813,PROJECT SILENT SQUATCH,player,vo.silentsquatch.delivery.prospect.i,vo.silentsquatch.delivery.prospect.i.mp3,yes,,I —,2,short all-caps,,,,,,,
3814,PROJECT SILENT SQUATCH,booski,vo.silentsquatch.delivery.booski.rhetorical,vo.silentsquatch.delivery.booski.rhetorical.mp3,yes,,Rhetorical question. I don’t care.,5,,,,,,,,
3815,PROJECT SILENT SQUATCH,booski,vo.silentsquatch.delivery.booski.throughitgoes,vo.silentsquatch.delivery.booski.throughitgoes.mp3,yes,,Through it goes. Watch what they do with it.,9,,,,,,,,
3816,PROJECT SILENT SQUATCH,booski,vo.silentsquatch.delivery.booski.holdontothis,vo.silentsquatch.delivery.booski.holdontothis.mp3,yes,,Here. Hold onto this.,4,hud-speak,,,,,,,
3817,PROJECT SILENT SQUATCH,player,vo.silentsquatch.delivery.prospect.whatsitfor,vo.silentsquatch.delivery.prospect.whatsitfor.mp3,yes,,What’s it for?,3,short,,,,,,,
3818,PROJECT SILENT SQUATCH,booski,vo.silentsquatch.delivery.booski.nothinghopefully,vo.silentsquatch.delivery.booski.nothinghopefully.mp3,yes,,"Nothing, hopefully.",2,short,,,,,,,
3819,PROJECT SILENT SQUATCH,orlova,vo.silentsquatch.build.orlova.transferchamber,vo.silentsquatch.build.orlova.transferchamber.mp3,yes,,Transfer chamber secure.,3,short,,,,,,,
3820,PROJECT SILENT SQUATCH,aubbie,vo.silentsquatch.build.aubbie.containmentcylinder,vo.silentsquatch.build.aubbie.containmentcylinder.mp3,yes,,Careful with the containment cylinder.,5,,,,,,,,
3821,PROJECT SILENT SQUATCH,vetrov,vo.silentsquatch.build.vetrov.shieldingnotready,vo.silentsquatch.build.vetrov.shieldingnotready.mp3,yes,,"Doctor Aubbie, the shielding is not ready.",7,,,,,,,,
3822,PROJECT SILENT SQUATCH,aubbie,vo.silentsquatch.build.aubbie.whenisayitis,vo.silentsquatch.build.aubbie.whenisayitis.mp3,yes,,The shielding is ready when I say the shielding is ready.,11,,,,,,,,
3823,PROJECT SILENT SQUATCH,aubbie,vo.silentsquatch.build.aubbie.connectthecore,vo.silentsquatch.build.aubbie.connectthecore.mp3,yes,,Connect the Squatchanium core.,4,,,,,,,,
3824,PROJECT SILENT SQUATCH,sokolov,vo.silentsquatch.build.sokolov.rotationstable,vo.silentsquatch.build.sokolov.rotationstable.mp3,yes,,Core rotation stable.,3,short,,,,,,,
3825,PROJECT SILENT SQUATCH,orlova,vo.silentsquatch.build.orlova.coolantpressure,vo.silentsquatch.build.orlova.coolantpressure.mp3,yes,,Purple coolant pressure holding.,4,,,,,,,,
3826,PROJECT SILENT SQUATCH,aubbie,vo.silentsquatch.build.aubbie.increasecoolant,vo.silentsquatch.build.aubbie.increasecoolant.mp3,yes,,Increase the purple coolant flow.,5,,,,,,,,
3827,PROJECT SILENT SQUATCH,marchuk,vo.silentsquatch.build.marchuk.reacting,vo.silentsquatch.build.marchuk.reacting.mp3,yes,,The Squatchanium is reacting with the biological stabilizer.,8,,,,,,,,
3828,PROJECT SILENT SQUATCH,aubbie,vo.silentsquatch.build.aubbie.supposedtoreact,vo.silentsquatch.build.aubbie.supposedtoreact.mp3,yes,,It is supposed to react. That is the entire principle.,10,,,,,,,,
3829,PROJECT SILENT SQUATCH,vetrov,vo.silentsquatch.build.vetrov.radiationclimbing,vo.silentsquatch.build.vetrov.radiationclimbing.mp3,yes,,Radiation levels are climbing.,4,,,,,,,,
3830,PROJECT SILENT SQUATCH,vetrov,vo.silentsquatch.build.vetrov.pipeline,vo.silentsquatch.build.vetrov.pipeline.mp3,yes,,My wife thinks I am working on a pipeline.,9,,,,,,,,
3831,PROJECT SILENT SQUATCH,bezmenov,vo.silentsquatch.build.bezmenov.donottellthem,vo.silentsquatch.build.bezmenov.donottellthem.mp3,yes,,Do not tell them that.,5,,,,,,,,
3832,PROJECT SILENT SQUATCH,aubbie,vo.silentsquatch.build.aubbie.goldfirst,vo.silentsquatch.build.aubbie.goldfirst.mp3,yes,,"No, no, no. Gold coupling first, purple coupling second.",9,,,,,,,,
3833,PROJECT SILENT SQUATCH,sokolov,vo.silentsquatch.build.sokolov.throughthefloor,vo.silentsquatch.build.sokolov.throughthefloor.mp3,yes,,Feel that through the floor. That is the rings.,9,,,,,,,,
3834,PROJECT SILENT SQUATCH,sokolov,vo.silentsquatch.build.sokolov.beyondprediction,vo.silentsquatch.build.sokolov.beyondprediction.mp3,yes,,Power output is beyond prediction.,5,,,,,,,,
3835,PROJECT SILENT SQUATCH,aubbie,vo.silentsquatch.build.aubbie.shadowsonthewall,vo.silentsquatch.build.aubbie.shadowsonthewall.mp3,yes,,"If the stabilizer falls below forty percent, we all become shadows on the wall.",14,,,,,,,,
3836,PROJECT SILENT SQUATCH,vetrov,vo.silentsquatch.build.vetrov.notintheagreement,vo.silentsquatch.build.vetrov.notintheagreement.mp3,yes,,This was not in the original agreement.,7,,,,,,,,
3837,PROJECT SILENT SQUATCH,orlova,vo.silentsquatch.build.orlova.firstoneever,vo.silentsquatch.build.orlova.firstoneever.mp3,yes,,First one ever built. Anywhere. By us.,7,,,,,,,,
3838,PROJECT SILENT SQUATCH,bezmenov,vo.silentsquatch.build.bezmenov.theywillkillus,vo.silentsquatch.build.bezmenov.theywillkillus.mp3,yes,,They will kill us when this is finished.,8,,,,,,,,
3839,PROJECT SILENT SQUATCH,aubbie,vo.silentsquatch.build.aubbie.theyneedus,vo.silentsquatch.build.aubbie.theyneedus.mp3,yes,,They need us.,3,short,,,,,,,
3840,PROJECT SILENT SQUATCH,bezmenov,vo.silentsquatch.build.bezmenov.needsnoone,vo.silentsquatch.build.bezmenov.needsnoone.mp3,yes,,Men like him need no one.,6,,,,,,,,
3841,PROJECT SILENT SQUATCH,marchuk,vo.silentsquatch.build.marchuk.temperature,vo.silentsquatch.build.marchuk.temperature.mp3,yes,,Core temperature is increasing.,4,,,,,,,,
3842,PROJECT SILENT SQUATCH,marchuk,vo.silentsquatch.build.marchuk.stepback,vo.silentsquatch.build.marchuk.stepback.mp3,yes,,"Whoever is standing closest, step back. Both of you.",9,,,,,,,,
3843,PROJECT SILENT SQUATCH,marchuk,vo.silentsquatch.build.marchuk.weshouldevacuate,vo.silentsquatch.build.marchuk.weshouldevacuate.mp3,yes,,We should evacuate.,3,short,,,,,,,
3844,PROJECT SILENT SQUATCH,aubbie,vo.silentsquatch.build.aubbie.fourminutes,vo.silentsquatch.build.aubbie.fourminutes.mp3,yes,,Nobody is evacuating. We are four minutes from finished.,9,,,,,,,,
3845,PROJECT SILENT SQUATCH,aubbie,vo.silentsquatch.build.aubbie.watchinghistory,vo.silentsquatch.build.aubbie.watchinghistory.mp3,yes,,You are watching history through that window. Try to look like it.,12,,,,,,,,
3846,PROJECT SILENT SQUATCH,sokolov,vo.silentsquatch.build.sokolov.willbeoperational,vo.silentsquatch.build.sokolov.willbeoperational.mp3,yes,,Silent Squatch will be operational.,5,,,,,,,,
3847,PROJECT SILENT SQUATCH,orlova,vo.silentsquatch.build.orlova.finalsequence,vo.silentsquatch.build.orlova.finalsequence.mp3,yes,,Beginning final sequence.,3,short,,,,,,,
3848,PROJECT SILENT SQUATCH,booski,vo.silentsquatch.build.booski.twelveweeks,vo.silentsquatch.build.booski.twelveweeks.mp3,yes,,Twelve weeks they’ve been down here. Eating my food.,9,,,,,,,,
3849,PROJECT SILENT SQUATCH,deathmegatron,vo.silentsquatch.build.dmt.six,vo.silentsquatch.build.dmt.six.mp3,yes,,Six.,1,short,,,,,,,
3850,PROJECT SILENT SQUATCH,booski,vo.silentsquatch.build.booski.therestarehands,vo.silentsquatch.build.booski.therestarehands.mp3,yes,,The one doing the talking is the one that matters. The rest are hands.,14,,,,,,,,
3851,PROJECT SILENT SQUATCH,deathmegatron,vo.silentsquatch.build.dmt.handscanwrite,vo.silentsquatch.build.dmt.handscanwrite.mp3,yes,,Hands can write.,3,short,,,,,,,
3852,PROJECT SILENT SQUATCH,aubbie,vo.silentsquatch.completion.aubbie.finalstabilization,vo.silentsquatch.completion.aubbie.finalstabilization.mp3,yes,,Initiating final stabilization.,3,short,,,,,,,
3853,PROJECT SILENT SQUATCH,labcomputer,vo.silentsquatch.completion.computer.corecomplete,vo.silentsquatch.completion.computer.corecomplete.mp3,yes,,PROJECT SILENT SQUATCH: CORE COMPLETE.,5,all-caps,,,,,,,
3854,PROJECT SILENT SQUATCH,orlova,vo.silentsquatch.completion.orlova.itisholding,vo.silentsquatch.completion.orlova.itisholding.mp3,yes,,It is holding. It is holding!,6,,,,,,,,
3855,PROJECT SILENT SQUATCH,sokolov,vo.silentsquatch.completion.sokolov.twelveweeks,vo.silentsquatch.completion.sokolov.twelveweeks.mp3,yes,,Twelve weeks! Twelve weeks!,4,,,,,,,,
3856,PROJECT SILENT SQUATCH,vetrov,vo.silentsquatch.completion.vetrov.itoldyou,vo.silentsquatch.completion.vetrov.itoldyou.mp3,yes,,I told you the shielding would hold.,7,hud-speak,,,,,,,
3857,PROJECT SILENT SQUATCH,bezmenov,vo.silentsquatch.completion.bezmenov.congratulations,vo.silentsquatch.completion.bezmenov.congratulations.mp3,yes,,"Congratulations, everybody.",2,short,,,,,,,
3858,PROJECT SILENT SQUATCH,aubbie,vo.silentsquatch.completion.aubbie.itiscomplete,vo.silentsquatch.completion.aubbie.itiscomplete.mp3,yes,,It is complete.,3,short,,,,,,,
3859,PROJECT SILENT SQUATCH,booski,vo.silentsquatch.completion.booski.youarecertain,vo.silentsquatch.completion.booski.youarecertain.mp3,yes,,You’re certain?,2,short,You're certain. Say it like a man who has to live in the same state as this thing.,"Certain. Not confident, not optimistic — certain. Because I'm going to repeat your answer to a man upstairs, word for word, and he doesn't take confident.","You're certain, are you? Because I'm the fella that has to go up them stairs and say it, and I'd rather not be wrong in front of him.","Certain, or certain enough to sign? Because upstairs those are two very different products.","You're certain about that. Because I'm going to repeat it upstairs, and I'd rather repeat something true.",open,Flat confirmation. Booski has crude color everywhere else and none of it here.
3860,PROJECT SILENT SQUATCH,aubbie,vo.silentsquatch.completion.aubbie.fatsquatch,vo.silentsquatch.completion.aubbie.fatsquatch.mp3,yes,,The core is stable. The Fat Squatch can now be assembled.,11,,,,,,,,
3861,PROJECT SILENT SQUATCH,booski,vo.silentsquatch.completion.booski.nobodyelseknows,vo.silentsquatch.completion.booski.nobodyelseknows.mp3,yes,,And nobody else knows how to reproduce it?,8,,,,,,,,
3862,PROJECT SILENT SQUATCH,aubbie,vo.silentsquatch.completion.aubbie.onlymyteam,vo.silentsquatch.completion.aubbie.onlymyteam.mp3,yes,,Only my team understands the full process.,7,,,,,,,,
3863,PROJECT SILENT SQUATCH,booski,vo.silentsquatch.completion.booski.good,vo.silentsquatch.completion.booski.good.mp3,yes,,Good.,1,filler short,Good. Then that's the thing that's under my house now.,"Good. So there it is. Twelve weeks, four Russians and a basement, and now there's a thing under Lou's house that can end a town. And we're all going to go upstairs and eat.","Good. Grand. There's a bomb under the house. And we'll all go up now and have our dinner, will we.",Good. So we're now a jerky company with a strategic deterrent. I'd love to see how the accountant files that.,Good. Well. That's a hell of a thing to have under a house.,open,A one-word shrug at the completion of a weapon. The game's biggest reveal deserves a reaction with a body in it.
3864,PROJECT SILENT SQUATCH,booski,vo.silentsquatch.lock.booski.lockthelab,vo.silentsquatch.lock.booski.lockthelab.mp3,yes,,Lock the lab.,3,short,,,,,,,
3865,PROJECT SILENT SQUATCH,deathmegatron,vo.silentsquatch.lock.dmt.sixninesixnine,vo.silentsquatch.lock.dmt.sixninesixnine.mp3,yes,,Six nine six nine.,4,,,,,,,,
3866,PROJECT SILENT SQUATCH,deathmegatron,vo.silentsquatch.lock.dmt.againslower,vo.silentsquatch.lock.dmt.againslower.mp3,yes,,Again. Slower.,2,short,,,,,,,
3867,PROJECT SILENT SQUATCH,booski,vo.silentsquatch.lock.booski.notalongnumber,vo.silentsquatch.lock.booski.notalongnumber.mp3,yes,,Six. Nine. Six. Nine. It is not a long number.,10,,,,,,,,
3868,PROJECT SILENT SQUATCH,bezmenov,vo.silentsquatch.lock.bezmenov.whyisdoorlocked,vo.silentsquatch.lock.bezmenov.whyisdoorlocked.mp3,yes,,Why is door locked?,4,,,,,,,,
3869,PROJECT SILENT SQUATCH,orlova,vo.silentsquatch.lock.orlova.opendoor,vo.silentsquatch.lock.orlova.opendoor.mp3,yes,,Open door.,2,short,,,,,,,
3870,PROJECT SILENT SQUATCH,aubbie,vo.silentsquatch.lock.aubbie.whatisthis,vo.silentsquatch.lock.aubbie.whatisthis.mp3,yes,,What is this?,3,short,,,,,,,
3871,PROJECT SILENT SQUATCH,booski,vo.silentsquatch.lock.booski.usefulnessexpired,vo.silentsquatch.lock.booski.usefulnessexpired.mp3,yes,,"He’s finished. He’s not a scientist any more, he’s a witness with a doctorate.",14,,He's done. There's nothing left in him that Lou paid for.,"Here's the thing about a specialist. The day the thing is built, the specialist becomes a guy who knows how you built it. That's not a demotion. That's a whole different job, and it's one nobody's hiring for.","He's finished. He's not a scientist any more, he's a witness with a doctorate.",He's transitioned from an asset to a liability. That happened at approximately four this afternoon and nobody sent him the memo.,He's done being useful. That's just where we're at with him now.,ACCEPTED 2026-08-19,Off-the-shelf villain speak. Booski is funnier and colder than this everywhere else in the game.
3872,PROJECT SILENT SQUATCH,booski,vo.silentsquatch.lock.booski.handleit,vo.silentsquatch.lock.booski.handleit.mp3,yes,,Handle it.,2,short,Lock it. All of it. Both doors.,Lock the door. Then lock the other door. Then go upstairs and be somewhere else for about an hour.,Lock it. And don't stand there listenin' — that's how fellas get strange.,"Secure the room. And nobody makes a note of the time, because a time is the kind of detail that ends up in a courtroom.",Go ahead and lock it up. Both of them. Then come on upstairs.,open,"The most generic order a crime boss can give, and it is then repeated almost verbatim as the actual kill order."
3873,PROJECT SILENT SQUATCH,aubbie,vo.silentsquatch.execution.aubbie.wehadagreement,vo.silentsquatch.execution.aubbie.wehadagreement.mp3,yes,,"Booski, we had agreement.",4,,,,,,,,
3874,PROJECT SILENT SQUATCH,booski,vo.silentsquatch.execution.booski.wedid,vo.silentsquatch.execution.booski.wedid.mp3,yes,,We did.,2,short,,,,,,,
3875,PROJECT SILENT SQUATCH,aubbie,vo.silentsquatch.execution.aubbie.maintainthecore,vo.silentsquatch.execution.aubbie.maintainthecore.mp3,yes,,You need me to maintain the core.,7,,,,,,,,
3876,PROJECT SILENT SQUATCH,booski,vo.silentsquatch.execution.booski.copiesofyournotes,vo.silentsquatch.execution.booski.copiesofyournotes.mp3,yes,,We made copies of your notes.,6,,,,,,,,
3877,PROJECT SILENT SQUATCH,aubbie,vo.silentsquatch.execution.aubbie.whatyouhavebuilt,vo.silentsquatch.execution.aubbie.whatyouhavebuilt.mp3,yes,,You do not understand what you have built!,8,,,,,,,,
3878,PROJECT SILENT SQUATCH,booski,vo.silentsquatch.execution.booski.isaidhandleit,vo.silentsquatch.execution.booski.isaidhandleit.mp3,yes,,"I said do it. And now I’ve said it twice, which means from here on it isn’t an order any more, it’s a test. You understand the difference? Because the difference is your whole life.",35,,"I said do it. Don't make me the guy who says it a third time, kid — that guy remembers.","I said do it. And now I've said it twice, which means from here on it isn't an order any more, it's a test. You understand the difference? Because the difference is your whole life.","I said do it. That's twice now. There isn't a third one, and you'll not like the shape of what comes instead.","I gave you an instruction. Now I've given it again, which is already a performance issue, and I'd hate for this to become a conversation about you.",I said handle it. That's the second time I've said it. I don't generally get to a third.,ACCEPTED 2026-08-19,The pivotal beat of the whole scene lands on a repeat of the previous cliché. This is the line that has to make the player's stomach drop.
3879,PROJECT SILENT SQUATCH,aubbie,vo.silentsquatch.execution.aubbie.lookatme,vo.silentsquatch.execution.aubbie.lookatme.mp3,yes,,Boy. Look at me. You do not have to do this.,11,,,,,,,,
3880,PROJECT SILENT SQUATCH,booski,vo.silentsquatch.execution.booski.anyday,vo.silentsquatch.execution.booski.anyday.mp3,yes,,"Any day, Prospect.",3,short,,,,,,,
3881,PROJECT SILENT SQUATCH,deathmegatron,vo.silentsquatch.execution.dmt.notgoingtogetquieter,vo.silentsquatch.execution.dmt.notgoingtogetquieter.mp3,yes,,He is not going to get quieter.,7,,,,,,,,
3882,PROJECT SILENT SQUATCH,booski,vo.silentsquatch.execution.booski.thatwasaconsole,vo.silentsquatch.execution.booski.thatwasaconsole.mp3,yes,,That was a console. Look at what you’re pointing it at.,11,,,,,,,,
3883,PROJECT SILENT SQUATCH,deathmegatron,vo.silentsquatch.execution.dmt.inthewayofthedoor,vo.silentsquatch.execution.dmt.inthewayofthedoor.mp3,yes,,He’s in the way of the door.,7,,,,,,,,
3884,PROJECT SILENT SQUATCH,orlova,vo.silentsquatch.reaction.orlova.whatareyoudoing,vo.silentsquatch.reaction.orlova.whatareyoudoing.mp3,yes,,What are you doing?!,4,,,,,,,,
3885,PROJECT SILENT SQUATCH,vetrov,vo.silentsquatch.reaction.vetrov.openthedoor,vo.silentsquatch.reaction.vetrov.openthedoor.mp3,yes,,Open the door!,3,short,,,,,,,
3886,PROJECT SILENT SQUATCH,marchuk,vo.silentsquatch.reaction.marchuk.whydidyoukillhim,vo.silentsquatch.reaction.marchuk.whydidyoukillhim.mp3,yes,,Why did you kill him?!,5,,He was standing right there. He wasn't even — he had a pen in his hand.,"He had a pen in his hand. He was writing something down. Whatever it was, that was the last thing he thought was important, and now nobody will ever know what it was.",He'd a pen in his hand. He was writin' somethin' down. What was he writin'? Somebody tell me what he was writin'.,He was mid-sentence. You shot a man mid-sentence. Do you understand how much unfinished work is on that desk?,He was just standing there. He had a pen. I don't — why would you do that to a man with a pen?,open,Expository shock. A man watching his colleague die does not narrate it as a question to the room.
3887,PROJECT SILENT SQUATCH,sokolov,vo.silentsquatch.reaction.sokolov.everythingyouasked,vo.silentsquatch.reaction.sokolov.everythingyouasked.mp3,yes,,We did everything you asked!,5,,Twelve weeks. You said impossible and we did it in twelve weeks and this is the room you put us in.,"Twelve weeks. You stood in that doorway and said it could not be done, and we did it in twelve weeks, on your food, with your lights going off every night at ten. And this is the room. This is the room you had picked out the whole time.","Twelve weeks! We did it in twelve fuckin' weeks and you'd the room picked out before we started, didn't you. You'd it picked out.","We delivered ahead of schedule, under budget, in a basement, on a diet of jerky, and this is the exit package.","We did everything you asked. Twelve weeks. And I guess that was — I guess that was the problem, wasn't it.",open,"Boilerplate. Sokolov was shouting 'Twelve weeks!' in triumph minutes ago — his plea should be the same pride, souring in real time."
3888,PROJECT SILENT SQUATCH,vetrov,vo.silentsquatch.reaction.vetrov.please,vo.silentsquatch.reaction.vetrov.please.mp3,yes,,Please!,1,short,Please. Please. I did the shielding right. I did the shielding right and nobody even checked.,"Please. I got the shielding right. Nobody checked. Nobody ever came down and checked, and I got it right anyway. That should count. Somewhere, that should count.",Please. Please now. I did it right. I did every bit of it right and not one of yiz ever came down to look.,Please. I have been very reasonable about a great many things in this basement and I would like that considered.,Please. I'm asking. I don't have anything better than that. I'm just asking.,open,One word of nothing on a death beat. Even a man out of arguments has one specific last one.
3889,PROJECT SILENT SQUATCH,marchuk,vo.silentsquatch.reaction.marchuk.noventilation,vo.silentsquatch.reaction.marchuk.noventilation.mp3,yes,,There is no ventilation!,4,,,,,,,,
3890,PROJECT SILENT SQUATCH,orlova,vo.silentsquatch.reaction.orlova.wehavefamilies,vo.silentsquatch.reaction.orlova.wehavefamilies.mp3,yes,,We have families!,3,short,I have a daughter in Kyiv who thinks I'm dead already. Do not make her right.,"I have a daughter. She is nineteen. She thinks I am dead — I let her think that, because it was safer for her, and I would very much like to be able to correct that at some point.","I've a daughter. She thinks I'm dead. I let her think it. And now you're goin' to make an honest woman of me, is that it?","I have a daughter, a mother, and a lease. Any one of those is more paperwork for you than a bullet is.",I have a family. I don't know if that matters to you. It probably doesn't. But I wanted it said out loud.,open,Textbook disaster-movie plea. She has been the sharpest voice in the basement for twelve weeks and she dies as an extra.
3891,PROJECT SILENT SQUATCH,sokolov,vo.silentsquatch.reaction.sokolov.cannotleaveus,vo.silentsquatch.reaction.sokolov.cannotleaveus.mp3,yes,,You cannot leave us in here!,6,,There is no air in here. You know that. Somebody in this building did that math and it was probably me.,There's no air in this room. I know because I calculated it. Third week. For fun. That is the joke — I did the math on my own room and I laughed.,"There's no air in here! I worked that out meself, weeks ago, for a laugh! For a fuckin' laugh!",This room has no ventilation. I flagged that in writing. There is a memo. There is a memo about this exact room.,"You can't leave us in here. There's no air. I did that math myself, which is — that's a hell of a thing, when you think about it.",open,Stage direction. It states the situation instead of reacting to it.
3892,PROJECT SILENT SQUATCH,vetrov,vo.silentsquatch.reaction.vetrov.canworkforyou,vo.silentsquatch.reaction.vetrov.canworkforyou.mp3,yes,,We can build you another one. Smaller. Eight weeks. Six if you stop asking about the shielding.,17,,We can build you another one. Smaller. Eight weeks. Six if you stop asking about the shielding.,"You want another one? We can build you another one. Smaller, cleaner, half the shielding, eight weeks — six, if nobody comes down here to ask me how it's going. That is a better use of me than a hole in the ground.","We'll build you another. A better one. A smaller one. I'll do it in eight weeks and I'll not complain once, which for me is a fuckin' miracle.","You have a functioning R&D division standing in front of you and you're about to fire all of it in one go. That's not security, that's a write-off.","We could work for you. That's — I mean, we already do. We've been doing that. So.",ACCEPTED 2026-08-19,"Generic. Vetrov's whole character is that he solves the problem in front of him; his plea should be a proposal, delivered too fast, with numbers in it."
3893,PROJECT SILENT SQUATCH,orlova,vo.silentsquatch.reaction.orlova.tellnobody,vo.silentsquatch.reaction.orlova.tellnobody.mp3,yes,,We will tell nobody!,4,,Who would we tell? Who on this earth would believe one word of it?,Tell who? Think about what you are afraid of for one second. We would have to explain the sasquatch. Nobody gets past the sasquatch.,Tell who? Who'd believe us? We'd have to start with the fuckin' sasquatch and we'd be in a home by teatime.,"We have no one to tell. We are undocumented, unpaid, and technically deceased in two countries. You built the perfect workforce and now you're destroying the asset.","We wouldn't tell anybody. Who would we tell? Nobody'd believe a word of it, that's the — that's the whole thing.",open,Nobody in a locked room bargains with a promise. She should bargain with the only thing she owns — what is in her head.
3894,PROJECT SILENT SQUATCH,sokolov,vo.silentsquatch.reaction.sokolov.moveback,vo.silentsquatch.reaction.sokolov.moveback.mp3,yes,,Move! Move back!,3,short,,,,,,,
3895,PROJECT SILENT SQUATCH,bezmenov,vo.silentsquatch.reaction.bezmenov.stop,vo.silentsquatch.reaction.bezmenov.stop.mp3,yes,,Stop.,1,short,,,,,,,
3896,PROJECT SILENT SQUATCH,booski,vo.silentsquatch.silentnight.booski.youstartedthejob,vo.silentsquatch.silentnight.booski.youstartedthejob.mp3,yes,,You started the job.,4,,,,,,,,
3897,PROJECT SILENT SQUATCH,booski,vo.silentsquatch.silentnight.booski.finishit,vo.silentsquatch.silentnight.booski.finishit.mp3,yes,,Finish it.,2,short,,,,,,,
3898,PROJECT SILENT SQUATCH,booski,vo.silentsquatch.silentnight.booski.samehand,vo.silentsquatch.silentnight.booski.samehand.mp3,yes,,It’s the same hand you just used.,7,,,,,,,,
3899,PROJECT SILENT SQUATCH,labcomputer,vo.silentsquatch.silentnight.computer.activated,vo.silentsquatch.silentnight.computer.activated.mp3,yes,,SILENT NIGHT PROTOCOL ACTIVATED.,4,all-caps,,,,,,,
3900,PROJECT SILENT SQUATCH,orlova,vo.silentsquatch.gas.orlova.ventsareopen,vo.silentsquatch.gas.orlova.ventsareopen.mp3,yes,,The vents are open.,4,,,,,,,,
3901,PROJECT SILENT SQUATCH,vetrov,vo.silentsquatch.gas.vetrov.whyarethevents,vo.silentsquatch.gas.vetrov.whyarethevents.mp3,yes,,Why are the vents open?,5,,,,,,,,
3902,PROJECT SILENT SQUATCH,sokolov,vo.silentsquatch.gas.sokolov.gettothedoor,vo.silentsquatch.gas.sokolov.gettothedoor.mp3,yes,,"Get to the door! All of you, the door!",9,,,,,,,,
3903,PROJECT SILENT SQUATCH,bezmenov,vo.silentsquatch.gas.bezmenov.itoldyou,vo.silentsquatch.gas.bezmenov.itoldyou.mp3,yes,,I told you.,3,short,,,,,,,
3904,PROJECT SILENT SQUATCH,marchuk,vo.silentsquatch.gas.marchuk.sleeve,vo.silentsquatch.gas.marchuk.sleeve.mp3,yes,,Sleeve over your mouth. Breathe through the sleeve.,8,,,,,,,,
3905,PROJECT SILENT SQUATCH,vetrov,vo.silentsquatch.gas.vetrov.masksarelocked,vo.silentsquatch.gas.vetrov.masksarelocked.mp3,yes,,The masks are locked. The masks are locked!,8,,,,,,,,
3906,PROJECT SILENT SQUATCH,vetrov,vo.silentsquatch.gas.vetrov.icant,vo.silentsquatch.gas.vetrov.icant.mp3,yes,,I can’t — I can’t —,6,,,,,,,,
3907,PROJECT SILENT SQUATCH,marchuk,vo.silentsquatch.gas.marchuk.staydown,vo.silentsquatch.gas.marchuk.staydown.mp3,yes,,Down. Stay down.,3,short,,,,,,,
3908,PROJECT SILENT SQUATCH,orlova,vo.silentsquatch.gas.orlova.lookatme,vo.silentsquatch.gas.orlova.lookatme.mp3,yes,,Look at me. Look at me!,6,,,,,,,,
3909,PROJECT SILENT SQUATCH,sokolov,vo.silentsquatch.gas.sokolov.openit,vo.silentsquatch.gas.sokolov.openit.mp3,yes,,Open it! Open it! Open —,6,,,,,,,,
3910,PROJECT SILENT SQUATCH,marchuk,vo.silentsquatch.gas.marchuk.giveyourhand,vo.silentsquatch.gas.marchuk.giveyourhand.mp3,yes,,Nadia. Give me your hand.,5,,,,,,,,
3911,PROJECT SILENT SQUATCH,booski,vo.silentsquatch.aftermath.booski.efficient,vo.silentsquatch.aftermath.booski.efficient.mp3,yes,,Efficient.,1,short,,,,,,,
3912,PROJECT SILENT SQUATCH,booski,vo.silentsquatch.aftermath.booski.lousgonnalikeyou,vo.silentsquatch.aftermath.booski.lousgonnalikeyou.mp3,yes,,Lou’s gonna like you.,4,,,,,,,,
3913,PROJECT SILENT SQUATCH,deathmegatron,vo.silentsquatch.aftermath.dmt.stillrunning,vo.silentsquatch.aftermath.dmt.stillrunning.mp3,yes,,It’s still running. Look at it.,6,,,,,,,,
3914,PROJECT SILENT SQUATCH,booski,vo.silentsquatch.exit.booski.snowbasement,vo.silentsquatch.exit.booski.snowbasement.mp3,yes,,Snow. Basement.,2,short,,,,,,,
3915,PROJECT SILENT SQUATCH,snow,vo.silentsquatch.exit.snow.howbad,vo.silentsquatch.exit.snow.howbad.mp3,yes,,How bad?,2,short,,,,,,,
3916,PROJECT SILENT SQUATCH,booski,vo.silentsquatch.exit.booski.bringthecart,vo.silentsquatch.exit.booski.bringthecart.mp3,yes,,Bring the cart.,3,short,,,,,,,
3917,PROJECT SILENT SQUATCH,snow,vo.silentsquatch.exit.snow.jesuschrist,vo.silentsquatch.exit.snow.jesuschrist.mp3,yes,,Jesus Christ.,2,short,,,,,,,
3918,PROJECT SILENT SQUATCH,booski,vo.silentsquatch.exit.booski.andamop,vo.silentsquatch.exit.booski.andamop.mp3,yes,,And a mop.,3,short,,,,,,,
3919,PROJECT SILENT SQUATCH,booski,vo.silentsquatch.exit.booski.louisstillawake,vo.silentsquatch.exit.booski.louisstillawake.mp3,yes,,Upstairs. Lou’s still awake.,4,,,,,,,,
3920,PROJECT SILENT SQUATCH,snow,vo.silentsquatch.exit.snow.itoldyou,vo.silentsquatch.exit.snow.itoldyou.mp3,yes,,I told you not to make more work for me.,10,,,,,,,,
3921,PROJECT SILENT SQUATCH,xxx,vo.silentsquatch.exit.xxx.familymeeting,vo.silentsquatch.exit.xxx.familymeeting.mp3,yes,,Family meeting go well?,4,,,,,,,,
3922,PROJECT SILENT SQUATCH,lou1,vo.silentsquatch.exit.lou.hotstayingtonight,vo.silentsquatch.exit.lou.hotstayingtonight.mp3,yes,,Things are hot right now. You’re staying here tonight.,9,,,,,,,,
3923,PROJECT SILENT SQUATCH,lou1,vo.silentsquatch.exit.lou.guestroomdownstairs,vo.silentsquatch.exit.lou.guestroomdownstairs.mp3,yes,,"Guest room’s downstairs, off the cellar hall. It’s made up.",10,,,,,,,,
3924,PROJECT SILENT SQUATCH,lou1,vo.silentsquatch.exit.lou.enjoythehouse,vo.silentsquatch.exit.lou.enjoythehouse.mp3,yes,,"Look around if you want. Have a drink, watch a picture. Then get some sleep.",15,,,,,,,,
3925,PROJECT SILENT SQUATCH,old-stove,vo.silentsquatch.evening.stove.putsomethingon,vo.silentsquatch.evening.stove.putsomethingon.mp3,yes,,"Put something on, kid. House this size, picture still doesn’t start itself.",12,,,,,,,,
3926,PROJECT SILENT SQUATCH,old-stove,vo.silentsquatch.evening.stove.godfather,vo.silentsquatch.evening.stove.godfather.mp3,yes,,This one knows when to sit still. Leave it here.,10,,,,,,,,
3927,PROJECT SILENT SQUATCH,old-stove,vo.silentsquatch.evening.stove.goodfellas,vo.silentsquatch.evening.stove.goodfellas.mp3,yes,,Good picture. Everybody talks too much. Accurate.,7,,,,,,,,
3928,PROJECT SILENT SQUATCH,old-stove,vo.silentsquatch.evening.stove.heat,vo.silentsquatch.evening.stove.heat.mp3,yes,,Turn this one up. The street part.,7,,,,,,,,
3929,PROJECT SILENT SQUATCH,old-stove,vo.silentsquatch.evening.stove.blow,vo.silentsquatch.evening.stove.blow.mp3,yes,,I knew a guy like this. Worse shirts.,8,,,,,,,,
3930,PROJECT SILENT SQUATCH,old-stove,vo.silentsquatch.evening.stove.lettingthemovieout,vo.silentsquatch.evening.stove.lettingthemovieout.mp3,yes,,"Hey, Prospect. Shut the door, you’re letting all the movie out.",11,,,,,,,,
3931,PROJECT SILENT SQUATCH,seff,vo.silentsquatch.evening.seff.whosthebadguy,vo.silentsquatch.evening.seff.whosthebadguy.mp3,yes,,We’ve been watching this thing for forty minutes. I still don’t know who the bad guy is.,17,,,,,,,,
3932,PROJECT SILENT SQUATCH,lag,vo.silentsquatch.evening.lag.itshim,vo.silentsquatch.evening.lag.itshim.mp3,yes,,It’s him.,2,short,,,,,,,
3933,PROJECT SILENT SQUATCH,seff,vo.silentsquatch.evening.seff.thatguysdead,vo.silentsquatch.evening.seff.thatguysdead.mp3,yes,,"No, that guy’s dead.",4,,,,,,,,
3934,PROJECT SILENT SQUATCH,lag,vo.silentsquatch.evening.lag.exactly,vo.silentsquatch.evening.lag.exactly.mp3,yes,,Exactly.,1,short,,,,,,,
3935,PROJECT SILENT SQUATCH,old-stove,vo.silentsquatch.evening.stove.standthereallnight,vo.silentsquatch.evening.stove.standthereallnight.mp3,yes,,You gonna stand there all night?,6,,,,,,,,
3936,PROJECT SILENT SQUATCH,seff,vo.silentsquatch.evening.seff.gottheseatsright,vo.silentsquatch.evening.seff.gottheseatsright.mp3,yes,,Don’t invite him over here. We finally got the seats right.,11,,,,,,,,
3937,PROJECT SILENT SQUATCH,seff,vo.silentsquatch.evening.seff.morethanmyfirsthouse,vo.silentsquatch.evening.seff.morethanmyfirsthouse.mp3,yes,,Lou spent more on this projector than my first house.,10,,,,,,,,
3938,PROJECT SILENT SQUATCH,lag,vo.silentsquatch.evening.lag.neverownedahouse,vo.silentsquatch.evening.lag.neverownedahouse.mp3,yes,,You never owned a house.,5,,,,,,,,
3939,PROJECT SILENT SQUATCH,seff,vo.silentsquatch.evening.seff.thatsnotthepoint,vo.silentsquatch.evening.seff.thatsnotthepoint.mp3,yes,,That’s not the point.,4,,,,,,,,
3940,PROJECT SILENT SQUATCH,lag,vo.silentsquatch.evening.lag.lostalready,vo.silentsquatch.evening.lag.lostalready.mp3,yes,,"What’s up, Prospect? You lost already?",6,,,,,,,,
3941,PROJECT SILENT SQUATCH,lag,vo.silentsquatch.evening.lag.bighouse,vo.silentsquatch.evening.lag.bighouse.mp3,yes,,Big house. You’ll figure it out.,6,,,,,,,,
3942,PROJECT SILENT SQUATCH,lag,vo.silentsquatch.evening.lag.golookaround,vo.silentsquatch.evening.lag.golookaround.mp3,yes,,Go look around. Lou’s got shit in this house I don’t think even Lou knows about.,16,,,,,,,,
3943,PROJECT SILENT SQUATCH,performer,vo.silentsquatch.evening.performer.sayhello,vo.silentsquatch.evening.performer.sayhello.mp3,yes,,"You gonna stand there looking nervous, or come say hello?",10,,,,,,,,
3944,PROJECT SILENT SQUATCH,player,vo.silentsquatch.evening.prospect.smooth,vo.silentsquatch.evening.prospect.smooth.mp3,yes,,I was trying to think of something smooth.,8,,,,,,,,
3945,PROJECT SILENT SQUATCH,performer,vo.silentsquatch.evening.performer.holdthestrap,vo.silentsquatch.evening.performer.holdthestrap.mp3,yes,,Keep trying. Hold this strap instead.,6,hud-speak,,,,,,,
3946,PROJECT SILENT SQUATCH,performer,vo.silentsquatch.evening.performer.useful,vo.silentsquatch.evening.performer.useful.mp3,yes,,There. See? Useful beats smooth.,5,,,,,,,,
3947,PROJECT SILENT SQUATCH,shubenator,vo.silentsquatch.evening.shubes.fortytwomillion,vo.silentsquatch.evening.shubes.fortytwomillion.mp3,yes,,"Careful. Forty-two million on this account, and no way to explain where the other kind came from.",17,,,,,,,,
3948,PROJECT SILENT SQUATCH,shubenator,vo.silentsquatch.evening.shubes.sleptgreat,vo.silentsquatch.evening.shubes.sleptgreat.mp3,yes,,"Strangled a guy in a parking lot last month. Came home, played three hours of this. Slept great.",18,,,,,,,,
3949,PROJECT SILENT SQUATCH,shubenator,vo.silentsquatch.evening.shubes.oldschool,vo.silentsquatch.evening.shubes.oldschool.mp3,yes,,It’s called Old School RuneScape. It’s from 2007. So’s my patience — get out of my light.,17,,,,,,,,
3950,PROJECT SILENT SQUATCH,shubenator,vo.silentsquatch.evening.shubes.himproblem,vo.silentsquatch.evening.shubes.himproblem.mp3,yes,,"Some kid called me a noob at the Grand Exchange. If I ever find out where he lives, that’s a him problem.",22,,,,,,,,
3951,PROJECT SILENT SQUATCH,mansion-gate,vo.silentsquatch.gate.doorman.farenough,vo.silentsquatch.gate.doorman.farenough.mp3,yes,,That’s far enough. Hands out of the pockets.,8,,,,,,,,
3952,PROJECT SILENT SQUATCH,mansion-gate,vo.silentsquatch.gate.doorman.expected,vo.silentsquatch.gate.doorman.expected.mp3,yes,,You’re expected. That is not the same as welcome.,9,,,,,,,,
3953,PROJECT SILENT SQUATCH,mansion-gate,vo.silentsquatch.gate.doorman.driveway,vo.silentsquatch.gate.doorman.driveway.mp3,yes,,You’re standing on a driveway I have to watch. Go in or go back down the steps.,17,,,,,,,,
3954,PROJECT SILENT SQUATCH,mansion-gate,vo.silentsquatch.gate.doorman.staysinyourhand,vo.silentsquatch.gate.doorman.staysinyourhand.mp3,yes,,"That stays in your hand. You don’t set it down, you don’t open it, and you don’t hand it to me.",21,,,,,,,,
3955,PROJECT SILENT SQUATCH,mansion-gate,vo.silentsquatch.gate.doorman.differentway,vo.silentsquatch.gate.doorman.differentway.mp3,yes,,Do that again and you leave the property a different way than you came onto it.,16,,,,,,,,
3956,PROJECT SILENT SQUATCH,mansion-gate,vo.silentsquatch.gate.doorman.straightthrough,vo.silentsquatch.gate.doorman.straightthrough.mp3,yes,,"Straight through. Don’t wander, don’t touch anything, and don’t talk to the help.",13,,,,,,,,
3957,PROJECT SILENT SQUATCH,mansion-gate,vo.silentsquatch.gate.booth.stopthere,vo.silentsquatch.gate.booth.stopthere.mp3,yes,,Stop there. Name.,3,short,,,,,,,
3958,PROJECT SILENT SQUATCH,mansion-gate,vo.silentsquatch.gate.booth.onthelist,vo.silentsquatch.gate.booth.onthelist.mp3,yes,,You’re on the list. That is the only reason this arm is up.,13,,,,,,,,
3959,PROJECT SILENT SQUATCH,mansion-gate,vo.silentsquatch.gate.booth.nobodystands,vo.silentsquatch.gate.booth.nobodystands.mp3,yes,,The house is up the drive. Nobody stands at my window.,11,,,,,,,,
3960,PROJECT SILENT SQUATCH,mansion-gate,vo.silentsquatch.gate.booth.dontseeacase,vo.silentsquatch.gate.booth.dontseeacase.mp3,yes,,I don’t see a case. Walk on.,7,,,,,,,,
3961,PROJECT SILENT SQUATCH,mansion-gate,vo.silentsquatch.gate.booth.inthebook,vo.silentsquatch.gate.booth.inthebook.mp3,yes,,"Everything through this gate goes in the book. The plate, the time, the face.",14,,,,,,,,
3962,PROJECT SILENT SQUATCH,mansion-gate,vo.silentsquatch.gate.booth.yoursisinit,vo.silentsquatch.gate.booth.yoursisinit.mp3,yes,,Yours is in it now. Go on.,7,,,,,,,,
3963,PROJECT SILENT SQUATCH,mansion-guard,vo.silentsquatch.guards.perimeter.path,vo.silentsquatch.guards.perimeter.path.mp3,yes,,Keep on the path.,4,,,,,,,,
3964,PROJECT SILENT SQUATCH,mansion-guard,vo.silentsquatch.guards.perimeter.camera,vo.silentsquatch.guards.perimeter.camera.mp3,yes,,You’ve been on camera since the gate.,7,,,,,,,,
3965,PROJECT SILENT SQUATCH,mansion-guard-perimeter,vo.silentsquatch.guards.perimeter.elevenlaps,vo.silentsquatch.guards.perimeter.elevenlaps.mp3,yes,,"Long walk, this. I do it eleven times a night.",10,,,,,,,,
3966,PROJECT SILENT SQUATCH,mansion-guard-stairs,vo.silentsquatch.guards.stairs.seethegate,vo.silentsquatch.guards.stairs.seethegate.mp3,yes,,I can see the gate from up here.,8,,,,,,,,
3967,PROJECT SILENT SQUATCH,mansion-guard-stairs,vo.silentsquatch.guards.stairs.nobodycomesup,vo.silentsquatch.guards.stairs.nobodycomesup.mp3,yes,,Nobody comes up these unless he says so.,8,,,,,,,,
3968,PROJECT SILENT SQUATCH,mansion-guard-basement,vo.silentsquatch.guards.basement.nothingyours,vo.silentsquatch.guards.basement.nothingyours.mp3,yes,,Nothing down here belongs to you.,6,,,,,,,,
3969,PROJECT SILENT SQUATCH,mansion-guard-basement,vo.silentsquatch.guards.basement.keepwalking,vo.silentsquatch.guards.basement.keepwalking.mp3,yes,,"Keep walking. Whatever you heard down here, you heard the boiler.",11,,"Keep walking. Whatever you heard down here, you heard the boiler.",Keep walking. And whatever you think you heard — that's the boiler. It's a very old boiler. It does that.,Keep walkin'. That's the boiler. It's always the boiler. Everythin' down here is the boiler.,"Keep moving. This corridor is not a place where people stop, and men who stop here become a topic.","Keep walking, please. That noise is the boiler. It's an old building.",ACCEPTED 2026-08-19,Stock NPC bark. The sibling guard line ('The door stays open. I stay here. That's the arrangement.') proves the scene knows how to write these.
3970,PROJECT SILENT SQUATCH,mansion-guard-vault,vo.silentsquatch.guards.vault.arrangement,vo.silentsquatch.guards.vault.arrangement.mp3,yes,,The door stays open. I stay here. That’s the arrangement.,10,,,,,,,,
3971,PROJECT SILENT SQUATCH,mansion-guard-vault,vo.silentsquatch.guards.vault.backup,vo.silentsquatch.guards.vault.backup.mp3,yes,,"Back up. I don’t get told what’s in there either, and I’ve stopped wanting to know.",16,,"Back up. I don't get told what's in there either, and I've stopped wanting to know.","Back up. I've stood at this door eleven weeks. I don't know what's behind it, I've stopped guessing, and I'd advise you to arrive at the same place faster than I did.","Back up. I don't know what's in there and I've made me peace with not knowin', which took some doin'.","Step back. My clearance ends at this door, my curiosity ended about a month before that.","Back up, please. I don't know what's in there. I've decided that's fine.",ACCEPTED 2026-08-19,Two words with no man attached to them.
3972,PROJECT SILENT SQUATCH,lou1,vo.silentsquatch.return.briefing.lou.instrument,vo.silentsquatch.return.briefing.lou.instrument.mp3,yes,,Sit down. The instrument was right. Our briefing wasn’t. We bombed the wrong fucking city.,15,,,,,,,,
3973,PROJECT SILENT SQUATCH,player,vo.silentsquatch.return.briefing.prospect.wholecity,vo.silentsquatch.return.briefing.prospect.wholecity.mp3,yes,,The whole city?,3,short,,,,,,,
3974,PROJECT SILENT SQUATCH,lou1,vo.silentsquatch.return.briefing.lou.compoundstanding,vo.silentsquatch.return.briefing.lou.compoundstanding.mp3,yes,,Every pound of it. Squatchbourg is a crater. The A-Team’s desert compound is still exactly where it was.,18,,,,,,,,
3975,PROJECT SILENT SQUATCH,lou1,vo.silentsquatch.return.briefing.lou.saucemissing,vo.silentsquatch.return.briefing.lou.saucemissing.mp3,yes,,"While we were admiring the hole, Sauce went missing.",9,,,,,,,,
3976,PROJECT SILENT SQUATCH,player,vo.silentsquatch.return.briefing.prospect.tookhim,vo.silentsquatch.return.briefing.prospect.tookhim.mp3,yes,,They took him?,3,short,,,,,,,
3977,PROJECT SILENT SQUATCH,lou1,vo.silentsquatch.return.briefing.lou.estate,vo.silentsquatch.return.briefing.lou.estate.mp3,yes,,"His restaurant burner and one of their estate gate logs put his name at an A-Team leadership estate. Could be a prisoner, could be a guest. You are going there tonight and finding out.",34,,,,,,,,
3978,PROJECT SILENT SQUATCH,mansion-guard,vo.silentsquatch.return.perimeter.wherever,vo.silentsquatch.return.perimeter.wherever.mp3,yes,,Walk wherever you want today.,5,,,,,,,,
3979,PROJECT SILENT SQUATCH,mansion-guard,vo.silentsquatch.return.perimeter.camerasback,vo.silentsquatch.return.perimeter.camerasback.mp3,yes,,Cameras are back up. Took them all night.,8,,,,,,,,
3980,PROJECT SILENT SQUATCH,mansion-guard-perimeter,vo.silentsquatch.return.perimeter.missedit,vo.silentsquatch.return.perimeter.missedit.mp3,yes,,Eleven laps and I still missed the whole thing. Story of my life.,13,,,,,,,,
3981,PROJECT SILENT SQUATCH,mansion-guard-stairs,vo.silentsquatch.return.stairs.welcomeback,vo.silentsquatch.return.stairs.welcomeback.mp3,yes,,Welcome back. He’s expecting you.,5,,,,,,,,
3982,PROJECT SILENT SQUATCH,mansion-guard-stairs,vo.silentsquatch.return.stairs.nicework,vo.silentsquatch.return.stairs.nicework.mp3,yes,,Nice work the other night. I mean that.,8,,,,,,,,
3983,PROJECT SILENT SQUATCH,mansion-guard-basement,vo.silentsquatch.return.basement.runofit,vo.silentsquatch.return.basement.runofit.mp3,yes,,Go where you like. After the other night you’ve earned the run of it.,14,,,,,,,,
3984,PROJECT SILENT SQUATCH,mansion-guard-basement,vo.silentsquatch.return.basement.gottwo,vo.silentsquatch.return.basement.gottwo.mp3,yes,,They came down these stairs at me. I got two. You got the rest.,14,,,,,,,,
3985,PROJECT SILENT SQUATCH,mansion-guard-vault,vo.silentsquatch.return.vault.differentreason,vo.silentsquatch.return.vault.differentreason.mp3,yes,,Door’s still open. I’m still here. Different reason now.,9,,,,,,,,
3986,PROJECT SILENT SQUATCH,mansion-guard-vault,vo.silentsquatch.return.vault.nobodygotpast,vo.silentsquatch.return.vault.nobodygotpast.mp3,yes,,"Whatever you did upstairs, nobody got past me down here. Not that night.",13,,,,,,,,
3987,PROJECT SILENT SQUATCH,snow,vo.silentsquatch.return.snow.sixweeks,vo.silentsquatch.return.snow.sixweeks.mp3,yes,,Six weeks. That’s what the man quoted me for the foyer alone.,12,,,,,,,,
3988,PROJECT SILENT SQUATCH,snow,vo.silentsquatch.return.snow.nobodylistens,vo.silentsquatch.return.snow.nobodylistens.mp3,yes,,I told you not to make more work for me. Nobody listens.,12,,,,,,,,
3989,PROJECT SILENT SQUATCH,snow,vo.silentsquatch.return.snow.marblecomesout,vo.silentsquatch.return.snow.marblecomesout.mp3,yes,,Marble you can’t patch. It has to come out and go back in.,13,,,,,,,,
3990,PROJECT SILENT SQUATCH,snow,vo.silentsquatch.return.snow.askmeatchristmas,vo.silentsquatch.return.snow.askmeatchristmas.mp3,yes,,Ask me at Christmas.,4,,,,,,,,
3991,PROJECT SILENT SQUATCH,bartender,vo.silentsquatch.bar.bartender.orworking,vo.silentsquatch.bar.bartender.orworking.mp3,yes,,"You want something, or are you working?",7,,,,,,,,
3992,PROJECT SILENT SQUATCH,bartender,vo.silentsquatch.bar.bartender.samebottle,vo.silentsquatch.bar.bartender.samebottle.mp3,yes,,It’s the same bottle it was ten minutes ago.,9,,,,,,,,
3993,PROJECT SILENT SQUATCH,bartender,vo.silentsquatch.bar.bartender.fifteenbottles,vo.silentsquatch.bar.bartender.fifteenbottles.mp3,yes,,Fifteen bottles back there and every one of them is Jack And Daniels. Makes the job simple.,17,,,,,,,,
3994,PROJECT SILENT SQUATCH,gratin,vo.silentsquatch.torture.gratin.conversational,vo.silentsquatch.torture.gratin.conversational.mp3,yes,,Give us a minute. He’s nearly conversational.,7,,,,,,,,
3995,PROJECT SILENT SQUATCH,player,vo.silentsquatch.torture.prospect.alwaysyou,vo.silentsquatch.torture.prospect.alwaysyou.mp3,yes,,It’s always you doing this.,5,,,,,,,,
3996,PROJECT SILENT SQUATCH,gratin,vo.silentsquatch.torture.gratin.kitchensdead,vo.silentsquatch.torture.gratin.kitchensdead.mp3,yes,,"I’m good at it, and the kitchen’s dead this time of night.",12,,,,,,,,
3997,PROJECT SILENT SQUATCH,gratin,vo.silentsquatch.torture.gratin.youwantago,vo.silentsquatch.torture.gratin.youwantago.mp3,yes,,You want a go? Everybody gets one. It keeps him talking.,11,,,,,,,,
3998,PROJECT SILENT SQUATCH,gratin,vo.silentsquatch.torture.gratin.letthetenddoit,vo.silentsquatch.torture.gratin.letthetenddoit.mp3,yes,,"Here. It’s a cord, not a bat — let the end of it do the work.",16,,,,,,,,
3999,PROJECT SILENT SQUATCH,gratin,vo.silentsquatch.torture.gratin.panonupstairs,vo.silentsquatch.torture.gratin.panonupstairs.mp3,yes,,I’ve got a pan on upstairs. Take your turn or don’t.,11,,,,,,,,
4000,PROJECT SILENT SQUATCH,gratin,vo.silentsquatch.torture.gratin.suityourself,vo.silentsquatch.torture.gratin.suityourself.mp3,yes,,Suit yourself. He’s not going anywhere.,6,,,,,,,,
4001,PROJECT SILENT SQUATCH,xxx,vo.silentsquatch.torture.xxx.ouchone,vo.silentsquatch.torture.xxx.ouchone.mp3,yes,,Hn — GHK—,3,short,,,,,,,
4002,PROJECT SILENT SQUATCH,xxx,vo.silentsquatch.corridor.xxx.takethecar,vo.silentsquatch.corridor.xxx.takethecar.mp3,yes,,You can take the car… you can take the mission…,10,,,,,,,,
4003,PROJECT SILENT SQUATCH,xxx,vo.silentsquatch.corridor.xxx.turnyourback,vo.silentsquatch.corridor.xxx.turnyourback.mp3,yes,,But you don’t turn your back on family.,8,,,,,,,,
4004,PROJECT SILENT SQUATCH,gratin,vo.silentsquatch.torture.gratin.hesfine,vo.silentsquatch.torture.gratin.hesfine.mp3,yes,,See? He’s fine.,3,short,,,,,,,
4005,PROJECT SILENT SQUATCH,xxx,vo.silentsquatch.torture.xxx.ouchtwo,vo.silentsquatch.torture.xxx.ouchtwo.mp3,yes,,Agh — Christ—,3,short,,,,,,,
4006,PROJECT SILENT SQUATCH,xxx,vo.silentsquatch.torture.xxx.hitlikefamily,vo.silentsquatch.torture.xxx.hitlikefamily.mp3,yes,,You hit like family.,4,,,,,,,,
4007,PROJECT SILENT SQUATCH,xxx,vo.silentsquatch.torture.xxx.notacompliment,vo.silentsquatch.torture.xxx.notacompliment.mp3,yes,,That’s not a compliment. That’s just what they do.,9,,,,,,,,
4008,PROJECT SILENT SQUATCH,xxx,vo.silentsquatch.torture.xxx.theelbow,vo.silentsquatch.torture.xxx.theelbow.mp3,yes,,There it is. You’ve got the elbow into it now.,10,,,,,,,,
4009,PROJECT SILENT SQUATCH,xxx,vo.silentsquatch.torture.xxx.ouchthree,vo.silentsquatch.torture.xxx.ouchthree.mp3,yes,,Hhh—!,1,short,,,,,,,
4010,PROJECT SILENT SQUATCH,xxx,vo.silentsquatch.torture.xxx.stoppedatone,vo.silentsquatch.torture.xxx.stoppedatone.mp3,yes,,Go on. Nobody in this house has ever stopped at one.,11,,,,,,,,
4011,PROJECT SILENT SQUATCH,xxx,vo.silentsquatch.torture.xxx.ouchfour,vo.silentsquatch.torture.xxx.ouchfour.mp3,yes,,Nn—! …Ah.,2,short,,,,,,,
4012,PROJECT SILENT SQUATCH,xxx,vo.silentsquatch.torture.xxx.inthemorning,vo.silentsquatch.torture.xxx.inthemorning.mp3,yes,,That one’s going to be there in the morning.,9,,,,,,,,
4013,PROJECT SILENT SQUATCH,gratin,vo.silentsquatch.torture.gratin.hecounts,vo.silentsquatch.torture.gratin.hecounts.mp3,yes,,He’s counting. He always counts.,5,,,,,,,,
4014,PROJECT SILENT SQUATCH,gratin,vo.silentsquatch.torture.gratin.oneeach,vo.silentsquatch.torture.gratin.oneeach.mp3,yes,,One each. House rule.,4,,,,,,,,
4015,PROJECT SILENT SQUATCH,lou2,vo.silentsquatch.house.sasole.notflying,vo.silentsquatch.house.sasole.notflying.mp3,yes,,"I’m not flying anything tonight, so don’t look at me like that.",12,,,,,,,,
4016,PROJECT SILENT SQUATCH,lou2,vo.silentsquatch.house.sasole.didntseeit,vo.silentsquatch.house.sasole.didntseeit.mp3,yes,,"Whatever’s in the case, I didn’t carry it and I didn’t see it.",13,,,,,,,,
4017,PROJECT SILENT SQUATCH,numbskull,vo.silentsquatch.house.numbskull.nobodyswims,vo.silentsquatch.house.numbskull.nobodyswims.mp3,yes,,Nobody swims. It’s heated and nobody swims.,7,,,,,,,,
4018,PROJECT SILENT SQUATCH,numbskull,vo.silentsquatch.house.numbskull.hearthegate,vo.silentsquatch.house.numbskull.hearthegate.mp3,yes,,I like it out here. You can hear the gate.,10,,,,,,,,
4019,PROJECT SILENT SQUATCH,hogmama,vo.silentsquatch.house.hogmama.theresfood,vo.silentsquatch.house.hogmama.theresfood.mp3,yes,,"There’s food. Nobody in this house eats, but there’s food.",10,,,,,,,,
4020,PROJECT SILENT SQUATCH,hogmama,vo.silentsquatch.house.hogmama.leftapanon,vo.silentsquatch.house.hogmama.leftapanon.mp3,yes,,Gratin left a pan on and went downstairs. Again.,9,,,,,,,,
4021,PROJECT SILENT SQUATCH,rippinflow,vo.silentsquatch.house.rippin.pool.finally,vo.silentsquatch.house.rippin.pool.finally.mp3,yes,,Finally. Rack’s been sitting there so long it’s got a lease.,11,,,,,,,,
4022,PROJECT SILENT SQUATCH,rippinflow,vo.silentsquatch.house.rippin.pool.youbreak,vo.silentsquatch.house.rippin.pool.youbreak.mp3,yes,,"You break. And don’t be gentle with it, this isn’t church.",11,,,,,,,,
4023,PROJECT SILENT SQUATCH,rippinflow,vo.silentsquatch.house.rippin.pool.remembered,vo.silentsquatch.house.rippin.pool.remembered.mp3,yes,,Look who remembered where he left the table.,8,,,,,,,,
4024,PROJECT SILENT SQUATCH,rippinflow,vo.silentsquatch.house.rippin.pool.onpurpose,vo.silentsquatch.house.rippin.pool.onpurpose.mp3,yes,,"Alright. That one went in on purpose, I’ll allow it.",10,,,,,,,,
4025,PROJECT SILENT SQUATCH,rippinflow,vo.silentsquatch.house.rippin.pool.nothing,vo.silentsquatch.house.rippin.pool.nothing.mp3,yes,,Nothing. Twenty minutes I waited for that.,7,,,,,,,,
4026,PROJECT SILENT SQUATCH,rippinflow,vo.silentsquatch.house.rippin.pool.ballinhand,vo.silentsquatch.house.rippin.pool.ballinhand.mp3,yes,,"Foul. Ball in my hand, and now we’re playing my game.",11,,,,,,,,
4027,PROJECT SILENT SQUATCH,rippinflow,vo.silentsquatch.house.rippin.pool.movestanding,vo.silentsquatch.house.rippin.pool.movestanding.mp3,yes,,Move. You’re standing in the shot.,6,,,,,,,,
4028,PROJECT SILENT SQUATCH,rippinflow,vo.silentsquatch.house.rippin.pool.thewrist,vo.silentsquatch.house.rippin.pool.thewrist.mp3,yes,,That’s the wrist. You can’t teach the wrist.,8,,,,,,,,
4029,PROJECT SILENT SQUATCH,rippinflow,vo.silentsquatch.house.rippin.pool.crookedtable,vo.silentsquatch.house.rippin.pool.crookedtable.mp3,yes,,Table’s crooked. Lou paid nine grand for a crooked table.,10,,,,,,,,
4030,PROJECT SILENT SQUATCH,rippinflow,vo.silentsquatch.house.rippin.pool.thatstheframe,vo.silentsquatch.house.rippin.pool.thatstheframe.mp3,yes,,"And that’s the frame. Don’t look at me like that, you were there the whole time.",16,,,,,,,,
4031,PROJECT SILENT SQUATCH,rippinflow,vo.silentsquatch.house.rippin.pool.rackemagain,vo.silentsquatch.house.rippin.pool.rackemagain.mp3,yes,,"Rack ’em again, prospect. I’ve got all night and you’ve got nowhere to be.",14,,,,,,,,
4032,PROJECT SILENT SQUATCH,rippinflow,vo.silentsquatch.house.rippin.pool.doesntcount,vo.silentsquatch.house.rippin.pool.doesntcount.mp3,yes,,Okay. Okay. That was one frame and it doesn’t count.,10,,,,,,,,
4033,PROJECT SILENT SQUATCH,rippinflow,vo.silentsquatch.house.rippin.pool.nobodyhears,vo.silentsquatch.house.rippin.pool.nobodyhears.mp3,yes,,Nobody in this house hears about this. Nobody.,8,,,,,,,,
4034,PROJECT SILENT SQUATCH,rippinflow,vo.silentsquatch.house.rippin.pool.leaveitthere,vo.silentsquatch.house.rippin.pool.leaveitthere.mp3,yes,,"Sure. Leave it there. I’ll just keep standing here, it’s what I do.",13,,,,,,,,
4035,MANSION UNDER SIEGE,player,vo.siege.wake.prospect.awake,vo.siege.wake.prospect.awake.mp3,yes,,Okay. Okay — that is not the television.,8,,,,,,,,
4036,MANSION UNDER SIEGE,mansion-guard,vo.siege.wake.guard.inside,vo.siege.wake.guard.inside.mp3,yes,,They are inside! They are in the house — get to the armory!,13,,,,,,,,
4037,MANSION UNDER SIEGE,booski,vo.siege.guide.booski.armory,vo.siege.guide.booski.armory.mp3,yes,,"Kid — armory. East end of the cellar hall, then south through the door. Move.",15,,,,,,,,
4038,MANSION UNDER SIEGE,booski,vo.siege.guide.booski.office,vo.siege.guide.booski.office.mp3,yes,,"Now get up here. Basement stair, straight over the foyer, up the horseshoe — Lou is on the top floor.",20,,,,,,,,
4039,MANSION UNDER SIEGE,player,vo.siege.briefing.prospect.report,vo.siege.briefing.prospect.report.mp3,yes,,Lou. There were two of them in the cellar.,9,,,,,,,,
4040,MANSION UNDER SIEGE,lou1,vo.siege.briefing.lou.forty,vo.siege.briefing.lou.forty.mp3,yes,,Two in the cellar. There are forty on my lawn.,10,,,,,,,,
4041,MANSION UNDER SIEGE,booski,vo.siege.briefing.booski.drive,vo.siege.briefing.booski.drive.mp3,yes,,"More coming up the drive — both sides of the fountain, they are not even hurrying.",16,,,,,,,,
4042,MANSION UNDER SIEGE,lou1,vo.siege.briefing.lou.upstairs,vo.siege.briefing.lou.upstairs.mp3,yes,,"Everybody upstairs. Nobody holds a ground-floor room tonight, I do not care whose room it is.",16,,,,,,,,
4043,MANSION UNDER SIEGE,lou1,vo.siege.briefing.lou.stairs,vo.siege.briefing.lou.stairs.mp3,yes,,"You. Take the rail over the foyer. Anything that comes through my front door, you put it down on my floor.",21,,,,,,,,
4044,MANSION UNDER SIEGE,player,vo.siege.briefing.prospect.stairs,vo.siege.briefing.prospect.stairs.mp3,yes,,The stairs. Got it.,4,,The stairs. Just me on the stairs. Right.,"The stairs. Me, on the stairs, on my own. And everybody else is upstairs. I want to make sure I've understood the shape of this.",The stairs. Me. On me own. On the stairs. Grand. Lovely. That's grand.,The stairs. Alone. While everyone with seniority is above me. I want that architecture noted somewhere.,"The stairs. Just me. Okay. Yeah, okay, I've got it.",open,A confirm button in the middle of the best sequence in the game. Lou has just told him to hold the foyer alone and he answers like he is repeating a lunch order.
4045,MANSION UNDER SIEGE,lou1,vo.siege.briefing.lou.heavy,vo.siege.briefing.lou.heavy.mp3,yes,,And get the big one up. You did not carry it out of my armory to look at it.,19,,,,,,,,
4046,MANSION UNDER SIEGE,player,vo.siege.prospect.little_friend,vo.siege.prospect.little_friend.mp3,yes,,Fine. Everybody at once. Let's find out how many of you this thing was designed for.,16,,"[cut — let the gun be the line] All right. All right, come on then.","Okay. Okay. Everybody come up the stairs at once, then. All of you. Let's get it over with.","Right. Come on. Come on up, the whole fuckin' lot of yiz.",Fine. Everybody at once. Let's find out how many of you this thing was designed for.,Okay. All right then. Come on up.,ACCEPTED 2026-08-28,"DOCTRINE VIOLATION — a direct, verbatim quote of the film being parodied. The tone doc's rule is that the player supplies the recognition and the scene never points at it. Quoting the line out loud hands the joke to the audience and kills it. The recognition is already fully delivered by the staging: a man on a landing with a mounted weapon and forty men on the lawn."
4047,MANSION UNDER SIEGE,booski,vo.siege.lull.booski.reload,vo.siege.lull.booski.reload.mp3,yes,,That is the first lot! Reload — they are forming up again on the drive!,15,,,,,,,,
4048,MANSION UNDER SIEGE,lou1,vo.siege.lull.lou.notover,vo.siege.lull.lou.notover.mp3,yes,,It is not over. Watch that door.,7,,,,,,,,
4049,MANSION UNDER SIEGE,deathmegatron,vo.siege.flank.deathmegatron.glass,vo.siege.flank.deathmegatron.glass.mp3,yes,,Glass! West wing and east — they are coming in behind us!,12,,,,,,,,
4050,MANSION UNDER SIEGE,lou1,vo.siege.aftermath.call.lou.answer,vo.siege.aftermath.call.lou.answer.mp3,yes,Dry and immediate into the receiver. One word; no greeting and no uncertainty.,Sputthole.,1,short,,,,,,,
4051,MANSION UNDER SIEGE,ateam3,vo.siege.aftermath.call.ateam.walk,vo.siege.aftermath.call.ateam.walk.mp3,yes,"Cold telephone threat. He believes he is offering mercy, not performing menace.",Walk away. Keep what family you have left.,8,,,,,,,,
4052,MANSION UNDER SIEGE,lou1,vo.siege.aftermath.call.lou.terms,vo.siege.aftermath.call.lou.terms.mp3,yes,Level and incredulous without raising his voice. The bodies are still around him.,"You sent twenty-two men into my home, and now you are offering me terms.",14,,,,,,,,
4053,MANSION UNDER SIEGE,ateam3,vo.siege.aftermath.call.ateam.more,vo.siege.aftermath.call.ateam.more.mp3,yes,Matter-of-fact and completely serious about the A-Team. No wink in the house line.,We can send twenty-two more. The A-Team does not stop because a house was expensive.,15,,,,,,,,
4054,MANSION UNDER SIEGE,lou1,vo.siege.aftermath.call.lou.trade,vo.siege.aftermath.call.lou.trade.mp3,yes,Quiet calculation. This is when Lou stops reacting and starts hunting.,You know my name and my address. I know your voice. That is an uneven trade.,16,,,,,,,,
4055,MANSION UNDER SIEGE,ateam3,vo.siege.aftermath.call.ateam.family,vo.siege.aftermath.call.ateam.family.mp3,yes,"A promise delivered flatly over the telephone. Proud of the crew, deadly serious.",You will learn what happens when the A-Team comes for your family.,12,,,,,,,,
4056,MANSION UNDER SIEGE,lou1,vo.siege.aftermath.call.lou.not-home,vo.siege.aftermath.call.lou.not-home.mp3,yes,Final and controlled. Hang up at the end; the decision to counterstrike is made.,No. You are going to learn what happens when I stop waiting at home.,14,,,,,,,,
4057,MANSION UNDER SIEGE,lou1,vo.siege.aftermath.lou.last,vo.siege.aftermath.lou.last.mp3,yes,,That is the last of them. Somebody kill that alarm.,10,,,,,,,,
4058,MANSION UNDER SIEGE,lou1,vo.siege.aftermath.lou.house,vo.siege.aftermath.lou.house.mp3,yes,,"They came to my house. With cars, and a plan, and enough men to spare four of them for a window.",21,,,,,,,,
4059,MANSION UNDER SIEGE,lou1,vo.siege.aftermath.lou.budget,vo.siege.aftermath.lou.budget.mp3,yes,,"This is not a neighbourhood thing any more, kid. This is somebody with a budget.",15,,,,,,,,
4060,MANSION UNDER SIEGE,lou1,vo.siege.aftermath.lou.route-package,vo.siege.aftermath.lou.route-package.mp3,yes,"Cold, decisive, and wrong without knowing it. This is an order, not a clue for the audience.",We pulled a route package out of their command car. It marks their desert compound. Sasole already has it.,19,,,,,,,,
4061,MANSION UNDER SIEGE,lou1,vo.siege.aftermath.lou.sasole,vo.siege.aftermath.lou.sasole.mp3,yes,,There is a man on my landing in a flight jacket. Captain Lou Sasole. Go and talk to him — he is how we answer this.,26,,,,,,,,
4062,MANSION UNDER SIEGE,player,vo.siege.aftermath.prospect.sasole,vo.siege.aftermath.prospect.sasole.mp3,yes,,Sasole. Right.,2,short,Sasole. There's a man in a flight jacket on your landing and you want me to go and talk to him.,Sasole. Right. There's a man on your landing in a flight jacket. There are forty bodies on your lawn. And the plan is I go and introduce myself.,Sasole. Right so. There's forty of them on the lawn and a fella in a flight jacket on the landin' and I'm to go and say hello to him.,"Sasole. Of course. There's a man in a flight jacket on the landing of a house that's currently a crime scene, and I'm to network.",Sasole. Right. Okay. I'll — yeah. I'll go talk to him.,open,Two words after surviving a siege. There is a whole night's worth of adrenaline with nowhere to go.
4063,MANSION UNDER SIEGE,lou2,vo.siege.sasole.sasole.stairs,vo.siege.sasole.sasole.stairs.mp3,yes,,You are the one who held the stairs. Good. Then you can hold a bomb bay.,16,hud-speak,"You're the one who held the stairs. On your own, with a rail and a heavy gun. Then you can hold a bomb bay.","You held those stairs. On your own. I watched the last twenty minutes of it from that window and I didn't help, because I wanted to see what you'd do. A man who can hold a staircase can hold a bomb bay.","You held them stairs. On your own. I watched the last of it from that window and I never lifted a finger, because I wanted to see. You'll do.",You held the stairs. Solo. Against a numerically superior force with better cars. That's exactly the skill set required to stand in an open bomb bay at fifteen thousand feet.,You're the one held the stairs. That's good. That's real good. Then I'd say you can hold a bomb bay.,open,Already good — the flag is a false positive. The only note is that 'Good.' is doing a lot of work; giving Sasole one specific observation makes the recruitment land harder.
4064,MANSION UNDER SIEGE,lou2,vo.siege.sasole.sasole.tonight,vo.siege.sasole.sasole.tonight.mp3,yes,,"Get some sleep. We fly tonight, and you are coming with me.",12,,,,,,,,
4065,Apartment and shared,margo,vo.margo.wake.dress.1,vo.margo.wake.dress.1.mp3,yes,,Can you get this? The clasp is winning.,8,,,,,,,,
4066,THE TAKE,snow,heist.crew_snow,heist.crew_snow.mp3,yes,,Snow. I call the move. You keep the clock honest.,10,,,,,,,,
4067,THE TAKE,rippinflow,heist.crew_rippin,heist.crew_rippin.mp3,yes,,"Rippinflow. I drive us in. If the day gets ambitious, you drive us out.",14,,,,,,,,
4068,THE TAKE,shubenator,heist.crew_shubes,heist.crew_shubes.mp3,yes,,"Shubenator. Blue case, vault panel, and every wire you do not touch.",12,,,,,,,,
4069,THE TAKE,deathmegatron,heist.crew_death,heist.crew_death.mp3,yes,,DeathMegatron. I move bags and bad ideas out of doorways.,10,,,,,,,,
4070,THE TAKE,numbskull,heist.crew_numb,heist.crew_numb.mp3,yes,,Numbskull. I own the lobby. People calm down when I sound bored.,12,,,,,,,,
4071,THE TAKE,snow,heist.snow_arrival,heist.snow_arrival.mp3,yes,,Door shut. Phone off. We use names until the masks go on.,12,,,,,,,,
4072,THE TAKE,snow,heist.snow_plan,heist.snow_plan.mp3,yes,,"Inside, six people do one job. Outside, six targets move as one.",12,,,,,,,,
4073,THE TAKE,snow,heist.snow_rules,heist.snow_rules.mp3,yes,,No civilians. No souvenirs. Nobody leaves a person to save a bag.,12,,,,,,,,
4074,THE TAKE,rippinflow,heist.rippin_route,heist.rippin_route.mp3,yes,,Route Green behaves at lunch. Today every light is going to discover a personality.,14,,,,,,,,
4075,THE TAKE,shubenator,heist.shubes_case,heist.shubes_case.mp3,yes,,The blue case is organized. Your hands are not part of the organization.,13,,,,,,,,
4076,THE TAKE,deathmegatron,heist.death_bags,heist.death_bags.mp3,yes,,Lou bought bigger bags. Apparently confidence has handles.,8,,,,,,,,
4077,THE TAKE,numbskull,heist.numb_alarm,heist.numb_alarm.mp3,yes,,I am nowhere near the alarms. This is me saying it before anybody asks.,14,,,,,,,,
4078,THE TAKE,player,heist.prospect_ready,heist.prospect_ready.mp3,yes,,"I'm set. Vest is on, mags are full, and my hands won't stop.",13,,"I'm on. Vest is on, mags are full, and my hands won't stop.","I'm ready. I've been ready for about forty minutes, which I'm now realising is a completely different thing from being ready.","I'm set. Vest, mags, the whole lot. And I've been sick twice, but I'm set.","Vest on, mags full, plan understood. And I want it on record I have never done anything like this and I am doing it anyway.","I'm ready. Everything's on, everything's full. I heard the plan twice. I'd hear it a third time if there was time.",ACCEPTED 2026-08-28,A UI status readout wearing dialogue. Nobody inventories themselves out loud. Give it the physical detail of a man about to do this for the first time.
4079,THE TAKE,rippinflow,heist.rippin_two_lights,heist.rippin_two_lights.mp3,yes,,Two lights.,2,short,,,,,,,
4080,THE TAKE,snow,heist.snow_time,heist.snow_time.mp3,yes,,Time.,1,short,,,,,,,
4081,THE TAKE,shubenator,heist.shubes_loop,heist.shubes_loop.mp3,yes,,Exterior loop is live. It will remain useful until somebody looks out a window.,14,,,,,,,,
4082,THE TAKE,deathmegatron,heist.death_breathe,heist.death_breathe.mp3,yes,,Breathe now. It costs more in there.,7,,,,,,,,
4083,THE TAKE,heist-guard,heist.guard_warning,heist.guard_warning.mp3,yes,,Stop right there. Hands where I can see them.,9,,Hey. HEY. Don't — I'm not supposed to — just stop.,Stop. Stop right there. I want you to know I'm not supposed to engage. There's a card in my wallet that says I'm not supposed to engage. And here I am.,"Stop where you are! Hands up! I've a card in me wallet says I'm not to do this, and here I am doin' it.",Stop. Hands up. I earn eleven dollars an hour and I am about to earn every one of them.,"Hold it right there. Hands up, please. I'd rather not — let's just, let's not have this go the other way.",open,"The most generic guard bark in the medium. This man is fifty-eight, unarmed by policy, and about to make the worst decision of his life."
4084,THE TAKE,snow,heist.snow_guard,heist.snow_guard.mp3,yes,,"Prospect, visible guard. Put him on the floor.",8,,,,,,,,
4085,THE TAKE,player,heist.prospect_lobby_quiet,heist.prospect_lobby_quiet.mp3,yes,,Huh. It's a lot slower than you'd think. That's the part nobody mentions.,13,,"[cut it — or, if the beat is needed] Everything's slower than I thought it'd be. Why is everything so slow.","Nobody tells you it's quiet. You think it's going to be loud, and it's this. It's a man breathing through a mask and a woman's shoe squeaking on a floor.",It's not like I thought. In me head there was music. There's no music. There's just this fella breathin' on me.,"Turns out the whole thing is admin. Stand here, count that, watch the door. Nobody mentions the admin.",Huh. It's a lot slower than you'd think. That's the part nobody mentions.,ACCEPTED 2026-08-28,"CUT OR REWRITE — this is the doctrine violation. It names a real game, acknowledges the player, and tells the audience the scene is a joke at the exact moment the scene has to be a bank robbery. Everything the tone doc protects dies on this line."
4086,THE TAKE,snow,heist.snow_scoreboard,heist.snow_scoreboard.mp3,yes,,Save the scoreboard. Watch the lobby.,6,,,,,,,,
4087,THE TAKE,deathmegatron,heist.death_floor,heist.death_floor.mp3,yes,,Hands clear. Eyes down. Nobody here needs to be brave.,10,,,,,,,,
4088,THE TAKE,heist-customer,heist.civilian_please,heist.civilian_please.mp3,yes,,"Nobody move. Please, just do what they say.",8,,,,,,,,
4089,THE TAKE,numbskull,heist.numb_manager,heist.numb_manager.mp3,yes,,Manager is mine. Teller line is listening.,7,,,,,,,,
4090,THE TAKE,heist-manager,heist.manager_delay,heist.manager_delay.mp3,yes,,You do not know the delay. That door will not care who is holding the gun.,16,,,,,,,,
4091,THE TAKE,shubenator,heist.shubes_answer,heist.shubes_answer.mp3,yes,,He does not have to know it. I know the panel.,11,,,,,,,,
4092,THE TAKE,shubenator,heist.shubes_vault,heist.shubes_vault.mp3,yes,,Panel first. Time-delay second. Nobody touches the leads.,8,,,,,,,,
4093,THE TAKE,snow,heist.snow_clock,heist.snow_clock.mp3,yes,,Four minutes became two. Fill the bags we have and leave the rest.,13,,,,,,,,
4094,THE TAKE,snow,heist.snow_insured,heist.snow_insured.mp3,yes,,"We came for insured paper, not uninsured people. Keep it clean.",11,,,,,,,,
4095,THE TAKE,numbskull,heist.numb_signal,heist.numb_signal.mp3,yes,,Foot switch. I stopped the teller. I did not stop what she already sent.,14,,,,,,,,
4096,THE TAKE,rippinflow,heist.rippin_street,heist.rippin_street.mp3,yes,,Blue lights on both ends. Route Green is turning brown.,10,,,,,,,,
4097,THE TAKE,snow,heist.snow_exit_alarm,heist.snow_exit_alarm.mp3,yes,,"The sirens are the clock now. Bags, tools, people. Move.",10,,,,,,,,
4098,THE TAKE,snow,heist.snow_contact,heist.snow_contact.mp3,yes,,"Planters first. Prospect, right side!",5,,,,,,,,
4099,THE TAKE,deathmegatron,heist.death_suppress,heist.death_suppress.mp3,yes,,Intersection is occupied. I am correcting it.,7,,,,,,,,
4100,THE TAKE,rippinflow,heist.rippin_van,heist.rippin_van.mp3,yes,,Van is boxed. Give me five seconds and a miracle with keys.,12,,,,,,,,
4101,THE TAKE,rippinflow,heist.rippin_hit,heist.rippin_hit.mp3,yes,,That is my leg. Route Green is officially cancelled.,9,,,,,,,,
4102,THE TAKE,snow,heist.snow_fallback,heist.snow_fallback.mp3,yes,,Mercer garage. Pairs. Leave the van and keep Rippin between us.,11,,,,,,,,
4103,THE TAKE,numbskull,heist.numb_bag,heist.numb_bag.mp3,yes,,Bag is down. Rippin is not. Make the choice fast.,10,,,,,,,,
4104,THE TAKE,snow,heist.snow_leave_it,heist.snow_leave_it.mp3,yes,,Do not trade a person for paper.,7,,,,,,,,
4105,THE TAKE,shubenator,heist.shubes_garage,heist.shubes_garage.mp3,yes,,Sedan is live. The ignition was never the difficult system.,10,,,,,,,,
4106,THE TAKE,deathmegatron,heist.death_load,heist.death_load.mp3,yes,,Cover me. Bags are heavier when everybody is shooting at the handles.,12,,,,,,,,
4107,THE TAKE,rippinflow,heist.rippin_drive,heist.rippin_drive.mp3,yes,,"Prospect drives. Left out, wrong way on purpose, then the warehouse lights.",12,,,,,,,,
4108,THE TAKE,rippinflow,heist.rippin_market_left,heist.rippin_market_left.mp3,yes,,"Left at the warehouse. Hold it through Market, then right at the glass tower.",14,hud-speak,,,,,,,
4109,THE TAKE,snow,heist.snow_roadblock,heist.snow_roadblock.mp3,yes,,Roadblock. Center gap. Do not argue with the cruisers.,9,,,,,,,,
4110,THE TAKE,rippinflow,heist.rippin_canal,heist.rippin_canal.mp3,yes,,Canal road next. Narrow means they cannot put three cars beside us.,12,,,,,,,,
4111,THE TAKE,shubenator,heist.shubes_swap,heist.shubes_swap.mp3,yes,,"Cash first, coats second, weapons in the lined bin. In that order.",12,,,,,,,,
4112,THE TAKE,deathmegatron,heist.death_swap_bags,heist.death_swap_bags.mp3,yes,,Eight bags moved. Nobody leaves a handle in the dirty car.,11,,,,,,,,
4113,THE TAKE,rippinflow,heist.rippin_swap_aid,heist.rippin_swap_aid.mp3,yes,,Tie it above the tear. I can complain in the clean car.,12,,,,,,,,
4114,THE TAKE,snow,heist.snow_return,heist.snow_return.mp3,yes,,Nobody celebrates until I count six people and every bag in this room.,13,,,,,,,,
4115,THE TAKE,rippinflow,heist.rippin_aid,heist.rippin_aid.mp3,yes,,The van had one job and chose performance art. Wrap the leg tighter.,13,,,,,,,,
4116,THE TAKE,shubenator,heist.shubes_defend,heist.shubes_defend.mp3,yes,,The vault opened on schedule. The alarm was a separate and inferior system.,13,,,,,,,,
4117,THE TAKE,shubenator,heist.shubes_signature_cleanup,heist.shubes_signature_cleanup.mp3,yes,"Pleasant, deadpan, and entirely untroubled during mission cleanup. He sounds as though he has just joined an ordinary group chat.","Hey guys, what’s going on?",5,,Hey. Hey — is this a bad time? This feels like a bad time.,"Hey. Sorry. Am I early? Because Snow said four, and it's four, but everybody's got a face on, so I'm getting the sense four was wrong.","Howya. Am I interruptin'? I am, amn't I. I'll come back. I'll not come back, I'll just stand here quietly.","Hey, guys. Big energy in here. Is this a debrief? Should I not be at the debrief? Nobody adds me to things.","Hey there. Everything all right? Because it doesn't seem all right, and I'd just as soon come back later.",open,"A YouTube-intro catchphrase dropped into a heist debrief. The Shubenator wandering in is a world joke, which the doctrine allows — but he has to wander in playing his own situation straight, not doing a bit at the camera."
4118,THE TAKE,deathmegatron,heist.death_ammo,heist.death_ammo.mp3,yes,,Ammunition accounted for. Everybody else is somebody else’s paperwork.,9,,,,,,,,
4119,THE TAKE,numbskull,heist.numb_home,heist.numb_home.mp3,yes,,I saw the tracker late. I saw it. We are still all standing here.,14,,,,,,,,
4120,THE TAKE,snow,heist.snow_good,heist.snow_good.mp3,yes,,You moved when I said move. You covered people before money. Lou will hear that.,15,,,,,,,,
4121,THE TAKE,snow,heist.snow_mask_call,heist.snow_mask_call.mp3,yes,,"Two blocks. Masks on now, while there is nobody outside to watch us do it.",15,,,,,,,,
4122,THE TAKE,player,heist.prospect_mask_on,heist.prospect_mask_on.mp3,yes,,Mask's down. I can hear my own heart in this thing.,11,,Mask's down. I can't hear right with this thing on.,"Mask's down. And here's a thing nobody mentions — you can hear yourself. That's all you can hear. Just you, in there, breathing.","Mask's on. I can see grand. I can hear me own heart, which is new.",Mask down. Visibility's fine. Everything else about me is a work in progress.,"Mask's down. I can see okay. It's warm in here, is all.",ACCEPTED 2026-08-28,Pure status filler. There is a much better line hiding in what a mask actually does to a man's head.
4123,THE TAKE,numbskull,heist.numb_van_count,heist.numb_van_count.mp3,yes,,"Four minutes on the floor, one on the vault, one to walk out. That is the whole plan.",18,,,,,,,,
4124,THE TAKE,numbskull,heist.numb_lobby_order,heist.numb_lobby_order.mp3,yes,,"Everybody on the floor. Face down, hands out. This takes four minutes and then we are gone.",17,,,,,,,,
4125,THE TAKE,snow,heist.snow_lobby_open,heist.snow_lobby_open.mp3,yes,,"The room is yours, Prospect. Get them flat and keep them flat.",12,,,,,,,,
4126,THE TAKE,snow,heist.snow_control_slipping,heist.snow_control_slipping.mp3,yes,,Half your room is up on its knees again. Fix it before I have to.,15,,,,,,,,
4127,THE TAKE,numbskull,heist.numb_lobby_held,heist.numb_lobby_held.mp3,yes,,Lobby is tied off. Nobody in here is going anywhere on their own.,13,,,,,,,,
4128,THE TAKE,numbskull,heist.numb_alarm_reached,heist.numb_alarm_reached.mp3,yes,,"Somebody got a hand to a switch. Whatever clock you thought you had, it is shorter.",16,,,,,,,,
4129,THE TAKE,deathmegatron,heist.death_runner,heist.death_runner.mp3,yes,,"Runner. West side, and he is four seconds from the street.",11,,,,,,,,
4130,THE TAKE,snow,heist.snow_no_souvenirs,heist.snow_no_souvenirs.mp3,yes,,"That is a man’s wallet in your hand. Put it down, or carry it into Lou’s office and explain it.",20,,,,,,,,
4131,THE TAKE,snow,heist.snow_casualty,heist.snow_casualty.mp3,yes,,That was a customer. That is the one thing we do not do.,13,,,,,,,,
4132,THE TAKE,snow,heist.snow_casualty_alt,heist.snow_casualty_alt.mp3,yes,,He was queuing. He had a paying-in book in his hand.,11,,,,,,,,
4133,THE TAKE,snow,heist.snow_casualty_alt_two,heist.snow_casualty_alt_two.mp3,yes,,Nobody in here owns the money. Aim at the ones who are paid to stop us.,16,hud-speak,,,,,,,
4134,THE TAKE,snow,heist.snow_casualty_two,heist.snow_casualty_two.mp3,yes,,That is two. Two is not an accident. Two is how you are doing this.,15,,,,,,,,
4135,THE TAKE,snow,heist.snow_casualty_two_alt,heist.snow_casualty_two_alt.mp3,yes,,"Second one. I am going to have to say who that was, out loud, to Lou.",16,,,,,,,,
4136,THE TAKE,snow,heist.snow_casualty_two_alt_two,heist.snow_casualty_two_alt_two.mp3,yes,,Put it down. Every one of these costs us a year we have not got.,15,,,,,,,,
4137,THE TAKE,snow,heist.snow_casualty_three,heist.snow_casualty_three.mp3,yes,,Three. You are not robbing this bank any more. You are clearing it.,13,,,,,,,,
4138,THE TAKE,snow,heist.snow_casualty_three_alt,heist.snow_casualty_three_alt.mp3,yes,,"Three of them. Whatever this is, it stopped being the plan two ago.",13,,,,,,,,
4139,THE TAKE,snow,heist.snow_casualty_three_alt_two,heist.snow_casualty_three_alt_two.mp3,yes,,"I am asking once more, and then I stop asking. Off the customers.",13,,,,,,,,
4140,THE TAKE,snow,heist.snow_committed,heist.snow_committed.mp3,yes,,"All right. We are committed now. Nobody in this room gets to describe us. Finish it, and be quick, because the ones at the back have started counting doors.",29,,,,,,,,
4141,THE TAKE,snow,heist.snow_sweep,heist.snow_sweep.mp3,yes,,Anyone still moving is a statement to a detective. Keep working.,11,,,,,,,,
4142,THE TAKE,snow,heist.snow_sweep_two,heist.snow_sweep_two.mp3,yes,,Check behind the desks. The quiet ones are the ones who remember faces.,13,,,,,,,,
4143,THE TAKE,snow,heist.snow_sweep_three,heist.snow_sweep_three.mp3,yes,,We do not get to stop halfway through this. Not now.,11,,,,,,,,
4144,THE TAKE,snow,heist.snow_sweep_clear,heist.snow_sweep_clear.mp3,yes,,Room is quiet. Take the bags. We never talk about this one again.,13,,,,,,,,
4145,THE TAKE,snow,heist.snow_friendly_fire,heist.snow_friendly_fire.mp3,yes,,Muzzle. Off me. Now.,4,,,,,,,,
4146,THE TAKE,snow,heist.snow_friendly_fire_two,heist.snow_friendly_fire_two.mp3,yes,,That is twice you have put that barrel across me. Pick a direction.,13,,,,,,,,
4147,THE TAKE,deathmegatron,heist.death_friendly_fire,heist.death_friendly_fire.mp3,yes,,Hey. I am on your side and I am standing right here.,12,,,,,,,,
4148,THE TAKE,player,heist.prospect_reassure_one,heist.prospect_reassure_one.mp3,yes,,"Nobody here wants your money. It is the bank’s, it is insured, and it is not worth your life.",19,,,,,,,,
4149,THE TAKE,player,heist.prospect_reassure_two,heist.prospect_reassure_two.mp3,yes,,Look at me. Do what I say and you go home to whoever is waiting on you.,17,,,,,,,,
4150,THE TAKE,player,heist.prospect_order_down,heist.prospect_order_down.mp3,yes,,"DOWN. On the floor, face down, hands out. Nobody makes me say it twice.",14,,"DOWN. On the floor, face down, hands out. Nobody makes me say it twice.","Everybody down. Face down, hands flat, and look at the carpet. Look at the carpet and count. That's the whole job — you count, I count, we all go home.","Down! Get down! Faces down, hands out, and not one of yiz look at me. I mean it. Don't look at me.","On the floor. Face down, hands out, phones stay in the pocket. This is a robbery, not a live event.","Everybody down on the floor, please. Face down. Hands out where I can see them. Please.",ACCEPTED 2026-08-19,"Robbery-command boilerplate. This is the kid's first time raising his voice at civilians — it should be too loud, badly pitched, and frightening because of that."
4151,THE TAKE,player,heist.prospect_order_two,heist.prospect_order_two.mp3,yes,,"On the floor. All the way down, and stay there.",10,,,,,,,,
4152,THE TAKE,player,heist.prospect_order_three,heist.prospect_order_three.mp3,yes,,"Flat. Palms open, arms out. Nobody has to look at anybody.",11,,,,,,,,
4153,THE TAKE,player,heist.prospect_order_four,heist.prospect_order_four.mp3,yes,,You are already doing fine. Keep doing it lying down.,10,,,,,,,,
4154,THE TAKE,player,heist.prospect_order_five,heist.prospect_order_five.mp3,yes,,"Knees, then chest, then hands. In that order and no faster.",11,,,,,,,,
4155,THE TAKE,player,heist.prospect_demand,heist.prospect_demand.mp3,yes,,Wallet. Watch. On the tile in front of you.,9,,,,,,,,
4156,THE TAKE,player,heist.prospect_demand_two,heist.prospect_demand_two.mp3,yes,,"Whatever is in the coat. Out, on the floor, slide it.",11,,,,,,,,
4157,THE TAKE,player,heist.prospect_demand_three,heist.prospect_demand_three.mp3,yes,,Pockets. Both of them. Do not make me go in there.,11,,,,,,,,
4158,THE TAKE,player,heist.prospect_tie,heist.prospect_tie.mp3,yes,,Hands behind your back. This is so I can stop watching you.,12,,,,,,,,
4159,THE TAKE,player,heist.prospect_tie_two,heist.prospect_tie_two.mp3,yes,,"Wrists together. It is plastic, it comes off with scissors.",10,,,,,,,,
4160,THE TAKE,player,heist.prospect_tie_three,heist.prospect_tie_three.mp3,yes,,Do not pull against it. Pulling is the only way it hurts.,12,,,,,,,,
4161,THE TAKE,player,heist.prospect_tie_four,heist.prospect_tie_four.mp3,yes,,That is you finished. Nothing else happens to you today.,10,,,,,,,,
4162,THE TAKE,player,heist.prospect_tie_five,heist.prospect_tie_five.mp3,yes,,Behind your back. Breathe out. There — done.,8,,,,,,,,
4163,THE TAKE,heist-customer,heist.hostage_plead_one,heist.hostage_plead_one.mp3,yes,,Please. Please don’t shoot.,4,,,,,,,,
4164,THE TAKE,heist-customer,heist.hostage_plead_two,heist.hostage_plead_two.mp3,yes,,I’m not doing anything. I’m not doing anything.,8,,,,,,,,
4165,THE TAKE,heist-customer,heist.hostage_plead_three,heist.hostage_plead_three.mp3,yes,,"Okay. Okay. It’s okay, I’m looking at the floor.",9,,,,,,,,
4166,THE TAKE,heist-customer,heist.hostage_plead_four,heist.hostage_plead_four.mp3,yes,,I have a daughter. I have a daughter at home.,10,,,,,,,,
4167,THE TAKE,heist-customer,heist.hostage_plead_five,heist.hostage_plead_five.mp3,yes,,Nobody’s moving. Look — nobody in here is moving.,9,,,,,,,,
4168,THE TAKE,heist-customer,heist.hostage_plead_teller,heist.hostage_plead_teller.mp3,yes,,There’s nothing back here. There’s nothing in my drawer.,9,,,,,,,,
4169,THE TAKE,heist-customer,heist.hostage_plead_teller_two,heist.hostage_plead_teller_two.mp3,yes,,The drawers are on a timer. I couldn’t open them if you made me.,14,,,,,,,,
4170,THE TAKE,heist-customer,heist.hostage_plead_teller_three,heist.hostage_plead_teller_three.mp3,yes,,I do this for eleven dollars an hour. Please point that somewhere else.,13,,,,,,,,
4171,THE TAKE,heist-customer,heist.hostage_reassured_one,heist.hostage_reassured_one.mp3,yes,,It isn’t mine. None of it is mine. Take it.,10,,,,,,,,
4172,THE TAKE,heist-customer,heist.hostage_reassured_two,heist.hostage_reassured_two.mp3,yes,,Thank you. Thank you. I’m staying right here.,8,,,,,,,,
4173,THE TAKE,heist-customer,heist.hostage_reassured_three,heist.hostage_reassured_three.mp3,yes,,Alright. Alright. I believe you.,5,,,,,,,,
4174,THE TAKE,heist-customer,heist.hostage_reassured_four,heist.hostage_reassured_four.mp3,yes,,I’m not going to be a problem. I promise I’m not going to be a problem.,16,,,,,,,,
4175,THE TAKE,heist-customer,heist.hostage_reassured_hard,heist.hostage_reassured_hard.mp3,yes,,Then take it and go. Please just take it and go.,11,,,,,,,,
4176,THE TAKE,heist-customer,heist.hostage_reassured_hard_two,heist.hostage_reassured_hard_two.mp3,yes,,Don’t tell me it’s fine. Nothing about this is fine.,10,,,,,,,,
4177,THE TAKE,heist-customer,heist.hostage_reassured_hard_three,heist.hostage_reassured_hard_three.mp3,yes,,Just say how long. Somebody tell me how long.,9,,,,,,,,
4178,THE TAKE,heist-customer,heist.hostage_hands_over,heist.hostage_hands_over.mp3,yes,,That’s all of it. That’s everything I have on me.,10,,,,,,,,
4179,THE TAKE,heist-customer,heist.hostage_hands_over_two,heist.hostage_hands_over_two.mp3,yes,,"Take the watch too. It was a gift, but take it.",11,,,,,,,,
4180,THE TAKE,heist-customer,heist.hostage_hands_over_three,heist.hostage_hands_over_three.mp3,yes,,"There. There, it’s yours, it’s all yours.",7,,,,,,,,
4181,THE TAKE,heist-customer,heist.hostage_refuses,heist.hostage_refuses.mp3,yes,,I don’t have anything. I came in to pay a bill.,11,,,,,,,,
4182,THE TAKE,heist-customer,heist.hostage_refuses_two,heist.hostage_refuses_two.mp3,yes,,You’ve had it. There is nothing else in these pockets.,10,,,,,,,,
4183,THE TAKE,heist-customer,heist.hostage_refuses_three,heist.hostage_refuses_three.mp3,yes,,I’m overdrawn. That’s why I’m standing in a bank with nothing in my pockets.,14,,,,,,,,
4184,THE TAKE,heist-customer,heist.hostage_tied,heist.hostage_tied.mp3,yes,,It’s too tight. It’s too tight.,6,,,,,,,,
4185,THE TAKE,heist-customer,heist.hostage_tied_two,heist.hostage_tied_two.mp3,yes,,"Okay. Okay, I’m not fighting it.",6,,,,,,,,
4186,THE TAKE,heist-customer,heist.hostage_tied_three,heist.hostage_tied_three.mp3,yes,,My hands are going numb. Are they meant to go numb?,11,,,,,,,,
4187,THE TAKE,heist-customer,heist.hostage_caught,heist.hostage_caught.mp3,yes,,I wasn’t reaching for anything. I wasn’t.,7,,,,,,,,
4188,THE TAKE,heist-customer,heist.hostage_caught_two,heist.hostage_caught_two.mp3,yes,,"It’s a phone. It’s only a phone, I’m putting it down.",11,,,,,,,,
4189,THE TAKE,heist-customer,heist.hostage_witness,heist.hostage_witness.mp3,yes,,"You shot him. Oh God, you shot him.",8,,,,,,,,
4190,THE TAKE,heist-customer,heist.hostage_witness_two,heist.hostage_witness_two.mp3,yes,,He’s not moving. Somebody — he isn’t moving.,8,,,,,,,,
4191,THE TAKE,heist-manager,heist.manager_second,heist.manager_second.mp3,yes,,The timer does not care that you are in a hurry. Neither do I.,14,,,,,,,,
4192,THE TAKE,rippinflow,heist.rippin_tower_right,heist.rippin_tower_right.mp3,yes,,"Glass tower on the corner. Right there, and do not slow down for the light.",15,,,,,,,,
4193,THE TAKE,rippinflow,heist.rippin_swap_ahead,heist.rippin_swap_ahead.mp3,yes,,"Canal road. Yard gate on your left, four hundred metres. Lights off before you turn in.",16,,,,,,,,
4194,THE TAKE,snow,heist.snow_lost_them,heist.snow_lost_them.mp3,yes,,Nothing behind us. Nothing above us. We are a grey car on a service road.,15,,,,,,,,
4195,THE TAKE,rippinflow,heist.rippin_pursuit_close,heist.rippin_pursuit_close.mp3,yes,,"He is on the bumper. Do not brake for him, he will just get braver.",15,,,,,,,,
4196,THE TAKE,snow,heist.snow_pursuit_stopped,heist.snow_pursuit_stopped.mp3,yes,,Why are we stationary? A parked car is a surrender. Move it.,12,,,,,,,,
4197,THE TAKE,rippinflow,heist.rippin_pursuit_ram,heist.rippin_pursuit_ram.mp3,yes,,"That was on purpose! He is trying to put us into a wall — go, go, do not let him line it up again.",24,,,,,,,,
4198,THE TAKE,lou,heist.lou_radio_open,heist.lou_radio_open.mp3,yes,,Prospect. You are on my clock now. Do what Snow says and come back with everybody you left with.,19,,,,,,,,
4199,THE TAKE,lou,heist.lou_radio_lobby,heist.lou_radio_lobby.mp3,yes,,"Those people on the floor are the bank’s problem, not yours. Do not make them yours.",16,,,,,,,,
4200,THE TAKE,lou,heist.lou_radio_vault,heist.lou_radio_vault.mp3,yes,,Eight bags on that trolley. Eight is the number. I do not want to hear a seven.,17,,,,,,,,
4201,THE TAKE,lou,heist.lou_radio_street,heist.lou_radio_street.mp3,yes,,I can hear the sirens from my office. Get off that street.,12,,,,,,,,
4202,THE TAKE,lou,heist.lou_debrief_open,heist.lou_debrief_open.mp3,yes,,"Sit down, all of you. I only ever ask two things after a day like this.",16,,,,,,,,
4203,THE TAKE,lou,heist.lou_debrief_people_clean,heist.lou_debrief_people_clean.mp3,yes,,First one. Everybody who walked into that lobby walked back out of it. That is the whole reason I use you and not somebody cheaper.,25,,,,,,,,
4204,THE TAKE,lou,heist.lou_debrief_people_dirty,heist.lou_debrief_people_dirty.mp3,yes,,"First one, and you already know the answer. Somebody who came in to cash a cheque did not walk back out. That follows this family around for years.",28,,"Somebody came in to cash a cheque and went home in a bag. That is not a robbery any more, kid. That's a murder with a bank attached, and it sits on this family for twenty years.","You know what you did. A woman came in on her lunch break to cash a cheque, and she is not going back to work. Now here's the part you're not thinking about. Nobody looks for money. Everybody looks for a body. You didn't rob a bank today. You made a bank into a place where somebody died, and that has a memory on it like nothing else in this business.",Some poor woman came in to cash a cheque and went out under a sheet. D'you know what that is? That's twenty years. That's twenty years of every guard in this state havin' a photo of her on a wall and your name under it.,"A customer came in to cash a cheque and left in a bag. Do you understand what you've done to the risk profile of this entire organization? You have converted a property crime into a homicide, and homicide has no statute of limitations and no sense of humour.",Somebody came in to cash a cheque. And she didn't go home. That's the thing that stays. The money goes. That stays.,open,"The content is right and the temperature is wrong. Lou is being an HR memo about a dead civilian. He should be furious in the specific way a man is furious about money and heat, which is uglier than being furious about the death."
4205,THE TAKE,lou,heist.lou_debrief_money_full,heist.lou_debrief_money_full.mp3,yes,,"Second one. All eight bags, insured paper, nothing on anybody’s person. That is the number I wanted and that is the number I got.",24,,,,,,,,
4206,THE TAKE,lou,heist.lou_debrief_money_short,heist.lou_debrief_money_short.mp3,yes,,"Second one. You left money on Mercer Street. It is insured, so nobody cries — but I asked for eight and I am counting less than eight.",27,,,,,,,,
4207,THE TAKE,lou,heist.lou_debrief_souvenirs,heist.lou_debrief_souvenirs.mp3,yes,,"And there is money in that bag that came out of a man’s coat. Take it off the table. We are not muggers, and it is coming out of your end.",31,,,,,,,,
4208,THE TAKE,lou,heist.lou_debrief_verdict_good,heist.lou_debrief_verdict_good.mp3,yes,,"Then it was a good day. Nobody hurt, everything counted, and tomorrow it is a paragraph nobody reads. Well done, kid.",21,,"Then it was a good day. Nobody bleeding, everything counted, and by Thursday it's a paragraph nobody reads. You did that. Now go home before you start liking it.","Then it was a good day. Nobody hurt, every number matched, and by Thursday it's a paragraph on page eleven that nobody finishes. You know how rare that is? I've been doing this forty years and I can count the clean ones on one hand. Go home. Sleep badly. That part never stops.","Then it was a good day. Nobody hurt, everythin' counted, and by Thursday it's a paragraph no one reads. Good lad. Now go home and don't be gettin' fond of it.","Then that's a good day. No casualties, full reconciliation, and a media footprint of one paragraph. That's not luck, that's execution. Go home, and don't let anybody buy you a drink for it.","Then it was a good day. Nobody hurt. Everything counted. Tomorrow it's a paragraph nobody reads. That's about as good as it gets, in this line.",open,"'Well done, kid' is a little-league coach. Lou's approval should feel like being handed something heavy you cannot put down."
4209,THE TAKE,lou,heist.lou_debrief_verdict_bad,heist.lou_debrief_verdict_bad.mp3,yes,,"So it was not a good day. You are still standing here, which is something. Do not let anybody tell you it was clean.",24,,,,,,,,
4210,THE TAKE,lou,heist.lou_phone_home,heist.lou_phone_home.mp3,yes,,"Everybody breathing? Good. Prospect, go home, clean up, and stay by your phone. Nobody sees anybody tonight.",17,,,,,,,,
4211,THE TAKE,lou,heist.lou_home_order,heist.lou_home_order.mp3,yes,,You came home with the crew and you came home with the money. That is what I needed to know. The rest can wait.,24,,,,,,,,
4212,THE TAKE,player,heist.prospect_phone_home,heist.prospect_phone_home.mp3,yes,,Home. Stay by the phone. I got it.,8,,,,,,,,
4213,THE TAKE,snow,heist.snow_debrief_open,heist.snow_debrief_open.mp3,yes,,"Sit down, all of you. We do this the same way every time.",13,,,,,,,,
4214,THE TAKE,snow,heist.snow_debrief_people,heist.snow_debrief_people.mp3,yes,,People first. I count six of us. Now somebody tell me the other number.,14,,,,,,,,
4215,THE TAKE,snow,heist.snow_debrief_money,heist.snow_debrief_money.mp3,yes,,"Then the money. What went in the car, and what we left on Mercer.",14,,,,,,,,
4216,THE TAKE,snow,heist.snow_debrief_clean,heist.snow_debrief_clean.mp3,yes,,Nothing on the news tonight but a number. That is what a good day looks like.,16,,,,,,,,
4217,THE TAKE,snow,heist.snow_debrief_ugly,heist.snow_debrief_ugly.mp3,yes,,That was not a job. That was a mess we walked out of. Lou hears it from me first.,19,,,,,,,,
4218,THE TAKE,numbskull,heist.numb_debrief_ledger,heist.numb_debrief_ledger.mp3,yes,,Eight bags came off the trolleys. Here is what actually got home.,12,,,,,,,,
4219,THE TAKE,deathmegatron,heist.death_debrief_count,heist.death_debrief_count.mp3,yes,,Count it twice. I am not doing this again on Lou’s carpet.,12,,,,,,,,
4220,THE TAKE,player,heist.prospect_debrief,heist.prospect_debrief.mp3,yes,,First one. I moved when Snow said move and I did not make anything worse.,15,,First one. I moved when Snow moved. I didn't make it worse. That's all I've got.,"First one. I did what Snow said, when Snow said it, and I didn't make anything worse. I keep saying that in my head like it's an achievement. I don't know if it's an achievement.","First one. I moved when I was told and I made nothin' worse. That's the whole of me report, so it is.","First job. I followed Snow, I hit my marks, and I contributed nothing anybody will remember, which I'm told is the ideal outcome.",It was my first one. I moved when Snow said move. I didn't make anything worse. I don't know what else you want from me on that.,open,A school report card. The kid sounds meek next to Snow and Lou. He should be trying to sound calm and failing.
4221,THE TAKE,player,heist.prospect_debrief_dirty,heist.prospect_debrief_dirty.mp3,yes,,First one. I did what Snow said until I did not. The rest is mine.,15,,,,,,,,
4222,Apartment and shared,player,vo.mail.flying.1,vo.mail.flying.1.mp3,yes,,He gets one safe landing and starts recruiting.,8,,,,,,,,
4223,Apartment and shared,player,vo.mail.flying.2,vo.mail.flying.2.mp3,yes,,Love to. Absolutely. After my hands stop shaking.,8,,,,,,,,
4224,Apartment and shared,player,vo.mail.flying.3,vo.mail.flying.3.mp3,yes,,"“Nothing mad,” he says, after the meat run.",8,,,,,,,,
4225,Apartment and shared,player,vo.mail.flying.4,vo.mail.flying.4.mp3,yes,,I will reply to that later. I will not reply to that.,12,,,,,,,,
4226,Apartment and shared,player,vo.toilet.hint.1,vo.toilet.hint.1.mp3,yes,,Nothing doing yet. Couple of cigarettes usually gets that moving.,10,,,,,,,,
4227,Apartment and shared,player,vo.toilet.hint.2,vo.toilet.hint.2.mp3,yes,,Not yet. Give it a few smokes and we will be back in here.,14,,,,,,,,
4228,Apartment and shared,player,vo.toilet.hint.3,vo.toilet.hint.3.mp3,yes,,Empty. It always turns up about four cigarettes in.,9,,,,,,,,
