Beat,Chapter,Scene,Order,Character,Voice,Line,Words,Ordering,Cue,File
0,CH1 PROSPECT,Squatch Smash Intro,1,Tony (the Prospect),player,"Right, let's have a look.",5,RUN — authored order,vo.pc.sit.1,vo.pc.sit.1.mp3
0,CH1 PROSPECT,Squatch Smash Intro,2,Tony (the Prospect),player,Just one game.,3,RUN — authored order,vo.pc.sit.2,vo.pc.sit.2.mp3
0,CH1 PROSPECT,Squatch Smash Intro,3,Tony (the Prospect),player,"Right, come on.",3,RUN — authored order,vo.smash.1,vo.smash.1.mp3
0,CH1 PROSPECT,Squatch Smash Intro,4,Tony (the Prospect),player,Not the hikers. Not the hikers!,6,RUN — authored order,vo.smash.2,vo.smash.2.mp3
0,CH1 PROSPECT,Squatch Smash Intro,5,Tony (the Prospect),player,Right then.,2,RUN — authored order,vo.pc.sit.3,vo.pc.sit.3.mp3
0,CH1 PROSPECT,Squatch Smash Intro,6,Tony (the Prospect),player,Ten minutes. That is all this is.,7,RUN — authored order,vo.pc.sit.4,vo.pc.sit.4.mp3
0,CH1 PROSPECT,Squatch Smash Intro,7,Tony (the Prospect),player,Let us see what the boys are doing.,8,RUN — authored order,vo.pc.sit.5,vo.pc.sit.5.mp3
0,CH1 PROSPECT,Squatch Smash Intro,8,Tony (the Prospect),player,That is a score. That is a real score.,9,RUN — authored order,vo.smash.3,vo.smash.3.mp3
0,CH1 PROSPECT,Squatch Smash Intro,9,Tony (the Prospect),player,Beat it. Barely. But beat it.,6,RUN — authored order,vo.smash.4,vo.smash.4.mp3
0,CH1 PROSPECT,Squatch Smash Intro,10,Tony (the Prospect),player,One more. One more and then I get on with things.,11,RUN — authored order,vo.smash.5,vo.smash.5.mp3
0,CH1 PROSPECT,Squatch Smash Intro,11,Tony (the Prospect),player,This game is rigged and I love it.,8,RUN — authored order,vo.smash.6,vo.smash.6.mp3
1,CH1 PROSPECT,First Apartment,1,Tony (the Prospect),player,Nope.,1,RUN — authored order,vo.wake.1,vo.wake.1.mp3
1,CH1 PROSPECT,First Apartment,2,Tony (the Prospect),player,"What time is… no. No, that is not right.",9,RUN — authored order,vo.wake.2,vo.wake.2.mp3
1,CH1 PROSPECT,First Apartment,3,Tony (the Prospect),player,Right. Awake. Great.,3,RUN — authored order,vo.wake.3,vo.wake.3.mp3
1,CH1 PROSPECT,First Apartment,4,Tony (the Prospect),player,Feet. Floor. Fine.,3,RUN — authored order,vo.getup.1,vo.getup.1.mp3
1,CH1 PROSPECT,First Apartment,5,Tony (the Prospect),player,Up. There we go.,4,RUN — authored order,vo.getup.2,vo.getup.2.mp3
1,CH1 PROSPECT,First Apartment,6,Tony (the Prospect),player,Just for a minute.,4,RUN — authored order,vo.liedown.1,vo.liedown.1.mp3
1,CH1 PROSPECT,First Apartment,7,Tony (the Prospect),player,"Yeah, no, this was the right call.",7,RUN — authored order,vo.liedown.2,vo.liedown.2.mp3
1,CH1 PROSPECT,First Apartment,8,Tony (the Prospect),player,Goodnight to me.,3,RUN — authored order,vo.sleep.1,vo.sleep.1.mp3
1,CH1 PROSPECT,First Apartment,9,Tony (the Prospect),player,"See you tomorrow, I suppose.",5,RUN — authored order,vo.sleep.2,vo.sleep.2.mp3
1,CH1 PROSPECT,First Apartment,10,Tony (the Prospect),player,Same as it was an hour ago.,7,RUN — authored order,vo.fridge.1,vo.fridge.1.mp3
1,CH1 PROSPECT,First Apartment,11,Tony (the Prospect),player,Cold air. Great. Love that.,5,RUN — authored order,vo.fridge.2,vo.fridge.2.mp3
1,CH1 PROSPECT,First Apartment,12,Tony (the Prospect),player,I keep thinking something new will be in here.,9,RUN — authored order,vo.fridge.3,vo.fridge.3.mp3
1,CH1 PROSPECT,First Apartment,13,Tony (the Prospect),player,There we go.,3,RUN — authored order,vo.beer.open.1,vo.beer.open.1.mp3
1,CH1 PROSPECT,First Apartment,14,Tony (the Prospect),player,Six-oh-four. Somewhere it's five.,4,RUN — authored order,vo.beer.open.2,vo.beer.open.2.mp3
1,CH1 PROSPECT,First Apartment,15,Tony (the Prospect),player,"Oh, that's the one.",4,RUN — authored order,vo.beer.good.1,vo.beer.good.1.mp3
1,CH1 PROSPECT,First Apartment,16,Tony (the Prospect),player,Yep. That's it. That's the feeling.,6,RUN — authored order,vo.beer.good.2,vo.beer.good.2.mp3
1,CH1 PROSPECT,First Apartment,17,Tony (the Prospect),player,Should probably slow down. Noted. Ignored.,6,RUN — authored order,vo.beer.many.1,vo.beer.many.1.mp3
1,CH1 PROSPECT,First Apartment,18,Tony (the Prospect),player,That one went somewhere different.,5,RUN — authored order,vo.beer.many.2,vo.beer.many.2.mp3
1,CH1 PROSPECT,First Apartment,19,Tony (the Prospect),player,"Okay. Okay, we're doing this.",5,RUN — authored order,vo.beer.many.3,vo.beer.many.3.mp3
1,CH1 PROSPECT,First Apartment,20,Tony (the Prospect),player,That was the last one. That's a decision I made.,10,RUN — authored order,vo.beer.last.1,vo.beer.last.1.mp3
1,CH1 PROSPECT,First Apartment,21,Tony (the Prospect),player,"Oh, that's horrible.",3,RUN — authored order,vo.whiskey.1,vo.whiskey.1.mp3
1,CH1 PROSPECT,First Apartment,22,Tony (the Prospect),player,Nope. Still horrible.,3,RUN — authored order,vo.whiskey.2,vo.whiskey.2.mp3
1,CH1 PROSPECT,First Apartment,23,Tony (the Prospect),player,Jack. And Daniels. Both of them.,6,RUN — authored order,vo.whiskey.3,vo.whiskey.3.mp3
1,CH1 PROSPECT,First Apartment,24,Tony (the Prospect),player,Right.,1,RUN — authored order,vo.cig.light.1,vo.cig.light.1.mp3
1,CH1 PROSPECT,First Apartment,25,Tony (the Prospect),player,Last one. Obviously not the last one.,7,RUN — authored order,vo.cig.light.2,vo.cig.light.2.mp3
1,CH1 PROSPECT,First Apartment,26,Tony (the Prospect),player,Mm.,1,RUN — authored order,vo.cig.drag.1,vo.cig.drag.1.mp3
1,CH1 PROSPECT,First Apartment,27,Tony (the Prospect),player,There it is.,3,RUN — authored order,vo.cig.drag.2,vo.cig.drag.2.mp3
1,CH1 PROSPECT,First Apartment,28,Tony (the Prospect),player,"That's the pack. I'll be buying more, then.",8,RUN — authored order,vo.cig.last.1,vo.cig.last.1.mp3
1,CH1 PROSPECT,First Apartment,29,Tony (the Prospect),player,In she goes.,3,RUN — authored order,vo.zyn.1,vo.zyn.1.mp3
1,CH1 PROSPECT,First Apartment,30,Tony (the Prospect),player,Six milligrams of feeling something.,5,RUN — authored order,vo.zyn.2,vo.zyn.2.mp3
1,CH1 PROSPECT,First Apartment,31,Tony (the Prospect),player,"Oh, that's a mistake.",4,RUN — authored order,vo.bong.1,vo.bong.1.mp3
1,CH1 PROSPECT,First Apartment,32,Tony (the Prospect),player,Right. Well. There goes the afternoon.,6,RUN — authored order,vo.bong.2,vo.bong.2.mp3
1,CH1 PROSPECT,First Apartment,33,Tony (the Prospect),player,This is a terrible idea and I'm doing it anyway.,10,RUN — authored order,vo.shrooms.1,vo.shrooms.1.mp3
1,CH1 PROSPECT,First Apartment,34,Tony (the Prospect),player,"I'll be honest, I don't remember buying these.",8,RUN — authored order,vo.shrooms.2,vo.shrooms.2.mp3
1,CH1 PROSPECT,First Apartment,35,Tony (the Prospect),player,Ohhh. Yeah.,2,RUN — authored order,vo.pee.1,vo.pee.1.mp3
1,CH1 PROSPECT,First Apartment,36,Tony (the Prospect),player,That was overdue.,3,RUN — authored order,vo.pee.2,vo.pee.2.mp3
1,CH1 PROSPECT,First Apartment,37,Tony (the Prospect),player,Oh. Oh no. Okay.,4,RUN — authored order,vo.poop.urge.1,vo.poop.urge.1.mp3
1,CH1 PROSPECT,First Apartment,38,Tony (the Prospect),player,"Nope, that's happening. Move.",4,RUN — authored order,vo.poop.urge.2,vo.poop.urge.2.mp3
1,CH1 PROSPECT,First Apartment,39,Tony (the Prospect),player,We got there.,3,RUN — authored order,vo.poop.relief.1,vo.poop.relief.1.mp3
1,CH1 PROSPECT,First Apartment,40,Tony (the Prospect),player,Do not want to talk about it.,7,RUN — authored order,vo.poop.relief.2,vo.poop.relief.2.mp3
1,CH1 PROSPECT,First Apartment,41,Tony (the Prospect),player,Yep.,1,RUN — authored order,vo.fart.1,vo.fart.1.mp3
1,CH1 PROSPECT,First Apartment,42,Tony (the Prospect),player,Nobody here. Nobody to mind.,5,RUN — authored order,vo.fart.2,vo.fart.2.mp3
1,CH1 PROSPECT,First Apartment,43,Tony (the Prospect),player,Excuse me. To nobody.,4,RUN — authored order,vo.fart.3,vo.fart.3.mp3
1,CH1 PROSPECT,First Apartment,44,Tony (the Prospect),player,Right.,1,RUN — authored order,vo.idle.1,vo.idle.1.mp3
1,CH1 PROSPECT,First Apartment,45,Tony (the Prospect),player,So.,1,RUN — authored order,vo.idle.2,vo.idle.2.mp3
1,CH1 PROSPECT,First Apartment,46,Tony (the Prospect),player,Hm.,1,RUN — authored order,vo.idle.3,vo.idle.3.mp3
1,CH1 PROSPECT,First Apartment,47,Tony (the Prospect),player,There's nothing on.,3,RUN — authored order,vo.idle.4,vo.idle.4.mp3
1,CH1 PROSPECT,First Apartment,48,Tony (the Prospect),player,"I could do something. I'm not going to, but I could.",11,RUN — authored order,vo.idle.5,vo.idle.5.mp3
1,CH1 PROSPECT,First Apartment,49,Tony (the Prospect),player,"Cold. Cold. Cold — oh, there we go.",8,RUN — authored order,vo.shower.1,vo.shower.1.mp3
1,CH1 PROSPECT,First Apartment,50,Tony (the Prospect),player,Right. That's better. That's much better.,6,RUN — authored order,vo.shower.2,vo.shower.2.mp3
1,CH1 PROSPECT,First Apartment,51,Tony (the Prospect),player,"Pasture raised, apparently.",3,RUN — authored order,vo.eat.1,vo.eat.1.mp3
1,CH1 PROSPECT,First Apartment,52,Tony (the Prospect),player,That's the first thing I've eaten since yesterday.,8,RUN — authored order,vo.eat.2,vo.eat.2.mp3
1,CH1 PROSPECT,First Apartment,53,Tony (the Prospect),player,Clean shirt. Look at me.,5,RUN — authored order,vo.dress.1,vo.dress.1.mp3
1,CH1 PROSPECT,First Apartment,54,Tony (the Prospect),player,No. I need a shower first. I'm aware.,8,RUN — authored order,vo.door.shower.1,vo.door.shower.1.mp3
1,CH1 PROSPECT,First Apartment,55,Tony (the Prospect),player,I'm in what I slept in. Can't turn up in this.,11,RUN — authored order,vo.door.dressed.1,vo.door.dressed.1.mp3
1,CH1 PROSPECT,First Apartment,56,Tony (the Prospect),player,I've not eaten. I'll be useless.,6,RUN — authored order,vo.door.eat.1,vo.door.eat.1.mp3
1,CH1 PROSPECT,First Apartment,57,Tony (the Prospect),player,I told the boys I'd get a game in. Should probably do that.,13,RUN — authored order,vo.door.cs.1,vo.door.cs.1.mp3
1,CH1 PROSPECT,First Apartment,58,Tony (the Prospect),player,Ninety minutes in that room. I should go first.,9,RUN — authored order,vo.door.piss.1,vo.door.piss.1.mp3
1,CH1 PROSPECT,First Apartment,59,Tony (the Prospect),player,Absolutely not. Not until that's dealt with.,7,RUN — authored order,vo.door.poop.1,vo.door.poop.1.mp3
1,CH1 PROSPECT,First Apartment,60,Tony (the Prospect),player,Can't turn up holding this. Well. Shouldn't.,7,RUN — authored order,vo.door.beer.1,vo.door.beer.1.mp3
1,CH1 PROSPECT,First Apartment,61,Tony (the Prospect),player,…No. Not like this. They'd know.,6,RUN — authored order,vo.door.drunk.1,vo.door.drunk.1.mp3
1,CH1 PROSPECT,First Apartment,62,Tony (the Prospect),player,Right. That's everything. Let's go.,5,RUN — authored order,vo.door.leave.1,vo.door.leave.1.mp3
1,CH1 PROSPECT,First Apartment,63,Tony (the Prospect),player,Okay. Wednesday. Here we go.,5,RUN — authored order,vo.door.leave.2,vo.door.leave.2.mp3
1,CH1 PROSPECT,First Apartment,64,Tony (the Prospect),player,"Oh, absolutely not.",3,RUN — authored order,vo.wake.4,vo.wake.4.mp3
1,CH1 PROSPECT,First Apartment,65,Tony (the Prospect),player,Six. It is six. Why is it six.,8,RUN — authored order,vo.wake.5,vo.wake.5.mp3
1,CH1 PROSPECT,First Apartment,66,Tony (the Prospect),player,"I was having a good one, as well.",8,RUN — authored order,vo.wake.6,vo.wake.6.mp3
1,CH1 PROSPECT,First Apartment,67,Tony (the Prospect),player,Ceiling. Same ceiling.,3,RUN — authored order,vo.wake.7,vo.wake.7.mp3
1,CH1 PROSPECT,First Apartment,68,Tony (the Prospect),player,Right. Up. Vertical. Doing it.,5,RUN — authored order,vo.getup.3,vo.getup.3.mp3
1,CH1 PROSPECT,First Apartment,69,Tony (the Prospect),player,Floor is cold. Noted. Ignored.,5,RUN — authored order,vo.getup.4,vo.getup.4.mp3
1,CH1 PROSPECT,First Apartment,70,Tony (the Prospect),player,One thing at a time.,5,RUN — authored order,vo.getup.5,vo.getup.5.mp3
1,CH1 PROSPECT,First Apartment,71,Tony (the Prospect),player,Okay. What are we doing today.,6,RUN — authored order,vo.getup.6,vo.getup.6.mp3
1,CH1 PROSPECT,First Apartment,72,Tony (the Prospect),player,This is not going back to sleep. This is lying down.,11,RUN — authored order,vo.liedown.3,vo.liedown.3.mp3
1,CH1 PROSPECT,First Apartment,73,Tony (the Prospect),player,It is still early. Technically.,5,RUN — authored order,vo.liedown.4,vo.liedown.4.mp3
1,CH1 PROSPECT,First Apartment,74,Tony (the Prospect),player,Nothing was going to happen today anyway.,7,RUN — authored order,vo.sleep.3,vo.sleep.3.mp3
1,CH1 PROSPECT,First Apartment,75,Tony (the Prospect),player,There is nothing in here. There is never anything in here.,11,RUN — authored order,vo.fridge.4,vo.fridge.4.mp3
1,CH1 PROSPECT,First Apartment,76,Tony (the Prospect),player,Eggs. There are eggs. That is breakfast sorted.,8,RUN — authored order,vo.fridge.5,vo.fridge.5.mp3
1,CH1 PROSPECT,First Apartment,77,Tony (the Prospect),player,That has been in there a while.,7,RUN — authored order,vo.fridge.6,vo.fridge.6.mp3
1,CH1 PROSPECT,First Apartment,78,Tony (the Prospect),player,Cold air. Good. Just going to stand here a moment.,10,RUN — authored order,vo.fridge.7,vo.fridge.7.mp3
1,CH1 PROSPECT,First Apartment,79,Tony (the Prospect),player,Not bad. Not good. Eaten.,5,RUN — authored order,vo.eat.3,vo.eat.3.mp3
1,CH1 PROSPECT,First Apartment,80,Tony (the Prospect),player,That is food in me. That counts.,7,RUN — authored order,vo.eat.4,vo.eat.4.mp3
1,CH1 PROSPECT,First Apartment,81,Tony (the Prospect),player,Should have done that hours ago.,6,RUN — authored order,vo.eat.5,vo.eat.5.mp3
1,CH1 PROSPECT,First Apartment,82,Tony (the Prospect),player,Go on then.,3,RUN — authored order,vo.beer.open.3,vo.beer.open.3.mp3
1,CH1 PROSPECT,First Apartment,83,Tony (the Prospect),player,It is somewhere in the world.,6,RUN — authored order,vo.beer.open.4,vo.beer.open.4.mp3
1,CH1 PROSPECT,First Apartment,84,Tony (the Prospect),player,That is the one.,4,RUN — authored order,vo.beer.good.3,vo.beer.good.3.mp3
1,CH1 PROSPECT,First Apartment,85,Tony (the Prospect),player,"Oh, that is cold. That is properly cold.",8,RUN — authored order,vo.beer.good.4,vo.beer.good.4.mp3
1,CH1 PROSPECT,First Apartment,86,Tony (the Prospect),player,How many is that. Do not answer that.,8,RUN — authored order,vo.beer.many.4,vo.beer.many.4.mp3
1,CH1 PROSPECT,First Apartment,87,Tony (the Prospect),player,I am going to regret the arithmetic on this.,9,RUN — authored order,vo.beer.many.5,vo.beer.many.5.mp3
1,CH1 PROSPECT,First Apartment,88,Tony (the Prospect),player,One more and then I am stopping. Genuinely.,8,RUN — authored order,vo.beer.many.6,vo.beer.many.6.mp3
1,CH1 PROSPECT,First Apartment,89,Tony (the Prospect),player,"Right in the chest, that.",5,RUN — authored order,vo.whiskey.4,vo.whiskey.4.mp3
1,CH1 PROSPECT,First Apartment,90,Tony (the Prospect),player,That was more than I meant to take.,8,RUN — authored order,vo.whiskey.5,vo.whiskey.5.mp3
1,CH1 PROSPECT,First Apartment,91,Tony (the Prospect),player,Bit early for this. Bit early.,6,RUN — authored order,vo.whiskey.6,vo.whiskey.6.mp3
1,CH1 PROSPECT,First Apartment,92,Tony (the Prospect),player,Woof. Okay.,2,RUN — authored order,vo.whiskey.7,vo.whiskey.7.mp3
1,CH1 PROSPECT,First Apartment,93,Tony (the Prospect),player,Filthy. Necessary.,2,RUN — authored order,vo.cig.light.3,vo.cig.light.3.mp3
1,CH1 PROSPECT,First Apartment,94,Tony (the Prospect),player,"Out of the window, out of the window.",8,RUN — authored order,vo.cig.light.4,vo.cig.light.4.mp3
1,CH1 PROSPECT,First Apartment,95,Tony (the Prospect),player,That is better. That is actually better.,7,RUN — authored order,vo.cig.drag.3,vo.cig.drag.3.mp3
1,CH1 PROSPECT,First Apartment,96,Tony (the Prospect),player,Should not enjoy that as much as I do.,9,RUN — authored order,vo.cig.drag.4,vo.cig.drag.4.mp3
1,CH1 PROSPECT,First Apartment,97,Tony (the Prospect),player,Last one. That is the pack.,6,RUN — authored order,vo.cig.last.2,vo.cig.last.2.mp3
1,CH1 PROSPECT,First Apartment,98,Tony (the Prospect),player,Well. That is that decision made for me.,8,RUN — authored order,vo.cig.last.3,vo.cig.last.3.mp3
1,CH1 PROSPECT,First Apartment,99,Tony (the Prospect),player,Upper lip. Sorted.,3,RUN — authored order,vo.zyn.3,vo.zyn.3.mp3
1,CH1 PROSPECT,First Apartment,100,Tony (the Prospect),player,That is a strong one.,5,RUN — authored order,vo.zyn.4,vo.zyn.4.mp3
1,CH1 PROSPECT,First Apartment,101,Tony (the Prospect),player,Hands are steady. That is all I wanted.,8,RUN — authored order,vo.zyn.5,vo.zyn.5.mp3
1,CH1 PROSPECT,First Apartment,102,Tony (the Prospect),player,Okay. Okay. That was a big one.,7,RUN — authored order,vo.bong.3,vo.bong.3.mp3
1,CH1 PROSPECT,First Apartment,103,Tony (the Prospect),player,Not going anywhere for a bit.,6,RUN — authored order,vo.bong.4,vo.bong.4.mp3
1,CH1 PROSPECT,First Apartment,104,Tony (the Prospect),player,Everything just got very reasonable.,5,RUN — authored order,vo.bong.5,vo.bong.5.mp3
1,CH1 PROSPECT,First Apartment,105,Tony (the Prospect),player,Right. I still have things to do. I am aware.,10,RUN — authored order,vo.bong.6,vo.bong.6.mp3
1,CH1 PROSPECT,First Apartment,106,Tony (the Prospect),player,Tastes like a shed.,4,RUN — authored order,vo.shrooms.3,vo.shrooms.3.mp3
1,CH1 PROSPECT,First Apartment,107,Tony (the Prospect),player,Nothing is happening. Nothing is happening at all.,8,RUN — authored order,vo.shrooms.4,vo.shrooms.4.mp3
1,CH1 PROSPECT,First Apartment,108,Tony (the Prospect),player,"Oh. Oh, there it is.",5,RUN — authored order,vo.shrooms.5,vo.shrooms.5.mp3
1,CH1 PROSPECT,First Apartment,109,Tony (the Prospect),player,The wall is doing something. The wall is definitely doing something.,11,RUN — authored order,vo.shrooms.6,vo.shrooms.6.mp3
1,CH1 PROSPECT,First Apartment,110,Tony (the Prospect),player,That is a relief and a half.,7,RUN — authored order,vo.pee.3,vo.pee.3.mp3
1,CH1 PROSPECT,First Apartment,111,Tony (the Prospect),player,Some of that went in.,5,RUN — authored order,vo.pee.4,vo.pee.4.mp3
1,CH1 PROSPECT,First Apartment,112,Tony (the Prospect),player,I will clean that up. Later. Probably.,7,RUN — authored order,vo.pee.5,vo.pee.5.mp3
1,CH1 PROSPECT,First Apartment,113,Tony (the Prospect),player,"Nope. Nope, that is happening now.",6,RUN — authored order,vo.poop.urge.3,vo.poop.urge.3.mp3
1,CH1 PROSPECT,First Apartment,114,Tony (the Prospect),player,"Bathroom. Bathroom, immediately.",3,RUN — authored order,vo.poop.urge.4,vo.poop.urge.4.mp3
1,CH1 PROSPECT,First Apartment,115,Tony (the Prospect),player,Right. That is the day properly started.,7,RUN — authored order,vo.poop.relief.3,vo.poop.relief.3.mp3
1,CH1 PROSPECT,First Apartment,116,Tony (the Prospect),player,Ten out of ten. No notes.,6,RUN — authored order,vo.poop.relief.4,vo.poop.relief.4.mp3
1,CH1 PROSPECT,First Apartment,117,Tony (the Prospect),player,I feel like a different man.,6,RUN — authored order,vo.poop.relief.5,vo.poop.relief.5.mp3
1,CH1 PROSPECT,First Apartment,118,Tony (the Prospect),player,Nobody heard that.,3,RUN — authored order,vo.fart.4,vo.fart.4.mp3
1,CH1 PROSPECT,First Apartment,119,Tony (the Prospect),player,That was not on purpose.,5,RUN — authored order,vo.fart.5,vo.fart.5.mp3
1,CH1 PROSPECT,First Apartment,120,Tony (the Prospect),player,"Bit of a big one, that.",6,RUN — authored order,vo.fart.6,vo.fart.6.mp3
1,CH1 PROSPECT,First Apartment,121,Tony (the Prospect),player,Beer does that.,3,RUN — authored order,vo.fart.7,vo.fart.7.mp3
1,CH1 PROSPECT,First Apartment,122,Tony (the Prospect),player,Cold. Cold. There we go.,5,RUN — authored order,vo.shower.3,vo.shower.3.mp3
1,CH1 PROSPECT,First Apartment,123,Tony (the Prospect),player,I could stay in here all day.,7,RUN — authored order,vo.shower.4,vo.shower.4.mp3
1,CH1 PROSPECT,First Apartment,124,Tony (the Prospect),player,Right. Out. Come on.,4,RUN — authored order,vo.shower.5,vo.shower.5.mp3
1,CH1 PROSPECT,First Apartment,125,Tony (the Prospect),player,Clean. Genuinely clean. That is new.,6,RUN — authored order,vo.shower.6,vo.shower.6.mp3
1,CH1 PROSPECT,First Apartment,126,Tony (the Prospect),player,A shirt. A whole clean shirt.,6,RUN — authored order,vo.dress.2,vo.dress.2.mp3
1,CH1 PROSPECT,First Apartment,127,Tony (the Prospect),player,That will do. That will absolutely do.,7,RUN — authored order,vo.dress.3,vo.dress.3.mp3
1,CH1 PROSPECT,First Apartment,128,Tony (the Prospect),player,Looking almost like a person.,5,RUN — authored order,vo.dress.4,vo.dress.4.mp3
1,CH1 PROSPECT,First Apartment,129,Tony (the Prospect),player,Wednesday. Right. That is tomorrow.,5,RUN — authored order,vo.notice.1,vo.notice.1.mp3
1,CH1 PROSPECT,First Apartment,130,Tony (the Prospect),player,Seven o clock. I can do seven o clock.,9,RUN — authored order,vo.notice.2,vo.notice.2.mp3
1,CH1 PROSPECT,First Apartment,131,Tony (the Prospect),player,"Showered, dressed, fed. That is not a lot to ask.",10,RUN — authored order,vo.notice.3,vo.notice.3.mp3
1,CH1 PROSPECT,First Apartment,132,Tony (the Prospect),player,I am not being the one who turns up at half seven.,12,RUN — authored order,vo.notice.4,vo.notice.4.mp3
1,CH1 PROSPECT,First Apartment,133,Tony (the Prospect),player,Good. Glad they said. I would have forgotten.,8,RUN — authored order,vo.notice.5,vo.notice.5.mp3
1,CH1 PROSPECT,First Apartment,134,Tony (the Prospect),player,Not like this. I need a shower first.,8,RUN — authored order,vo.door.shower.2,vo.door.shower.2.mp3
1,CH1 PROSPECT,First Apartment,135,Tony (the Prospect),player,I can smell myself. That is a bad sign.,9,RUN — authored order,vo.door.shower.3,vo.door.shower.3.mp3
1,CH1 PROSPECT,First Apartment,136,Tony (the Prospect),player,I am in what I slept in. Absolutely not.,9,RUN — authored order,vo.door.dressed.2,vo.door.dressed.2.mp3
1,CH1 PROSPECT,First Apartment,137,Tony (the Prospect),player,Clean shirt first. Come on.,5,RUN — authored order,vo.door.dressed.3,vo.door.dressed.3.mp3
1,CH1 PROSPECT,First Apartment,138,Tony (the Prospect),player,I have not eaten. I will be useless.,8,RUN — authored order,vo.door.eat.2,vo.door.eat.2.mp3
1,CH1 PROSPECT,First Apartment,139,Tony (the Prospect),player,There are eggs. Two minutes. Do the eggs.,8,RUN — authored order,vo.door.eat.3,vo.door.eat.3.mp3
1,CH1 PROSPECT,First Apartment,140,Tony (the Prospect),player,I said I would get a game in with the boys.,11,RUN — authored order,vo.door.cs.2,vo.door.cs.2.mp3
1,CH1 PROSPECT,First Apartment,141,Tony (the Prospect),player,"One match. I promised. Well, I implied.",7,RUN — authored order,vo.door.cs.3,vo.door.cs.3.mp3
1,CH1 PROSPECT,First Apartment,142,Tony (the Prospect),player,Not making that journey like this.,6,RUN — authored order,vo.door.piss.2,vo.door.piss.2.mp3
1,CH1 PROSPECT,First Apartment,143,Tony (the Prospect),player,Bathroom first. Obviously bathroom first.,5,RUN — authored order,vo.door.piss.3,vo.door.piss.3.mp3
1,CH1 PROSPECT,First Apartment,144,Tony (the Prospect),player,Absolutely not. Not with this going on.,7,RUN — authored order,vo.door.poop.2,vo.door.poop.2.mp3
1,CH1 PROSPECT,First Apartment,145,Tony (the Prospect),player,That is not a public transport situation.,7,RUN — authored order,vo.door.poop.3,vo.door.poop.3.mp3
1,CH1 PROSPECT,First Apartment,146,Tony (the Prospect),player,One for the road first.,5,RUN — authored order,vo.door.beer.2,vo.door.beer.2.mp3
1,CH1 PROSPECT,First Apartment,147,Tony (the Prospect),player,There is time. There is loads of time.,8,RUN — authored order,vo.door.beer.3,vo.door.beer.3.mp3
1,CH1 PROSPECT,First Apartment,148,Tony (the Prospect),player,I am not turning up like this.,7,RUN — authored order,vo.door.drunk.2,vo.door.drunk.2.mp3
1,CH1 PROSPECT,First Apartment,149,Tony (the Prospect),player,Give it an hour. Give it a good hour.,9,RUN — authored order,vo.door.drunk.3,vo.door.drunk.3.mp3
1,CH1 PROSPECT,First Apartment,150,Tony (the Prospect),player,They will know. They always know.,6,RUN — authored order,vo.door.drunk.4,vo.door.drunk.4.mp3
1,CH1 PROSPECT,First Apartment,151,Tony (the Prospect),player,"Right. Wallet, keys, door.",4,RUN — authored order,vo.door.leave.3,vo.door.leave.3.mp3
1,CH1 PROSPECT,First Apartment,152,Tony (the Prospect),player,"Off we go, then.",4,RUN — authored order,vo.door.leave.4,vo.door.leave.4.mp3
1,CH1 PROSPECT,First Apartment,153,Tony (the Prospect),player,See you on the other side of that.,8,RUN — authored order,vo.door.leave.5,vo.door.leave.5.mp3
1,CH1 PROSPECT,First Apartment,154,Tony (the Prospect),player,"This is the day, then.",5,RUN — authored order,vo.idle.6,vo.idle.6.mp3
1,CH1 PROSPECT,First Apartment,155,Tony (the Prospect),player,Something should probably happen at some point.,7,RUN — authored order,vo.idle.7,vo.idle.7.mp3
1,CH1 PROSPECT,First Apartment,156,Tony (the Prospect),player,I could just stand here. That is an option.,9,RUN — authored order,vo.idle.8,vo.idle.8.mp3
1,CH1 PROSPECT,First Apartment,157,Tony (the Prospect),player,Nobody is coming round. I checked.,6,RUN — authored order,vo.idle.9,vo.idle.9.mp3
1,CH1 PROSPECT,First Apartment,158,Tony (the Prospect),player,Long way to anything happening.,5,RUN — authored order,vo.idle.10,vo.idle.10.mp3
1,CH1 PROSPECT,First Apartment,159,Tony (the Prospect),player,Three of them in that photo are dead and one of them owes me forty bucks.,16,RUN — authored order,vo.photo.1,vo.photo.1.mp3
1,CH1 PROSPECT,First Apartment,160,Tony (the Prospect),player,Let me hear you. Let me sing.,7,RUN — authored order,vo.photo.2,vo.photo.2.mp3
1,CH1 PROSPECT,First Apartment,161,Tony (the Prospect),player,It is all love.,4,RUN — authored order,vo.photo.3,vo.photo.3.mp3
1,CH1 PROSPECT,First Apartment,162,Tony (the Prospect),player,Let it be known: that was a great time.,9,RUN — authored order,vo.photo.4,vo.photo.4.mp3
1,CH1 PROSPECT,First Apartment,163,Tony (the Prospect),player,Piping hot.,2,RUN — authored order,vo.photo.5,vo.photo.5.mp3
1,CH1 PROSPECT,First Apartment,164,Tony (the Prospect),player,"Oh, that is a good one.",6,RUN — authored order,vo.photo.6,vo.photo.6.mp3
1,CH1 PROSPECT,First Apartment,165,Tony (the Prospect),player,We were so young. That was eighteen months ago.,9,RUN — authored order,vo.photo.7,vo.photo.7.mp3
1,CH1 PROSPECT,First Apartment,166,Tony (the Prospect),player,Everyone in that picture owes me money.,7,RUN — authored order,vo.photo.8,vo.photo.8.mp3
1,CH1 PROSPECT,First Apartment,167,Tony (the Prospect),player,I remember about half of that.,6,RUN — authored order,vo.photo.9,vo.photo.9.mp3
1,CH1 PROSPECT,First Apartment,168,Tony (the Prospect),player,"That was the night, that was.",6,RUN — authored order,vo.photo.10,vo.photo.10.mp3
1,CH1 PROSPECT,First Apartment,169,Tony (the Prospect),player,Look at the state of us.,6,RUN — authored order,vo.photo.11,vo.photo.11.mp3
1,CH1 PROSPECT,First Apartment,170,Tony (the Prospect),player,Good lads. All of them. Mostly.,6,RUN — authored order,vo.photo.12,vo.photo.12.mp3
1,CH1 PROSPECT,First Apartment,171,Tony (the Prospect),player,That is going to stay up there forever now.,9,RUN — authored order,vo.photo.13,vo.photo.13.mp3
1,CH1 PROSPECT,First Apartment,172,Tony (the Prospect),player,I have walked past that a thousand times.,8,RUN — authored order,vo.photo.14,vo.photo.14.mp3
1,CH1 PROSPECT,First Apartment,173,Tony (the Prospect),player,Been meaning to straighten that.,5,RUN — authored order,vo.photo.15,vo.photo.15.mp3
1,CH1 PROSPECT,First Apartment,174,Tony (the Prospect),player,"One of the good ones, that.",6,RUN — authored order,vo.photo.16,vo.photo.16.mp3
1,CH1 PROSPECT,First Apartment,175,Tony (the Prospect),player,Should get everyone together again.,5,RUN — authored order,vo.photo.17,vo.photo.17.mp3
1,CH1 PROSPECT,First Apartment,176,Tony (the Prospect),player,Nobody has aged well. Including me.,6,RUN — authored order,vo.photo.18,vo.photo.18.mp3
1,CH1 PROSPECT,First Apartment,177,Tony (the Prospect),player,All over the wall. Every time.,6,RUN — authored order,vo.glue.1,vo.glue.1.mp3
1,CH1 PROSPECT,First Apartment,178,Tony (the Prospect),player,That is the whole bottle. On the wall.,8,RUN — authored order,vo.glue.2,vo.glue.2.mp3
1,CH1 PROSPECT,First Apartment,179,Tony (the Prospect),player,"Well, the frame is not going anywhere now.",8,RUN — authored order,vo.glue.3,vo.glue.3.mp3
1,CH1 PROSPECT,First Apartment,180,Tony (the Prospect),player,Should have bought a new one months ago.,8,RUN — authored order,vo.glue.4,vo.glue.4.mp3
1,CH1 PROSPECT,First Apartment,181,Tony (the Prospect),player,"That is going to set like that. That is permanent, that is.",12,RUN — authored order,vo.glue.5,vo.glue.5.mp3
1,CH1 PROSPECT,First Apartment,182,Tony (the Prospect),player,Hands are stuck together. Brilliant.,5,RUN — authored order,vo.glue.6,vo.glue.6.mp3
1,CH1 PROSPECT,First Apartment,183,Tony (the Prospect),player,Hnngh. Come on. Come on.,5,RUN — authored order,vo.heave.a.1,vo.heave.a.1.mp3
1,CH1 PROSPECT,First Apartment,184,Tony (the Prospect),player,Nnngh. Nearly. Nearly.,3,RUN — authored order,vo.heave.b.1,vo.heave.b.1.mp3
1,CH1 PROSPECT,First Apartment,185,Tony (the Prospect),player,"Hhrrgh — that is it, that is it, oh—",9,RUN — authored order,vo.heave.c.1,vo.heave.c.1.mp3
1,CH1 PROSPECT,First Apartment,186,Tony (the Prospect),player,Wee woo.,2,RUN — authored order,vo.hunghigh.1,vo.hunghigh.1.mp3
1,CH1 PROSPECT,First Apartment,187,Tony (the Prospect),player,Oh my gosh.,3,RUN — authored order,vo.hunghigh.2,vo.hunghigh.2.mp3
1,CH1 PROSPECT,First Apartment,188,Tony (the Prospect),player,Who hung that. Who did that.,6,RUN — authored order,vo.hunghigh.3,vo.hunghigh.3.mp3
1,CH1 PROSPECT,First Apartment,189,Tony (the Prospect),player,It is a foot too high and it always will be.,11,RUN — authored order,vo.hunghigh.4,vo.hunghigh.4.mp3
1,CH1 PROSPECT,First Apartment,190,Tony (the Prospect),player,Nobody has ever been able to see it properly.,9,RUN — authored order,vo.hunghigh.5,vo.hunghigh.5.mp3
1,CH1 PROSPECT,First Apartment,191,Tony (the Prospect),player,That has been crooked since we put it up.,9,RUN — authored order,vo.hunghigh.6,vo.hunghigh.6.mp3
1,CH1 PROSPECT,First Apartment,192,Tony (the Prospect),player,I would need a chair. I am not getting a chair.,11,RUN — authored order,vo.hunghigh.7,vo.hunghigh.7.mp3
1,CH1 PROSPECT,First Apartment,193,Tony (the Prospect),player,One day I will sort that out. Not today.,9,RUN — authored order,vo.hunghigh.8,vo.hunghigh.8.mp3
1,CH1 PROSPECT,First Apartment,194,Tony (the Prospect),player,Wee woo. Every time I look at it.,8,RUN — authored order,vo.hunghigh.9,vo.hunghigh.9.mp3
1,CH1 PROSPECT,First Apartment,195,Tony (the Prospect),player,It is the principle of the thing now.,8,RUN — authored order,vo.hunghigh.10,vo.hunghigh.10.mp3
1,CH1 PROSPECT,First Apartment,196,Tony (the Prospect),player,"Straight. Glued to the wall, but straight.",7,RUN — authored order,vo.hungfixed.1,vo.hungfixed.1.mp3
1,CH1 PROSPECT,First Apartment,197,Tony (the Prospect),player,Wee woo. Still.,3,RUN — authored order,vo.hungfixed.2,vo.hungfixed.2.mp3
1,CH1 PROSPECT,First Apartment,198,Tony (the Prospect),player,"Not moving that again. Cannot, actually.",6,RUN — authored order,vo.hungfixed.3,vo.hungfixed.3.mp3
1,CH1 PROSPECT,First Apartment,199,Tony (the Prospect),player,It is level. Nobody needs to know how.,8,RUN — authored order,vo.hungfixed.4,vo.hungfixed.4.mp3
1,CH1 PROSPECT,First Apartment,200,Tony (the Prospect),player,Oh my gosh. Look at the state of it.,9,RUN — authored order,vo.hungfixed.5,vo.hungfixed.5.mp3
1,CH1 PROSPECT,First Apartment,201,Tony (the Prospect),player,Worth it. Mostly worth it.,5,RUN — authored order,vo.hungfixed.6,vo.hungfixed.6.mp3
1,CH1 PROSPECT,First Apartment,202,Tony (the Prospect),player,…Okay. That was extremely loud.,5,RUN — authored order,vo.gun.fire.1,vo.gun.fire.1.mp3
1,CH1 PROSPECT,First Apartment,203,Tony (the Prospect),player,The neighbours are going to have an opinion about that.,10,RUN — authored order,vo.gun.fire.2,vo.gun.fire.2.mp3
1,CH1 PROSPECT,First Apartment,204,Tony (the Prospect),player,That is coming out of the deposit.,7,RUN — authored order,vo.gun.fire.3,vo.gun.fire.3.mp3
1,CH1 PROSPECT,First Apartment,205,Tony (the Prospect),player,I would like to state that I did not think that would work.,13,RUN — authored order,vo.gun.fire.4,vo.gun.fire.4.mp3
1,CH1 PROSPECT,First Apartment,206,Tony (the Prospect),player,That is it. That is all of them.,8,RUN — authored order,vo.gun.empty.1,vo.gun.empty.1.mp3
1,CH1 PROSPECT,First Apartment,207,Tony (the Prospect),player,There is nothing in this flat that reloads that.,9,RUN — authored order,vo.gun.empty.2,vo.gun.empty.2.mp3
1,CH1 PROSPECT,First Apartment,208,Tony (the Prospect),player,Glad that works. I probably should not leave that running.,10,RUN — authored order,vo.tap.1,vo.tap.1.mp3
1,CH1 PROSPECT,First Apartment,209,Tony (the Prospect),player,Still got water. That is something.,6,RUN — authored order,vo.tap.2,vo.tap.2.mp3
1,CH1 PROSPECT,First Apartment,210,Tony (the Prospect),player,No reason for that. None at all.,7,RUN — authored order,vo.tap.3,vo.tap.3.mp3
1,CH1 PROSPECT,First Apartment,211,Tony (the Prospect),player,"I am going to leave that on for a bit, I think.",12,RUN — authored order,vo.tap.4,vo.tap.4.mp3
1,CH1 PROSPECT,First Apartment,212,Tony (the Prospect),player,Sent. Copied nobody. Perfect.,4,RUN — authored order,vo.hr.replied.1,vo.hr.replied.1.mp3
1,CH1 PROSPECT,First Apartment,213,Tony (the Prospect),player,I feel I struck the right tone there.,8,RUN — authored order,vo.hr.replied.2,vo.hr.replied.2.mp3
1,CH1 PROSPECT,First Apartment,214,Tony (the Prospect),player,That is the most honest thing I have written in four years.,12,RUN — authored order,vo.hr.replied.3,vo.hr.replied.3.mp3
1,CH1 PROSPECT,First Apartment,215,Tony (the Prospect),player,HR wants me on the late shift tomorrow. I should answer that first.,13,RUN — authored order,vo.door.hr.1,vo.door.hr.1.mp3
1,CH1 PROSPECT,First Apartment,216,Tony (the Prospect),player,There is an email downstairs in my brain I have not dealt with.,13,RUN — authored order,vo.door.hr.2,vo.door.hr.2.mp3
1,CH1 PROSPECT,First Apartment,217,Tony (the Prospect),player,Right off the top. That is the cream. That is the good bit.,13,RUN — authored order,vo.milk.1,vo.milk.1.mp3
1,CH1 PROSPECT,First Apartment,218,Tony (the Prospect),player,Unpasteurised. My gut is going to have an opinion about that.,11,RUN — authored order,vo.milk.2,vo.milk.2.mp3
1,CH1 PROSPECT,First Apartment,219,Tony (the Prospect),player,"Oh, that is farm. That is properly farm.",8,RUN — authored order,vo.milk.3,vo.milk.3.mp3
1,CH1 PROSPECT,First Apartment,220,Tony (the Prospect),player,"Not yet. He said he would ring, so he will ring.",11,RUN — authored order,vo.door.wait.1,vo.door.wait.1.mp3
1,CH1 PROSPECT,First Apartment,221,Tony (the Prospect),player,Turning up unasked is how you stop getting asked.,9,RUN — authored order,vo.door.wait.2,vo.door.wait.2.mp3
1,CH1 PROSPECT,First Apartment,222,Tony (the Prospect),player,I am not guessing. I have never once guessed right.,10,RUN — authored order,vo.door.wait.3,vo.door.wait.3.mp3
1,CH1 PROSPECT,First Apartment,223,Tony (the Prospect),player,Nothing is moving. Nothing has moved all morning.,8,RUN — authored order,vo.door.hint.poop.1,vo.door.hint.poop.1.mp3
1,CH1 PROSPECT,First Apartment,224,Tony (the Prospect),player,"A dart would sort that. Or a zyn. One of the two, and quickly.",14,RUN — authored order,vo.door.hint.poop.2,vo.door.hint.poop.2.mp3
1,CH1 PROSPECT,First Apartment,225,Tony (the Prospect),player,There is raw milk in the fridge. That has never once failed me.,13,RUN — authored order,vo.door.hint.poop.3,vo.door.hint.poop.3.mp3
1,CH1 PROSPECT,First Apartment,226,Tony (the Prospect),player,It’s a toilet. I’ve done this before. I’ve done this thousands of times.,13,RUN — authored order,vo.door.hint.piss.1,vo.door.hint.piss.1.mp3
1,CH1 PROSPECT,First Apartment,227,Tony (the Prospect),player,Bathroom. North door. It is not a maze.,8,RUN — authored order,vo.door.hint.piss.2,vo.door.hint.piss.2.mp3
1,CH1 PROSPECT,First Apartment,228,Tony (the Prospect),player,There are eggs in the fridge and a pan on the hob. Two minutes.,14,RUN — authored order,vo.door.hint.eat.1,vo.door.hint.eat.1.mp3
1,CH1 PROSPECT,First Apartment,229,Tony (the Prospect),player,Or there is a slice on the table. I am not proud.,12,RUN — authored order,vo.door.hint.eat.2,vo.door.hint.eat.2.mp3
1,CH1 PROSPECT,First Apartment,230,Tony (the Prospect),player,"Shower. I smell like a car. Not my car. Somebody else’s car, which is worse.",15,RUN — authored order,vo.door.hint.shower.1,vo.door.hint.shower.1.mp3
1,CH1 PROSPECT,First Apartment,231,Tony (the Prospect),player,The closet. The clothes are on the rail in the closet.,11,RUN — authored order,vo.door.hint.dressed.1,vo.door.hint.dressed.1.mp3
1,CH1 PROSPECT,First Apartment,232,Tony (the Prospect),player,…Huh.,1,RUN — authored order,vo.fired.1,vo.fired.1.mp3
1,CH1 PROSPECT,First Apartment,233,Tony (the Prospect),player,Four fifty-one in the morning. Somebody wrote that at four fifty-one in the morning.,14,RUN — authored order,vo.fired.2,vo.fired.2.mp3
1,CH1 PROSPECT,First Apartment,234,Tony (the Prospect),player,"Well. That is the day free, then.",7,RUN — authored order,vo.fired.3,vo.fired.3.mp3
1,CH1 PROSPECT,First Apartment,235,Tony (the Prospect),player,That is the sound of a bill.,7,RUN — authored order,vo.tap.5,vo.tap.5.mp3
1,CH1 PROSPECT,First Apartment,236,Tony (the Prospect),player,"Did that just… no. No, that was always like that.",10,RUN — authored order,vo.spooky.1,vo.spooky.1.mp3
1,CH1 PROSPECT,First Apartment,237,Tony (the Prospect),player,Old building.,2,RUN — authored order,vo.spooky.2,vo.spooky.2.mp3
1,CH1 PROSPECT,First Apartment,238,Tony (the Prospect),player,That is the fridge. That is definitely the fridge.,9,RUN — authored order,vo.spooky.3,vo.spooky.3.mp3
1,CH1 PROSPECT,First Apartment,239,Tony (the Prospect),player,I'm not turning round. There's no reason to turn round.,10,RUN — authored order,vo.spooky.4,vo.spooky.4.mp3
1,CH1 PROSPECT,First Apartment,240,Tony (the Prospect),player,Hello? …Right. Good. Great.,4,RUN — authored order,vo.spooky.5,vo.spooky.5.mp3
1,CH1 PROSPECT,First Apartment,241,Tony (the Prospect),player,I did that. I definitely did that earlier and forgot.,10,RUN — authored order,vo.spooky.6,vo.spooky.6.mp3
1,CH1 PROSPECT,First Apartment,242,Tony (the Prospect),player,Upstairs is allowed to walk around. That is what upstairs does.,11,RUN — authored order,vo.spooky.7,vo.spooky.7.mp3
1,CH1 PROSPECT,First Apartment,243,Tony (the Prospect),player,Okay so the clock is broken. Mystery solved. Moving on.,10,RUN — authored order,vo.spooky.8,vo.spooky.8.mp3
1,CH1 PROSPECT,First Apartment,244,Tony (the Prospect),player,I would like it on the record that I am extremely calm.,12,RUN — authored order,vo.spooky.9,vo.spooky.9.mp3
1,CH1 PROSPECT,First Apartment,245,Tony (the Prospect),player,Nope. Not tonight. Absolutely not tonight.,6,RUN — authored order,vo.spooky.10,vo.spooky.10.mp3
1,CH1 PROSPECT,First Apartment,246,Tony (the Prospect),player,That is a normal amount of nothing.,7,RUN — authored order,vo.spooky.11,vo.spooky.11.mp3
1,CH1 PROSPECT,First Apartment,247,Tony (the Prospect),player,"See, this is why I don't do this on a weeknight.",11,RUN — authored order,vo.spooky.12,vo.spooky.12.mp3
1,CH1 PROSPECT,First Apartment,248,Tony (the Prospect),player,He emailed twice about meeting minutes. This is apparently an emergency.,11,RUN — authored order,vo.mail.booski.1,vo.mail.booski.1.mp3
1,CH1 PROSPECT,First Apartment,249,Tony (the Prospect),player,"Right. Well. Now I have to actually go to a meeting, do not I.",14,RUN — authored order,vo.mail.booski.2,vo.mail.booski.2.mp3
1,CH1 PROSPECT,First Apartment,250,Tony (the Prospect),player,"Cheers, Booski.",2,RUN — authored order,vo.mail.booski.3,vo.mail.booski.3.mp3
1,CH1 PROSPECT,First Apartment,251,Tony (the Prospect),player,Period much?,2,RUN — authored order,vo.mail.hate.1,vo.mail.hate.1.mp3
1,CH1 PROSPECT,First Apartment,252,Tony (the Prospect),player,Period much? …That was uncalled for. From both of us.,10,RUN — authored order,vo.mail.hate.2,vo.mail.hate.2.mp3
1,CH1 PROSPECT,First Apartment,253,Tony (the Prospect),player,Nobody there likes me. Noted. Added to the list.,9,RUN — authored order,vo.mail.hate.3,vo.mail.hate.3.mp3
1,CH1 PROSPECT,First Apartment,254,Tony (the Prospect),player,She was awake at four in the morning to type that. I am the one with the problem.,18,RUN — authored order,vo.mail.hate.4,vo.mail.hate.4.mp3
1,CH1 PROSPECT,First Apartment,255,Tony (the Prospect),player,He said he would sort it. He says that.,9,RUN — authored order,vo.mail.ape.1,vo.mail.ape.1.mp3
1,CH1 PROSPECT,First Apartment,256,Tony (the Prospect),player,So I am bringing it. Obviously I am bringing it.,10,RUN — authored order,vo.mail.ape.2,vo.mail.ape.2.mp3
1,CH1 PROSPECT,First Apartment,257,Tony (the Prospect),player,"""More than none, which is what I currently have."" Brilliant.",10,RUN — authored order,vo.mail.ape.3,vo.mail.ape.3.mp3
1,CH1 PROSPECT,First Apartment,258,Tony (the Prospect),player,Forty one thousand people reviewed this. Overwhelmingly positive.,8,RUN — authored order,vo.mail.irish.1,vo.mail.irish.1.mp3
1,CH1 PROSPECT,First Apartment,259,Tony (the Prospect),player,"He bought it, then read what it was, and sent it anyway.",12,RUN — authored order,vo.mail.irish.2,vo.mail.irish.2.mp3
1,CH1 PROSPECT,First Apartment,260,Tony (the Prospect),player,"That is in my library now. That is on my account, permanently.",12,RUN — authored order,vo.mail.irish.3,vo.mail.irish.3.mp3
1,CH1 PROSPECT,First Apartment,261,Tony (the Prospect),player,"The bit at the end was almost normal, to be fair to him.",13,RUN — authored order,vo.mail.irish.4,vo.mail.irish.4.mp3
1,CH1 PROSPECT,First Apartment,262,Tony (the Prospect),player,Cold. As intended.,3,RUN — authored order,vo.slice.1,vo.slice.1.mp3
1,CH1 PROSPECT,First Apartment,263,Tony (the Prospect),player,That is breakfast. That is a breakfast.,7,RUN — authored order,vo.slice.2,vo.slice.2.mp3
1,CH1 PROSPECT,First Apartment,264,Tony (the Prospect),player,I would like to thank whoever I was last night.,10,RUN — authored order,vo.slice.3,vo.slice.3.mp3
1,CH1 PROSPECT,First Apartment,265,Tony (the Prospect),player,Right. Why do I have these.,6,RUN — authored order,vo.ammo.1,vo.ammo.1.mp3
1,CH1 PROSPECT,First Apartment,266,Tony (the Prospect),player,In the bedside table. Next to the charger.,8,RUN — authored order,vo.ammo.2,vo.ammo.2.mp3
1,CH1 PROSPECT,First Apartment,267,Tony (the Prospect),player,I have absolutely no memory of buying these.,8,RUN — authored order,vo.ammo.3,vo.ammo.3.mp3
1,CH1 PROSPECT,First Apartment,268,Tony (the Prospect),player,There. Fully operational again. Wonderful.,5,RUN — authored order,vo.gun.reload.1,vo.gun.reload.1.mp3
1,CH1 PROSPECT,First Apartment,269,Tony (the Prospect),player,I want it noted that I know how to do this and that is its own problem.,17,RUN — authored order,vo.gun.reload.2,vo.gun.reload.2.mp3
1,CH1 PROSPECT,First Apartment,270,BIG UNCLE LOU SPUTTHOLE,lou1,Kid. You awake?,3,RUN — authored order,vo.call.lou.bada_bing.1,vo.call.lou.bada_bing.1.mp3
1,CH1 PROSPECT,First Apartment,271,BIG UNCLE LOU SPUTTHOLE,lou1,Meet me at the Bada Bing. Back office.,8,RUN — authored order,vo.call.lou.bada_bing.2,vo.call.lou.bada_bing.2.mp3
1,CH1 PROSPECT,First Apartment,272,BIG UNCLE LOU SPUTTHOLE,lou1,"I’ve a thing here for you and it needs doin’ tonight. Not tomorrow. Tonight, before it turns into somethin’ worse.",20,RUN — authored order,vo.call.lou.bada_bing.3,vo.call.lou.bada_bing.3.mp3
1,CH1 PROSPECT,First Apartment,273,BIG UNCLE LOU SPUTTHOLE,lou1,"Eat, shower, and put on something clean before you come down. I am serious.",14,RUN — authored order,vo.call.lou.bada_bing.4,vo.call.lou.bada_bing.4.mp3
1,CH1 PROSPECT,First Apartment,274,Tony (the Prospect),player,I am now.,3,RUN — authored order,vo.call.lou.bada_bing.tony.1,vo.call.lou.bada_bing.tony.1.mp3
1,CH1 PROSPECT,First Apartment,275,Tony (the Prospect),player,The back office. Right.,4,RUN — authored order,vo.call.lou.bada_bing.tony.2,vo.call.lou.bada_bing.tony.2.mp3
1,CH1 PROSPECT,First Apartment,276,Tony (the Prospect),player,Handled how?,2,RUN — authored order,vo.call.lou.bada_bing.tony.3,vo.call.lou.bada_bing.tony.3.mp3
1,CH1 PROSPECT,First Apartment,277,Tony (the Prospect),player,"Eat, shower, clean shirt. I can do that.",8,RUN — authored order,vo.call.lou.bada_bing.tony.4,vo.call.lou.bada_bing.tony.4.mp3
1,CH1 PROSPECT,First Apartment,278,PROVISIONAL casting,hr,Hi! Just following up on my email.,7,RUN — authored order,vo.call.hr.1,vo.call.hr.1.mp3
1,CH1 PROSPECT,First Apartment,279,PROVISIONAL casting,hr,It looks like the message I received back from you may have been sent in error.,16,RUN — authored order,vo.call.hr.2,vo.call.hr.2.mp3
1,CH1 PROSPECT,First Apartment,280,PROVISIONAL casting,hr,I am going to log it as a system fault and we will say no more about it.,18,RUN — authored order,vo.call.hr.3,vo.call.hr.3.mp3
1,CH1 PROSPECT,First Apartment,281,PROVISIONAL casting,hr,So — can I put you down for tomorrow evening?,10,RUN — authored order,vo.call.hr.4,vo.call.hr.4.mp3
1,CH1 PROSPECT,First Apartment,282,unknown,unknown,…,1,RUN — authored order,vo.call.unknown.1,vo.call.unknown.1.mp3
1,CH1 PROSPECT,First Apartment,283,unknown,unknown,Is this the man from the flat.,7,RUN — authored order,vo.call.unknown.2,vo.call.unknown.2.mp3
1,CH1 PROSPECT,First Apartment,284,unknown,unknown,It is. It is the man from the flat.,9,RUN — authored order,vo.call.unknown.3,vo.call.unknown.3.mp3
1,CH1 PROSPECT,First Apartment,285,unknown,unknown,We will see you tomorrow.,5,RUN — authored order,vo.call.unknown.4,vo.call.unknown.4.mp3
1,CH1 PROSPECT,First Apartment,286,97.8 station announcer,announcer,Message. Yesterday. 11:52 PM.,4,RUN — authored order,vo.machine.lou.day_two.0,vo.machine.lou.day_two.0.mp3
1,CH1 PROSPECT,First Apartment,287,BIG UNCLE LOU SPUTTHOLE,lou,"Kid, it is me. You are out, which is the correct answer.",12,RUN — authored order,vo.machine.lou.day_two.1,vo.machine.lou.day_two.1.mp3
1,CH1 PROSPECT,First Apartment,288,BIG UNCLE LOU SPUTTHOLE,lou,I heard about the restaurant. I did not hear it from you and that is how I want it to stay.,21,RUN — authored order,vo.machine.lou.day_two.2,vo.machine.lou.day_two.2.mp3
1,CH1 PROSPECT,First Apartment,289,BIG UNCLE LOU SPUTTHOLE,lou,You did what was asked and you did not stand about afterwards. People noticed the second part.,17,RUN — authored order,vo.machine.lou.day_two.3,vo.machine.lou.day_two.3.mp3
1,CH1 PROSPECT,First Apartment,290,BIG UNCLE LOU SPUTTHOLE,lou,"Sleep. Somebody will ring you in the morning, and it will not be me.",14,RUN — authored order,vo.machine.lou.day_two.4,vo.machine.lou.day_two.4.mp3
1,CH1 PROSPECT,First Apartment,291,97.8 station announcer,announcer,Message. Today. 5:14 AM.,4,RUN — authored order,vo.machine.lou.date.0,vo.machine.lou.date.0.mp3
1,CH1 PROSPECT,First Apartment,292,BIG UNCLE LOU SPUTTHOLE,lou,"It is me. Do not ring back, I am not near this phone.",13,RUN — authored order,vo.machine.lou.date.1,vo.machine.lou.date.1.mp3
1,CH1 PROSPECT,First Apartment,293,BIG UNCLE LOU SPUTTHOLE,lou,Wear something plain today. Nothing anybody would describe.,8,RUN — authored order,vo.machine.lou.date.2,vo.machine.lou.date.2.mp3
1,CH1 PROSPECT,First Apartment,294,BIG UNCLE LOU SPUTTHOLE,lou,There is a thing that may need doing and it may not. I will know later.,16,RUN — authored order,vo.machine.lou.date.3,vo.machine.lou.date.3.mp3
1,CH1 PROSPECT,First Apartment,295,BIG UNCLE LOU SPUTTHOLE,lou,"And if Willy calls you, you have not spoken to me. Say it back to yourself until it is true.",20,RUN — authored order,vo.machine.lou.date.4,vo.machine.lou.date.4.mp3
1,CH1 PROSPECT,First Apartment,296,97.8 station announcer,announcer,Message. Today. 6:02 AM.,4,RUN — authored order,vo.machine.lou.big_night.0,vo.machine.lou.big_night.0.mp3
1,CH1 PROSPECT,First Apartment,297,BIG UNCLE LOU SPUTTHOLE,lou,"Today is the day, kid. You have been told that before. This time it is the one.",17,RUN — authored order,vo.machine.lou.big_night.1,vo.machine.lou.big_night.1.mp3
1,CH1 PROSPECT,First Apartment,298,BIG UNCLE LOU SPUTTHOLE,lou,Everything you have done this week was somebody asking you a question. You answered all of them.,17,RUN — authored order,vo.machine.lou.big_night.2,vo.machine.lou.big_night.2.mp3
1,CH1 PROSPECT,First Apartment,299,BIG UNCLE LOU SPUTTHOLE,lou,Eat. Dress like it matters. Booskibro will ring you with the rest.,12,RUN — authored order,vo.machine.lou.big_night.3,vo.machine.lou.big_night.3.mp3
1,CH1 PROSPECT,First Apartment,300,Tony (the Prospect),player,"TeamPlay. You trust the call, throw the smoke, and do not turn a round into a referendum on your childhood. Revolutionary.",21,RUN — authored order,vo.computer.cs.teamplay.1,vo.computer.cs.teamplay.1.mp3
1,CH1 PROSPECT,First Apartment,301,Tony (the Prospect),player,"Baiter's Brain. Every call is wrong until it is his, made alone at the other bombsite. Clinically fascinating.",18,RUN — authored order,vo.computer.cs.baiters.1,vo.computer.cs.baiters.1.mp3
1,CH1 PROSPECT,First Apartment,302,Tony (the Prospect),player,"Thirteen to ten. Not a loss. A collection of individual career decisions, all made at once.",16,RUN — authored order,vo.computer.cs.result.1,vo.computer.cs.result.1.mp3
1,CH1 PROSPECT,First Apartment,303,DeathMegatron,deathmegatron,"There it goes. Breathe deep, lab rats. You earned every lungful.",11,RUN — authored order,vo.silentnight.dmt.labrats,vo.silentnight.dmt.labrats.mp3
1,CH1 PROSPECT,First Apartment,304,DeathMegatron,deathmegatron,Look at them go. Little coats. Big hurry.,8,RUN — authored order,vo.silentnight.dmt.littlecoats,vo.silentnight.dmt.littlecoats.mp3
1,CH1 PROSPECT,First Apartment,305,DeathMegatron,deathmegatron,They’re covering their mouths. Adorable. Air was always their weakness.,10,RUN — authored order,vo.silentnight.dmt.adorable,vo.silentnight.dmt.adorable.mp3
1,CH1 PROSPECT,First Apartment,306,DeathMegatron,deathmegatron,Heh. Needing to breathe. How embarrassing for you.,8,RUN — authored order,vo.silentnight.dmt.embarrassing,vo.silentnight.dmt.embarrassing.mp3
1,CH1 PROSPECT,First Apartment,307,DeathMegatron,deathmegatron,"Knock all you want, pencil-necks. The glass doesn’t do sympathy.",10,RUN — authored order,vo.silentnight.dmt.pencilnecks,vo.silentnight.dmt.pencilnecks.mp3
1,CH1 PROSPECT,First Apartment,308,DeathMegatron,deathmegatron,"Crawling. Finally some exercise, eggheads.",5,RUN — authored order,vo.silentnight.dmt.exercise,vo.silentnight.dmt.exercise.mp3
1,CH1 PROSPECT,First Apartment,309,DeathMegatron,deathmegatron,"Shh. Shh, shh, shh. There it is. Silent night.",9,RUN — authored order,vo.silentnight.dmt.silentnight,vo.silentnight.dmt.silentnight.mp3
1,CH1 PROSPECT,First Apartment,310,Tony (the Prospect),player,Not walking into the Bing wearing the bank. Clean up first.,11,RUN — authored order,vo.door.refusal.heist_cleanup.1,vo.door.refusal.heist_cleanup.1.mp3
1,CH1 PROSPECT,First Apartment,311,Tony (the Prospect),player,Lou sent somewhere to disappear. Read it before driving into the dark.,12,RUN — authored order,vo.door.refusal.cabin_message.1,vo.door.refusal.cabin_message.1.mp3
1,CH1 PROSPECT,First Apartment,312,Tony (the Prospect),player,"Bank’s done. Nobody’s called. And when nobody calls, you sit down.",11,RUN — authored order,vo.door.refusal.final_arc_locked.1,vo.door.refusal.final_arc_locked.1.mp3
1,CH1 PROSPECT,First Apartment,313,Tony (the Prospect),player,Lou said seven. The invitation still has to land.,9,RUN — authored order,vo.door.refusal.initiation_locked.1,vo.door.refusal.initiation_locked.1.mp3
1,CH1 PROSPECT,First Apartment,314,Tony (the Prospect),player,Lou said he would call about this morning. I am not guessing where.,13,RUN — authored order,vo.door.refusal.golf_call.1,vo.door.refusal.golf_call.1.mp3
1,CH1 PROSPECT,First Apartment,315,Tony (the Prospect),player,"Three holes done. Whatever comes next, Lou will call for it.",11,RUN — authored order,vo.door.refusal.golf_return.1,vo.door.refusal.golf_return.1.mp3
1,CH1 PROSPECT,First Apartment,316,Tony (the Prospect),player,"Lou said he would ring tonight. Whatever it is, it waits for the phone.",14,RUN — authored order,vo.door.refusal.new_space_call.1,vo.door.refusal.new_space_call.1.mp3
1,CH1 PROSPECT,First Apartment,317,Tony (the Prospect),player,"Eight o’clock at Silver Pines, and it is a drive. Bed.",11,RUN — authored order,vo.door.refusal.sleep_after_take.1,vo.door.refusal.sleep_after_take.1.mp3
1,CH1 PROSPECT,First Apartment,318,Tony (the Prospect),player,Lou said he would call. Today is not a day to guess.,12,RUN — authored order,vo.door.refusal.heist_call.1,vo.door.refusal.heist_call.1.mp3
1,CH1 PROSPECT,First Apartment,319,Tony (the Prospect),player,Everything Lou named goes with me. Nothing else does.,9,RUN — authored order,vo.door.refusal.heist_kit.1,vo.door.refusal.heist_kit.1.mp3
1,CH1 PROSPECT,First Apartment,320,Tony (the Prospect),player,Booskibro said he would call about tonight. I am not turning up unasked.,13,RUN — authored order,vo.door.refusal.big_night_call.1,vo.door.refusal.big_night_call.1.mp3
1,CH1 PROSPECT,First Apartment,321,Tony (the Prospect),player,Lou said he would call when he knew. I am not chasing him today.,14,RUN — authored order,vo.door.refusal.no_wake_call.1,vo.door.refusal.no_wake_call.1.mp3
1,CH1 PROSPECT,First Apartment,322,Tony (the Prospect),player,She said she would ring about tonight. I am not turning up at nine on a guess.,17,RUN — authored order,vo.door.refusal.date_call.1,vo.door.refusal.date_call.1.mp3
1,CH1 PROSPECT,First Apartment,323,Tony (the Prospect),player,That was a good night. Tomorrow is the other kind. Bed.,11,RUN — authored order,vo.door.refusal.sleep_after_date.1,vo.door.refusal.sleep_after_date.1.mp3
1,CH1 PROSPECT,First Apartment,324,Tony (the Prospect),player,Booskibro said he would call with the next job.,9,RUN — authored order,vo.door.refusal.day_two_call.1,vo.door.refusal.day_two_call.1.mp3
1,CH1 PROSPECT,First Apartment,325,Tony (the Prospect),player,Lou said he would call when he wanted you back at the Bing.,13,RUN — authored order,vo.door.refusal.second_bing_call.1,vo.door.refusal.second_bing_call.1.mp3
1,CH1 PROSPECT,First Apartment,326,Tony (the Prospect),player,It is not even light out. Whatever is next can wait until I have slept.,15,RUN — authored order,vo.door.refusal.sleep_after_motel.1,vo.door.refusal.sleep_after_motel.1.mp3
1,CH1 PROSPECT,First Apartment,327,Tony (the Prospect),player,Big Uncle Lou said he would call. I should answer before I go anywhere.,14,RUN — authored order,vo.door.refusal.first_call.1,vo.door.refusal.first_call.1.mp3
1,CH1 PROSPECT,First Apartment,328,Tony (the Prospect),player,That is enough going out for one night.,8,RUN — authored order,vo.door.refusal.sleep_after_squatchfather.1,vo.door.refusal.sleep_after_squatchfather.1.mp3
1,CH1 PROSPECT,First Apartment,329,Tony (the Prospect),player,I am not going anywhere until I find Lou’s package.,10,RUN — authored order,vo.door.refusal.lou_package.1,vo.door.refusal.lou_package.1.mp3
1,CH1 PROSPECT,First Apartment,330,Tony (the Prospect),player,Take one pull of whiskey. You earned the nerves.,9,RUN — authored order,vo.door.refusal.whiskey.1,vo.door.refusal.whiskey.1.mp3
1,CH1 PROSPECT,First Apartment,331,Tony (the Prospect),player,"Nine o’clock, and I am not turning up at a place like that looking like this.",16,RUN — authored order,vo.door.refusal.luxury_get_ready.1,vo.door.refusal.luxury_get_ready.1.mp3
1,CH1 PROSPECT,First Apartment,332,Tony (the Prospect),player,She is asleep. Whatever is out there can stay out there. Bed.,12,RUN — authored order,vo.door.refusal.luxury_stayover.1,vo.door.refusal.luxury_stayover.1.mp3
1,CH1 PROSPECT,First Apartment,333,Tony (the Prospect),player,She is still getting her things together. I am not walking out before she does.,15,RUN — authored order,vo.door.refusal.luxury_margo_morning.1,vo.door.refusal.luxury_margo_morning.1.mp3
1,CH1 PROSPECT,First Apartment,334,Tony (the Prospect),player,I put a man in the ground last night. I would like to know whether it made the news before I go anywhere.,23,RUN — authored order,vo.door.refusal.watch_tv.1,vo.door.refusal.watch_tv.1.mp3
1,CH1 PROSPECT,First Apartment,335,Tony (the Prospect),player,"I told the boys one game. One game, and then I am out the door.",15,RUN — authored order,vo.door.refusal.counter_squatch.1,vo.door.refusal.counter_squatch.1.mp3
1,CH1 PROSPECT,First Apartment,336,Tony (the Prospect),player,Lou is going to put a club in my hand in front of people. Something needs warming up and it is not going to be the swing.,27,RUN — authored order,vo.door.refusal.squatch_shoot.1,vo.door.refusal.squatch_shoot.1.mp3
1,CH1 PROSPECT,First Apartment,337,Tony (the Prospect),player,"Whatever tonight is, it is the last night of something. I would like to wreck a campground first.",18,RUN — authored order,vo.door.refusal.squatch_smash.1,vo.door.refusal.squatch_smash.1.mp3
1,CH1 PROSPECT,First Apartment,338,Tony (the Prospect),player,They take ninety minutes. Take them now and they land about the time somebody starts making speeches.,17,RUN — authored order,vo.door.refusal.shrooms_before.1,vo.door.refusal.shrooms_before.1.mp3
1,CH1 PROSPECT,First Apartment,339,Tony (the Prospect),player,He gets one safe landing and starts recruiting.,8,RUN — authored order,vo.mail.flying.1,vo.mail.flying.1.mp3
1,CH1 PROSPECT,First Apartment,340,Tony (the Prospect),player,Love to. Absolutely. After my hands stop shaking.,8,RUN — authored order,vo.mail.flying.2,vo.mail.flying.2.mp3
1,CH1 PROSPECT,First Apartment,341,Tony (the Prospect),player,"“Nothing mad,” he says, after the meat run.",8,RUN — authored order,vo.mail.flying.3,vo.mail.flying.3.mp3
1,CH1 PROSPECT,First Apartment,342,Tony (the Prospect),player,I will reply to that later. I will not reply to that.,12,RUN — authored order,vo.mail.flying.4,vo.mail.flying.4.mp3
1,CH1 PROSPECT,First Apartment,343,Tony (the Prospect),player,Nothing doing yet. Couple of cigarettes usually gets that moving.,10,RUN — authored order,vo.toilet.hint.1,vo.toilet.hint.1.mp3
1,CH1 PROSPECT,First Apartment,344,Tony (the Prospect),player,Not yet. Give it a few smokes and we will be back in here.,14,RUN — authored order,vo.toilet.hint.2,vo.toilet.hint.2.mp3
1,CH1 PROSPECT,First Apartment,345,Tony (the Prospect),player,Empty. It always turns up about four cigarettes in.,9,RUN — authored order,vo.toilet.hint.3,vo.toilet.hint.3.mp3
1,CH1 PROSPECT,First Apartment,346,97.8 station announcer,announcer,Message. Today. 6:02 AM.,4,RUN — authored order,vo.machine.lou.heist_day.0,vo.machine.lou.heist_day.0.mp3
1,CH1 PROSPECT,First Apartment,347,BIG UNCLE LOU SPUTTHOLE,lou1,"Today is the day, kid. Keep the line clear and do not ring back.",14,RUN — authored order,vo.machine.lou.heist_day.1,vo.machine.lou.heist_day.1.mp3
1,CH1 PROSPECT,First Apartment,348,BIG UNCLE LOU SPUTTHOLE,lou1,Everything you have done this week was somebody asking a question. Today is the answer.,15,RUN — authored order,vo.machine.lou.heist_day.2,vo.machine.lou.heist_day.2.mp3
1,CH1 PROSPECT,First Apartment,349,BIG UNCLE LOU SPUTTHOLE,lou1,Eat. Dress plain. I will call when the car is moving.,11,RUN — authored order,vo.machine.lou.heist_day.3,vo.machine.lou.heist_day.3.mp3
1,CH1 PROSPECT,First Apartment,350,Tony (the Prospect),player,"The week is over. Nobody is calling tonight, and that suits me fine.",13,RUN — authored order,vo.door.refusal.campaign_complete.1,vo.door.refusal.campaign_complete.1.mp3
2,CH1 PROSPECT,Bada Bing I,1,Tony (the Prospect),player,Fine. That is one.,4,RUN — authored order,vo.bj.win.1,vo.bj.win.1.mp3
2,CH1 PROSPECT,Bada Bing I,2,Tony (the Prospect),player,Oh. I won that one.,5,RUN — authored order,vo.bj.win.2,vo.bj.win.2.mp3
2,CH1 PROSPECT,Bada Bing I,3,Tony (the Prospect),player,That is money I did not have a minute ago.,10,RUN — authored order,vo.bj.win.3,vo.bj.win.3.mp3
2,CH1 PROSPECT,Bada Bing I,4,Tony (the Prospect),player,I would like to point out that I did nothing clever there.,12,RUN — authored order,vo.bj.win.4,vo.bj.win.4.mp3
2,CH1 PROSPECT,Bada Bing I,5,Tony (the Prospect),player,Right. That is gone.,4,RUN — authored order,vo.bj.lose.1,vo.bj.lose.1.mp3
2,CH1 PROSPECT,Bada Bing I,6,Tony (the Prospect),player,That is fine. That is what that money was for.,10,RUN — authored order,vo.bj.lose.2,vo.bj.lose.2.mp3
2,CH1 PROSPECT,Bada Bing I,7,Tony (the Prospect),player,"I had a plan, and the plan was that.",9,RUN — authored order,vo.bj.lose.3,vo.bj.lose.3.mp3
2,CH1 PROSPECT,Bada Bing I,8,Tony (the Prospect),player,No notes. That was simply worse.,6,RUN — authored order,vo.bj.lose.4,vo.bj.lose.4.mp3
2,CH1 PROSPECT,Bada Bing I,9,Tony (the Prospect),player,Blackjack. I did not do anything. It just arrived.,9,RUN — authored order,vo.bj.blackjack.1,vo.bj.blackjack.1.mp3
2,CH1 PROSPECT,Bada Bing I,10,Tony (the Prospect),player,Twenty-one. Off the first two. Sure.,6,RUN — authored order,vo.bj.blackjack.2,vo.bj.blackjack.2.mp3
2,CH1 PROSPECT,Bada Bing I,11,Tony (the Prospect),player,That is the best available outcome and I feel nothing.,10,RUN — authored order,vo.bj.blackjack.3,vo.bj.blackjack.3.mp3
2,CH1 PROSPECT,Bada Bing I,12,Tony (the Prospect),player,Twenty-two. Excellent.,2,RUN — authored order,vo.bj.bust.1,vo.bj.bust.1.mp3
2,CH1 PROSPECT,Bada Bing I,13,Tony (the Prospect),player,I asked for that card. That is the part that bothers me.,12,RUN — authored order,vo.bj.bust.2,vo.bj.bust.2.mp3
2,CH1 PROSPECT,Bada Bing I,14,Tony (the Prospect),player,Over. By one. It is always by one.,8,RUN — authored order,vo.bj.bust.3,vo.bj.bust.3.mp3
2,CH1 PROSPECT,Bada Bing I,15,Tony (the Prospect),player,That is my own fault in a very specific way.,10,RUN — authored order,vo.bj.bust.4,vo.bj.bust.4.mp3
2,CH1 PROSPECT,Bada Bing I,16,Tony (the Prospect),player,I doubled it and it worked. I am as surprised as anybody.,12,RUN — authored order,vo.bj.double.1,vo.bj.double.1.mp3
2,CH1 PROSPECT,Bada Bing I,17,Tony (the Prospect),player,That is twice the money for the same bad decision.,10,RUN — authored order,vo.bj.double.2,vo.bj.double.2.mp3
2,CH1 PROSPECT,Bada Bing I,18,Tony (the Prospect),player,Do not let me do that again.,7,RUN — authored order,vo.bj.double.3,vo.bj.double.3.mp3
2,CH1 PROSPECT,Bada Bing I,19,Tony (the Prospect),player,That is all of it. That is everything I walked in with.,12,RUN — authored order,vo.bj.broke.1,vo.bj.broke.1.mp3
2,CH1 PROSPECT,Bada Bing I,20,Tony (the Prospect),player,Well. That is the evening decided.,6,RUN — authored order,vo.bj.broke.2,vo.bj.broke.2.mp3
2,CH1 PROSPECT,Bada Bing I,21,Tony (the Prospect),player,I would like to state that I knew this would happen.,11,RUN — authored order,vo.bj.broke.3,vo.bj.broke.3.mp3
2,CH1 PROSPECT,Bada Bing I,22,Blackjack dealer,dealer,Cards coming out.,3,RUN — authored order,vo.bj.dealer.deal.1,vo.bj.dealer.deal.1.mp3
2,CH1 PROSPECT,Bada Bing I,23,Blackjack dealer,dealer,Good luck.,2,RUN — authored order,vo.bj.dealer.deal.2,vo.bj.dealer.deal.2.mp3
2,CH1 PROSPECT,Bada Bing I,24,Blackjack dealer,dealer,No more bets. Cards.,4,RUN — authored order,vo.bj.dealer.deal.3,vo.bj.dealer.deal.3.mp3
2,CH1 PROSPECT,Bada Bing I,25,Blackjack dealer,dealer,Card.,1,RUN — authored order,vo.bj.dealer.hit.1,vo.bj.dealer.hit.1.mp3
2,CH1 PROSPECT,Bada Bing I,26,Blackjack dealer,dealer,Hitting.,1,RUN — authored order,vo.bj.dealer.hit.2,vo.bj.dealer.hit.2.mp3
2,CH1 PROSPECT,Bada Bing I,27,Blackjack dealer,dealer,One more.,2,RUN — authored order,vo.bj.dealer.hit.3,vo.bj.dealer.hit.3.mp3
2,CH1 PROSPECT,Bada Bing I,28,Blackjack dealer,dealer,Standing on that.,3,RUN — authored order,vo.bj.dealer.stand.1,vo.bj.dealer.stand.1.mp3
2,CH1 PROSPECT,Bada Bing I,29,Blackjack dealer,dealer,Dealer plays.,2,RUN — authored order,vo.bj.dealer.stand.2,vo.bj.dealer.stand.2.mp3
2,CH1 PROSPECT,Bada Bing I,30,Blackjack dealer,dealer,Very good. Dealer to sixteen.,5,RUN — authored order,vo.bj.dealer.stand.3,vo.bj.dealer.stand.3.mp3
2,CH1 PROSPECT,Bada Bing I,31,Blackjack dealer,dealer,Dealer has twenty-one.,3,RUN — authored order,vo.bj.dealer.blackjack.1,vo.bj.dealer.blackjack.1.mp3
2,CH1 PROSPECT,Bada Bing I,32,Blackjack dealer,dealer,Blackjack. House takes it.,4,RUN — authored order,vo.bj.dealer.blackjack.2,vo.bj.dealer.blackjack.2.mp3
2,CH1 PROSPECT,Bada Bing I,33,Blackjack dealer,dealer,Too many.,2,RUN — authored order,vo.bj.dealer.bust.1,vo.bj.dealer.bust.1.mp3
2,CH1 PROSPECT,Bada Bing I,34,Blackjack dealer,dealer,Over. Bet is mine.,4,RUN — authored order,vo.bj.dealer.bust.2,vo.bj.dealer.bust.2.mp3
2,CH1 PROSPECT,Bada Bing I,35,Blackjack dealer,dealer,That’s a bust. The house doesn’t feel anything about it.,10,RUN — authored order,vo.bj.dealer.bust.3,vo.bj.dealer.bust.3.mp3
2,CH1 PROSPECT,Bada Bing I,36,Blackjack dealer,dealer,Paid.,1,RUN — authored order,vo.bj.dealer.payout.1,vo.bj.dealer.payout.1.mp3
2,CH1 PROSPECT,Bada Bing I,37,Blackjack dealer,dealer,Pays even money.,3,RUN — authored order,vo.bj.dealer.payout.2,vo.bj.dealer.payout.2.mp3
2,CH1 PROSPECT,Bada Bing I,38,Blackjack dealer,dealer,Three to two. Good hand.,5,RUN — authored order,vo.bj.dealer.payout.3,vo.bj.dealer.payout.3.mp3
2,CH1 PROSPECT,Bada Bing I,39,Blackjack dealer,dealer,Table minimum is twenty-five.,4,RUN — authored order,vo.bj.dealer.minimum.1,vo.bj.dealer.minimum.1.mp3
2,CH1 PROSPECT,Bada Bing I,40,Blackjack dealer,dealer,Twenty-five to play.,3,RUN — authored order,vo.bj.dealer.minimum.2,vo.bj.dealer.minimum.2.mp3
2,CH1 PROSPECT,Bada Bing I,41,Tony (the Prospect),player,…That is a great deal of noise for a machine I was ignoring.,13,RUN — authored order,vo.slots.jackpot.1,vo.slots.jackpot.1.mp3
2,CH1 PROSPECT,Bada Bing I,42,Tony (the Prospect),player,I have won. On a slot machine. In front of people.,11,RUN — authored order,vo.slots.jackpot.2,vo.slots.jackpot.2.mp3
2,CH1 PROSPECT,Bada Bing I,43,Tony (the Prospect),player,Nothing. Again.,2,RUN — authored order,vo.slots.dead.1,vo.slots.dead.1.mp3
2,CH1 PROSPECT,Bada Bing I,44,Tony (the Prospect),player,This machine and I understand each other now.,8,RUN — authored order,vo.slots.dead.2,vo.slots.dead.2.mp3
2,CH1 PROSPECT,Bada Bing I,45,Tony (the Prospect),player,I am funding something here. I do not know what.,10,RUN — authored order,vo.slots.dead.3,vo.slots.dead.3.mp3
2,CH1 PROSPECT,Bada Bing I,46,Lag,lag,"You see the lights flicker just now? That ain't the wiring, that's packet loss. This whole building is on wifi.",20,MIXED — floor barks plus authored beats,vo.bing.hang.lag.1,vo.bing.hang.lag.1.mp3
2,CH1 PROSPECT,Bada Bing I,47,Lag,lag,"I don't dance, Prospect. I peaked in a game you never heard of and I'm still cooling down.",18,MIXED — floor barks plus authored beats,vo.bing.hang.lag.2,vo.bing.hang.lag.2.mp3
2,CH1 PROSPECT,Bada Bing I,48,Tony (the Prospect),player,"The jukebox is not a server, Lag.",7,MIXED — floor barks plus authored beats,vo.bing.hang.lag.tony.1,vo.bing.hang.lag.tony.1.mp3
2,CH1 PROSPECT,Bada Bing I,49,Gratin,gratin,"The kitchen here does one thing, and it is shrimp, and it is wrong. I still order it. Loyalty.",19,MIXED — floor barks plus authored beats,vo.bing.hang.gratin.1,vo.bing.hang.gratin.1.mp3
2,CH1 PROSPECT,Bada Bing I,50,Gratin,gratin,"Sit. Eat something. You look like a prospect who skips lunch, and dead men skip lunch.",16,MIXED — floor barks plus authored beats,vo.bing.hang.gratin.2,vo.bing.hang.gratin.2.mp3
2,CH1 PROSPECT,Bada Bing I,51,Tony (the Prospect),player,"I ate an egg today, actually.",6,MIXED — floor barks plus authored beats,vo.bing.hang.gratin.tony.1,vo.bing.hang.gratin.tony.1.mp3
2,CH1 PROSPECT,Bada Bing I,52,Eric,eric,"Big things happening overseas, Prospect. Nobody in this club reads. I read. Ask me anything.",15,MIXED — floor barks plus authored beats,vo.bing.hang.eric.1,vo.bing.hang.eric.1.mp3
2,CH1 PROSPECT,Bada Bing I,53,Eric,eric,"Off the record? The family's press situation is terrible, because we shoot the press.",14,MIXED — floor barks plus authored beats,vo.bing.hang.eric.2,vo.bing.hang.eric.2.mp3
2,CH1 PROSPECT,Bada Bing I,54,Eric,eric,"The chicken shawarma nearby is unbelievable. Best thing within walking distance, and I have checked repeatedly.",16,MIXED — floor barks plus authored beats,vo.bing.hang.eric.shawarma.1,vo.bing.hang.eric.shawarma.1.mp3
2,CH1 PROSPECT,Bada Bing I,55,Eric,eric,"Garlic sauce, pickles, crispy edges. That rotating spit has done more for this neighborhood than local government.",17,MIXED — floor barks plus authored beats,vo.bing.hang.eric.shawarma.2,vo.bing.hang.eric.shawarma.2.mp3
2,CH1 PROSPECT,Bada Bing I,56,Hog Mama,hogmama,"Gimme a word, baby. Any word. I'll make a whole bit out of it, right here, no net.",18,MIXED — floor barks plus authored beats,vo.bing.hang.hogmama.1,vo.bing.hang.hogmama.1.mp3
2,CH1 PROSPECT,Bada Bing I,57,Hog Mama,hogmama,"You? You're a bit already, honey. Walkin' around all serious with them little errands.",14,MIXED — floor barks plus authored beats,vo.bing.hang.hogmama.2,vo.bing.hang.hogmama.2.mp3
2,CH1 PROSPECT,Bada Bing I,58,Tony (the Prospect),player,Please don't make me a bit.,6,MIXED — floor barks plus authored beats,vo.bing.hang.hogmama.tony.1,vo.bing.hang.hogmama.tony.1.mp3
2,CH1 PROSPECT,Bada Bing I,59,DeathMegatron,deathmegatron,I ordered a spritz. They gave me a spritz. Ain't every day the world does what it should.,18,MIXED — floor barks plus authored beats,vo.bing.hang.deathmegatron.1,vo.bing.hang.deathmegatron.1.mp3
2,CH1 PROSPECT,Bada Bing I,60,DeathMegatron,deathmegatron,"Relax, kid. Nobody dies on a Tuesday. Statistically that ain't true, but relax anyway.",14,MIXED — floor barks plus authored beats,vo.bing.hang.deathmegatron.2,vo.bing.hang.deathmegatron.2.mp3
2,CH1 PROSPECT,Bada Bing I,61,BIG UNCLE LOU SPUTTHOLE,lou,There he is. My favorite errand with legs. You keepin' your nose clean or just wipin' it?,17,MIXED — floor barks plus authored beats,vo.bing.hang.lou.1,vo.bing.hang.lou.1.mp3
2,CH1 PROSPECT,Bada Bing I,62,BIG UNCLE LOU SPUTTHOLE,lou,"Everything in this room I either bought, won, or forgave. Remember that when you want somethin'.",16,MIXED — floor barks plus authored beats,vo.bing.hang.lou.2,vo.bing.hang.lou.2.mp3
2,CH1 PROSPECT,Bada Bing I,63,Booski,booski,PROSPECT! Get over here before I love you from a distance like some kinda stranger!,15,MIXED — floor barks plus authored beats,vo.bing.hang.booski.1,vo.bing.hang.booski.1.mp3
2,CH1 PROSPECT,Bada Bing I,64,Booski,booski,"I had six hundred on red and it came up FAMILY, baby. House pays either way when it's my house.",20,MIXED — floor barks plus authored beats,vo.bing.hang.booski.2,vo.bing.hang.booski.2.mp3
2,CH1 PROSPECT,Bada Bing I,65,CAPTAIN LOU SASOLE,lou2,"Ground people, Tony. Everyone in here. Beautiful souls, zero situational awareness.",11,MIXED — floor barks plus authored beats,vo.bing.hang.sasole.1,vo.bing.hang.sasole.1.mp3
2,CH1 PROSPECT,Bada Bing I,66,CAPTAIN LOU SASOLE,lou2,You flew with me once and you walked away from the landing. That puts you top five pilots in this room.,21,MIXED — floor barks plus authored beats,vo.bing.hang.sasole.2,vo.bing.hang.sasole.2.mp3
2,CH1 PROSPECT,Bada Bing I,67,Tony (the Prospect),player,Top five? Who's ahead of me?,6,MIXED — floor barks plus authored beats,vo.bing.hang.sasole.tony.1,vo.bing.hang.sasole.tony.1.mp3
2,CH1 PROSPECT,Bada Bing I,68,Willy,willy,I'm between things right now. Big things. Can't say. The things can hear.,13,MIXED — floor barks plus authored beats,vo.bing.hang.willy.1,vo.bing.hang.willy.1.mp3
2,CH1 PROSPECT,Bada Bing I,69,Willy,willy,You want my seat? It's the best seat. That's why I'm in it. I test 'em all after close.,19,MIXED — floor barks plus authored beats,vo.bing.hang.willy.2,vo.bing.hang.willy.2.mp3
2,CH1 PROSPECT,Bada Bing I,70,Irish's Deep Dives,irish,"Sit down, sit down — I was just gettin' to the good part. So the egg, right, the SAME egg—",20,MIXED — floor barks plus authored beats,vo.bing.hang.irish.1,vo.bing.hang.irish.1.mp3
2,CH1 PROSPECT,Bada Bing I,71,Irish's Deep Dives,irish,Nobody finishes a story anymore. Attention spans. Now — where was I. Start over. So. Eggs.,16,MIXED — floor barks plus authored beats,vo.bing.hang.irish.2,vo.bing.hang.irish.2.mp3
2,CH1 PROSPECT,Bada Bing I,72,Tony (the Prospect),player,"You told me the egg one, Irish.",7,MIXED — floor barks plus authored beats,vo.bing.hang.irish.tony.1,vo.bing.hang.irish.tony.1.mp3
2,CH1 PROSPECT,Bada Bing I,73,Irish's Deep Dives,irish,"Before you say anything - here. One hundred dollars. I had it earmarked for eggs, but you look like a developing situation.",22,MIXED — floor barks plus authored beats,vo.bing.hang.irish.gift.1,vo.bing.hang.irish.gift.1.mp3
2,CH1 PROSPECT,Bada Bing I,74,Irish's Deep Dives,irish,"A man should have walking-around money. Also, now you are financially invested in hearing the egg story.",17,MIXED — floor barks plus authored beats,vo.bing.hang.irish.gift.2,vo.bing.hang.irish.gift.2.mp3
2,CH1 PROSPECT,Bada Bing I,75,Ape,ape,Statements made in this establishment are for entertainment purposes only.,10,MIXED — floor barks plus authored beats,vo.bing.hang.ape.1,vo.bing.hang.ape.1.mp3
2,CH1 PROSPECT,Bada Bing I,76,Ape,ape,I am having a nice time. This is my nice-time face. It is load-bearing.,14,MIXED — floor barks plus authored beats,vo.bing.hang.ape.2,vo.bing.hang.ape.2.mp3
2,CH1 PROSPECT,Bada Bing I,77,Old Stove,old-stove,"City drinks, city prices, city ice. Ice used to mean somethin'.",11,MIXED — floor barks plus authored beats,vo.bing.hang.stove.1,vo.bing.hang.stove.1.mp3
2,CH1 PROSPECT,Bada Bing I,78,Old Stove,old-stove,That aeroplane misses you. Don't you tell her nothin' I wouldn't say.,12,MIXED — floor barks plus authored beats,vo.bing.hang.stove.2,vo.bing.hang.stove.2.mp3
2,CH1 PROSPECT,Bada Bing I,79,Snow,snow,Cold in here. Good.,4,MIXED — floor barks plus authored beats,vo.bing.hang.snow.1,vo.bing.hang.snow.1.mp3
2,CH1 PROSPECT,Bada Bing I,80,Snow,snow,You talk a lot for a guy on a checklist.,10,MIXED — floor barks plus authored beats,vo.bing.hang.snow.2,vo.bing.hang.snow.2.mp3
2,CH1 PROSPECT,Bada Bing I,81,Tony (the Prospect),player,You want them to turn the heat up?,8,MIXED — floor barks plus authored beats,vo.bing.hang.snow.tony.1,vo.bing.hang.snow.tony.1.mp3
2,CH1 PROSPECT,Bada Bing I,82,Rippinflow,rippinflow,"Prospect on the floor, yeah, walkin' like rent's due — that's a bar, that's free, someone write that down.",19,MIXED — floor barks plus authored beats,vo.bing.hang.rippinflow.1,vo.bing.hang.rippinflow.1.mp3
2,CH1 PROSPECT,Bada Bing I,83,Rippinflow,rippinflow,"I don't freestyle no more. Anyway — look at him, suit like a verdict, uh — see, it happened again.",20,MIXED — floor barks plus authored beats,vo.bing.hang.rippinflow.2,vo.bing.hang.rippinflow.2.mp3
2,CH1 PROSPECT,Bada Bing I,84,Seff,seff,Quick thing. You got a guy for mattresses? Doesn't matter. Forget it. I GOT the guy. I'm the guy.,19,MIXED — floor barks plus authored beats,vo.bing.hang.seff.1,vo.bing.hang.seff.1.mp3
2,CH1 PROSPECT,Bada Bing I,85,Seff,seff,"This round's on me the moment somebody explains my situation to Lou. You'll do that, right?",16,MIXED — floor barks plus authored beats,vo.bing.hang.seff.2,vo.bing.hang.seff.2.mp3
2,CH1 PROSPECT,Bada Bing I,86,The Shubenator,shubenator,I did nine hundred push-ups today. The number is not the impressive part. The floor was.,16,MIXED — floor barks plus authored beats,vo.bing.hang.shubenator.1,vo.bing.hang.shubenator.1.mp3
2,CH1 PROSPECT,Bada Bing I,87,The Shubenator,shubenator,"You need mass, Prospect. Order the shrimp. Order nine shrimp.",10,MIXED — floor barks plus authored beats,vo.bing.hang.shubenator.2,vo.bing.hang.shubenator.2.mp3
2,CH1 PROSPECT,Bada Bing I,88,Numbskull,numbskull,"I like you. I decided this morning. It's done now, so don't worry about it.",15,MIXED — floor barks plus authored beats,vo.bing.hang.numbskull.1,vo.bing.hang.numbskull.1.mp3
2,CH1 PROSPECT,Bada Bing I,89,Numbskull,numbskull,Lou says I'm the muscle. Booski says I'm the heart. I say ow.,13,MIXED — floor barks plus authored beats,vo.bing.hang.numbskull.2,vo.bing.hang.numbskull.2.mp3
2,CH1 PROSPECT,Bada Bing I,90,Booski,booski,"You look empty-handed, Prospect. That's a ME problem now. You want a shot? Course you want a shot.",18,MIXED — floor barks plus authored beats,vo.bing.booski.shot.offer,vo.bing.booski.shot.offer.mp3
2,CH1 PROSPECT,Bada Bing I,91,Booski,booski,"Get my man a shot. Thirty fuckin’ seconds. That’s generous, baby.",11,MIXED — floor barks plus authored beats,vo.bing.booski.shot.yell,vo.bing.booski.shot.yell.mp3
2,CH1 PROSPECT,Bada Bing I,92,Booski,booski,"Twenty-eight. He's growin' on me. Drink, baby.",7,MIXED — floor barks plus authored beats,vo.bing.booski.shot.handoff,vo.bing.booski.shot.handoff.mp3
2,CH1 PROSPECT,Bada Bing I,93,Tony (the Prospect),player,"Thanks. I was gonna say no, and then I heard the yelling.",12,MIXED — floor barks plus authored beats,vo.bing.booski.shot.tony.1,vo.bing.booski.shot.tony.1.mp3
2,CH1 PROSPECT,Bada Bing I,94,The Bada Bing bartender,bartender,"House rye. If he asks, it was twenty-nine seconds.",9,MIXED — floor barks plus authored beats,vo.bing.bartender.booski-shot.pour,vo.bing.bartender.booski-shot.pour.mp3
2,CH1 PROSPECT,Bada Bing I,95,Booski,booski,There he is. Now you look like you belong in here.,11,MIXED — floor barks plus authored beats,vo.bing.booski.shot.after,vo.bing.booski.shot.after.mp3
2,CH1 PROSPECT,Bada Bing I,96,Blackjack dealer,dealer,Cards comin' in.,3,MIXED — floor barks plus authored beats,vo.bing.blackjack.dealer.deal.1,vo.bing.blackjack.dealer.deal.1.mp3
2,CH1 PROSPECT,Bada Bing I,97,Blackjack dealer,dealer,"Good luck, prospect.",3,MIXED — floor barks plus authored beats,vo.bing.blackjack.dealer.deal.2,vo.bing.blackjack.dealer.deal.2.mp3
2,CH1 PROSPECT,Bada Bing I,98,Blackjack dealer,dealer,Player wins. Somebody's kissin' the right rings.,7,MIXED — floor barks plus authored beats,vo.bing.blackjack.dealer.win,vo.bing.blackjack.dealer.win.mp3
2,CH1 PROSPECT,Bada Bing I,99,Blackjack dealer,dealer,House takes it. The house always liked me better.,9,MIXED — floor barks plus authored beats,vo.bing.blackjack.dealer.lose,vo.bing.blackjack.dealer.lose.mp3
2,CH1 PROSPECT,Bada Bing I,100,Blackjack dealer,dealer,"Push. Nobody wins, everybody stays pretty.",6,MIXED — floor barks plus authored beats,vo.bing.blackjack.dealer.push,vo.bing.blackjack.dealer.push.mp3
2,CH1 PROSPECT,Bada Bing I,101,Blackjack dealer,dealer,"That's a bust, sweetheart.",4,MIXED — floor barks plus authored beats,vo.bing.blackjack.dealer.bust,vo.bing.blackjack.dealer.bust.mp3
2,CH1 PROSPECT,Bada Bing I,102,Tony (the Prospect),player,Hey — that's how you do that.,7,MIXED — floor barks plus authored beats,vo.bing.blackjack.tony.win,vo.bing.blackjack.tony.win.mp3
2,CH1 PROSPECT,Bada Bing I,103,Tony (the Prospect),player,That card was personal.,4,MIXED — floor barks plus authored beats,vo.bing.blackjack.tony.lose,vo.bing.blackjack.tony.lose.mp3
2,CH1 PROSPECT,Bada Bing I,104,Bing doorman,doorman,Go on in. He knows.,5,MIXED — floor barks plus authored beats,vo.bing.door.in.1,vo.bing.door.in.1.mp3
2,CH1 PROSPECT,Bada Bing I,105,Bing doorman,doorman,Nice night. Stays nice if you're nice.,7,MIXED — floor barks plus authored beats,vo.bing.door.in.2,vo.bing.door.in.2.mp3
2,CH1 PROSPECT,Bada Bing I,106,The Bada Bing bartender,bartender,What're we havin'?,3,MIXED — floor barks plus authored beats,vo.bing.bar.1,vo.bing.bar.1.mp3
2,CH1 PROSPECT,Bada Bing I,107,The Bada Bing bartender,bartender,"Comin' up. Don't watch me pour, it makes the hands weird.",11,MIXED — floor barks plus authored beats,vo.bing.bar.2,vo.bing.bar.2.mp3
2,CH1 PROSPECT,Bada Bing I,108,The Bada Bing bartender,bartender,Booski's tab? Booski's tab is a myth I refill.,9,MIXED — floor barks plus authored beats,vo.bing.bar.3,vo.bing.bar.3.mp3
2,CH1 PROSPECT,Bada Bing I,109,Bada Bing performer,performer,"You're sweet. Tip the band, sweetheart.",6,MIXED — floor barks plus authored beats,vo.bing.stage.1,vo.bing.stage.1.mp3
2,CH1 PROSPECT,Bada Bing I,110,Bada Bing performer,performer,Eyes up here are free. The winkin' costs.,8,MIXED — floor barks plus authored beats,vo.bing.stage.2,vo.bing.stage.2.mp3
2,CH1 PROSPECT,Bada Bing I,111,BIG UNCLE LOU SPUTTHOLE,lou,This next place. You listen before you move. You understand?,10,MIXED — floor barks plus authored beats,vo.bing.lou.brief.1,vo.bing.lou.brief.1.mp3
2,CH1 PROSPECT,Bada Bing I,112,BIG UNCLE LOU SPUTTHOLE,lou,Good. That’s the first thing you’ve said tonight I believe.,10,MIXED — floor barks plus authored beats,vo.bing.lou.brief.2,vo.bing.lou.brief.2.mp3
2,CH1 PROSPECT,Bada Bing I,113,BIG UNCLE LOU SPUTTHOLE,lou,"Clean, simple, and not connected to you.",7,MIXED — floor barks plus authored beats,vo.bing.lou.brief.3,vo.bing.lou.brief.3.mp3
2,CH1 PROSPECT,Bada Bing I,114,BIG UNCLE LOU SPUTTHOLE,lou,It’s not going to walk over to you.,8,MIXED — floor barks plus authored beats,vo.bing.lou.brief.4,vo.bing.lou.brief.4.mp3
2,CH1 PROSPECT,Bada Bing I,115,BIG UNCLE LOU SPUTTHOLE,lou,It’s the thing you hope stays wrapped up. Take it.,10,MIXED — floor barks plus authored beats,vo.bing.lou.brief.5,vo.bing.lou.brief.5.mp3
2,CH1 PROSPECT,Bada Bing I,116,BIG UNCLE LOU SPUTTHOLE,lou,"Comforting, isn’t it.",3,MIXED — floor barks plus authored beats,vo.bing.lou.brief.6,vo.bing.lou.brief.6.mp3
2,CH1 PROSPECT,Bada Bing I,117,BIG UNCLE LOU SPUTTHOLE,lou,"Address. The room. Sal Sorrento, Captain McClawsky, and when. You walk in calm. You sit down. You hear them out.",20,MIXED — floor barks plus authored beats,vo.bing.lou.brief.7,vo.bing.lou.brief.7.mp3
2,CH1 PROSPECT,Bada Bing I,118,BIG UNCLE LOU SPUTTHOLE,lou,"Anything else, or are we both going to sit here.",10,MIXED — floor barks plus authored beats,vo.bing.lou.brief.8,vo.bing.lou.brief.8.mp3
2,CH1 PROSPECT,Bada Bing I,119,BIG UNCLE LOU SPUTTHOLE,lou,"Go on, then.",3,MIXED — floor barks plus authored beats,vo.bing.lou.brief.9,vo.bing.lou.brief.9.mp3
2,CH1 PROSPECT,Bada Bing I,120,BIG UNCLE LOU SPUTTHOLE,lou,Prospect. Don’t lose that playing blackjack.,6,MIXED — floor barks plus authored beats,vo.bing.lou.brief.10,vo.bing.lou.brief.10.mp3
2,CH1 PROSPECT,Bada Bing I,121,BIG UNCLE LOU SPUTTHOLE,lou,Back already. Shut the door.,5,MIXED — floor barks plus authored beats,vo.bing.lou.brief2.1,vo.bing.lou.brief2.1.mp3
2,CH1 PROSPECT,Bada Bing I,122,BIG UNCLE LOU SPUTTHOLE,lou,The airstrip went well enough that Booski stopped shouting. That counts as well.,13,MIXED — floor barks plus authored beats,vo.bing.lou.brief2.2,vo.bing.lou.brief2.2.mp3
2,CH1 PROSPECT,Bada Bing I,123,BIG UNCLE LOU SPUTTHOLE,lou,Jerky Motel. Room twelve. Snow is waiting in the car with the payment. You inspect the Reserve before anybody opens the money.,22,MIXED — floor barks plus authored beats,vo.bing.lou.brief2.3,vo.bing.lou.brief2.3.mp3
2,CH1 PROSPECT,Bada Bing I,124,BIG UNCLE LOU SPUTTHOLE,lou,"Everybody in the room, the exits, and whether the meat is what they say it is. If one thing feels wrong, assume three things are.",25,MIXED — floor barks plus authored beats,vo.bing.lou.brief2.4,vo.bing.lou.brief2.4.mp3
2,CH1 PROSPECT,Bada Bing I,125,BIG UNCLE LOU SPUTTHOLE,lou,Good. Leave from here and go directly there. Do not stop at the apartment.,14,MIXED — floor barks plus authored beats,vo.bing.lou.brief2.5,vo.bing.lou.brief2.5.mp3
2,CH1 PROSPECT,Bada Bing I,126,BIG UNCLE LOU SPUTTHOLE,lou,Prospect. Product first. Money second.,5,MIXED — floor barks plus authored beats,vo.bing.lou.brief2.6,vo.bing.lou.brief2.6.mp3
2,CH1 PROSPECT,Bada Bing I,127,Margo Salas,margo,You are going to say something. I can see it arriving.,11,MIXED — floor barks plus authored beats,vo.bing.margo.1,vo.bing.margo.1.mp3
2,CH1 PROSPECT,Bada Bing I,128,Margo Salas,margo,That was quick. Whatever it was.,6,MIXED — floor barks plus authored beats,vo.bing.margo.1b,vo.bing.margo.1b.mp3
2,CH1 PROSPECT,Bada Bing I,129,Margo Salas,margo,Nobody walks past this end. This end is where you sit when you are waiting for somebody and you have stopped enjoying it.,23,MIXED — floor barks plus authored beats,vo.bing.margo.2,vo.bing.margo.2.mp3
2,CH1 PROSPECT,Bada Bing I,130,Margo Salas,margo,Rye. One ice cube. They brought three. I sent two back. It caused a scene.,15,MIXED — floor barks plus authored beats,vo.bing.margo.3,vo.bing.margo.3.mp3
2,CH1 PROSPECT,Bada Bing I,131,Margo Salas,margo,"I run the kitchen at the all-night place on Ashland. I am in here because my dishwasher’s brother works your door and he owes me two hundred dollars, and I have decided to be visible about it. Your turn.",39,MIXED — floor barks plus authored beats,vo.bing.margo.4,vo.bing.margo.4.mp3
2,CH1 PROSPECT,Bada Bing I,132,Margo Salas,margo,"…You ate at mine. Four in the morning, corner two. You tipped Hector. Nobody tips Hector — he is behind a wall, you would have had to go and find him.",31,MIXED — floor barks plus authored beats,vo.bing.margo.5,vo.bing.margo.5.mp3
2,CH1 PROSPECT,Bada Bing I,133,Scene-local male NPC pool,npc-male,You hear something happened with the butcher union?,8,MIXED — floor barks plus authored beats,vo.bing.ambient.01,vo.bing.ambient.01.mp3
2,CH1 PROSPECT,Bada Bing I,134,Disposable NPC (shared),npc-reserve-1,I don’t talk business near the coat check.,8,MIXED — floor barks plus authored beats,vo.bing.ambient.02,vo.bing.ambient.02.mp3
2,CH1 PROSPECT,Bada Bing I,135,RESERVED 2026-08-04,npc-reserve-2,Four hundred on a duck. A duck. In this economy.,10,MIXED — floor barks plus authored beats,vo.bing.ambient.03,vo.bing.ambient.03.mp3
2,CH1 PROSPECT,Bada Bing I,136,Scene-local male NPC pool,npc-male,He says it’s a franchise. It’s a van.,8,MIXED — floor barks plus authored beats,vo.bing.ambient.04,vo.bing.ambient.04.mp3
2,CH1 PROSPECT,Bada Bing I,137,Bada Bing performer,performer,You want a drink or you want the seat? Both is fine. Neither isn’t.,14,MIXED — floor barks plus authored beats,vo.bing.ambient.05,vo.bing.ambient.05.mp3
2,CH1 PROSPECT,Bada Bing I,138,Disposable NPC (shared),npc-reserve-1,They stopped doing the Sunday thing. Nobody said why.,9,MIXED — floor barks plus authored beats,vo.bing.ambient.06,vo.bing.ambient.06.mp3
2,CH1 PROSPECT,Bada Bing I,139,RESERVED 2026-08-04,npc-reserve-2,One more hand and I’m going home. I mean it this time.,12,MIXED — floor barks plus authored beats,vo.bing.ambient.07,vo.bing.ambient.07.mp3
2,CH1 PROSPECT,Bada Bing I,140,Bing doorman,doorman,"That’s the prospect. Don’t look at him, you’ll set him off.",11,MIXED — floor barks plus authored beats,vo.bing.ambient.08,vo.bing.ambient.08.mp3
2,CH1 PROSPECT,Bada Bing I,141,Scene-local male NPC pool,npc-male,Wednesday. Seven. Everybody keeps saying it like I’ve got a diary.,11,MIXED — floor barks plus authored beats,vo.bing.ambient.09,vo.bing.ambient.09.mp3
2,CH1 PROSPECT,Bada Bing I,142,The Bada Bing bartender,bartender,Finish one of those first. I am not a shelf.,10,MIXED — floor barks plus authored beats,vo.bing.bartender.capacity,vo.bing.bartender.capacity.mp3
2,CH1 PROSPECT,Bada Bing I,143,Ape,ape,"If it comes off, something behind it has to hold the weight instead. Nobody wants that. I do not want that.",21,MIXED — floor barks plus authored beats,vo.bing.full.ape.aside.line.rqb5su,vo.bing.full.ape.aside.line.rqb5su.mp3
2,CH1 PROSPECT,Bada Bing I,144,Ape,ape,"So I keep it on, I have a nice time, and everybody goes home. It is a system and it works.",21,MIXED — floor barks plus authored beats,vo.bing.full.ape.asideMore.line.9a3t0p,vo.bing.full.ape.asideMore.line.9a3t0p.mp3
2,CH1 PROSPECT,Bada Bing I,145,Tony (the Prospect),player,I’ll write that on my hand.,6,MIXED — floor barks plus authored beats,vo.bing.full.ape.open.tony.1ms948l,vo.bing.full.ape.open.tony.1ms948l.mp3
2,CH1 PROSPECT,Bada Bing I,146,Tony (the Prospect),player,Another time.,2,MIXED — floor barks plus authored beats,vo.bing.full.ape.open.tony.kay3u1,vo.bing.full.ape.open.tony.kay3u1.mp3
2,CH1 PROSPECT,Bada Bing I,147,Tony (the Prospect),player,Load-bearing how?,2,MIXED — floor barks plus authored beats,vo.bing.full.ape.open.tony.qqlmup,vo.bing.full.ape.open.tony.qqlmup.mp3
2,CH1 PROSPECT,Bada Bing I,148,Bing doorman,doorman,No. That’s not what that was. Come on.,8,MIXED — floor barks plus authored beats,vo.bing.full.associate.no.line.xr8cgp,vo.bing.full.associate.no.line.xr8cgp.mp3
2,CH1 PROSPECT,Bada Bing I,149,Bing doorman,doorman,Congratulations. You’ve discovered cards. Lou wants you.,7,MIXED — floor barks plus authored beats,vo.bing.full.associate.open.line.1ub3l1a,vo.bing.full.associate.open.line.1ub3l1a.mp3
2,CH1 PROSPECT,Bada Bing I,150,Tony (the Prospect),player,One more hand.,3,MIXED — floor barks plus authored beats,vo.bing.full.associate.open.tony.124286t,vo.bing.full.associate.open.tony.124286t.mp3
2,CH1 PROSPECT,Bada Bing I,151,Tony (the Prospect),player,I’m going.,2,MIXED — floor barks plus authored beats,vo.bing.full.associate.open.tony.16pgg7u,vo.bing.full.associate.open.tony.16pgg7u.mp3
2,CH1 PROSPECT,Bada Bing I,152,Aubbie,aubbie,"Two nights. There is a chair where I work that reclines, if you lean on it and agree not to call it a chair.",24,MIXED — floor barks plus authored beats,vo.bing.full.aubbie.aside.line.yx6t7d,vo.bing.full.aubbie.aside.line.yx6t7d.mp3
2,CH1 PROSPECT,Bada Bing I,153,Aubbie,aubbie,"My daughter has started describing me to her friends off a photograph. She holds it up. This one, she says. He is very busy.",24,MIXED — floor barks plus authored beats,vo.bing.full.aubbie.asideMore.line.cevhsx,vo.bing.full.aubbie.asideMore.line.cevhsx.mp3
2,CH1 PROSPECT,Bada Bing I,154,Aubbie,aubbie,"Twelve hours, and then the telephone at midnight to ask how it is coming along. It is coming along exactly as it was at seven. It is coming along.",29,MIXED — floor barks plus authored beats,vo.bing.full.aubbie.more.line.gdwsve,vo.bing.full.aubbie.more.line.gdwsve.mp3
2,CH1 PROSPECT,Bada Bing I,155,Tony (the Prospect),player,"Get some sleep, Aubbie.",4,MIXED — floor barks plus authored beats,vo.bing.full.aubbie.more.tony.1sbfst0,vo.bing.full.aubbie.more.tony.1sbfst0.mp3
2,CH1 PROSPECT,Bada Bing I,156,Aubbie,aubbie,Lou has me working on a big project. He wants it done yesterday. I am one man with one pair of hands — I am only human.,27,MIXED — floor barks plus authored beats,vo.bing.full.aubbie.open.line.ojzmwc,vo.bing.full.aubbie.open.line.ojzmwc.mp3
2,CH1 PROSPECT,Bada Bing I,157,Tony (the Prospect),player,You look like you haven’t slept.,6,MIXED — floor barks plus authored beats,vo.bing.full.aubbie.open.tony.12ju9v8,vo.bing.full.aubbie.open.tony.12ju9v8.mp3
2,CH1 PROSPECT,Bada Bing I,158,Tony (the Prospect),player,Everything’s yesterday with Lou.,4,MIXED — floor barks plus authored beats,vo.bing.full.aubbie.open.tony.8whbeq,vo.bing.full.aubbie.open.tony.8whbeq.mp3
2,CH1 PROSPECT,Bada Bing I,159,Tony (the Prospect),player,Another time.,2,MIXED — floor barks plus authored beats,vo.bing.full.aubbie.open.tony.kay3u1,vo.bing.full.aubbie.open.tony.kay3u1.mp3
2,CH1 PROSPECT,Bada Bing I,160,The Bada Bing bartender,bartender,Architecture. Take it up with the architect. He’s dead.,9,MIXED — floor barks plus authored beats,vo.bing.full.bartender.joke.line.1uqigwu,vo.bing.full.bartender.joke.line.1uqigwu.mp3
2,CH1 PROSPECT,Bada Bing I,161,The Bada Bing bartender,bartender,"Coffee. Black, and he complains about it. Enjoy.",8,MIXED — floor barks plus authored beats,vo.bing.full.bartender.lou-drink.line.17f403x,vo.bing.full.bartender.lou-drink.line.17f403x.mp3
2,CH1 PROSPECT,Bada Bing I,162,The Bada Bing bartender,bartender,Lou’s in the back. He said don’t make him wait.,10,MIXED — floor barks plus authored beats,vo.bing.full.bartender.open.line.1w2a01j,vo.bing.full.bartender.open.line.1w2a01j.mp3
2,CH1 PROSPECT,Bada Bing I,163,The Bada Bing bartender,bartender,You’re done already? He must like you.,7,MIXED — floor barks plus authored beats,vo.bing.full.bartender.open.line.k4a1l5,vo.bing.full.bartender.open.line.k4a1l5.mp3
2,CH1 PROSPECT,Bada Bing I,164,Tony (the Prospect),player,One for the road.,4,MIXED — floor barks plus authored beats,vo.bing.full.bartender.open.tony.1573ecz,vo.bing.full.bartender.open.tony.1573ecz.mp3
2,CH1 PROSPECT,Bada Bing I,165,Tony (the Prospect),player,What’s good back there that isn’t going to kill me?,10,MIXED — floor barks plus authored beats,vo.bing.full.bartender.open.tony.1d6a7tv,vo.bing.full.bartender.open.tony.1d6a7tv.mp3
2,CH1 PROSPECT,Bada Bing I,166,Tony (the Prospect),player,Later.,1,MIXED — floor barks plus authored beats,vo.bing.full.bartender.open.tony.1h534md,vo.bing.full.bartender.open.tony.1h534md.mp3
2,CH1 PROSPECT,Bada Bing I,167,Tony (the Prospect),player,Put it on Booski’s tab.,5,MIXED — floor barks plus authored beats,vo.bing.full.bartender.open.tony.e38pik,vo.bing.full.bartender.open.tony.e38pik.mp3
2,CH1 PROSPECT,Bada Bing I,168,Tony (the Prospect),player,Anything I should know before I go back there?,9,MIXED — floor barks plus authored beats,vo.bing.full.bartender.open.tony.g8wg42,vo.bing.full.bartender.open.tony.g8wg42.mp3
2,CH1 PROSPECT,Bada Bing I,169,Tony (the Prospect),player,Another time.,2,MIXED — floor barks plus authored beats,vo.bing.full.bartender.open.tony.kay3u1,vo.bing.full.bartender.open.tony.kay3u1.mp3
2,CH1 PROSPECT,Bada Bing I,170,Tony (the Prospect),player,Then why’d you put a bar between me and his office?,11,MIXED — floor barks plus authored beats,vo.bing.full.bartender.open.tony.poqixp,vo.bing.full.bartender.open.tony.poqixp.mp3
2,CH1 PROSPECT,Bada Bing I,171,Tony (the Prospect),player,Whatever Lou drinks.,3,MIXED — floor barks plus authored beats,vo.bing.full.bartender.order.tony.1un6u0s,vo.bing.full.bartender.order.tony.1un6u0s.mp3
2,CH1 PROSPECT,Bada Bing I,172,Tony (the Prospect),player,Beer.,1,MIXED — floor barks plus authored beats,vo.bing.full.bartender.order.tony.ip1fej,vo.bing.full.bartender.order.tony.ip1fej.mp3
2,CH1 PROSPECT,Bada Bing I,173,Tony (the Prospect),player,Whiskey. Neat.,2,MIXED — floor barks plus authored beats,vo.bing.full.bartender.order.tony.ti7t3r,vo.bing.full.bartender.order.tony.ti7t3r.mp3
2,CH1 PROSPECT,Bada Bing I,174,Tony (the Prospect),player,Club soda. I’m working.,4,MIXED — floor barks plus authored beats,vo.bing.full.bartender.order.tony.xa0av4,vo.bing.full.bartender.order.tony.xa0av4.mp3
2,CH1 PROSPECT,Bada Bing I,175,The Bada Bing bartender,bartender,This is the last one before he sees you. I mean that as a favour.,15,MIXED — floor barks plus authored beats,vo.bing.full.bartender.poured.line.1t39iem,vo.bing.full.bartender.poured.line.1t39iem.mp3
2,CH1 PROSPECT,Bada Bing I,176,The Bada Bing bartender,bartender,On the house. Everything in here is on the house until Lou says otherwise.,14,MIXED — floor barks plus authored beats,vo.bing.full.bartender.poured.line.1tvet,vo.bing.full.bartender.poured.line.1tvet.mp3
2,CH1 PROSPECT,Bada Bing I,177,The Bada Bing bartender,bartender,Club soda. There you go. Big night.,7,MIXED — floor barks plus authored beats,vo.bing.full.bartender.soda.line.kmxlpd,vo.bing.full.bartender.soda.line.kmxlpd.mp3
2,CH1 PROSPECT,Bada Bing I,178,The Bada Bing bartender,bartender,"Somebody’s been sat in the lot twenty minutes. Engine off. Two of them. Not drinking, not leaving, not my business.",20,MIXED — floor barks plus authored beats,vo.bing.full.bartender.tip.line.19crrv7,vo.bing.full.bartender.tip.line.19crrv7.mp3
2,CH1 PROSPECT,Bada Bing I,179,Tony (the Prospect),player,Later — errands.,3,MIXED — floor barks plus authored beats,vo.bing.full.booski.open.tony.1h2bls2,vo.bing.full.booski.open.tony.1h2bls2.mp3
2,CH1 PROSPECT,Bada Bing I,180,Tony (the Prospect),player,"The house always pays you, Boosk.",6,MIXED — floor barks plus authored beats,vo.bing.full.booski.open.tony.h4rucb,vo.bing.full.booski.open.tony.h4rucb.mp3
2,CH1 PROSPECT,Bada Bing I,181,Tony (the Prospect),player,"Good to see you too, Boosk.",6,MIXED — floor barks plus authored beats,vo.bing.full.booski.open.tony.obkpk3,vo.bing.full.booski.open.tony.obkpk3.mp3
2,CH1 PROSPECT,Bada Bing I,182,Bing doorman,doorman,You drove through Jersey. In Jersey. To Jersey. Go in before I have to think about it.,17,MIXED — floor barks plus authored beats,vo.bing.full.bouncer.annoyed.line.3lxppj,vo.bing.full.bouncer.annoyed.line.3lxppj.mp3
2,CH1 PROSPECT,Bada Bing I,183,Bing doorman,doorman,Everybody’s expected. Nobody’s expected. Go on.,6,MIXED — floor barks plus authored beats,vo.bing.full.bouncer.direct.line.14rmtxu,vo.bing.full.bouncer.direct.line.14rmtxu.mp3
2,CH1 PROSPECT,Bada Bing I,184,Bing doorman,doorman,That’s the coat. It’s a big coat.,7,MIXED — floor barks plus authored beats,vo.bing.full.bouncer.friendly.line.wgujnz,vo.bing.full.bouncer.friendly.line.wgujnz.mp3
2,CH1 PROSPECT,Bada Bing I,185,Bing doorman,doorman,"Drive safe. And I mean the speed limit, not the other thing.",12,MIXED — floor barks plus authored beats,vo.bing.full.bouncer.leaving.line.95cupw,vo.bing.full.bouncer.leaving.line.95cupw.mp3
2,CH1 PROSPECT,Bada Bing I,186,Bing doorman,doorman,Lou know you’re coming?,4,MIXED — floor barks plus authored beats,vo.bing.full.bouncer.open.line.g60di9,vo.bing.full.bouncer.open.line.g60di9.mp3
2,CH1 PROSPECT,Bada Bing I,187,Tony (the Prospect),player,He’s expecting me.,3,MIXED — floor barks plus authored beats,vo.bing.full.bouncer.open.tony.1asmym5,vo.bing.full.bouncer.open.tony.1asmym5.mp3
2,CH1 PROSPECT,Bada Bing I,188,Tony (the Prospect),player,He better be. I drove through Jersey.,7,MIXED — floor barks plus authored beats,vo.bing.full.bouncer.open.tony.1hks4kv,vo.bing.full.bouncer.open.tony.1hks4kv.mp3
2,CH1 PROSPECT,Bada Bing I,189,Tony (the Prospect),player,"You’re looking healthy. Wider, but healthy.",6,MIXED — floor barks plus authored beats,vo.bing.full.bouncer.open.tony.6s88zr,vo.bing.full.bouncer.open.tony.6s88zr.mp3
2,CH1 PROSPECT,Bada Bing I,190,Bing doorman,doorman,Back so soon. That’s either very good or very bad.,10,MIXED — floor barks plus authored beats,vo.bing.full.bouncer.returning2.line.4u1gt6,vo.bing.full.bouncer.returning2.line.4u1gt6.mp3
2,CH1 PROSPECT,Bada Bing I,191,Bing doorman,doorman,You’re no fun since they made you a prospect.,9,MIXED — floor barks plus authored beats,vo.bing.full.bouncer.silent.line.hg4nmz,vo.bing.full.bouncer.silent.line.hg4nmz.mp3
2,CH1 PROSPECT,Bada Bing I,192,Bing doorman,doorman,He’s in the back. Don’t make me come find you.,10,MIXED — floor barks plus authored beats,vo.bing.full.bouncer.through.line.1rtn1fd,vo.bing.full.bouncer.through.line.1rtn1fd.mp3
2,CH1 PROSPECT,Bada Bing I,193,Tony (the Prospect),player,"They’re alive, which this week counts.",6,MIXED — floor barks plus authored beats,vo.bing.full.captain_lou_sasole.open.tony.1n6r1j9,vo.bing.full.captain_lou_sasole.open.tony.1n6r1j9.mp3
2,CH1 PROSPECT,Bada Bing I,194,Tony (the Prospect),player,Another time.,2,MIXED — floor barks plus authored beats,vo.bing.full.captain_lou_sasole.open.tony.kay3u1,vo.bing.full.captain_lou_sasole.open.tony.kay3u1.mp3
2,CH1 PROSPECT,Bada Bing I,195,Blackjack dealer,dealer,Seat’s open. Twenty-five minimum.,4,MIXED — floor barks plus authored beats,vo.bing.full.dealer.open.line.10erdw,vo.bing.full.dealer.open.line.10erdw.mp3
2,CH1 PROSPECT,Bada Bing I,196,Tony (the Prospect),player,This table straight?,3,MIXED — floor barks plus authored beats,vo.bing.full.dealer.open.tony.14moh1q,vo.bing.full.dealer.open.tony.14moh1q.mp3
2,CH1 PROSPECT,Bada Bing I,197,Tony (the Prospect),player,Not tonight.,2,MIXED — floor barks plus authored beats,vo.bing.full.dealer.open.tony.1wp27rz,vo.bing.full.dealer.open.tony.1wp27rz.mp3
2,CH1 PROSPECT,Bada Bing I,198,Tony (the Prospect),player,Deal me in.,3,MIXED — floor barks plus authored beats,vo.bing.full.dealer.open.tony.zcu8js,vo.bing.full.dealer.open.tony.zcu8js.mp3
2,CH1 PROSPECT,Bada Bing I,199,Blackjack dealer,dealer,The cards are.,3,MIXED — floor barks plus authored beats,vo.bing.full.dealer.straight.line.115m339,vo.bing.full.dealer.straight.line.115m339.mp3
2,CH1 PROSPECT,Bada Bing I,200,DeathMegatron,deathmegatron,"Picked it at fourteen. Typed it in, hit enter, and that was that. You do not get to choose twice.",20,MIXED — floor barks plus authored beats,vo.bing.full.deathmegatron.aside.line.16wdk95,vo.bing.full.deathmegatron.aside.line.16wdk95.mp3
2,CH1 PROSPECT,Bada Bing I,201,DeathMegatron,deathmegatron,Grown men say it to my face in a bank now. Nobody laughs. That is the part I did not plan.,21,MIXED — floor barks plus authored beats,vo.bing.full.deathmegatron.asideMore.line.nmglp6,vo.bing.full.deathmegatron.asideMore.line.nmglp6.mp3
2,CH1 PROSPECT,Bada Bing I,202,Tony (the Prospect),player,Where does the name come from?,6,MIXED — floor barks plus authored beats,vo.bing.full.deathmegatron.open.tony.11xy8re,vo.bing.full.deathmegatron.open.tony.11xy8re.mp3
2,CH1 PROSPECT,Bada Bing I,203,Tony (the Prospect),player,Another time.,2,MIXED — floor barks plus authored beats,vo.bing.full.deathmegatron.open.tony.kay3u1,vo.bing.full.deathmegatron.open.tony.kay3u1.mp3
2,CH1 PROSPECT,Bada Bing I,204,Tony (the Prospect),player,"Big night, then.",3,MIXED — floor barks plus authored beats,vo.bing.full.deathmegatron.open.tony.n2gou,vo.bing.full.deathmegatron.open.tony.n2gou.mp3
2,CH1 PROSPECT,Bada Bing I,205,97.8 station announcer,announcer,Horns. Everybody wants horns. Nobody wants the four minutes before the horns.,12,MIXED — floor barks plus authored beats,vo.bing.full.dj.horns.line.15zbk3f,vo.bing.full.dj.horns.line.15zbk3f.mp3
2,CH1 PROSPECT,Bada Bing I,206,97.8 station announcer,announcer,You want a request? Because the answer’s no. Lou picks the records.,12,MIXED — floor barks plus authored beats,vo.bing.full.dj.open.line.flx672,vo.bing.full.dj.open.line.flx672.mp3
2,CH1 PROSPECT,Bada Bing I,207,97.8 station announcer,announcer,"Back again. Alright — one request, and if Lou asks, you threatened me.",13,MIXED — floor barks plus authored beats,vo.bing.full.dj.open.line.yranbx,vo.bing.full.dj.open.line.yranbx.mp3
2,CH1 PROSPECT,Bada Bing I,208,Tony (the Prospect),player,Something with horns. Loud.,4,MIXED — floor barks plus authored beats,vo.bing.full.dj.open.tony.1nr2ebp,vo.bing.full.dj.open.tony.1nr2ebp.mp3
2,CH1 PROSPECT,Bada Bing I,209,Tony (the Prospect),player,Anything by the Squatch?,4,MIXED — floor barks plus authored beats,vo.bing.full.dj.open.tony.1va8fo7,vo.bing.full.dj.open.tony.1va8fo7.mp3
2,CH1 PROSPECT,Bada Bing I,210,Tony (the Prospect),player,Anything by the Squatch.,4,MIXED — floor barks plus authored beats,vo.bing.full.dj.open.tony.eyf3o,vo.bing.full.dj.open.tony.eyf3o.mp3
2,CH1 PROSPECT,Bada Bing I,211,Tony (the Prospect),player,Fair enough.,2,MIXED — floor barks plus authored beats,vo.bing.full.dj.open.tony.h033a9,vo.bing.full.dj.open.tony.h033a9.mp3
2,CH1 PROSPECT,Bada Bing I,212,97.8 station announcer,announcer,"That’s the one thing I would play. It’s in the crate. Lou says it’s ""a lot"".",16,MIXED — floor barks plus authored beats,vo.bing.full.dj.squatch.line.1m9s40e,vo.bing.full.dj.squatch.line.1m9s40e.mp3
2,CH1 PROSPECT,Bada Bing I,213,Tony (the Prospect),player,What should I eat nearby?,5,MIXED — floor barks plus authored beats,vo.bing.full.eric.open.tony.1jw6ixv,vo.bing.full.eric.open.tony.1jw6ixv.mp3
2,CH1 PROSPECT,Bada Bing I,214,Tony (the Prospect),player,Alright. What’s happening overseas?,4,MIXED — floor barks plus authored beats,vo.bing.full.eric.open.tony.1upksdx,vo.bing.full.eric.open.tony.1upksdx.mp3
2,CH1 PROSPECT,Bada Bing I,215,Tony (the Prospect),player,Another time.,2,MIXED — floor barks plus authored beats,vo.bing.full.eric.open.tony.kay3u1,vo.bing.full.eric.open.tony.kay3u1.mp3
2,CH1 PROSPECT,Bada Bing I,216,Gratin,gratin,One fella. Been here longer than the carpet. He does not speak to me and I respect that enormously.,19,MIXED — floor barks plus authored beats,vo.bing.full.gratin.aside.line.1hz1fmf,vo.bing.full.gratin.aside.line.1hz1fmf.mp3
2,CH1 PROSPECT,Bada Bing I,217,Gratin,gratin,I sent a compliment back once. He sent the shrimp back out. Same shrimp. Still wrong. That is a man with a position.,23,MIXED — floor barks plus authored beats,vo.bing.full.gratin.asideMore.line.1b7uagz,vo.bing.full.gratin.asideMore.line.1b7uagz.mp3
2,CH1 PROSPECT,Bada Bing I,218,Tony (the Prospect),player,Another time.,2,MIXED — floor barks plus authored beats,vo.bing.full.gratin.open.tony.kay3u1,vo.bing.full.gratin.open.tony.kay3u1.mp3
2,CH1 PROSPECT,Bada Bing I,219,Tony (the Prospect),player,Who actually cooks back there?,5,MIXED — floor barks plus authored beats,vo.bing.full.gratin.open.tony.ueqzhj,vo.bing.full.gratin.open.tony.ueqzhj.mp3
2,CH1 PROSPECT,Bada Bing I,220,Tony (the Prospect),player,"That’s not loyalty, that’s a condition.",6,MIXED — floor barks plus authored beats,vo.bing.full.gratin.open.tony.xqe6sq,vo.bing.full.gratin.open.tony.xqe6sq.mp3
2,CH1 PROSPECT,Bada Bing I,221,Bing doorman,doorman,No. Go in. He’s been staring at the same page five minutes.,12,MIXED — floor barks plus authored beats,vo.bing.full.hallGuard.no.line.zp6uhs,vo.bing.full.hallGuard.no.line.zp6uhs.mp3
2,CH1 PROSPECT,Bada Bing I,222,Bing doorman,doorman,He’s in a mood.,4,MIXED — floor barks plus authored beats,vo.bing.full.hallGuard.open.line.eewi55,vo.bing.full.hallGuard.open.line.eewi55.mp3
2,CH1 PROSPECT,Bada Bing I,223,Bing doorman,doorman,That sit comfortable?,3,MIXED — floor barks plus authored beats,vo.bing.full.hallGuard.open.line.xnqyll,vo.bing.full.hallGuard.open.line.xnqyll.mp3
2,CH1 PROSPECT,Bada Bing I,224,Tony (the Prospect),player,Then I won’t keep him.,5,MIXED — floor barks plus authored beats,vo.bing.full.hallGuard.open.tony.1gct3gj,vo.bing.full.hallGuard.open.tony.1gct3gj.mp3
2,CH1 PROSPECT,Bada Bing I,225,Tony (the Prospect),player,It’s tailoring.,2,MIXED — floor barks plus authored beats,vo.bing.full.hallGuard.open.tony.1qhb99,vo.bing.full.hallGuard.open.tony.1qhb99.mp3
2,CH1 PROSPECT,Bada Bing I,226,Tony (the Prospect),player,That narrow it down?,4,MIXED — floor barks plus authored beats,vo.bing.full.hallGuard.open.tony.6lnk7x,vo.bing.full.hallGuard.open.tony.6lnk7x.mp3
2,CH1 PROSPECT,Bada Bing I,227,Bing doorman,doorman,Sure it is. Keep your jacket shut in the lot.,10,MIXED — floor barks plus authored beats,vo.bing.full.hallGuard.tailoring.line.1y5k1wo,vo.bing.full.hallGuard.tailoring.line.1y5k1wo.mp3
2,CH1 PROSPECT,Bada Bing I,228,Hog Mama,hogmama,"Ninety-seven eight, baby. Every night they let me. Half the callers are in this room pretending they are not.",19,MIXED — floor barks plus authored beats,vo.bing.full.hogmama.aside.line.b0yc0w,vo.bing.full.hogmama.aside.line.b0yc0w.mp3
2,CH1 PROSPECT,Bada Bing I,229,Hog Mama,hogmama,Somebody phones in a dedication for his own wife and puts on a voice. I take it. I always take it.,21,MIXED — floor barks plus authored beats,vo.bing.full.hogmama.asideMore.line.snlo98,vo.bing.full.hogmama.asideMore.line.snlo98.mp3
2,CH1 PROSPECT,Bada Bing I,230,Tony (the Prospect),player,"You do the radio too, right?",6,MIXED — floor barks plus authored beats,vo.bing.full.hogmama.open.tony.1at8yi0,vo.bing.full.hogmama.open.tony.1at8yi0.mp3
2,CH1 PROSPECT,Bada Bing I,231,Tony (the Prospect),player,Another time.,2,MIXED — floor barks plus authored beats,vo.bing.full.hogmama.open.tony.kay3u1,vo.bing.full.hogmama.open.tony.kay3u1.mp3
2,CH1 PROSPECT,Bada Bing I,232,Tony (the Prospect),player,Uh. “Errand.”,2,MIXED — floor barks plus authored beats,vo.bing.full.hogmama.open.tony.qr02zn,vo.bing.full.hogmama.open.tony.qr02zn.mp3
2,CH1 PROSPECT,Bada Bing I,233,Tony (the Prospect),player,Another time.,2,MIXED — floor barks plus authored beats,vo.bing.full.irish.open.tony.kay3u1,vo.bing.full.irish.open.tony.kay3u1.mp3
2,CH1 PROSPECT,Bada Bing I,234,Tony (the Prospect),player,Go on.,2,MIXED — floor barks plus authored beats,vo.bing.full.irish.open.tony.msqwvq,vo.bing.full.irish.open.tony.msqwvq.mp3
2,CH1 PROSPECT,Bada Bing I,235,James Blond,blond,I’ve had rougher service in Monte Carlo.,7,MIXED — floor barks plus authored beats,vo.bing.full.james_blond.afterSwing.line.b8zbj7,vo.bing.full.james_blond.afterSwing.line.b8zbj7.mp3
2,CH1 PROSPECT,Bada Bing I,236,Gratin,gratin,Anything else you want to ask him while he’s being helpful?,11,MIXED — floor barks plus authored beats,vo.bing.full.james_blond.afterTheName.line.51k0p1,vo.bing.full.james_blond.afterTheName.line.51k0p1.mp3
2,CH1 PROSPECT,Bada Bing I,237,Tony (the Prospect),player,Nothing. We’re finished here.,4,MIXED — floor barks plus authored beats,vo.bing.full.james_blond.afterTheName.tony.j8avic,vo.bing.full.james_blond.afterTheName.tony.j8avic.mp3
2,CH1 PROSPECT,Bada Bing I,238,Tony (the Prospect),player,That was available the entire time. Every minute of the last hour was elective. I hope you understand that’s a choice you made.,23,MIXED — floor barks plus authored beats,vo.bing.full.james_blond.afterTheName.tony.knrqmb,vo.bing.full.james_blond.afterTheName.tony.knrqmb.mp3
2,CH1 PROSPECT,Bada Bing I,239,James Blond,blond,All right! The informant meets my handler every Thursday behind the laundromat.,12,MIXED — floor barks plus authored beats,vo.bing.full.james_blond.breaks.line.1ny5y3j,vo.bing.full.james_blond.breaks.line.1ny5y3j.mp3
2,CH1 PROSPECT,Bada Bing I,240,Gratin,gratin,He keeps laughing every time I hit him. I can’t tell if he’s tough or just British.,17,MIXED — floor barks plus authored beats,vo.bing.full.james_blond.brief.line.1trqp5z,vo.bing.full.james_blond.brief.line.1trqp5z.mp3
2,CH1 PROSPECT,Bada Bing I,241,Tony (the Prospect),player,What kind of car?,4,MIXED — floor barks plus authored beats,vo.bing.full.james_blond.car.line.69f8av,vo.bing.full.james_blond.car.line.69f8av.mp3
2,CH1 PROSPECT,Bada Bing I,242,James Blond,blond,You stay away from that automobile.,6,MIXED — floor barks plus authored beats,vo.bing.full.james_blond.carAlarm.line.13sonpd,vo.bing.full.james_blond.carAlarm.line.13sonpd.mp3
2,CH1 PROSPECT,Bada Bing I,243,James Blond,blond,A 1964 Harrington V12.,4,MIXED — floor barks plus authored beats,vo.bing.full.james_blond.carAnswer.line.w5u623,vo.bing.full.james_blond.carAnswer.line.w5u623.mp3
2,CH1 PROSPECT,Bada Bing I,244,Gratin,gratin,"Prospect, go get the forklift.",5,MIXED — floor barks plus authored beats,vo.bing.full.james_blond.carForklift.line.1twcgw1,vo.bing.full.james_blond.carForklift.line.1twcgw1.mp3
2,CH1 PROSPECT,Bada Bing I,245,Tony (the Prospect),player,Turn towards the door.,4,MIXED — floor barks plus authored beats,vo.bing.full.james_blond.carForklift.tony.1idy71j,vo.bing.full.james_blond.carForklift.tony.1idy71j.mp3
2,CH1 PROSPECT,Bada Bing I,246,Gratin,gratin,Is that the little silver one out back?,8,MIXED — floor barks plus authored beats,vo.bing.full.james_blond.carGratin.line.hlj7s4,vo.bing.full.james_blond.carGratin.line.hlj7s4.mp3
2,CH1 PROSPECT,Bada Bing I,247,Gratin,gratin,Help yourself. It’s a kitchen.,5,MIXED — floor barks plus authored beats,vo.bing.full.james_blond.cart.line.deno9b,vo.bing.full.james_blond.cart.line.deno9b.mp3
2,CH1 PROSPECT,Bada Bing I,248,Tony (the Prospect),player,The tongs.,2,MIXED — floor barks plus authored beats,vo.bing.full.james_blond.cart.tony.12ogipb,vo.bing.full.james_blond.cart.tony.12ogipb.mp3
2,CH1 PROSPECT,Bada Bing I,249,Tony (the Prospect),player,The ice bucket.,3,MIXED — floor barks plus authored beats,vo.bing.full.james_blond.cart.tony.17ou3f3,vo.bing.full.james_blond.cart.tony.17ou3f3.mp3
2,CH1 PROSPECT,Bada Bing I,250,Tony (the Prospect),player,The meat tenderiser.,3,MIXED — floor barks plus authored beats,vo.bing.full.james_blond.cart.tony.1cue1tm,vo.bing.full.james_blond.cart.tony.1cue1tm.mp3
2,CH1 PROSPECT,Bada Bing I,251,Tony (the Prospect),player,The bottle with no label.,5,MIXED — floor barks plus authored beats,vo.bing.full.james_blond.cart.tony.3p3dbx,vo.bing.full.james_blond.cart.tony.3p3dbx.mp3
2,CH1 PROSPECT,Bada Bing I,252,Tony (the Prospect),player,Leave the cart alone.,4,MIXED — floor barks plus authored beats,vo.bing.full.james_blond.cart.tony.of4ibu,vo.bing.full.james_blond.cart.tony.of4ibu.mp3
2,CH1 PROSPECT,Bada Bing I,253,Gratin,gratin,Aim low. Apparently that’s where England keeps its secrets.,9,MIXED — floor barks plus authored beats,vo.bing.full.james_blond.cordInHand.line.4hherc,vo.bing.full.james_blond.cordInHand.line.4hherc.mp3
2,CH1 PROSPECT,Bada Bing I,254,James Blond,blond,And you. The new recruit. Do you truly believe these animals consider you family?,14,MIXED — floor barks plus authored beats,vo.bing.full.james_blond.counterAtYou.line.1gax5j7,vo.bing.full.james_blond.counterAtYou.line.1gax5j7.mp3
2,CH1 PROSPECT,Bada Bing I,255,Tony (the Prospect),player,More than your people considered you.,6,MIXED — floor barks plus authored beats,vo.bing.full.james_blond.counterAtYou.tony.10iu49w,vo.bing.full.james_blond.counterAtYou.tony.10iu49w.mp3
2,CH1 PROSPECT,Bada Bing I,256,Tony (the Prospect),player,I’m mostly here for the health insurance.,7,MIXED — floor barks plus authored beats,vo.bing.full.james_blond.counterAtYou.tony.1urb46s,vo.bing.full.james_blond.counterAtYou.tony.1urb46s.mp3
2,CH1 PROSPECT,Bada Bing I,257,Tony (the Prospect),player,Keep talking.,2,MIXED — floor barks plus authored beats,vo.bing.full.james_blond.counterAtYou.tony.o95x3g,vo.bing.full.james_blond.counterAtYou.tony.o95x3g.mp3
2,CH1 PROSPECT,Bada Bing I,258,Gratin,gratin,Lou still has my bowling shoes. We’re tied together financially.,10,MIXED — floor barks plus authored beats,vo.bing.full.james_blond.counterGratin.line.aegi1v,vo.bing.full.james_blond.counterGratin.line.aegi1v.mp3
2,CH1 PROSPECT,Bada Bing I,259,Numbskull,numbskull,"We do not have that. Gratin, do we have that?",10,MIXED — floor barks plus authored beats,vo.bing.full.james_blond.counterJoke.line.r8ym0o,vo.bing.full.james_blond.counterJoke.line.r8ym0o.mp3
2,CH1 PROSPECT,Bada Bing I,260,James Blond,blond,"I’d rather not, now you’ve said it like that.",9,MIXED — floor barks plus authored beats,vo.bing.full.james_blond.counterKeep.line.c3v5wx,vo.bing.full.james_blond.counterKeep.line.c3v5wx.mp3
2,CH1 PROSPECT,Bada Bing I,261,Gratin,gratin,"Oh, that landed. Look at his face. That LANDED.",9,MIXED — floor barks plus authored beats,vo.bing.full.james_blond.counterLanded.line.1jesc5n,vo.bing.full.james_blond.counterLanded.line.1jesc5n.mp3
2,CH1 PROSPECT,Bada Bing I,262,James Blond,blond,"You know, your employer will dispose of you the moment you become inconvenient.",13,MIXED — floor barks plus authored beats,vo.bing.full.james_blond.counterMaybe.line.szn5vr,vo.bing.full.james_blond.counterMaybe.line.szn5vr.mp3
2,CH1 PROSPECT,Bada Bing I,263,Gratin,gratin,"Nothing. He gave him nothing. Prospect, that’s the first professional thing anybody’s done in this room tonight.",17,MIXED — floor barks plus authored beats,vo.bing.full.james_blond.counterSilence.line.dzdccn,vo.bing.full.james_blond.counterSilence.line.dzdccn.mp3
2,CH1 PROSPECT,Bada Bing I,264,Gratin,gratin,So. What do we do with him.,7,MIXED — floor barks plus authored beats,vo.bing.full.james_blond.endings.line.zqtjnp,vo.bing.full.james_blond.endings.line.zqtjnp.mp3
2,CH1 PROSPECT,Bada Bing I,265,Tony (the Prospect),player,Finish the job.,3,MIXED — floor barks plus authored beats,vo.bing.full.james_blond.endings.tony.astkvk,vo.bing.full.james_blond.endings.tony.astkvk.mp3
2,CH1 PROSPECT,Bada Bing I,266,Gratin,gratin,"Right. Numbskull, the drain’s right there. And somebody find out whose car that is now.",15,MIXED — floor barks plus authored beats,vo.bing.full.james_blond.endShot.line.tgrvlq,vo.bing.full.james_blond.endShot.line.tgrvlq.mp3
2,CH1 PROSPECT,Bada Bing I,267,Snow,snow,"Every time there’s a drain involved, it’s me. I’m not saying no. I’m saying it’s getting ridiculous.",17,MIXED — floor barks plus authored beats,vo.bing.full.james_blond.endSnowAnswer.line.1lmpqhy,vo.bing.full.james_blond.endSnowAnswer.line.1lmpqhy.mp3
2,CH1 PROSPECT,Bada Bing I,268,Gratin,gratin,He says that every time too.,6,MIXED — floor barks plus authored beats,vo.bing.full.james_blond.endSnowDone.line.f5ed3v,vo.bing.full.james_blond.endSnowDone.line.f5ed3v.mp3
2,CH1 PROSPECT,Bada Bing I,269,Numbskull,numbskull,SNOW. We’re gonna need you back here.,7,MIXED — floor barks plus authored beats,vo.bing.full.james_blond.endSnowShout.line.bznutd,vo.bing.full.james_blond.endSnowShout.line.bznutd.mp3
2,CH1 PROSPECT,Bada Bing I,270,Tony (the Prospect),player,"Let’s start with money. Not names, money. Who paid you? how, and did it clear?",15,MIXED — floor barks plus authored beats,vo.bing.full.james_blond.firstQuestion.line.cf4bx8,vo.bing.full.james_blond.firstQuestion.line.cf4bx8.mp3
2,CH1 PROSPECT,Bada Bing I,271,Gratin,gratin,Well? He’s not going to volunteer.,6,MIXED — floor barks plus authored beats,vo.bing.full.james_blond.floor.line.14lf3a1,vo.bing.full.james_blond.floor.line.14lf3a1.mp3
2,CH1 PROSPECT,Bada Bing I,272,Gratin,gratin,He’s got a whole life in that jacket. Keep pulling.,10,MIXED — floor barks plus authored beats,vo.bing.full.james_blond.floor.line.arj3ng,vo.bing.full.james_blond.floor.line.arj3ng.mp3
2,CH1 PROSPECT,Bada Bing I,273,Tony (the Prospect),player,Who inside the family are you talking to?,8,MIXED — floor barks plus authored beats,vo.bing.full.james_blond.floor.tony.1clbh8f,vo.bing.full.james_blond.floor.tony.1clbh8f.mp3
2,CH1 PROSPECT,Bada Bing I,274,Tony (the Prospect),player,Step back and let Gratin have another go.,8,MIXED — floor barks plus authored beats,vo.bing.full.james_blond.floor.tony.1okd54y,vo.bing.full.james_blond.floor.tony.1okd54y.mp3
2,CH1 PROSPECT,Bada Bing I,275,Tony (the Prospect),player,Who sent you into our city?,6,MIXED — floor barks plus authored beats,vo.bing.full.james_blond.floor.tony.1rdb28s,vo.bing.full.james_blond.floor.tony.1rdb28s.mp3
2,CH1 PROSPECT,Bada Bing I,276,Tony (the Prospect),player,Where did the silver case go?,6,MIXED — floor barks plus authored beats,vo.bing.full.james_blond.floor.tony.1x9y9bu,vo.bing.full.james_blond.floor.tony.1x9y9bu.mp3
2,CH1 PROSPECT,Bada Bing I,277,Tony (the Prospect),player,What kind of car?,4,MIXED — floor barks plus authored beats,vo.bing.full.james_blond.floor.tony.69f8av,vo.bing.full.james_blond.floor.tony.69f8av.mp3
2,CH1 PROSPECT,Bada Bing I,278,Tony (the Prospect),player,How do you keep your hair like that?,8,MIXED — floor barks plus authored beats,vo.bing.full.james_blond.floor.tony.h1m51k,vo.bing.full.james_blond.floor.tony.h1m51k.mp3
2,CH1 PROSPECT,Bada Bing I,279,Tony (the Prospect),player,Use something off the cart.,5,MIXED — floor barks plus authored beats,vo.bing.full.james_blond.floor.tony.jotwam,vo.bing.full.james_blond.floor.tony.jotwam.mp3
2,CH1 PROSPECT,Bada Bing I,280,James Blond,blond,"For what it is worth, I agree with him.",9,MIXED — floor barks plus authored beats,vo.bing.full.james_blond.frogBlond.line.15on3v8,vo.bing.full.james_blond.frogBlond.line.15on3v8.mp3
2,CH1 PROSPECT,Bada Bing I,281,Gratin,gratin,"Well, I’m not going to dive any deeper into that idea at all.",13,MIXED — floor barks plus authored beats,vo.bing.full.james_blond.frogGratin.line.10vlvfn,vo.bing.full.james_blond.frogGratin.line.10vlvfn.mp3
2,CH1 PROSPECT,Bada Bing I,282,Tony (the Prospect),player,…Like a frog?,3,MIXED — floor barks plus authored beats,vo.bing.full.james_blond.frogProspect.line.bjghya,vo.bing.full.james_blond.frogProspect.line.bjghya.mp3
2,CH1 PROSPECT,Bada Bing I,283,Gratin,gratin,It’s a good technique.,4,MIXED — floor barks plus authored beats,vo.bing.full.james_blond.gratinAdmits.line.kdt4b8,vo.bing.full.james_blond.gratinAdmits.line.kdt4b8.mp3
2,CH1 PROSPECT,Bada Bing I,284,Gratin,gratin,That was your first mistake.,5,MIXED — floor barks plus authored beats,vo.bing.full.james_blond.gratinLooksRound.line.pahehk,vo.bing.full.james_blond.gratinLooksRound.line.pahehk.mp3
2,CH1 PROSPECT,Bada Bing I,285,James Blond,blond,That is the same technique.,5,MIXED — floor barks plus authored beats,vo.bing.full.james_blond.gratinTechnique.line.1gf55s1,vo.bing.full.james_blond.gratinTechnique.line.1gf55s1.mp3
2,CH1 PROSPECT,Bada Bing I,286,Gratin,gratin,Fine. Watch. This is a technique.,6,MIXED — floor barks plus authored beats,vo.bing.full.james_blond.gratinTurn.line.1agsef5,vo.bing.full.james_blond.gratinTurn.line.1agsef5.mp3
2,CH1 PROSPECT,Bada Bing I,287,Gratin,gratin,See? That’s the crap he’s been doing all night.,9,MIXED — floor barks plus authored beats,vo.bing.full.james_blond.gratinVindicated.line.p3a1d8,vo.bing.full.james_blond.gratinVindicated.line.p3a1d8.mp3
2,CH1 PROSPECT,Bada Bing I,288,Gratin,gratin,Hit him again.,3,MIXED — floor barks plus authored beats,vo.bing.full.james_blond.hairAgain.line.1fpfdmy,vo.bing.full.james_blond.hairAgain.line.1fpfdmy.mp3
2,CH1 PROSPECT,Bada Bing I,289,Gratin,gratin,"Here. Off the fryer. It was a cord before it was anything else, so nobody has to explain it later.",20,MIXED — floor barks plus authored beats,vo.bing.full.james_blond.handOverCord.line.127e3o,vo.bing.full.james_blond.handOverCord.line.127e3o.mp3
2,CH1 PROSPECT,Bada Bing I,290,Gratin,gratin,"Outstanding work, Prospect. We’ve confirmed his temperature.",7,MIXED — floor barks plus authored beats,vo.bing.full.james_blond.iceGratin.line.ocnwj3,vo.bing.full.james_blond.iceGratin.line.ocnwj3.mp3
2,CH1 PROSPECT,Bada Bing I,291,Gratin,gratin,"Prospect. Prospect, look at him. He didn’t blink for the tongs.",11,MIXED — floor barks plus authored beats,vo.bing.full.james_blond.jacketGratin.line.1lywjjv,vo.bing.full.james_blond.jacketGratin.line.1lywjjv.mp3
2,CH1 PROSPECT,Bada Bing I,292,Gratin,gratin,Name.,1,MIXED — floor barks plus authored beats,vo.bing.full.james_blond.nameDemanded.line.amwd14,vo.bing.full.james_blond.nameDemanded.line.amwd14.mp3
2,CH1 PROSPECT,Bada Bing I,293,Numbskull,numbskull,What if we crucify him like a frog?,8,MIXED — floor barks plus authored beats,vo.bing.full.james_blond.numbskullFrogIdea.line.12h8hyk,vo.bing.full.james_blond.numbskullFrogIdea.line.12h8hyk.mp3
2,CH1 PROSPECT,Bada Bing I,294,Numbskull,numbskull,I offered to hold him. Gratin says that’s not the part that isn’t working.,14,MIXED — floor barks plus authored beats,vo.bing.full.james_blond.numbskullWeighsIn.line.hqn8ez,vo.bing.full.james_blond.numbskullWeighsIn.line.hqn8ez.mp3
2,CH1 PROSPECT,Bada Bing I,295,James Blond,blond,"Blond. James Blond. International intelligence, specialised operations, occasional baccarat.",9,MIXED — floor barks plus authored beats,vo.bing.full.james_blond.open.line.rndh1f,vo.bing.full.james_blond.open.line.rndh1f.mp3
2,CH1 PROSPECT,Bada Bing I,296,James Blond,blond,You’ll need to be considerably more persuasive.,7,MIXED — floor barks plus authored beats,vo.bing.full.james_blond.persuasive.line.vs21k,vo.bing.full.james_blond.persuasive.line.vs21k.mp3
2,CH1 PROSPECT,Bada Bing I,297,James Blond,blond,There is nothing on it. There is famously nothing on it. Please put it down.,15,MIXED — floor barks plus authored beats,vo.bing.full.james_blond.propCamera.line.1jwl4zv,vo.bing.full.james_blond.propCamera.line.1jwl4zv.mp3
2,CH1 PROSPECT,Bada Bing I,298,James Blond,blond,That is not off a rack. A man in Naples is going to hear about this and he is going to be hurt.,23,MIXED — floor barks plus authored beats,vo.bing.full.james_blond.propJacket.line.1aaslx6,vo.bing.full.james_blond.propJacket.line.1aaslx6.mp3
2,CH1 PROSPECT,Bada Bing I,299,Gratin,gratin,Car keys. Nice ones. Heavier than my car.,8,MIXED — floor barks plus authored beats,vo.bing.full.james_blond.propKeys.line.g9ptbe,vo.bing.full.james_blond.propKeys.line.g9ptbe.mp3
2,CH1 PROSPECT,Bada Bing I,300,James Blond,blond,That is a fitted grip. You will not find another. I would rather you shot me with it than dropped it.,21,MIXED — floor barks plus authored beats,vo.bing.full.james_blond.propPistol.line.15t3auz,vo.bing.full.james_blond.propPistol.line.15t3auz.mp3
2,CH1 PROSPECT,Bada Bing I,301,James Blond,blond,"Careful. That is not a watch, that is a receipt for eleven years of my life.",16,MIXED — floor barks plus authored beats,vo.bing.full.james_blond.propWatch.line.w6o8hq,vo.bing.full.james_blond.propWatch.line.w6o8hq.mp3
2,CH1 PROSPECT,Bada Bing I,302,James Blond,blond,The silver case went where silver cases go. I’d check the last man who told you it was silver.,19,MIXED — floor barks plus authored beats,vo.bing.full.james_blond.qCase.line.pcyjzg,vo.bing.full.james_blond.qCase.line.pcyjzg.mp3
2,CH1 PROSPECT,Bada Bing I,303,James Blond,blond,"Sea salt, discipline, and excellent genetics.",6,MIXED — floor barks plus authored beats,vo.bing.full.james_blond.qHair.line.1hk6jwj,vo.bing.full.james_blond.qHair.line.1hk6jwj.mp3
2,CH1 PROSPECT,Bada Bing I,304,James Blond,blond,"Inside? Goodness. You’ve assumed the answer is a person and not, say, a filing habit.",15,MIXED — floor barks plus authored beats,vo.bing.full.james_blond.qInformant.line.je5kob,vo.bing.full.james_blond.qInformant.line.je5kob.mp3
2,CH1 PROSPECT,Bada Bing I,305,James Blond,blond,Nobody sends me anywhere. I am invited. Occasionally I am invited very quietly indeed.,14,MIXED — floor barks plus authored beats,vo.bing.full.james_blond.qOrg.line.914mel,vo.bing.full.james_blond.qOrg.line.914mel.mp3
2,CH1 PROSPECT,Bada Bing I,306,Gratin,gratin,I didn’t ask for your résumé.,6,MIXED — floor barks plus authored beats,vo.bing.full.james_blond.resume.line.xv8pi2,vo.bing.full.james_blond.resume.line.xv8pi2.mp3
2,CH1 PROSPECT,Bada Bing I,307,James Blond,blond,Now — let us all be terribly calm about this. What was the question?,14,MIXED — floor barks plus authored beats,vo.bing.full.james_blond.sauceBlond.line.10e3tm0,vo.bing.full.james_blond.sauceBlond.line.10e3tm0.mp3
2,CH1 PROSPECT,Bada Bing I,308,James Blond,blond,Thank you.,2,MIXED — floor barks plus authored beats,vo.bing.full.james_blond.shubesAccepted.line.1xe56ci,vo.bing.full.james_blond.shubesAccepted.line.1xe56ci.mp3
2,CH1 PROSPECT,Bada Bing I,309,James Blond,blond,Remarkably good.,2,MIXED — floor barks plus authored beats,vo.bing.full.james_blond.shubesAftermath.line.mkwsr4,vo.bing.full.james_blond.shubesAftermath.line.mkwsr4.mp3
2,CH1 PROSPECT,Bada Bing I,310,The Shubenator,shubenator,"Okay. Well, let me know if you guys need anything.",10,MIXED — floor barks plus authored beats,vo.bing.full.james_blond.shubesBacksOut.line.18dho87,vo.bing.full.james_blond.shubesBacksOut.line.18dho87.mp3
2,CH1 PROSPECT,Bada Bing I,311,Gratin,gratin,There is no British guy tied to the chair.,9,MIXED — floor barks plus authored beats,vo.bing.full.james_blond.shubesDenial.line.cdtg5n,vo.bing.full.james_blond.shubesDenial.line.cdtg5n.mp3
2,CH1 PROSPECT,Bada Bing I,312,Gratin,gratin,They’re frozen.,2,MIXED — floor barks plus authored beats,vo.bing.full.james_blond.shubesFrozen.line.1q4bx1r,vo.bing.full.james_blond.shubesFrozen.line.1q4bx1r.mp3
2,CH1 PROSPECT,Bada Bing I,313,Gratin,gratin,Get out.,2,MIXED — floor barks plus authored beats,vo.bing.full.james_blond.shubesGetOut.line.1we2h77,vo.bing.full.james_blond.shubesGetOut.line.1we2h77.mp3
2,CH1 PROSPECT,Bada Bing I,314,James Blond,blond,Good evening.,2,MIXED — floor barks plus authored beats,vo.bing.full.james_blond.shubesGoodEvening.line.17v4q3y,vo.bing.full.james_blond.shubesGoodEvening.line.17v4q3y.mp3
2,CH1 PROSPECT,Bada Bing I,315,The Shubenator,shubenator,Hey.,1,MIXED — floor barks plus authored beats,vo.bing.full.james_blond.shubesHey.line.1y290h5,vo.bing.full.james_blond.shubesHey.line.1y290h5.mp3
2,CH1 PROSPECT,Bada Bing I,316,The Shubenator,shubenator,Oh. Is this the guy?,5,MIXED — floor barks plus authored beats,vo.bing.full.james_blond.shubesIsThis.line.1v7i9qx,vo.bing.full.james_blond.shubesIsThis.line.1v7i9qx.mp3
2,CH1 PROSPECT,Bada Bing I,317,The Shubenator,shubenator,Mozzarella stick?,2,MIXED — floor barks plus authored beats,vo.bing.full.james_blond.shubesOffers.line.btoqo9,vo.bing.full.james_blond.shubesOffers.line.btoqo9.mp3
2,CH1 PROSPECT,Bada Bing I,318,Gratin,gratin,Private meeting.,2,MIXED — floor barks plus authored beats,vo.bing.full.james_blond.shubesPrivate.line.5i2jnd,vo.bing.full.james_blond.shubesPrivate.line.5i2jnd.mp3
2,CH1 PROSPECT,Bada Bing I,319,The Shubenator,shubenator,Do you want me to lock this?,7,MIXED — floor barks plus authored beats,vo.bing.full.james_blond.shubesReturns.line.1c39j1y,vo.bing.full.james_blond.shubesReturns.line.1c39j1y.mp3
2,CH1 PROSPECT,Bada Bing I,320,The Shubenator,shubenator,The British guy tied to the chair.,7,MIXED — floor barks plus authored beats,vo.bing.full.james_blond.shubesTheBritishGuy.line.1cc81p1,vo.bing.full.james_blond.shubesTheBritishGuy.line.1cc81p1.mp3
2,CH1 PROSPECT,Bada Bing I,321,Gratin,gratin,What guy?,2,MIXED — floor barks plus authored beats,vo.bing.full.james_blond.shubesWhatGuy.line.3qj8s5,vo.bing.full.james_blond.shubesWhatGuy.line.3qj8s5.mp3
2,CH1 PROSPECT,Bada Bing I,322,Gratin,gratin,YES.,1,MIXED — floor barks plus authored beats,vo.bing.full.james_blond.shubesYes.line.1l7u0l6,vo.bing.full.james_blond.shubesYes.line.1l7u0l6.mp3
2,CH1 PROSPECT,Bada Bing I,323,James Blond,blond,There was nothing on it. Now there is nothing on it in a way I shall have to explain in writing.,21,MIXED — floor barks plus authored beats,vo.bing.full.james_blond.smashCamera.line.l8fm6d,vo.bing.full.james_blond.smashCamera.line.l8fm6d.mp3
2,CH1 PROSPECT,Bada Bing I,324,James Blond,blond,You have torn it at the shoulder. That is not a repair. There is no repair. That is a funeral.,20,MIXED — floor barks plus authored beats,vo.bing.full.james_blond.smashJacket.line.htk90b,vo.bing.full.james_blond.smashJacket.line.htk90b.mp3
2,CH1 PROSPECT,Bada Bing I,325,Gratin,gratin,"Not those. Prospect, look at me — not those. Those are the only good news in this room.",18,MIXED — floor barks plus authored beats,vo.bing.full.james_blond.smashKeys.line.l5s525,vo.bing.full.james_blond.smashKeys.line.l5s525.mp3
2,CH1 PROSPECT,Bada Bing I,326,James Blond,blond,"You have bent the frame. That was fitted to my hand. Do you understand that it cannot be replaced, only apologised for.",22,MIXED — floor barks plus authored beats,vo.bing.full.james_blond.smashPistol.line.1578w3p,vo.bing.full.james_blond.smashPistol.line.1578w3p.mp3
2,CH1 PROSPECT,Bada Bing I,327,Numbskull,numbskull,That was worth my car.,5,MIXED — floor barks plus authored beats,vo.bing.full.james_blond.smashPistolNumbskull.line.14alimb,vo.bing.full.james_blond.smashPistolNumbskull.line.14alimb.mp3
2,CH1 PROSPECT,Bada Bing I,328,James Blond,blond,That was my father’s. You have just done the only thing that will be remembered about tonight.,17,MIXED — floor barks plus authored beats,vo.bing.full.james_blond.smashWatch.line.1rzgx43,vo.bing.full.james_blond.smashWatch.line.1rzgx43.mp3
2,CH1 PROSPECT,Bada Bing I,329,Gratin,gratin,There it is. THERE it is. Prospect — everything on that table. All of it.,15,MIXED — floor barks plus authored beats,vo.bing.full.james_blond.smashWatchGratin.line.14vy3td,vo.bing.full.james_blond.smashWatchGratin.line.14vy3td.mp3
2,CH1 PROSPECT,Bada Bing I,330,James Blond,blond,Mm. Yes. That is certainly a thing that happened to me.,11,MIXED — floor barks plus authored beats,vo.bing.full.james_blond.swingAgain.line.wfw3i6,vo.bing.full.james_blond.swingAgain.line.wfw3i6.mp3
2,CH1 PROSPECT,Bada Bing I,331,James Blond,blond,There. That is all of it. That is everything my body has to offer you and I am afraid it is not very much.,24,MIXED — floor barks plus authored beats,vo.bing.full.james_blond.swingThree.line.180re6x,vo.bing.full.james_blond.swingThree.line.180re6x.mp3
2,CH1 PROSPECT,Bada Bing I,332,James Blond,blond,Do keep going. I should hate to be the only one in this room getting anything out of it.,19,MIXED — floor barks plus authored beats,vo.bing.full.james_blond.swingTwo.line.k36lws,vo.bing.full.james_blond.swingTwo.line.k36lws.mp3
2,CH1 PROSPECT,Bada Bing I,333,Numbskull,numbskull,Is he supposed to be doing that with his face?,10,MIXED — floor barks plus authored beats,vo.bing.full.james_blond.swingTwoNumbskull.line.1o82303,vo.bing.full.james_blond.swingTwoNumbskull.line.1o82303.mp3
2,CH1 PROSPECT,Bada Bing I,334,James Blond,blond,Do let me know when you begin.,7,MIXED — floor barks plus authored beats,vo.bing.full.james_blond.swingWide.line.3aw6k8,vo.bing.full.james_blond.swingWide.line.3aw6k8.mp3
2,CH1 PROSPECT,Bada Bing I,335,Gratin,gratin,Stop. Prospect — stop. Look at his face. He’s been counting them.,12,MIXED — floor barks plus authored beats,vo.bing.full.james_blond.tableNudge.line.1rlhme0,vo.bing.full.james_blond.tableNudge.line.1rlhme0.mp3
2,CH1 PROSPECT,Bada Bing I,336,James Blond,blond,I would very much rather you didn’t.,7,MIXED — floor barks plus authored beats,vo.bing.full.james_blond.tableNudgeBlond.line.1o9vlnf,vo.bing.full.james_blond.tableNudgeBlond.line.1o9vlnf.mp3
2,CH1 PROSPECT,Bada Bing I,337,Gratin,gratin,Everything out of his pockets is on the table behind you. Numbskull laid it out. Go and pick his life up instead of hitting him with a fryer part.,29,MIXED — floor barks plus authored beats,vo.bing.full.james_blond.tableNudgeTable.line.ts4u3i,vo.bing.full.james_blond.tableNudgeTable.line.ts4u3i.mp3
2,CH1 PROSPECT,Bada Bing I,338,Gratin,gratin,This is Tennessee. We got our own conventions.,8,MIXED — floor barks plus authored beats,vo.bing.full.james_blond.tenderizerGratin.line.fuqrfz,vo.bing.full.james_blond.tenderizerGratin.line.fuqrfz.mp3
2,CH1 PROSPECT,Bada Bing I,339,James Blond,blond,Vincent Mallard.,2,MIXED — floor barks plus authored beats,vo.bing.full.james_blond.theName.line.1bukl7f,vo.bing.full.james_blond.theName.line.1bukl7f.mp3
2,CH1 PROSPECT,Bada Bing I,340,Gratin,gratin,"Buddy, you wore a tuxedo to spy on Sasquatches.",9,MIXED — floor barks plus authored beats,vo.bing.full.james_blond.tongsGratin.line.1oqnpv0,vo.bing.full.james_blond.tongsGratin.line.1oqnpv0.mp3
2,CH1 PROSPECT,Bada Bing I,341,James Blond,blond,Cold.,1,MIXED — floor barks plus authored beats,vo.bing.full.james_blond.useIce.line.14yi6xf,vo.bing.full.james_blond.useIce.line.14yi6xf.mp3
2,CH1 PROSPECT,Bada Bing I,342,Gratin,gratin,This is either hot sauce or fryer cleaner. Label fell off.,11,MIXED — floor barks plus authored beats,vo.bing.full.james_blond.useSauce.line.15qv56b,vo.bing.full.james_blond.useSauce.line.15qv56b.mp3
2,CH1 PROSPECT,Bada Bing I,343,James Blond,blond,Surely that violates some international convention.,6,MIXED — floor barks plus authored beats,vo.bing.full.james_blond.useTenderizer.line.xyqv5m,vo.bing.full.james_blond.useTenderizer.line.xyqv5m.mp3
2,CH1 PROSPECT,Bada Bing I,344,James Blond,blond,Let’s not be theatrical.,4,MIXED — floor barks plus authored beats,vo.bing.full.james_blond.useTongs.line.10rknz1,vo.bing.full.james_blond.useTongs.line.10rknz1.mp3
2,CH1 PROSPECT,Bada Bing I,345,James Blond,blond,Because I assumed you were professionals.,6,MIXED — floor barks plus authored beats,vo.bing.full.james_blond.whyNot.line.1u5z4gg,vo.bing.full.james_blond.whyNot.line.1u5z4gg.mp3
2,CH1 PROSPECT,Bada Bing I,346,Gratin,gratin,"Numbskull, is there a pen. There’s a pen. I’m using the menu.",12,MIXED — floor barks plus authored beats,vo.bing.full.james_blond.writtenDown.line.kellhl,vo.bing.full.james_blond.writtenDown.line.kellhl.mp3
2,CH1 PROSPECT,Bada Bing I,347,Lag,lag,"You would not have heard of it. Server browser, no matchmaking, and a map nobody could pronounce.",17,MIXED — floor barks plus authored beats,vo.bing.full.lag.aside.line.a2h47j,vo.bing.full.lag.aside.line.a2h47j.mp3
2,CH1 PROSPECT,Bada Bing I,348,Lag,lag,I held rank one on that map for eleven weeks. Then they patched the ladder and gave everybody a fresh start. Everybody. Like it was nothing.,26,MIXED — floor barks plus authored beats,vo.bing.full.lag.asideMore.line.1q7b7jg,vo.bing.full.lag.asideMore.line.1q7b7jg.mp3
2,CH1 PROSPECT,Bada Bing I,349,Tony (the Prospect),player,Another time.,2,MIXED — floor barks plus authored beats,vo.bing.full.lag.open.tony.kay3u1,vo.bing.full.lag.open.tony.kay3u1.mp3
2,CH1 PROSPECT,Bada Bing I,350,Tony (the Prospect),player,What game did you peak in?,6,MIXED — floor barks plus authored beats,vo.bing.full.lag.open.tony.s2jldk,vo.bing.full.lag.open.tony.s2jldk.mp3
2,CH1 PROSPECT,Bada Bing I,351,James Blond,blond,I’ve been meaning to discuss your interrogation technique.,8,MIXED — floor barks plus authored beats,vo.bing.full.licenseToGrillCallback.open.line.ht1dty,vo.bing.full.licenseToGrillCallback.open.line.ht1dty.mp3
2,CH1 PROSPECT,Bada Bing I,352,Tony (the Prospect),player,Still driving the silver car?,5,MIXED — floor barks plus authored beats,vo.bing.full.licenseToGrillCallback.open.tony.kiea6x,vo.bing.full.licenseToGrillCallback.open.tony.kiea6x.mp3
2,CH1 PROSPECT,Bada Bing I,353,Gratin,gratin,Prospect! Get back here. I need a second set of hands.,11,MIXED — floor barks plus authored beats,vo.bing.full.licenseToGrillDoor.knocking.line.1mvtv1e,vo.bing.full.licenseToGrillDoor.knocking.line.1mvtv1e.mp3
2,CH1 PROSPECT,Bada Bing I,354,Gratin,gratin,"Good. And Prospect — watch his face, not his mouth. His mouth is a professional.",15,MIXED — floor barks plus authored beats,vo.bing.full.licenseToGrillGratin.handOff.line.1sqprmo,vo.bing.full.licenseToGrillGratin.handOff.line.1sqprmo.mp3
2,CH1 PROSPECT,Bada Bing I,355,Gratin,gratin,A second set of hands and a second face. He has had mine all night and he has started finishing my sentences.,22,MIXED — floor barks plus authored beats,vo.bing.full.licenseToGrillGratin.need.line.qyc88g,vo.bing.full.licenseToGrillGratin.need.line.qyc88g.mp3
2,CH1 PROSPECT,Bada Bing I,356,Gratin,gratin,"Cart is on your left, it is a kitchen, help yourself. Everything he had in his pockets is on the table by the door. Use one, use the other, use both. Just get me a name.",36,MIXED — floor barks plus authored beats,vo.bing.full.licenseToGrillGratin.needTools.line.1ez2vja,vo.bing.full.licenseToGrillGratin.needTools.line.1ez2vja.mp3
2,CH1 PROSPECT,Bada Bing I,357,Gratin,gratin,I saw it. Hit him and he writes a review. Touch one thing that belongs to him and he forgets to be charming.,23,MIXED — floor barks plus authored beats,vo.bing.full.licenseToGrillGratin.noticed.line.i1acfa,vo.bing.full.licenseToGrillGratin.noticed.line.i1acfa.mp3
2,CH1 PROSPECT,Bada Bing I,358,Gratin,gratin,So stop hitting him and start going through what’s on that table.,12,MIXED — floor barks plus authored beats,vo.bing.full.licenseToGrillGratin.noticedMore.line.1pvtpta,vo.bing.full.licenseToGrillGratin.noticedMore.line.1pvtpta.mp3
2,CH1 PROSPECT,Bada Bing I,359,Gratin,gratin,What are you standing there for? He is four feet away and he is having a lovely time.,18,MIXED — floor barks plus authored beats,vo.bing.full.licenseToGrillGratin.open.line.1g00ent,vo.bing.full.licenseToGrillGratin.open.line.1g00ent.mp3
2,CH1 PROSPECT,Bada Bing I,360,Gratin,gratin,"We got a name out of him. Whatever you do next, do it away from my shoes.",17,MIXED — floor barks plus authored beats,vo.bing.full.licenseToGrillGratin.open.line.5c7gw9,vo.bing.full.licenseToGrillGratin.open.line.5c7gw9.mp3
2,CH1 PROSPECT,Bada Bing I,361,Gratin,gratin,"You are getting somewhere. Whatever you just picked up, pick up more of it.",14,MIXED — floor barks plus authored beats,vo.bing.full.licenseToGrillGratin.open.line.p86qay,vo.bing.full.licenseToGrillGratin.open.line.p86qay.mp3
2,CH1 PROSPECT,Bada Bing I,362,Tony (the Prospect),player,What do you actually need from me?,7,MIXED — floor barks plus authored beats,vo.bing.full.licenseToGrillGratin.open.tony.14lv4tr,vo.bing.full.licenseToGrillGratin.open.tony.14lv4tr.mp3
2,CH1 PROSPECT,Bada Bing I,363,Tony (the Prospect),player,He went quiet when I touched his things.,8,MIXED — floor barks plus authored beats,vo.bing.full.licenseToGrillGratin.open.tony.1a5x6e0,vo.bing.full.licenseToGrillGratin.open.tony.1a5x6e0.mp3
2,CH1 PROSPECT,Bada Bing I,364,Tony (the Prospect),player,What have you already tried?,5,MIXED — floor barks plus authored beats,vo.bing.full.licenseToGrillGratin.open.tony.1ko44d5,vo.bing.full.licenseToGrillGratin.open.tony.1ko44d5.mp3
2,CH1 PROSPECT,Bada Bing I,365,Tony (the Prospect),player,Let me have a go at him.,7,MIXED — floor barks plus authored beats,vo.bing.full.licenseToGrillGratin.open.tony.1stlk9q,vo.bing.full.licenseToGrillGratin.open.tony.1stlk9q.mp3
2,CH1 PROSPECT,Bada Bing I,366,Tony (the Prospect),player,Who is he?,3,MIXED — floor barks plus authored beats,vo.bing.full.licenseToGrillGratin.open.tony.3vo7xx,vo.bing.full.licenseToGrillGratin.open.tony.3vo7xx.mp3
2,CH1 PROSPECT,Bada Bing I,367,Tony (the Prospect),player,Nothing. Forget it.,3,MIXED — floor barks plus authored beats,vo.bing.full.licenseToGrillGratin.open.tony.jiw36c,vo.bing.full.licenseToGrillGratin.open.tony.jiw36c.mp3
2,CH1 PROSPECT,Bada Bing I,368,Tony (the Prospect),player,Why can’t you do this yourself?,6,MIXED — floor barks plus authored beats,vo.bing.full.licenseToGrillGratin.open.tony.sa4lho,vo.bing.full.licenseToGrillGratin.open.tony.sa4lho.mp3
2,CH1 PROSPECT,Bada Bing I,369,Gratin,gratin,Hitting him. Hitting him harder. Waiting a while. Hitting him during the waiting.,13,MIXED — floor barks plus authored beats,vo.bing.full.licenseToGrillGratin.tried.line.z195g4,vo.bing.full.licenseToGrillGratin.tried.line.z195g4.mp3
2,CH1 PROSPECT,Bada Bing I,370,Gratin,gratin,Every single time he looks at me like I have brought him the wrong wine.,15,MIXED — floor barks plus authored beats,vo.bing.full.licenseToGrillGratin.triedFace.line.qsh2fb,vo.bing.full.licenseToGrillGratin.triedFace.line.qsh2fb.mp3
2,CH1 PROSPECT,Bada Bing I,371,Gratin,gratin,"Foreign. Intelligence, the proper kind. Walked across our lot with a camera the size of a lighter and did not run when I said his name out loud.",28,MIXED — floor barks plus authored beats,vo.bing.full.licenseToGrillGratin.who.line.18q48un,vo.bing.full.licenseToGrillGratin.who.line.18q48un.mp3
2,CH1 PROSPECT,Bada Bing I,372,Gratin,gratin,That last part is the part I do not like.,10,MIXED — floor barks plus authored beats,vo.bing.full.licenseToGrillGratin.whoWorry.line.d2cntt,vo.bing.full.licenseToGrillGratin.whoWorry.line.d2cntt.mp3
2,CH1 PROSPECT,Bada Bing I,373,Gratin,gratin,Because I have been in this room since seven o’clock and I am starting to like him.,17,MIXED — floor barks plus authored beats,vo.bing.full.licenseToGrillGratin.why.line.uecgyj,vo.bing.full.licenseToGrillGratin.why.line.uecgyj.mp3
2,CH1 PROSPECT,Bada Bing I,374,Numbskull,numbskull,I am good. I said early on I would hold him still and everybody went quiet at me.,18,MIXED — floor barks plus authored beats,vo.bing.full.licenseToGrillNumbskull.holding.line.1y65zsf,vo.bing.full.licenseToGrillNumbskull.holding.line.1y65zsf.mp3
2,CH1 PROSPECT,Bada Bing I,375,Numbskull,numbskull,I do still think it would help.,7,MIXED — floor barks plus authored beats,vo.bing.full.licenseToGrillNumbskull.holdingStill.line.hif1re,vo.bing.full.licenseToGrillNumbskull.holdingStill.line.hif1re.mp3
2,CH1 PROSPECT,Bada Bing I,376,Numbskull,numbskull,"Everything off him is laid out on that table. Watch, camera, the little gun, and keys to something.",18,MIXED — floor barks plus authored beats,vo.bing.full.licenseToGrillNumbskull.open.line.1khqw2q,vo.bing.full.licenseToGrillNumbskull.open.line.1khqw2q.mp3
2,CH1 PROSPECT,Bada Bing I,377,Numbskull,numbskull,He gave it up. I want it on the record that nobody needed holding.,14,MIXED — floor barks plus authored beats,vo.bing.full.licenseToGrillNumbskull.open.line.grdgo6,vo.bing.full.licenseToGrillNumbskull.open.line.grdgo6.mp3
2,CH1 PROSPECT,Bada Bing I,378,Tony (the Prospect),player,"Did you actually go through it, or did you look at it and get bored?",15,MIXED — floor barks plus authored beats,vo.bing.full.licenseToGrillNumbskull.open.tony.1ef5x4a,vo.bing.full.licenseToGrillNumbskull.open.tony.1ef5x4a.mp3
2,CH1 PROSPECT,Bada Bing I,379,Tony (the Prospect),player,Later.,1,MIXED — floor barks plus authored beats,vo.bing.full.licenseToGrillNumbskull.open.tony.1h534md,vo.bing.full.licenseToGrillNumbskull.open.tony.1h534md.mp3
2,CH1 PROSPECT,Bada Bing I,380,Tony (the Prospect),player,Anything on there worth anything?,5,MIXED — floor barks plus authored beats,vo.bing.full.licenseToGrillNumbskull.open.tony.1mi8jml,vo.bing.full.licenseToGrillNumbskull.open.tony.1mi8jml.mp3
2,CH1 PROSPECT,Bada Bing I,381,Tony (the Prospect),player,"You still with us, Numbskull? Blink if the answer’s no.",10,MIXED — floor barks plus authored beats,vo.bing.full.licenseToGrillNumbskull.open.tony.1ygn69,vo.bing.full.licenseToGrillNumbskull.open.tony.1ygn69.mp3
2,CH1 PROSPECT,Bada Bing I,382,Numbskull,numbskull,"Twice. Pockets, lining, both shoes. Then I put it all out where you could see it, in a line, like a shop.",22,MIXED — floor barks plus authored beats,vo.bing.full.licenseToGrillNumbskull.theBox.line.niep5o,vo.bing.full.licenseToGrillNumbskull.theBox.line.niep5o.mp3
2,CH1 PROSPECT,Bada Bing I,383,Numbskull,numbskull,Do not set any of it down on the floor. The floor in here has a drain in it.,19,MIXED — floor barks plus authored beats,vo.bing.full.licenseToGrillNumbskull.theBoxDrain.line.1nx4zm0,vo.bing.full.licenseToGrillNumbskull.theBoxDrain.line.1nx4zm0.mp3
2,CH1 PROSPECT,Bada Bing I,384,Numbskull,numbskull,The watch is worth my car. The little gun is worth my car. The keys go to something I have not been allowed to walk out and look at.,29,MIXED — floor barks plus authored beats,vo.bing.full.licenseToGrillNumbskull.worth.line.1ln79p1,vo.bing.full.licenseToGrillNumbskull.worth.line.1ln79p1.mp3
2,CH1 PROSPECT,Bada Bing I,385,Numbskull,numbskull,Gratin said do not go and look at it. So I have been looking at this wall instead.,18,MIXED — floor barks plus authored beats,vo.bing.full.licenseToGrillNumbskull.worthWall.line.1cajjlk,vo.bing.full.licenseToGrillNumbskull.worthWall.line.1cajjlk.mp3
2,CH1 PROSPECT,Bada Bing I,386,BIG UNCLE LOU SPUTTHOLE,lou1,Then you decide whether they’re wasting our time. That part’s yours. That’s why it’s you going and not one of the animals.,22,MIXED — floor barks plus authored beats,vo.bing.full.lou.andthen.line.1vah18a,vo.bing.full.lou.andthen.line.1vah18a.mp3
2,CH1 PROSPECT,Bada Bing I,387,BIG UNCLE LOU SPUTTHOLE,lou1,It’s Tuesday. Tuesday’s busy. Wednesday’s worse.,6,MIXED — floor barks plus authored beats,vo.bing.full.lou.busy.line.1rjobfp,vo.bing.full.lou.busy.line.1rjobfp.mp3
2,CH1 PROSPECT,Bada Bing I,388,BIG UNCLE LOU SPUTTHOLE,lou1,I did.,2,MIXED — floor barks plus authored beats,vo.bing.full.lou.called.line.czlqoh,vo.bing.full.lou.called.line.czlqoh.mp3
2,CH1 PROSPECT,Bada Bing I,389,BIG UNCLE LOU SPUTTHOLE,lou1,Take one. Everybody takes one. Nobody eats one.,8,MIXED — floor barks plus authored beats,vo.bing.full.lou.candy.line.d2l6uh,vo.bing.full.lou.candy.line.d2l6uh.mp3
2,CH1 PROSPECT,Bada Bing I,390,BIG UNCLE LOU SPUTTHOLE,lou1,"Nothing changed. That’s what worries me. It should have, by now.",11,MIXED — floor barks plus authored beats,vo.bing.full.lou.changed.line.tulsor,vo.bing.full.lou.changed.line.tulsor.mp3
2,CH1 PROSPECT,Bada Bing I,391,BIG UNCLE LOU SPUTTHOLE,lou1,Everybody knows what they’re doing. The ones who don’t come back knew as well.,14,MIXED — floor barks plus authored beats,vo.bing.full.lou.confident.line.iqzopd,vo.bing.full.lou.confident.line.iqzopd.mp3
2,CH1 PROSPECT,Bada Bing I,392,BIG UNCLE LOU SPUTTHOLE,lou1,"Sal Sorrento does the selling. Captain McClawsky watches and interrupts when it matters. The quiet one is still the one to watch, which I should not have to explain to a grown man.",33,MIXED — floor barks plus authored beats,vo.bing.full.lou.contact.line.12j6sav,vo.bing.full.lou.contact.line.12j6sav.mp3
2,CH1 PROSPECT,Bada Bing I,393,BIG UNCLE LOU SPUTTHOLE,lou1,Close the door. We’re not selling raffle tickets.,8,MIXED — floor barks plus authored beats,vo.bing.full.lou.doorOpen.line.19tnvci,vo.bing.full.lou.doorOpen.line.19tnvci.mp3
2,CH1 PROSPECT,Bada Bing I,394,BIG UNCLE LOU SPUTTHOLE,lou1,There he is.,3,MIXED — floor barks plus authored beats,vo.bing.full.lou.enter.line.1f761oa,vo.bing.full.lou.enter.line.1f761oa.mp3
2,CH1 PROSPECT,Bada Bing I,395,BIG UNCLE LOU SPUTTHOLE,lou1,"Office is closed, Prospect. Party is out front. Try not to miss the murder.",14,MIXED — floor barks plus authored beats,vo.bing.full.lou.enter.line.1kwn31d,vo.bing.full.lou.enter.line.1kwn31d.mp3
2,CH1 PROSPECT,Bada Bing I,396,BIG UNCLE LOU SPUTTHOLE,lou1,Shut the door.,3,MIXED — floor barks plus authored beats,vo.bing.full.lou.enter.line.1oe6npq,vo.bing.full.lou.enter.line.1oe6npq.mp3
2,CH1 PROSPECT,Bada Bing I,397,BIG UNCLE LOU SPUTTHOLE,lou1,Sit down. Or don’t. You’ve had all night to decide.,10,MIXED — floor barks plus authored beats,vo.bing.full.lou.enter.line.bkm5pu,vo.bing.full.lou.enter.line.bkm5pu.mp3
2,CH1 PROSPECT,Bada Bing I,398,Tony (the Prospect),player,And then?,2,MIXED — floor barks plus authored beats,vo.bing.full.lou.envelope.tony.1uitjw6,vo.bing.full.lou.envelope.tony.1uitjw6.mp3
2,CH1 PROSPECT,Bada Bing I,399,Tony (the Prospect),player,Fine.,1,MIXED — floor barks plus authored beats,vo.bing.full.lou.envelope.tony.yscmc9,vo.bing.full.lou.envelope.tony.yscmc9.mp3
2,CH1 PROSPECT,Bada Bing I,400,BIG UNCLE LOU SPUTTHOLE,lou1,You came here for a package and nearly left with forty pounds of quarters.,14,MIXED — floor barks plus authored beats,vo.bing.full.lou.greet.line.17ydj50,vo.bing.full.lou.greet.line.17ydj50.mp3
2,CH1 PROSPECT,Bada Bing I,401,BIG UNCLE LOU SPUTTHOLE,lou1,You took your time. Relatively speaking.,6,MIXED — floor barks plus authored beats,vo.bing.full.lou.greet.line.lc299m,vo.bing.full.lou.greet.line.lc299m.mp3
2,CH1 PROSPECT,Bada Bing I,402,BIG UNCLE LOU SPUTTHOLE,lou1,You’ve been at my bar. I can hear it from here.,11,MIXED — floor barks plus authored beats,vo.bing.full.lou.greet.line.lki7aa,vo.bing.full.lou.greet.line.lki7aa.mp3
2,CH1 PROSPECT,Bada Bing I,403,BIG UNCLE LOU SPUTTHOLE,lou1,You took your time.,4,MIXED — floor barks plus authored beats,vo.bing.full.lou.greet.line.tmwqwr,vo.bing.full.lou.greet.line.tmwqwr.mp3
2,CH1 PROSPECT,Bada Bing I,404,Tony (the Prospect),player,I came straight in.,4,MIXED — floor barks plus authored beats,vo.bing.full.lou.greet.tony.140czgz,vo.bing.full.lou.greet.tony.140czgz.mp3
2,CH1 PROSPECT,Bada Bing I,405,Tony (the Prospect),player,You called. I’m here.,4,MIXED — floor barks plus authored beats,vo.bing.full.lou.greet.tony.1dsb0i0,vo.bing.full.lou.greet.tony.1dsb0i0.mp3
2,CH1 PROSPECT,Bada Bing I,406,Tony (the Prospect),player,Your slot machine attacked me.,5,MIXED — floor barks plus authored beats,vo.bing.full.lou.greet.tony.1g0x304,vo.bing.full.lou.greet.tony.1g0x304.mp3
2,CH1 PROSPECT,Bada Bing I,407,Tony (the Prospect),player,Place looks busy.,3,MIXED — floor barks plus authored beats,vo.bing.full.lou.greet.tony.1skj0qt,vo.bing.full.lou.greet.tony.1skj0qt.mp3
2,CH1 PROSPECT,Bada Bing I,408,BIG UNCLE LOU SPUTTHOLE,lou1,Out front. Hog Mama is waiting on the stage controls.,10,MIXED — floor barks plus authored beats,vo.bing.full.lou.hang.line.3wpchh,vo.bing.full.lou.hang.line.3wpchh.mp3
2,CH1 PROSPECT,Bada Bing I,409,Tony (the Prospect),player,"I’m going, Lou.",3,MIXED — floor barks plus authored beats,vo.bing.full.lou.hang.tony.hq4amq,vo.bing.full.lou.hang.tony.hq4amq.mp3
2,CH1 PROSPECT,Bada Bing I,410,Tony (the Prospect),player,Clean. Mostly.,2,MIXED — floor barks plus authored beats,vo.bing.full.lou.hang.tony.s33n16,vo.bing.full.lou.hang.tony.s33n16.mp3
2,CH1 PROSPECT,Bada Bing I,411,BIG UNCLE LOU SPUTTHOLE,lou1,"It’s a gun, Prospect. Not an engagement ring.",8,MIXED — floor barks plus authored beats,vo.bing.full.lou.inspecting.line.pj0l8m,vo.bing.full.lou.inspecting.line.pj0l8m.mp3
2,CH1 PROSPECT,Bada Bing I,412,BIG UNCLE LOU SPUTTHOLE,lou1,You complete the errand first. Then you rob my bar.,10,MIXED — floor barks plus authored beats,vo.bing.full.lou.liquor.line.oiyhn4,vo.bing.full.lou.liquor.line.oiyhn4.mp3
2,CH1 PROSPECT,Bada Bing I,413,BIG UNCLE LOU SPUTTHOLE,lou1,That machine has taken more off this crew than the state has. Sit down.,14,MIXED — floor barks plus authored beats,vo.bing.full.lou.machine.line.9ju3gw,vo.bing.full.lou.machine.line.9ju3gw.mp3
2,CH1 PROSPECT,Bada Bing I,414,BIG UNCLE LOU SPUTTHOLE,lou1,Four cameras and none of them point at anything I care about.,12,MIXED — floor barks plus authored beats,vo.bing.full.lou.monitor.line.1eyrta1,vo.bing.full.lou.monitor.line.1eyrta1.mp3
2,CH1 PROSPECT,Bada Bing I,415,BIG UNCLE LOU SPUTTHOLE,lou1,You here to pick up a package or review my decorating?,11,MIXED — floor barks plus authored beats,vo.bing.full.lou.photos.line.pfpdv4,vo.bing.full.lou.photos.line.pfpdv4.mp3
2,CH1 PROSPECT,Bada Bing I,416,Tony (the Prospect),player,Why give me this here?,5,MIXED — floor barks plus authored beats,vo.bing.full.lou.questions.tony.13zl6yb,vo.bing.full.lou.questions.tony.13zl6yb.mp3
2,CH1 PROSPECT,Bada Bing I,417,Tony (the Prospect),player,I’ve got it.,3,MIXED — floor barks plus authored beats,vo.bing.full.lou.questions.tony.16a5c15,vo.bing.full.lou.questions.tony.16a5c15.mp3
2,CH1 PROSPECT,Bada Bing I,418,Tony (the Prospect),player,Who am I meeting?,4,MIXED — floor barks plus authored beats,vo.bing.full.lou.questions.tony.1lahoj6,vo.bing.full.lou.questions.tony.1lahoj6.mp3
2,CH1 PROSPECT,Bada Bing I,419,Tony (the Prospect),player,Somebody’s watching the club.,4,MIXED — floor barks plus authored beats,vo.bing.full.lou.questions.tony.wmukgv,vo.bing.full.lou.questions.tony.wmukgv.mp3
2,CH1 PROSPECT,Bada Bing I,420,BIG UNCLE LOU SPUTTHOLE,lou1,"Then you go anyway and I worry the whole evening. Take it, Prospect.",13,MIXED — floor barks plus authored beats,vo.bing.full.lou.refuse.line.3o4jmh,vo.bing.full.lou.refuse.line.3o4jmh.mp3
2,CH1 PROSPECT,Bada Bing I,421,BIG UNCLE LOU SPUTTHOLE,lou1,Good. Sitting. That’s progress.,4,MIXED — floor barks plus authored beats,vo.bing.full.lou.sat.line.1js4sny,vo.bing.full.lou.sat.line.1js4sny.mp3
2,CH1 PROSPECT,Bada Bing I,422,BIG UNCLE LOU SPUTTHOLE,lou1,"Sal carries the offer. McClawsky watches until he has something worth saying. Listen when he does, and agree to nothing I did not put in that envelope.",27,MIXED — floor barks plus authored beats,vo.bing.full.lou.sitdown.line.1rjd9oy,vo.bing.full.lou.sitdown.line.1rjd9oy.mp3
2,CH1 PROSPECT,Bada Bing I,423,BIG UNCLE LOU SPUTTHOLE,lou1,You did. I noticed. Don’t get used to being noticed.,10,MIXED — floor barks plus authored beats,vo.bing.full.lou.straight.line.cjsc8t,vo.bing.full.lou.straight.line.cjsc8t.mp3
2,CH1 PROSPECT,Bada Bing I,424,Tony (the Prospect),player,And if I don’t take it?,6,MIXED — floor barks plus authored beats,vo.bing.full.lou.waiting.tony.1ddcl3z,vo.bing.full.lou.waiting.tony.1ddcl3z.mp3
2,CH1 PROSPECT,Bada Bing I,425,Tony (the Prospect),player,What is it?,3,MIXED — floor barks plus authored beats,vo.bing.full.lou.waiting.tony.1lavgm7,vo.bing.full.lou.waiting.tony.1lavgm7.mp3
2,CH1 PROSPECT,Bada Bing I,426,Tony (the Prospect),player,Sal Sorrento and McClawsky. A sit-down.,6,MIXED — floor barks plus authored beats,vo.bing.full.lou.warning.tony.13il57i,vo.bing.full.lou.warning.tony.13il57i.mp3
2,CH1 PROSPECT,Bada Bing I,427,Tony (the Prospect),player,What changed?,2,MIXED — floor barks plus authored beats,vo.bing.full.lou.warning.tony.1rs0tw,vo.bing.full.lou.warning.tony.1rs0tw.mp3
2,CH1 PROSPECT,Bada Bing I,428,Tony (the Prospect),player,I know what I’m doing.,5,MIXED — floor barks plus authored beats,vo.bing.full.lou.warning.tony.awltb1,vo.bing.full.lou.warning.tony.awltb1.mp3
2,CH1 PROSPECT,Bada Bing I,429,Tony (the Prospect),player,I understand.,2,MIXED — floor barks plus authored beats,vo.bing.full.lou.warning.tony.mg3d9s,vo.bing.full.lou.warning.tony.mg3d9s.mp3
2,CH1 PROSPECT,Bada Bing I,430,BIG UNCLE LOU SPUTTHOLE,lou1,…Grey sedan. By the office wall. Alright. Find out whether it follows you. Don’t do anything about it. Find out.,20,MIXED — floor barks plus authored beats,vo.bing.full.lou.watched.line.cwm110,vo.bing.full.lou.watched.line.cwm110.mp3
2,CH1 PROSPECT,Bada Bing I,431,BIG UNCLE LOU SPUTTHOLE,lou1,"Because here it’s mine, and out there it’s evidence. And because I wanted to look at you before you went.",20,MIXED — floor barks plus authored beats,vo.bing.full.lou.why.line.5g6i9h,vo.bing.full.lou.why.line.5g6i9h.mp3
2,CH1 PROSPECT,Bada Bing I,432,Tony (the Prospect),player,That was the whole thing. That was all of it.,10,MIXED — floor barks plus authored beats,vo.bing.full.margo.dinner.tony.14cm7ow,vo.bing.full.margo.dinner.tony.14cm7ow.mp3
2,CH1 PROSPECT,Bada Bing I,433,Tony (the Prospect),player,Give me your number. I’ll call when I’m back in town.,11,MIXED — floor barks plus authored beats,vo.bing.full.margo.dinner.tony.1d8n5oz,vo.bing.full.margo.dinner.tony.1d8n5oz.mp3
2,CH1 PROSPECT,Bada Bing I,434,Margo Salas,margo,Hm. Shame. That was nearly something.,6,MIXED — floor barks plus authored beats,vo.bing.full.margo.fold.line.1gbo14r,vo.bing.full.margo.fold.line.1gbo14r.mp3
2,CH1 PROSPECT,Bada Bing I,435,Margo Salas,margo,"That is my number. I get one night off in six. Call when you are back in the city. If I use it on you and you are boring, I will be extremely unpleasant about it.",36,MIXED — floor barks plus authored beats,vo.bing.full.margo.number.line.gsasl8,vo.bing.full.margo.number.line.gsasl8.mp3
2,CH1 PROSPECT,Bada Bing I,436,Tony (the Prospect),player,I was going to walk past.,6,MIXED — floor barks plus authored beats,vo.bing.full.margo.open.tony.1xxg4iv,vo.bing.full.margo.open.tony.1xxg4iv.mp3
2,CH1 PROSPECT,Bada Bing I,437,Tony (the Prospect),player,What are you drinking?,4,MIXED — floor barks plus authored beats,vo.bing.full.margo.open.tony.rnhobt,vo.bing.full.margo.open.tony.rnhobt.mp3
2,CH1 PROSPECT,Bada Bing I,438,Tony (the Prospect),player,I could have a word about the two hundred.,9,MIXED — floor barks plus authored beats,vo.bing.full.margo.why.tony.10rytv8,vo.bing.full.margo.why.tony.10rytv8.mp3
2,CH1 PROSPECT,Bada Bing I,439,Tony (the Prospect),player,Good luck with the two hundred.,6,MIXED — floor barks plus authored beats,vo.bing.full.margo.why.tony.152qfmo,vo.bing.full.margo.why.tony.152qfmo.mp3
2,CH1 PROSPECT,Bada Bing I,440,Tony (the Prospect),player,Let me buy you dinner.,5,MIXED — floor barks plus authored beats,vo.bing.full.margo.why.tony.ijm69l,vo.bing.full.margo.why.tony.ijm69l.mp3
2,CH1 PROSPECT,Bada Bing I,441,Margo Salas,margo,No. Absolutely not. I have watched what a word costs and I would rather have the two hundred outstanding forever. But thank you for offering it like it was nothing.,30,MIXED — floor barks plus authored beats,vo.bing.full.margo.word.line.1r9jmzw,vo.bing.full.margo.word.line.1r9jmzw.mp3
2,CH1 PROSPECT,Bada Bing I,442,Tony (the Prospect),player,Then let me buy you dinner instead.,7,MIXED — floor barks plus authored beats,vo.bing.full.margo.word.tony.9r65as,vo.bing.full.margo.word.tony.9r65as.mp3
2,CH1 PROSPECT,Bada Bing I,443,Numbskull,numbskull,Shoulder. Old thing. It goes when it is cold and it is always cold by that fire door.,18,MIXED — floor barks plus authored beats,vo.bing.full.numbskull.aside.line.1a3glad,vo.bing.full.numbskull.aside.line.1a3glad.mp3
2,CH1 PROSPECT,Bada Bing I,444,Numbskull,numbskull,"Do not tell anybody. If they know it goes, they stop asking me to do the part I am good at.",21,MIXED — floor barks plus authored beats,vo.bing.full.numbskull.asideMore.line.1fmwp8z,vo.bing.full.numbskull.asideMore.line.1fmwp8z.mp3
2,CH1 PROSPECT,Bada Bing I,445,Tony (the Prospect),player,Another time.,2,MIXED — floor barks plus authored beats,vo.bing.full.numbskull.open.tony.kay3u1,vo.bing.full.numbskull.open.tony.kay3u1.mp3
2,CH1 PROSPECT,Bada Bing I,446,Tony (the Prospect),player,Ow?,1,MIXED — floor barks plus authored beats,vo.bing.full.numbskull.open.tony.o1awfw,vo.bing.full.numbskull.open.tony.o1awfw.mp3
2,CH1 PROSPECT,Bada Bing I,447,Tony (the Prospect),player,…Thanks?,1,MIXED — floor barks plus authored beats,vo.bing.full.numbskull.open.tony.ofpa41,vo.bing.full.numbskull.open.tony.ofpa41.mp3
2,CH1 PROSPECT,Bada Bing I,448,Old Stove,old-stove,Longer than the strip. I was there when it was a field and a man with an opinion about the field.,21,MIXED — floor barks plus authored beats,vo.bing.full.old_stove.aside.line.1vrdg7g,vo.bing.full.old_stove.aside.line.1vrdg7g.mp3
2,CH1 PROSPECT,Bada Bing I,449,Old Stove,old-stove,"They paved it, they numbered it, they put up a windsock. Same field. Same opinion.",15,MIXED — floor barks plus authored beats,vo.bing.full.old_stove.asideMore.line.9nqoo6,vo.bing.full.old_stove.asideMore.line.9nqoo6.mp3
2,CH1 PROSPECT,Bada Bing I,450,Tony (the Prospect),player,How long have you been at that strip?,8,MIXED — floor barks plus authored beats,vo.bing.full.old_stove.open.tony.dbfott,vo.bing.full.old_stove.open.tony.dbfott.mp3
2,CH1 PROSPECT,Bada Bing I,451,Tony (the Prospect),player,Another time.,2,MIXED — floor barks plus authored beats,vo.bing.full.old_stove.open.tony.kay3u1,vo.bing.full.old_stove.open.tony.kay3u1.mp3
2,CH1 PROSPECT,Bada Bing I,452,Tony (the Prospect),player,"The ice is fine, Stove.",5,MIXED — floor barks plus authored beats,vo.bing.full.old_stove.open.tony.x8oqq6,vo.bing.full.old_stove.open.tony.x8oqq6.mp3
2,CH1 PROSPECT,Bada Bing I,453,Rippinflow,rippinflow,I did not stop. I retired. There is a difference and the difference is dignity.,15,MIXED — floor barks plus authored beats,vo.bing.full.rippinflow.aside.line.15x6wkj,vo.bing.full.rippinflow.aside.line.15x6wkj.mp3
2,CH1 PROSPECT,Bada Bing I,454,Rippinflow,rippinflow,"Booski keeps a recording of the last one. He plays it at parties. That is not dignity, that is hostage footage.",21,MIXED — floor barks plus authored beats,vo.bing.full.rippinflow.asideMore.line.1yl5vv7,vo.bing.full.rippinflow.asideMore.line.1yl5vv7.mp3
2,CH1 PROSPECT,Bada Bing I,455,Tony (the Prospect),player,I’m not writing that down.,5,MIXED — floor barks plus authored beats,vo.bing.full.rippinflow.open.tony.1y1d6fm,vo.bing.full.rippinflow.open.tony.1y1d6fm.mp3
2,CH1 PROSPECT,Bada Bing I,456,Tony (the Prospect),player,Why did you stop freestyling?,5,MIXED — floor barks plus authored beats,vo.bing.full.rippinflow.open.tony.3ny2bi,vo.bing.full.rippinflow.open.tony.3ny2bi.mp3
2,CH1 PROSPECT,Bada Bing I,457,Tony (the Prospect),player,Another time.,2,MIXED — floor barks plus authored beats,vo.bing.full.rippinflow.open.tony.kay3u1,vo.bing.full.rippinflow.open.tony.kay3u1.mp3
2,CH1 PROSPECT,Bada Bing I,458,Sauce,sauce,"The runway. She is on at midnight, she is from San Juan, and she says buenas noches to me on the way past like it costs her nothing.",28,MIXED — floor barks plus authored beats,vo.bing.full.sauce.aside.line.yujbdt,vo.bing.full.sauce.aside.line.yujbdt.mp3
2,CH1 PROSPECT,Bada Bing I,459,Sauce,sauce,"I tip, I sit, and I have nine words of Spanish off a cassette in the van. She laughs at the words. Nine words and a laugh is more than most marriages start with.",34,MIXED — floor barks plus authored beats,vo.bing.full.sauce.asideMore.line.1aa7iwu,vo.bing.full.sauce.asideMore.line.1aa7iwu.mp3
2,CH1 PROSPECT,Bada Bing I,460,Sauce,sauce,"Every night for eleven years. And every year they send me another one of you. Make the A team, then come and talk to me. Until then you are somebody else’s paperwork.",32,MIXED — floor barks plus authored beats,vo.bing.full.sauce.more.line.xeijn6,vo.bing.full.sauce.more.line.xeijn6.mp3
2,CH1 PROSPECT,Bada Bing I,461,Tony (the Prospect),player,Enjoy the corn.,3,MIXED — floor barks plus authored beats,vo.bing.full.sauce.more.tony.1ifjdrr,vo.bing.full.sauce.more.tony.1ifjdrr.mp3
2,CH1 PROSPECT,Bada Bing I,462,Sauce,sauce,"That is corn. I bring my own into this place, and that is not an insult to the kitchen, it is a review. Now what do you want.",28,MIXED — floor barks plus authored beats,vo.bing.full.sauce.open.line.ggzxjv,vo.bing.full.sauce.open.line.ggzxjv.mp3
2,CH1 PROSPECT,Bada Bing I,463,Tony (the Prospect),player,You’re sat very close to the stage.,7,MIXED — floor barks plus authored beats,vo.bing.full.sauce.open.tony.1kpphcc,vo.bing.full.sauce.open.tony.1kpphcc.mp3
2,CH1 PROSPECT,Bada Bing I,464,Tony (the Prospect),player,You brought corn to the Bada Bing.,7,MIXED — floor barks plus authored beats,vo.bing.full.sauce.open.tony.1wwigel,vo.bing.full.sauce.open.tony.1wwigel.mp3
2,CH1 PROSPECT,Bada Bing I,465,Tony (the Prospect),player,Another time.,2,MIXED — floor barks plus authored beats,vo.bing.full.sauce.open.tony.kay3u1,vo.bing.full.sauce.open.tony.kay3u1.mp3
2,CH1 PROSPECT,Bada Bing I,466,Bing doorman,doorman,Check it from a chair.,5,MIXED — floor barks plus authored beats,vo.bing.full.security.chair.line.1461trs,vo.bing.full.security.chair.line.1461trs.mp3
2,CH1 PROSPECT,Bada Bing I,467,Bing doorman,doorman,Prospect. Floor’s down there.,4,MIXED — floor barks plus authored beats,vo.bing.full.security.open.line.1rxz5cn,vo.bing.full.security.open.line.1rxz5cn.mp3
2,CH1 PROSPECT,Bada Bing I,468,Tony (the Prospect),player,"Alright, alright.",2,MIXED — floor barks plus authored beats,vo.bing.full.security.open.tony.18uzeor,vo.bing.full.security.open.tony.18uzeor.mp3
2,CH1 PROSPECT,Bada Bing I,469,Tony (the Prospect),player,I’m checking the structural integrity.,5,MIXED — floor barks plus authored beats,vo.bing.full.security.open.tony.56elm3,vo.bing.full.security.open.tony.56elm3.mp3
2,CH1 PROSPECT,Bada Bing I,470,Seff,seff,It is not a situation situation. It is a timing thing. A calendar thing. Lou and I have a calendar thing.,21,MIXED — floor barks plus authored beats,vo.bing.full.seff.aside.line.vzj3ea,vo.bing.full.seff.aside.line.vzj3ea.mp3
2,CH1 PROSPECT,Bada Bing I,471,Seff,seff,Do not put it like that when you tell him. Put it warmer. Put it like I am already sorry.,20,MIXED — floor barks plus authored beats,vo.bing.full.seff.asideMore.line.7bbons,vo.bing.full.seff.asideMore.line.7bbons.mp3
2,CH1 PROSPECT,Bada Bing I,472,Tony (the Prospect),player,"I’m not doing that, Seff.",5,MIXED — floor barks plus authored beats,vo.bing.full.seff.more.tony.18rev59,vo.bing.full.seff.more.tony.18rev59.mp3
2,CH1 PROSPECT,Bada Bing I,473,Tony (the Prospect),player,Another time.,2,MIXED — floor barks plus authored beats,vo.bing.full.seff.open.tony.kay3u1,vo.bing.full.seff.open.tony.kay3u1.mp3
2,CH1 PROSPECT,Bada Bing I,474,Tony (the Prospect),player,What situation?,2,MIXED — floor barks plus authored beats,vo.bing.full.seff.open.tony.lm2qxk,vo.bing.full.seff.open.tony.lm2qxk.mp3
2,CH1 PROSPECT,Bada Bing I,475,Tony (the Prospect),player,Why do I need a mattress guy?,7,MIXED — floor barks plus authored beats,vo.bing.full.seff.open.tony.xorodf,vo.bing.full.seff.open.tony.xorodf.mp3
2,CH1 PROSPECT,Bada Bing I,476,The Shubenator,shubenator,Held. Every single one. Nine hundred times it could have said no and it never said no.,17,MIXED — floor barks plus authored beats,vo.bing.full.shubenator.aside.line.81ffut,vo.bing.full.shubenator.aside.line.81ffut.mp3
2,CH1 PROSPECT,Bada Bing I,477,The Shubenator,shubenator,"People thank the trainer. Nobody thanks the floor. Hey — what is going on with that, actually?",17,MIXED — floor barks plus authored beats,vo.bing.full.shubenator.asideMore.line.2h8h1v,vo.bing.full.shubenator.asideMore.line.2h8h1v.mp3
2,CH1 PROSPECT,Bada Bing I,478,Tony (the Prospect),player,What did the floor do?,5,MIXED — floor barks plus authored beats,vo.bing.full.shubenator.open.tony.1jthio9,vo.bing.full.shubenator.open.tony.1jthio9.mp3
2,CH1 PROSPECT,Bada Bing I,479,Tony (the Prospect),player,Another time.,2,MIXED — floor barks plus authored beats,vo.bing.full.shubenator.open.tony.kay3u1,vo.bing.full.shubenator.open.tony.kay3u1.mp3
2,CH1 PROSPECT,Bada Bing I,480,Snow,snow,Nights are honest. Nobody asks you to be pleased about anything at four in the morning.,16,MIXED — floor barks plus authored beats,vo.bing.full.snow.aside.line.1i7d3nl,vo.bing.full.snow.aside.line.1i7d3nl.mp3
2,CH1 PROSPECT,Bada Bing I,481,Snow,snow,"Mop, radiator, one window that does not shut. I know where everything in this building is. Ask me sometime when it matters.",22,MIXED — floor barks plus authored beats,vo.bing.full.snow.asideMore.line.1lw2upu,vo.bing.full.snow.asideMore.line.1lw2upu.mp3
2,CH1 PROSPECT,Bada Bing I,482,Tony (the Prospect),player,You always work nights?,4,MIXED — floor barks plus authored beats,vo.bing.full.snow.open.tony.1lb6swm,vo.bing.full.snow.open.tony.1lb6swm.mp3
2,CH1 PROSPECT,Bada Bing I,483,Tony (the Prospect),player,Another time.,2,MIXED — floor barks plus authored beats,vo.bing.full.snow.open.tony.kay3u1,vo.bing.full.snow.open.tony.kay3u1.mp3
2,CH1 PROSPECT,Bada Bing I,484,Willy,willy,"Cannot say. Genuinely cannot. Not being cute about it, I signed nothing but I gave my word to a fella.",20,MIXED — floor barks plus authored beats,vo.bing.full.willy.aside.line.10q2gcw,vo.bing.full.willy.aside.line.10q2gcw.mp3
2,CH1 PROSPECT,Bada Bing I,485,Willy,willy,When it lands you will hear about it from somebody who is not me. That is how you will know it was me.,23,MIXED — floor barks plus authored beats,vo.bing.full.willy.asideMore.line.z9644b,vo.bing.full.willy.asideMore.line.z9644b.mp3
2,CH1 PROSPECT,Bada Bing I,486,Tony (the Prospect),player,What big things?,3,MIXED — floor barks plus authored beats,vo.bing.full.willy.open.tony.dt2qpn,vo.bing.full.willy.open.tony.dt2qpn.mp3
2,CH1 PROSPECT,Bada Bing I,487,Tony (the Prospect),player,Another time.,2,MIXED — floor barks plus authored beats,vo.bing.full.willy.open.tony.kay3u1,vo.bing.full.willy.open.tony.kay3u1.mp3
2,CH1 PROSPECT,Bada Bing I,488,Tony (the Prospect),player,"Sure they can, Willy.",4,MIXED — floor barks plus authored beats,vo.bing.full.willy.open.tony.rml5hz,vo.bing.full.willy.open.tony.rml5hz.mp3
2,CH1 PROSPECT,Bada Bing I,489,The Shubenator,shubenator,"Hey guys, what’s going on?",5,MIXED — floor barks plus authored beats,vo.bing.hang.shubenator.signature.cheerful,vo.bing.hang.shubenator.signature.cheerful.mp3
3,CH1 PROSPECT,The Squatchfather,1,Captain McClawsky,mcclawsky,"Let's go, big man. The meter's running, and I've got a wife who thinks I'm at a prayer group.",19,RUN — authored order,vo.sf.greeting.1,vo.sf.greeting.1.mp3
3,CH1 PROSPECT,The Squatchfather,2,Sal “The Prospector” Sorrento,sal,The Sasquatches are making business difficult.,6,RUN — authored order,vo.sf.opening.1,vo.sf.opening.1.mp3
3,CH1 PROSPECT,The Squatchfather,3,Tony (the Prospect),player,You put four in my uncle outside a fruit stand six years ago and now you want to talk about routes.,21,RUN — authored order,vo.sf.opening.history.2,vo.sf.opening.history.2.mp3
3,CH1 PROSPECT,The Squatchfather,4,Sal “The Prospector” Sorrento,sal,Business disagreement.,2,RUN — authored order,vo.sf.opening.3,vo.sf.opening.3.mp3
3,CH1 PROSPECT,The Squatchfather,5,Tony (the Prospect),player,"You shot Booski. In the stomach. Four times. Six years ago. He healed mean and still sends you a card every anniversary, so.",23,RUN — authored order,vo.sf.opening.history.4,vo.sf.opening.history.4.mp3
3,CH1 PROSPECT,The Squatchfather,6,Sal “The Prospector” Sorrento,sal,Booski rejected my offer.,4,RUN — authored order,vo.sf.opening.5,vo.sf.opening.5.mp3
3,CH1 PROSPECT,The Squatchfather,7,Captain McClawsky,mcclawsky,"Your people ought to settle down some. I'm saying that as a friend, more or less. It's not a threat. But it's not not a threat, either.",27,RUN — authored order,vo.sf.opening.6,vo.sf.opening.6.mp3
3,CH1 PROSPECT,The Squatchfather,8,Tony (the Prospect),player,You broke my jaw outside a hospital and then filed it as resisting. I've read the report. It's beautiful. You should write books.,23,RUN — authored order,vo.sf.opening.7,vo.sf.opening.7.mp3
3,CH1 PROSPECT,The Squatchfather,9,Captain McClawsky,mcclawsky,You were being difficult.,4,RUN — authored order,vo.sf.opening.8,vo.sf.opening.8.mp3
3,CH1 PROSPECT,The Squatchfather,10,Sal “The Prospector” Sorrento,sal,"I want the servers, the skin market, and Wednesday nights.",10,RUN — authored order,vo.sf.opening.9,vo.sf.opening.9.mp3
3,CH1 PROSPECT,The Squatchfather,11,Tony (the Prospect),player,Wednesday belongs to the family.,5,RUN — authored order,vo.sf.opening.10,vo.sf.opening.10.mp3
3,CH1 PROSPECT,The Squatchfather,12,Sal “The Prospector” Sorrento,sal,"Belongs. That's a beautiful word. My father used it about a farm in Calabria that has had six owners since he said it. Things don't belong to people. Things sit with people, for a while, until somebody with more men wants them to sit somewhere else.",46,RUN — authored order,vo.sf.opening.11,vo.sf.opening.11.mp3
3,CH1 PROSPECT,The Squatchfather,13,Sal “The Prospector” Sorrento,sal,"Help me, kid. Your family keeps the name, keeps the corners, keeps the funerals small. I take a slice off the top and nobody has to bury anybody they like.",30,RUN — authored order,vo.sf.opening.12,vo.sf.opening.12.mp3
3,CH1 PROSPECT,The Squatchfather,14,Tony (the Prospect),player,How big a slice are we calling a percentage?,9,RUN — authored order,vo.sf.opening.13,vo.sf.opening.13.mp3
3,CH1 PROSPECT,The Squatchfather,15,Sal “The Prospector” Sorrento,sal,Enough.,1,RUN — authored order,vo.sf.opening.14,vo.sf.opening.14.mp3
3,CH1 PROSPECT,The Squatchfather,16,Tony (the Prospect),player,I gotta piss.,3,RUN — authored order,vo.sf.excuse.1,vo.sf.excuse.1.mp3
3,CH1 PROSPECT,The Squatchfather,17,Captain McClawsky,mcclawsky,Go ahead. We checked it.,5,RUN — authored order,vo.sf.excuse.2,vo.sf.excuse.2.mp3
3,CH1 PROSPECT,The Squatchfather,18,Captain McClawsky,mcclawsky,"Sit your ass down, Squatch.",5,RUN — authored order,vo.sf.sitdown.1,vo.sf.sitdown.1.mp3
3,CH1 PROSPECT,The Squatchfather,19,Tony (the Prospect),player,Come on.,2,RUN — authored order,vo.sf.wrongsearch.1,vo.sf.wrongsearch.1.mp3
3,CH1 PROSPECT,The Squatchfather,20,Sal “The Prospector” Sorrento,sal,Prospect?,1,RUN — authored order,vo.sf.prodding.1,vo.sf.prodding.1.mp3
3,CH1 PROSPECT,The Squatchfather,21,Sal “The Prospector” Sorrento,sal,Are you listening?,3,RUN — authored order,vo.sf.prodding.2,vo.sf.prodding.2.mp3
3,CH1 PROSPECT,The Squatchfather,22,Sal “The Prospector” Sorrento,sal,"So. Do we have an understanding, or do I finish my drink and make some calls?",16,RUN — authored order,vo.sf.final.1,vo.sf.final.1.mp3
3,CH1 PROSPECT,The Squatchfather,23,Tony (the Prospect),player,We understand each other.,4,RUN — authored order,vo.sf.final.2,vo.sf.final.2.mp3
3,CH1 PROSPECT,The Squatchfather,24,Sal “The Prospector” Sorrento,sal,Good. The Sasquatches keep their name.,6,RUN — authored order,vo.sf.final.3,vo.sf.final.3.mp3
3,CH1 PROSPECT,The Squatchfather,25,Captain McClawsky,mcclawsky,And everyone walks away happy.,5,RUN — authored order,vo.sf.final.4,vo.sf.final.4.mp3
3,CH1 PROSPECT,The Squatchfather,26,Sal “The Prospector” Sorrento,sal,Tell your people the business is settled.,7,RUN — authored order,vo.sf.final.5,vo.sf.final.5.mp3
3,CH1 PROSPECT,The Squatchfather,27,Tony (the Prospect),player,Consider it settled.,3,RUN — authored order,vo.sf.final.6,vo.sf.final.6.mp3
3,CH1 PROSPECT,The Squatchfather,28,Bing doorman,doorman,Lou says you're sleeping up north tonight. Get in.,9,RUN — authored order,vo.sf.extraction.driver.cabin,vo.sf.extraction.driver.cabin.mp3
4,CH1 PROSPECT,Cabin I: Lay Low,1,Margo Salas,margo,…Hello?,1,RUN — authored order,vo.call.margo.cabin_date.pickup,vo.call.margo.cabin_date.pickup.mp3
4,CH1 PROSPECT,Cabin I: Lay Low,2,Margo Salas,margo,Tony from the Bing. I was starting to think the number was decorative.,13,RUN — authored order,vo.call.margo.cabin_date.1,vo.call.margo.cabin_date.1.mp3
4,CH1 PROSPECT,Cabin I: Lay Low,3,Tony (the Prospect),player,Margo. It’s Tony. From the Bing.,6,RUN — authored order,vo.call.margo.cabin_date.tony.1,vo.call.margo.cabin_date.tony.1.mp3
4,CH1 PROSPECT,Cabin I: Lay Low,4,Margo Salas,margo,"Look at you, arriving with a plan. Nine o’clock, then. If you’re late, I eat without you.",17,RUN — authored order,vo.call.margo.cabin_date.2,vo.call.margo.cabin_date.2.mp3
4,CH1 PROSPECT,Cabin I: Lay Low,5,Tony (the Prospect),player,"Work dragged me out of town — I’m calling before the trees learn my name. Front & Center, the Silver Room, nine o’clock.",23,RUN — authored order,vo.call.margo.cabin_date.tony.2,vo.call.margo.cabin_date.tony.2.mp3
4,CH1 PROSPECT,Cabin I: Lay Low,6,Margo Salas,margo,"Good. Rye, one cube. And wear something that has met an iron.",12,RUN — authored order,vo.call.margo.cabin_date.3,vo.call.margo.cabin_date.3.mp3
4,CH1 PROSPECT,Cabin I: Lay Low,7,Tony (the Prospect),player,I won’t waste it.,4,RUN — authored order,vo.call.margo.cabin_date.tony.3,vo.call.margo.cabin_date.tony.3.mp3
4,CH1 PROSPECT,Cabin I: Lay Low,8,Lag,lag,"Well, look who finally made it out here.",8,RUN — authored order,vo.cabin.lag.general.arrival,vo.cabin.lag.general.arrival.mp3
4,CH1 PROSPECT,Cabin I: Lay Low,9,Lag,lag,"Hell of a lot quieter than the city, ain't it?",10,RUN — authored order,vo.cabin.lag.general.quiet,vo.cabin.lag.general.quiet.mp3
4,CH1 PROSPECT,Cabin I: Lay Low,10,Lag,lag,Don't just stand there. Go poke around.,7,RUN — authored order,vo.cabin.lag.general.poke,vo.cabin.lag.general.poke.mp3
4,CH1 PROSPECT,Cabin I: Lay Low,11,Lag,lag,Place has got more to it than it looks.,9,RUN — authored order,vo.cabin.lag.general.more,vo.cabin.lag.general.more.mp3
4,CH1 PROSPECT,Cabin I: Lay Low,12,Lag,lag,Computer's inside if you're looking for something less outdoorsy.,9,RUN — authored order,vo.cabin.lag.cabin.computer,vo.cabin.lag.cabin.computer.mp3
4,CH1 PROSPECT,Cabin I: Lay Low,13,Lag,lag,There's some old stuff in that cabin nobody's bothered throwing away.,11,RUN — authored order,vo.cabin.lag.cabin.computer.old,vo.cabin.lag.cabin.computer.old.mp3
4,CH1 PROSPECT,Cabin I: Lay Low,14,Lag,lag,Drawing board's worth looking at.,5,RUN — authored order,vo.cabin.lag.cabin.board,vo.cabin.lag.cabin.board.mp3
4,CH1 PROSPECT,Cabin I: Lay Low,15,Lag,lag,"If something looks outta place in there, it probably is.",10,RUN — authored order,vo.cabin.lag.cabin.board.odd,vo.cabin.lag.cabin.board.odd.mp3
4,CH1 PROSPECT,Cabin I: Lay Low,16,Lag,lag,Check around the bedroom.,4,RUN — authored order,vo.cabin.lag.cabin.bedroom,vo.cabin.lag.cabin.bedroom.mp3
4,CH1 PROSPECT,Cabin I: Lay Low,17,Lag,lag,Dry clothes are in the wardrobe. Push past the hangers and look proper.,13,RUN — authored order,vo.cabin.lag.cabin.wardrobe,vo.cabin.lag.cabin.wardrobe.mp3
4,CH1 PROSPECT,Cabin I: Lay Low,18,Lag,lag,Radio and television both work. Reception's got opinions about the trees.,11,RUN — authored order,vo.cabin.lag.cabin.entertainment,vo.cabin.lag.cabin.entertainment.mp3
4,CH1 PROSPECT,Cabin I: Lay Low,19,Lag,lag,"You see a trail, follow it.",6,RUN — authored order,vo.cabin.lag.property.trail,vo.cabin.lag.property.trail.mp3
4,CH1 PROSPECT,Cabin I: Lay Low,20,Lag,lag,Bridge is worth walking across.,5,RUN — authored order,vo.cabin.lag.property.bridge,vo.cabin.lag.property.bridge.mp3
4,CH1 PROSPECT,Cabin I: Lay Low,21,Lag,lag,Take a look down by the water.,7,RUN — authored order,vo.cabin.lag.property.creek,vo.cabin.lag.property.creek.mp3
4,CH1 PROSPECT,Cabin I: Lay Low,22,Lag,lag,There's some spots back in those woods most people walk right past.,12,RUN — authored order,vo.cabin.lag.property.shed,vo.cabin.lag.property.shed.mp3
4,CH1 PROSPECT,Cabin I: Lay Low,23,Lag,lag,Trail keeps going farther than you think.,7,RUN — authored order,vo.cabin.lag.property.overlook,vo.cabin.lag.property.overlook.mp3
4,CH1 PROSPECT,Cabin I: Lay Low,24,Lag,lag,Whole reason for having a place like this is nobody knows what's out back.,14,RUN — authored order,vo.cabin.lag.property.firepit,vo.cabin.lag.property.firepit.mp3
4,CH1 PROSPECT,Cabin I: Lay Low,25,Lag,lag,Cell service gets weird past the bridge. That's a feature.,10,RUN — authored order,vo.cabin.lag.flavor.service,vo.cabin.lag.flavor.service.mp3
4,CH1 PROSPECT,Cabin I: Lay Low,26,Lag,lag,"If you see two eyes looking back at you, mind your business.",12,RUN — authored order,vo.cabin.lag.flavor.eyes,vo.cabin.lag.flavor.eyes.mp3
4,CH1 PROSPECT,Cabin I: Lay Low,27,Lag,lag,"Around here, if something breaks, you either fix it or learn to live without it.",15,RUN — authored order,vo.cabin.lag.flavor.breaks,vo.cabin.lag.flavor.breaks.mp3
4,CH1 PROSPECT,Cabin I: Lay Low,28,Lag,lag,Gets dark as hell out here.,6,RUN — authored order,vo.cabin.lag.flavor.dark,vo.cabin.lag.flavor.dark.mp3
4,CH1 PROSPECT,Cabin I: Lay Low,29,Lag,lag,Find anything good?,3,RUN — authored order,vo.cabin.lag.after.good,vo.cabin.lag.after.good.mp3
4,CH1 PROSPECT,Cabin I: Lay Low,30,Lag,lag,You ain't seen all of it.,6,RUN — authored order,vo.cabin.lag.after.more,vo.cabin.lag.after.more.mp3
4,CH1 PROSPECT,Cabin I: Lay Low,31,Lag,lag,There's still a couple places you missed.,7,RUN — authored order,vo.cabin.lag.after.missed,vo.cabin.lag.after.missed.mp3
4,CH1 PROSPECT,Cabin I: Lay Low,32,Lag,lag,I'm not telling you exactly where it is. That ruins it.,11,RUN — authored order,vo.cabin.lag.after.no-spoil,vo.cabin.lag.after.no-spoil.mp3
4,CH1 PROSPECT,Cabin I: Lay Low,33,Lag,lag,"There you go. Congratulations, you're almost useful.",7,RUN — authored order,vo.cabin.lag.wood.1,vo.cabin.lag.wood.1.mp3
4,CH1 PROSPECT,Cabin I: Lay Low,34,Lag,lag,That one was ugly.,4,RUN — authored order,vo.cabin.lag.wood.2,vo.cabin.lag.wood.2.mp3
4,CH1 PROSPECT,Cabin I: Lay Low,35,Lag,lag,Wood still split. Guess it counts.,6,RUN — authored order,vo.cabin.lag.wood.3,vo.cabin.lag.wood.3.mp3
4,CH1 PROSPECT,Cabin I: Lay Low,36,Lag,lag,That'll burn.,2,RUN — authored order,vo.cabin.lag.wood.4,vo.cabin.lag.wood.4.mp3
4,CH1 PROSPECT,Cabin I: Lay Low,37,Lag,lag,"Keep that up, I might let you build the fire.",10,RUN — authored order,vo.cabin.lag.wood.5,vo.cabin.lag.wood.5.mp3
5,CH1 PROSPECT,Booski / Sasole Call,1,Booski,booski,You awake? Good.,3,RUN — authored order,vo.call.booski.airstrip.1,vo.call.booski.airstrip.1.mp3
5,CH1 PROSPECT,Booski / Sasole Call,2,Booski,booski,Meet the Captain at the airstrip. Captain Lou Sasole. Not Lou from the Bing.,14,RUN — authored order,vo.call.booski.airstrip.2,vo.call.booski.airstrip.2.mp3
5,CH1 PROSPECT,Booski / Sasole Call,3,Booski,booski,He has a beef jerky run and needs another set of hands.,12,RUN — authored order,vo.call.booski.airstrip.3,vo.call.booski.airstrip.3.mp3
5,CH1 PROSPECT,Booski / Sasole Call,4,Booski,booski,Get moving. He hates waiting more than the other Lou does.,11,RUN — authored order,vo.call.booski.airstrip.4,vo.call.booski.airstrip.4.mp3
5,CH1 PROSPECT,Booski / Sasole Call,5,Tony (the Prospect),player,Everybody keeps asking me that.,5,RUN — authored order,vo.call.booski.airstrip.tony.1,vo.call.booski.airstrip.tony.1.mp3
5,CH1 PROSPECT,Booski / Sasole Call,6,Tony (the Prospect),player,Two Lous. Of course there are two Lous.,8,RUN — authored order,vo.call.booski.airstrip.tony.2,vo.call.booski.airstrip.tony.2.mp3
5,CH1 PROSPECT,Booski / Sasole Call,7,Tony (the Prospect),player,A beef jerky run.,4,RUN — authored order,vo.call.booski.airstrip.tony.3,vo.call.booski.airstrip.tony.3.mp3
5,CH1 PROSPECT,Booski / Sasole Call,8,Tony (the Prospect),player,Airstrip. Going.,2,RUN — authored order,vo.call.booski.airstrip.tony.4,vo.call.booski.airstrip.tony.4.mp3
5,CH1 PROSPECT,Booski / Sasole Call,9,Booski,booski,Tonight is the night. Do not make other plans.,9,RUN — authored order,vo.call.booski.bignight.1,vo.call.booski.bignight.1.mp3
5,CH1 PROSPECT,Booski / Sasole Call,10,Booski,booski,"Everyone is coming. All five founders, the whole Circle, in one room.",12,RUN — authored order,vo.call.booski.bignight.2,vo.call.booski.bignight.2.mp3
5,CH1 PROSPECT,Booski / Sasole Call,11,Booski,booski,"Shower, shave, wear something clean. This one is about you, Tony.",11,RUN — authored order,vo.call.booski.bignight.3,vo.call.booski.bignight.3.mp3
5,CH1 PROSPECT,Booski / Sasole Call,12,Booski,booski,Seven sharp. Do not be early and do not be late.,11,RUN — authored order,vo.call.booski.bignight.4,vo.call.booski.bignight.4.mp3
5,CH1 PROSPECT,Booski / Sasole Call,13,Tony (the Prospect),player,I have no other plans. I have never had other plans.,11,RUN — authored order,vo.call.booski.bignight.tony.1,vo.call.booski.bignight.tony.1.mp3
5,CH1 PROSPECT,Booski / Sasole Call,14,Tony (the Prospect),player,All five of them. In one room.,7,RUN — authored order,vo.call.booski.bignight.tony.2,vo.call.booski.bignight.tony.2.mp3
5,CH1 PROSPECT,Booski / Sasole Call,15,Tony (the Prospect),player,It does not feel like it is about me.,9,RUN — authored order,vo.call.booski.bignight.tony.3,vo.call.booski.bignight.tony.3.mp3
5,CH1 PROSPECT,Booski / Sasole Call,16,Tony (the Prospect),player,"Seven. Not early, not late.",5,RUN — authored order,vo.call.booski.bignight.tony.4,vo.call.booski.bignight.tony.4.mp3
5,CH1 PROSPECT,Booski / Sasole Call,17,Booski,booski,you good?,2,RUN — authored order,vo.call.booski.1,vo.call.booski.1.mp3
5,CH1 PROSPECT,Booski / Sasole Call,18,Booski,booski,im driving tomorrow so dont get a bus or whatever it is you do,14,RUN — authored order,vo.call.booski.2,vo.call.booski.2.mp3
5,CH1 PROSPECT,Booski / Sasole Call,19,Booski,booski,seven. the usual place.,4,RUN — authored order,vo.call.booski.3,vo.call.booski.3.mp3
5,CH1 PROSPECT,Booski / Sasole Call,20,Booski,booski,right. thats it. thats the call.,6,RUN — authored order,vo.call.booski.4,vo.call.booski.4.mp3
5,CH1 PROSPECT,Booski / Sasole Call,21,Booski,booski,Prospect. You're up at the property. Good. There's a strip forty minutes from you.,14,RUN — authored order,vo.call.booski.cabin_sasole.1,vo.call.booski.cabin_sasole.1.mp3
5,CH1 PROSPECT,Booski / Sasole Call,22,Tony (the Prospect),player,I'm here. Lou said quiet.,5,RUN — authored order,vo.call.booski.cabin_sasole.tony.1,vo.call.booski.cabin_sasole.tony.1.mp3
5,CH1 PROSPECT,Booski / Sasole Call,23,Booski,booski,Captain Sasole. He flies for us and he needs a second pair of hands today.,15,RUN — authored order,vo.call.booski.cabin_sasole.2,vo.call.booski.cabin_sasole.2.mp3
5,CH1 PROSPECT,Booski / Sasole Call,24,Tony (the Prospect),player,Sasole. Do I know what I'm carrying?,7,RUN — authored order,vo.call.booski.cabin_sasole.tony.2,vo.call.booski.cabin_sasole.tony.2.mp3
5,CH1 PROSPECT,Booski / Sasole Call,25,Booski,booski,You're not being asked to fly it. You're being asked to be there.,13,RUN — authored order,vo.call.booski.cabin_sasole.3,vo.call.booski.cabin_sasole.3.mp3
5,CH1 PROSPECT,Booski / Sasole Call,26,Tony (the Prospect),player,That I can do.,4,RUN — authored order,vo.call.booski.cabin_sasole.tony.3,vo.call.booski.cabin_sasole.tony.3.mp3
5,CH1 PROSPECT,Booski / Sasole Call,27,Booski,booski,Go now. Lag will point you at the road.,9,RUN — authored order,vo.call.booski.cabin_sasole.4,vo.call.booski.cabin_sasole.4.mp3
5,CH1 PROSPECT,Booski / Sasole Call,28,Tony (the Prospect),player,On my way.,3,RUN — authored order,vo.call.booski.cabin_sasole.tony.4,vo.call.booski.cabin_sasole.tony.4.mp3
6,CH1 PROSPECT,Beef Run,1,CAPTAIN LOU SASOLE,lou2,You’re late.,2,RUN — authored order,vo.beefrun.sasole.greeting-1.1,vo.beefrun.sasole.greeting-1.1.mp3
6,CH1 PROSPECT,Beef Run,2,Tony (the Prospect),player,I’m four minutes early.,4,RUN — authored order,vo.beefrun.prospect.greeting-2.1,vo.beefrun.prospect.greeting-2.1.mp3
6,CH1 PROSPECT,Beef Run,3,CAPTAIN LOU SASOLE,lou2,Then you wasted four minutes somewhere.,6,RUN — authored order,vo.beefrun.sasole.greeting-3.1,vo.beefrun.sasole.greeting-3.1.mp3
6,CH1 PROSPECT,Beef Run,4,CAPTAIN LOU SASOLE,lou2,"This is the Brushrunner. She pulls left, leaks right, and the fuel gauge is an optimist.",16,RUN — authored order,vo.beefrun.sasole.aircraft-1.1,vo.beefrun.sasole.aircraft-1.1.mp3
6,CH1 PROSPECT,Beef Run,5,Tony (the Prospect),player,You said I was helping load.,6,RUN — authored order,vo.beefrun.prospect.aircraft-2.1,vo.beefrun.prospect.aircraft-2.1.mp3
6,CH1 PROSPECT,Beef Run,6,CAPTAIN LOU SASOLE,lou2,You are. After you fly us there.,7,RUN — authored order,vo.beefrun.sasole.aircraft-3.1,vo.beefrun.sasole.aircraft-3.1.mp3
6,CH1 PROSPECT,Beef Run,7,Tony (the Prospect),player,You look terrible.,3,RUN — authored order,vo.beefrun.prospect.aircraft-4.1,vo.beefrun.prospect.aircraft-4.1.mp3
6,CH1 PROSPECT,Beef Run,8,CAPTAIN LOU SASOLE,lou2,I ate airport sushi.,4,RUN — authored order,vo.beefrun.sasole.aircraft-5.1,vo.beefrun.sasole.aircraft-5.1.mp3
6,CH1 PROSPECT,Beef Run,9,Tony (the Prospect),player,This airport has sushi?,4,RUN — authored order,vo.beefrun.prospect.aircraft-6.1,vo.beefrun.prospect.aircraft-6.1.mp3
6,CH1 PROSPECT,Beef Run,10,CAPTAIN LOU SASOLE,lou2,Not anymore.,2,RUN — authored order,vo.beefrun.sasole.aircraft-7.1,vo.beefrun.sasole.aircraft-7.1.mp3
6,CH1 PROSPECT,Beef Run,11,CAPTAIN LOU SASOLE,lou2,Preflight. Walk round her and touch everything I tell you to.,11,RUN — authored order,vo.beefrun.sasole.clipboard-1.1,vo.beefrun.sasole.clipboard-1.1.mp3
6,CH1 PROSPECT,Beef Run,12,CAPTAIN LOU SASOLE,lou2,"If something falls off while you’re holding it, that’s information.",10,RUN — authored order,vo.beefrun.sasole.clipboard-2.1,vo.beefrun.sasole.clipboard-2.1.mp3
6,CH1 PROSPECT,Beef Run,13,Old Stove,old-stove,Morning. I’m not here.,4,RUN — authored order,vo.beefrun.stove.stove.meet-1.1,vo.beefrun.stove.stove.meet-1.1.mp3
6,CH1 PROSPECT,Beef Run,14,Tony (the Prospect),player,You’re standing right there.,4,RUN — authored order,vo.beefrun.prospect.stove.meet-2.1,vo.beefrun.prospect.stove.meet-2.1.mp3
6,CH1 PROSPECT,Beef Run,15,Old Stove,old-stove,I’m standing somewhere I have not been.,7,RUN — authored order,vo.beefrun.stove.stove.meet-3.1,vo.beefrun.stove.stove.meet-3.1.mp3
6,CH1 PROSPECT,Beef Run,16,CAPTAIN LOU SASOLE,lou2,That’s Old Stove. He’s family.,5,RUN — authored order,vo.beefrun.sasole.stove.meet-4.1,vo.beefrun.sasole.stove.meet-4.1.mp3
6,CH1 PROSPECT,Beef Run,17,Tony (the Prospect),player,And the windbreaker?,3,RUN — authored order,vo.beefrun.prospect.stove.meet-5.1,vo.beefrun.prospect.stove.meet-5.1.mp3
6,CH1 PROSPECT,Beef Run,18,CAPTAIN LOU SASOLE,lou2,He’s also the government.,4,RUN — authored order,vo.beefrun.sasole.stove.meet-6.1,vo.beefrun.sasole.stove.meet-6.1.mp3
6,CH1 PROSPECT,Beef Run,19,Tony (the Prospect),player,Which government?,2,RUN — authored order,vo.beefrun.prospect.stove.meet-7.1,vo.beefrun.prospect.stove.meet-7.1.mp3
6,CH1 PROSPECT,Beef Run,20,CAPTAIN LOU SASOLE,lou2,Ours. Allegedly.,2,RUN — authored order,vo.beefrun.sasole.stove.meet-8.1,vo.beefrun.sasole.stove.meet-8.1.mp3
6,CH1 PROSPECT,Beef Run,21,Old Stove,old-stove,Three crates. They go where you’re going.,7,RUN — authored order,vo.beefrun.stove.stove.crates-1.1,vo.beefrun.stove.stove.crates-1.1.mp3
6,CH1 PROSPECT,Beef Run,22,Tony (the Prospect),player,What’s in them?,3,RUN — authored order,vo.beefrun.prospect.stove.crates-2.1,vo.beefrun.prospect.stove.crates-2.1.mp3
6,CH1 PROSPECT,Beef Run,23,Old Stove,old-stove,Agricultural equipment.,2,RUN — authored order,vo.beefrun.stove.stove.crates-3.1,vo.beefrun.stove.stove.crates-3.1.mp3
6,CH1 PROSPECT,Beef Run,24,Tony (the Prospect),player,They’re heavy for agricultural equipment.,5,RUN — authored order,vo.beefrun.prospect.stove.crates-4.1,vo.beefrun.prospect.stove.crates-4.1.mp3
6,CH1 PROSPECT,Beef Run,25,Old Stove,old-stove,It’s very good agricultural equipment.,5,RUN — authored order,vo.beefrun.stove.stove.crates-5.1,vo.beefrun.stove.stove.crates-5.1.mp3
6,CH1 PROSPECT,Beef Run,26,Tony (the Prospect),player,Are they what I think they are?,7,RUN — authored order,vo.beefrun.prospect.stove.dontask-1.1,vo.beefrun.prospect.stove.dontask-1.1.mp3
6,CH1 PROSPECT,Beef Run,27,Old Stove,old-stove,They’re what the paperwork says they are.,7,RUN — authored order,vo.beefrun.stove.stove.dontask-2.1,vo.beefrun.stove.stove.dontask-2.1.mp3
6,CH1 PROSPECT,Beef Run,28,Tony (the Prospect),player,What does the paperwork say?,5,RUN — authored order,vo.beefrun.prospect.stove.dontask-3.1,vo.beefrun.prospect.stove.dontask-3.1.mp3
6,CH1 PROSPECT,Beef Run,29,Old Stove,old-stove,There is no paperwork.,4,RUN — authored order,vo.beefrun.stove.stove.dontask-4.1,vo.beefrun.stove.stove.dontask-4.1.mp3
6,CH1 PROSPECT,Beef Run,30,CAPTAIN LOU SASOLE,lou2,Load the crates.,3,RUN — authored order,vo.beefrun.sasole.stove.dontask-5.1,vo.beefrun.sasole.stove.dontask-5.1.mp3
6,CH1 PROSPECT,Beef Run,31,CAPTAIN LOU SASOLE,lou2,Same three positions. His are lighter than what we’re bringing back.,11,RUN — authored order,vo.beefrun.sasole.stove.loading-1.1,vo.beefrun.sasole.stove.loading-1.1.mp3
6,CH1 PROSPECT,Beef Run,32,Old Stove,old-stove,"They are also more difficult to explain, so mind the door frame.",12,RUN — authored order,vo.beefrun.stove.stove.loading-2.1,vo.beefrun.stove.stove.loading-2.1.mp3
6,CH1 PROSPECT,Beef Run,33,Old Stove,old-stove,Cecilio will count them. He counts everything.,7,RUN — authored order,vo.beefrun.stove.stove.done-1.1,vo.beefrun.stove.stove.done-1.1.mp3
6,CH1 PROSPECT,Beef Run,34,Old Stove,old-stove,"If anyone asks, this airfield has no windsock and I have no face.",13,RUN — authored order,vo.beefrun.stove.stove.done-2.1,vo.beefrun.stove.stove.done-2.1.mp3
6,CH1 PROSPECT,Beef Run,35,CAPTAIN LOU SASOLE,lou2,He does this every time.,5,RUN — authored order,vo.beefrun.sasole.stove.done-3.1,vo.beefrun.sasole.stove.done-3.1.mp3
6,CH1 PROSPECT,Beef Run,36,cecilio,cecilio,Old Stove sent his equipment.,5,RUN — authored order,vo.beefrun.cecilio.guns.arrive-1.1,vo.beefrun.cecilio.guns.arrive-1.1.mp3
6,CH1 PROSPECT,Beef Run,37,CAPTAIN LOU SASOLE,lou2,He sends his regards. He does not send his name.,10,RUN — authored order,vo.beefrun.sasole.guns.arrive-2.1,vo.beefrun.sasole.guns.arrive-2.1.mp3
6,CH1 PROSPECT,Beef Run,38,CAPTAIN LOU SASOLE,lou2,Get his crates out first. The jerky does not share the aeroplane.,12,RUN — authored order,vo.beefrun.sasole.guns.unloading-1.1,vo.beefrun.sasole.guns.unloading-1.1.mp3
6,CH1 PROSPECT,Beef Run,39,Tony (the Prospect),player,Why not?,2,RUN — authored order,vo.beefrun.prospect.guns.unloading-2.1,vo.beefrun.prospect.guns.unloading-2.1.mp3
6,CH1 PROSPECT,Beef Run,40,CAPTAIN LOU SASOLE,lou2,"Because one of them is worth more, and it isn’t the metal.",12,RUN — authored order,vo.beefrun.sasole.guns.unloading-3.1,vo.beefrun.sasole.guns.unloading-3.1.mp3
6,CH1 PROSPECT,Beef Run,41,cecilio,cecilio,(weighing a crate) Tractor parts.,5,RUN — authored order,vo.beefrun.cecilio.guns.done-1.1,vo.beefrun.cecilio.guns.done-1.1.mp3
6,CH1 PROSPECT,Beef Run,42,CAPTAIN LOU SASOLE,lou2,Tractor parts.,2,RUN — authored order,vo.beefrun.sasole.guns.done-2.1,vo.beefrun.sasole.guns.done-2.1.mp3
6,CH1 PROSPECT,Beef Run,43,cecilio,cecilio,Now. The important cargo.,4,RUN — authored order,vo.beefrun.cecilio.guns.done-3.1,vo.beefrun.cecilio.guns.done-3.1.mp3
6,CH1 PROSPECT,Beef Run,44,CAPTAIN LOU SASOLE,lou2,"Unless you plan on taking the runway with us, lose the blocks.",12,RUN — authored order,vo.beefrun.sasole.preflight.chocks-1.1,vo.beefrun.sasole.preflight.chocks-1.1.mp3
6,CH1 PROSPECT,Beef Run,45,CAPTAIN LOU SASOLE,lou2,Two of them. There are always two.,7,RUN — authored order,vo.beefrun.sasole.preflight.chocks.done-1.1,vo.beefrun.sasole.preflight.chocks.done-1.1.mp3
6,CH1 PROSPECT,Beef Run,46,CAPTAIN LOU SASOLE,lou2,Fuel staying inside the plane is one of aviation’s better traditions.,11,RUN — authored order,vo.beefrun.sasole.preflight.caps-1.1,vo.beefrun.sasole.preflight.caps-1.1.mp3
6,CH1 PROSPECT,Beef Run,47,CAPTAIN LOU SASOLE,lou2,That one’s loose. Turn it till it argues back.,9,RUN — authored order,vo.beefrun.sasole.preflight.caps.loose-1.1,vo.beefrun.sasole.preflight.caps.loose-1.1.mp3
6,CH1 PROSPECT,Beef Run,48,Tony (the Prospect),player,This blade is chipped.,4,RUN — authored order,vo.beefrun.prospect.preflight.props-1.1,vo.beefrun.prospect.preflight.props-1.1.mp3
6,CH1 PROSPECT,Beef Run,49,CAPTAIN LOU SASOLE,lou2,So is my front tooth. We both still work.,9,RUN — authored order,vo.beefrun.sasole.preflight.props-2.1,vo.beefrun.sasole.preflight.props-2.1.mp3
6,CH1 PROSPECT,Beef Run,50,CAPTAIN LOU SASOLE,lou2,Drain a cup off each side. If it’s cloudy there’s water in it.,13,RUN — authored order,vo.beefrun.sasole.preflight.drain-1.1,vo.beefrun.sasole.preflight.drain-1.1.mp3
6,CH1 PROSPECT,Beef Run,51,CAPTAIN LOU SASOLE,lou2,Hold it open. Let go when it runs clear.,9,RUN — authored order,vo.beefrun.sasole.preflight.drain-2.1,vo.beefrun.sasole.preflight.drain-2.1.mp3
6,CH1 PROSPECT,Beef Run,52,Tony (the Prospect),player,It’s cloudy.,2,RUN — authored order,vo.beefrun.prospect.preflight.drain.cloudy-1.1,vo.beefrun.prospect.preflight.drain.cloudy-1.1.mp3
6,CH1 PROSPECT,Beef Run,53,CAPTAIN LOU SASOLE,lou2,"That’s the airport’s fault, the fuel’s fault, and eventually ours.",10,RUN — authored order,vo.beefrun.sasole.preflight.drain.cloudy-2.1,vo.beefrun.sasole.preflight.drain.cloudy-2.1.mp3
6,CH1 PROSPECT,Beef Run,54,CAPTAIN LOU SASOLE,lou2,Again.,1,RUN — authored order,vo.beefrun.sasole.preflight.drain.cloudy-3.1,vo.beefrun.sasole.preflight.drain.cloudy-3.1.mp3
6,CH1 PROSPECT,Beef Run,55,CAPTAIN LOU SASOLE,lou2,Clear. Now we’re only carrying the usual problems.,8,RUN — authored order,vo.beefrun.sasole.preflight.drain.clear-1.1,vo.beefrun.sasole.preflight.drain.clear-1.1.mp3
6,CH1 PROSPECT,Beef Run,56,CAPTAIN LOU SASOLE,lou2,The cargo door. Turn the handle until you hear the aeroplane agree.,12,RUN — authored order,vo.beefrun.sasole.preflight.door-1.1,vo.beefrun.sasole.preflight.door-1.1.mp3
6,CH1 PROSPECT,Beef Run,57,CAPTAIN LOU SASOLE,lou2,Move the elevator and the rudder. Watch them move.,9,RUN — authored order,vo.beefrun.sasole.preflight.surfaces-1.1,vo.beefrun.sasole.preflight.surfaces-1.1.mp3
6,CH1 PROSPECT,Beef Run,58,CAPTAIN LOU SASOLE,lou2,Up makes the houses smaller. Down makes them bigger. Don’t let them get too big.,15,RUN — authored order,vo.beefrun.sasole.preflight.surfaces-2.1,vo.beefrun.sasole.preflight.surfaces-2.1.mp3
6,CH1 PROSPECT,Beef Run,59,CAPTAIN LOU SASOLE,lou2,That’s a preflight. Get in.,5,RUN — authored order,vo.beefrun.sasole.preflight.done-1.1,vo.beefrun.sasole.preflight.done-1.1.mp3
6,CH1 PROSPECT,Beef Run,60,CAPTAIN LOU SASOLE,lou2,I’ll take the right seat. Slowly.,6,RUN — authored order,vo.beefrun.sasole.preflight.done-2.1,vo.beefrun.sasole.preflight.done-2.1.mp3
6,CH1 PROSPECT,Beef Run,61,CAPTAIN LOU SASOLE,lou2,Battery. Fuel selectors. Crack both throttles about an inch.,9,RUN — authored order,vo.beefrun.sasole.start.begin-1.1,vo.beefrun.sasole.start.begin-1.1.mp3
6,CH1 PROSPECT,Beef Run,62,CAPTAIN LOU SASOLE,lou2,"Then left engine. Then right. In that order, for reasons.",10,RUN — authored order,vo.beefrun.sasole.start.begin-2.1,vo.beefrun.sasole.start.begin-2.1.mp3
6,CH1 PROSPECT,Beef Run,63,CAPTAIN LOU SASOLE,lou2,There’s one.,2,RUN — authored order,vo.beefrun.sasole.start.leftRunning-1.1,vo.beefrun.sasole.start.leftRunning-1.1.mp3
6,CH1 PROSPECT,Beef Run,64,CAPTAIN LOU SASOLE,lou2,She likes commitment.,3,RUN — authored order,vo.beefrun.sasole.start.rightBalk-1.1,vo.beefrun.sasole.start.rightBalk-1.1.mp3
6,CH1 PROSPECT,Beef Run,65,CAPTAIN LOU SASOLE,lou2,Again.,1,RUN — authored order,vo.beefrun.sasole.start.rightBalk-2.1,vo.beefrun.sasole.start.rightBalk-2.1.mp3
6,CH1 PROSPECT,Beef Run,66,CAPTAIN LOU SASOLE,lou2,There she is.,3,RUN — authored order,vo.beefrun.sasole.start.rightCatch-1.1,vo.beefrun.sasole.start.rightCatch-1.1.mp3
6,CH1 PROSPECT,Beef Run,67,CAPTAIN LOU SASOLE,lou2,Parking brake off. Gently. They’re more of a written suggestion.,10,RUN — authored order,vo.beefrun.sasole.start.brake-1.1,vo.beefrun.sasole.start.brake-1.1.mp3
6,CH1 PROSPECT,Beef Run,68,CAPTAIN LOU SASOLE,lou2,"Run-up is good. Follow the arrow onto runway eighteen, point the nose south, then stop on the centerline.",18,RUN — authored order,vo.beefrun.sasole.lineup.begin-1.1,vo.beefrun.sasole.lineup.begin-1.1.mp3
6,CH1 PROSPECT,Beef Run,69,CAPTAIN LOU SASOLE,lou2,"There. Centerline under your nose. Full power when you are ready; at sixty, ease her off.",16,RUN — authored order,vo.beefrun.sasole.lineup.ready-1.1,vo.beefrun.sasole.lineup.ready-1.1.mp3
6,CH1 PROSPECT,Beef Run,70,CAPTAIN LOU SASOLE,lou2,Follow the faded yellow line out of the apron. It jogs right to the double bars at runway eighteen.,19,RUN — authored order,vo.beefrun.sasole.taxi.route-1.1,vo.beefrun.sasole.taxi.route-1.1.mp3
6,CH1 PROSPECT,Beef Run,71,CAPTAIN LOU SASOLE,lou2,"Taxi out. Little bursts of power, then let her roll.",10,RUN — authored order,vo.beefrun.sasole.taxi.begin-1.1,vo.beefrun.sasole.taxi.begin-1.1.mp3
6,CH1 PROSPECT,Beef Run,72,CAPTAIN LOU SASOLE,lou2,She doesn’t steer like a truck. She steers like an argument.,11,RUN — authored order,vo.beefrun.sasole.taxi.begin-2.1,vo.beefrun.sasole.taxi.begin-2.1.mp3
6,CH1 PROSPECT,Beef Run,73,CAPTAIN LOU SASOLE,lou2,Slow down. We’re not late for anything that matters.,9,RUN — authored order,vo.beefrun.sasole.taxi.fast-1.1,vo.beefrun.sasole.taxi.fast-1.1.mp3
6,CH1 PROSPECT,Beef Run,74,CAPTAIN LOU SASOLE,lou2,"Hold here. Feet on the brakes, run them both up.",10,RUN — authored order,vo.beefrun.sasole.taxi.hold-1.1,vo.beefrun.sasole.taxi.hold-1.1.mp3
6,CH1 PROSPECT,Beef Run,75,Tony (the Prospect),player,Did that fix it?,4,RUN — authored order,vo.beefrun.prospect.runup.sputter-1.1,vo.beefrun.prospect.runup.sputter-1.1.mp3
6,CH1 PROSPECT,Beef Run,76,CAPTAIN LOU SASOLE,lou2,It changed the situation.,4,RUN — authored order,vo.beefrun.sasole.runup.sputter-2.1,vo.beefrun.sasole.runup.sputter-2.1.mp3
6,CH1 PROSPECT,Beef Run,77,CAPTAIN LOU SASOLE,lou2,Good enough. Line up.,4,RUN — authored order,vo.beefrun.sasole.runup.done-1.1,vo.beefrun.sasole.runup.done-1.1.mp3
6,CH1 PROSPECT,Beef Run,78,CAPTAIN LOU SASOLE,lou2,"Full power. Keep it straight. At sixty, pull back gently.",10,RUN — authored order,vo.beefrun.sasole.takeoff.brief-1.1,vo.beefrun.sasole.takeoff.brief-1.1.mp3
6,CH1 PROSPECT,Beef Run,79,Tony (the Prospect),player,What happens at sixty?,4,RUN — authored order,vo.beefrun.prospect.takeoff.brief-2.1,vo.beefrun.prospect.takeoff.brief-2.1.mp3
6,CH1 PROSPECT,Beef Run,80,CAPTAIN LOU SASOLE,lou2,We find out if I remembered the number.,8,RUN — authored order,vo.beefrun.sasole.takeoff.brief-3.1,vo.beefrun.sasole.takeoff.brief-3.1.mp3
6,CH1 PROSPECT,Beef Run,81,CAPTAIN LOU SASOLE,lou2,That’s sixty. Ease her off.,5,RUN — authored order,vo.beefrun.sasole.takeoff.rotate-1.1,vo.beefrun.sasole.takeoff.rotate-1.1.mp3
6,CH1 PROSPECT,Beef Run,82,CAPTAIN LOU SASOLE,lou2,Trees. Trees are the last part of the runway nobody paves.,11,RUN — authored order,vo.beefrun.sasole.takeoff.trees-1.1,vo.beefrun.sasole.takeoff.trees-1.1.mp3
6,CH1 PROSPECT,Beef Run,83,CAPTAIN LOU SASOLE,lou2,Congratulations. You have now flown exactly far enough to be blamed.,11,RUN — authored order,vo.beefrun.sasole.takeoff.clear-1.1,vo.beefrun.sasole.takeoff.clear-1.1.mp3
6,CH1 PROSPECT,Beef Run,84,CAPTAIN LOU SASOLE,lou2,Let me hear you fly.,5,RUN — authored order,vo.beefrun.sasole.takeoff.fly-1.1,vo.beefrun.sasole.takeoff.fly-1.1.mp3
6,CH1 PROSPECT,Beef Run,85,CAPTAIN LOU SASOLE,lou2,You are piping hot right now. El Hueso is south; keep the white diamond and compass arrow centered.,18,RUN — authored order,vo.beefrun.sasole.takeoff.fly-2.1,vo.beefrun.sasole.takeoff.fly-2.1.mp3
6,CH1 PROSPECT,Beef Run,86,CAPTAIN LOU SASOLE,lou2,Ohhhh kay.,2,RUN — authored order,vo.beefrun.sasole.takeoff.okay-1.1,vo.beefrun.sasole.takeoff.okay-1.1.mp3
6,CH1 PROSPECT,Beef Run,87,CAPTAIN LOU SASOLE,lou2,That’s the grass. The grass is not the runway.,9,RUN — authored order,vo.beefrun.sasole.takeoff.grass-1.1,vo.beefrun.sasole.takeoff.grass-1.1.mp3
6,CH1 PROSPECT,Beef Run,88,CAPTAIN LOU SASOLE,lou2,Bring her back round and do it with more conviction.,10,RUN — authored order,vo.beefrun.sasole.takeoff.grass-2.1,vo.beefrun.sasole.takeoff.grass-2.1.mp3
6,CH1 PROSPECT,Beef Run,89,CAPTAIN LOU SASOLE,lou2,You have gone backwards off the end of a runway.,10,RUN — authored order,vo.beefrun.sasole.takeoff.behind-1.1,vo.beefrun.sasole.takeoff.behind-1.1.mp3
6,CH1 PROSPECT,Beef Run,90,CAPTAIN LOU SASOLE,lou2,The pines behind us are not a taxiway. Nothing back there is.,12,RUN — authored order,vo.beefrun.sasole.takeoff.behind-2.1,vo.beefrun.sasole.takeoff.behind-2.1.mp3
6,CH1 PROSPECT,Beef Run,91,CAPTAIN LOU SASOLE,lou2,Round the front. Same runway. Other direction.,7,RUN — authored order,vo.beefrun.sasole.takeoff.behind-3.1,vo.beefrun.sasole.takeoff.behind-3.1.mp3
6,CH1 PROSPECT,Beef Run,92,Tony (the Prospect),player,We’re in the trees.,4,RUN — authored order,vo.beefrun.prospect.takeoff.stranded-1.1,vo.beefrun.prospect.takeoff.stranded-1.1.mp3
6,CH1 PROSPECT,Beef Run,93,CAPTAIN LOU SASOLE,lou2,We are. And the tow is me and a rope and my whole afternoon.,14,RUN — authored order,vo.beefrun.sasole.takeoff.stranded-2.1,vo.beefrun.sasole.takeoff.stranded-2.1.mp3
6,CH1 PROSPECT,Beef Run,94,CAPTAIN LOU SASOLE,lou2,Sit still. I will put us back on the numbers and we will never speak of it.,17,RUN — authored order,vo.beefrun.sasole.takeoff.stranded-3.1,vo.beefrun.sasole.takeoff.stranded-3.1.mp3
6,CH1 PROSPECT,Beef Run,95,Tony (the Prospect),player,What exactly are we picking up?,6,RUN — authored order,vo.beefrun.prospect.cruise.what-1.1,vo.beefrun.prospect.cruise.what-1.1.mp3
6,CH1 PROSPECT,Beef Run,96,CAPTAIN LOU SASOLE,lou2,Beef jerky.,2,RUN — authored order,vo.beefrun.sasole.cruise.what-2.1,vo.beefrun.sasole.cruise.what-2.1.mp3
6,CH1 PROSPECT,Beef Run,97,Tony (the Prospect),player,That’s it?,2,RUN — authored order,vo.beefrun.prospect.cruise.what-3.1,vo.beefrun.prospect.cruise.what-3.1.mp3
6,CH1 PROSPECT,Beef Run,98,CAPTAIN LOU SASOLE,lou2,Rare beef jerky.,3,RUN — authored order,vo.beefrun.sasole.cruise.what-4.1,vo.beefrun.sasole.cruise.what-4.1.mp3
6,CH1 PROSPECT,Beef Run,99,Tony (the Prospect),player,How rare?,2,RUN — authored order,vo.beefrun.prospect.cruise.what-5.1,vo.beefrun.prospect.cruise.what-5.1.mp3
6,CH1 PROSPECT,Beef Run,100,CAPTAIN LOU SASOLE,lou2,Possession is a customs event.,5,RUN — authored order,vo.beefrun.sasole.cruise.what-6.1,vo.beefrun.sasole.cruise.what-6.1.mp3
6,CH1 PROSPECT,Beef Run,101,CAPTAIN LOU SASOLE,lou2,"This is mountain-cured, pepper-crusted Silverback Reserve. Every strip has a serial number.",12,RUN — authored order,vo.beefrun.sasole.cruise.photo-1.1,vo.beefrun.sasole.cruise.photo-1.1.mp3
6,CH1 PROSPECT,Beef Run,102,Tony (the Prospect),player,Why is it illegal?,4,RUN — authored order,vo.beefrun.prospect.cruise.photo-2.1,vo.beefrun.prospect.cruise.photo-2.1.mp3
6,CH1 PROSPECT,Beef Run,103,CAPTAIN LOU SASOLE,lou2,Trade agreement. Agricultural rules. Three senators own competing smokehouses. Pick a villain.,12,RUN — authored order,vo.beefrun.sasole.cruise.photo-3.1,vo.beefrun.sasole.cruise.photo-3.1.mp3
6,CH1 PROSPECT,Beef Run,104,CAPTAIN LOU SASOLE,lou2,Broken tower on the nose. Keep it off your left wing and hold what you’ve got.,16,RUN — authored order,vo.beefrun.sasole.nav.tower-1.1,vo.beefrun.sasole.nav.tower-1.1.mp3
6,CH1 PROSPECT,Beef Run,105,CAPTAIN LOU SASOLE,lou2,River bent like a horseshoe. Follow the open end.,9,RUN — authored order,vo.beefrun.sasole.nav.river-1.1,vo.beefrun.sasole.nav.river-1.1.mp3
6,CH1 PROSPECT,Beef Run,106,CAPTAIN LOU SASOLE,lou2,"Volcano. Don’t fly through the smoke, it’s rude.",8,RUN — authored order,vo.beefrun.sasole.nav.volcano-1.1,vo.beefrun.sasole.nav.volcano-1.1.mp3
6,CH1 PROSPECT,Beef Run,107,CAPTAIN LOU SASOLE,lou2,Red cliff. After that it’s all jungle and bad ideas.,10,RUN — authored order,vo.beefrun.sasole.nav.cliff-1.1,vo.beefrun.sasole.nav.cliff-1.1.mp3
6,CH1 PROSPECT,Beef Run,108,CAPTAIN LOU SASOLE,lou2,Air’s getting lumpy. That’s the mountains breathing.,7,RUN — authored order,vo.beefrun.sasole.turb.start-1.1,vo.beefrun.sasole.turb.start-1.1.mp3
6,CH1 PROSPECT,Beef Run,109,CAPTAIN LOU SASOLE,lou2,I need you to fly smoother.,6,RUN — authored order,vo.beefrun.sasole.turb.sick-1.1,vo.beefrun.sasole.turb.sick-1.1.mp3
6,CH1 PROSPECT,Beef Run,110,Tony (the Prospect),player,I don’t know how.,4,RUN — authored order,vo.beefrun.prospect.turb.sick-2.1,vo.beefrun.prospect.turb.sick-2.1.mp3
6,CH1 PROSPECT,Beef Run,111,CAPTAIN LOU SASOLE,lou2,Then learn before my shirt becomes evidence.,7,RUN — authored order,vo.beefrun.sasole.turb.sick-3.1,vo.beefrun.sasole.turb.sick-3.1.mp3
6,CH1 PROSPECT,Beef Run,112,CAPTAIN LOU SASOLE,lou2,There are receipts in the sick bag. I’m putting it back.,11,RUN — authored order,vo.beefrun.sasole.turb.bag-1.1,vo.beefrun.sasole.turb.bag-1.1.mp3
6,CH1 PROSPECT,Beef Run,113,CAPTAIN LOU SASOLE,lou2,See that waterfall?,3,RUN — authored order,vo.beefrun.sasole.approach.falls-1.1,vo.beefrun.sasole.approach.falls-1.1.mp3
6,CH1 PROSPECT,Beef Run,114,Tony (the Prospect),player,Yes.,1,RUN — authored order,vo.beefrun.prospect.approach.falls-2.1,vo.beefrun.prospect.approach.falls-2.1.mp3
6,CH1 PROSPECT,Beef Run,115,CAPTAIN LOU SASOLE,lou2,Fly toward it.,3,RUN — authored order,vo.beefrun.sasole.approach.falls-3.1,vo.beefrun.sasole.approach.falls-3.1.mp3
6,CH1 PROSPECT,Beef Run,116,Tony (the Prospect),player,There’s a mountain behind it.,5,RUN — authored order,vo.beefrun.prospect.approach.falls-4.1,vo.beefrun.prospect.approach.falls-4.1.mp3
6,CH1 PROSPECT,Beef Run,117,CAPTAIN LOU SASOLE,lou2,The runway is before the mountain.,6,RUN — authored order,vo.beefrun.sasole.approach.falls-5.1,vo.beefrun.sasole.approach.falls-5.1.mp3
6,CH1 PROSPECT,Beef Run,118,Tony (the Prospect),player,That feels important.,3,RUN — authored order,vo.beefrun.prospect.approach.falls-6.1,vo.beefrun.prospect.approach.falls-6.1.mp3
6,CH1 PROSPECT,Beef Run,119,CAPTAIN LOU SASOLE,lou2,"Down into the valley. Power back, flaps out, and pick your line early.",13,RUN — authored order,vo.beefrun.sasole.approach.valley-1.1,vo.beefrun.sasole.approach.valley-1.1.mp3
6,CH1 PROSPECT,Beef Run,120,CAPTAIN LOU SASOLE,lou2,You get one. There is no going round again in here.,11,RUN — authored order,vo.beefrun.sasole.approach.valley-2.1,vo.beefrun.sasole.approach.valley-2.1.mp3
6,CH1 PROSPECT,Beef Run,121,CAPTAIN LOU SASOLE,lou2,Too high.,2,RUN — authored order,vo.beefrun.sasole.approach.high-1.1,vo.beefrun.sasole.approach.high-1.1.mp3
6,CH1 PROSPECT,Beef Run,122,CAPTAIN LOU SASOLE,lou2,Still too high.,3,RUN — authored order,vo.beefrun.sasole.approach.high2-1.1,vo.beefrun.sasole.approach.high2-1.1.mp3
6,CH1 PROSPECT,Beef Run,123,CAPTAIN LOU SASOLE,lou2,Now you’re proving a point.,5,RUN — authored order,vo.beefrun.sasole.approach.high3-1.1,vo.beefrun.sasole.approach.high3-1.1.mp3
6,CH1 PROSPECT,Beef Run,124,CAPTAIN LOU SASOLE,lou2,Low. Add power before the trees do it for you.,10,RUN — authored order,vo.beefrun.sasole.approach.low-1.1,vo.beefrun.sasole.approach.low-1.1.mp3
6,CH1 PROSPECT,Beef Run,125,CAPTAIN LOU SASOLE,lou2,Power. Power. POWER.,3,RUN — authored order,vo.beefrun.sasole.approach.slow-1.1,vo.beefrun.sasole.approach.slow-1.1.mp3
6,CH1 PROSPECT,Beef Run,126,CAPTAIN LOU SASOLE,lou2,"We’re landing here, not in the next country.",8,RUN — authored order,vo.beefrun.sasole.approach.fast-1.1,vo.beefrun.sasole.approach.fast-1.1.mp3
6,CH1 PROSPECT,Beef Run,127,CAPTAIN LOU SASOLE,lou2,Hold it off. Hold it. Let her sit down.,9,RUN — authored order,vo.beefrun.sasole.approach.flare-1.1,vo.beefrun.sasole.approach.flare-1.1.mp3
6,CH1 PROSPECT,Beef Run,128,CAPTAIN LOU SASOLE,lou2,That was a landing. I want that noted somewhere.,9,RUN — authored order,vo.beefrun.sasole.landing.good-1.1,vo.beefrun.sasole.landing.good-1.1.mp3
6,CH1 PROSPECT,Beef Run,129,CAPTAIN LOU SASOLE,lou2,We arrived before the important pieces fell off. Count it.,10,RUN — authored order,vo.beefrun.sasole.landing.rough-1.1,vo.beefrun.sasole.landing.rough-1.1.mp3
6,CH1 PROSPECT,Beef Run,130,CAPTAIN LOU SASOLE,lou2,Some of that was flying.,5,RUN — authored order,vo.beefrun.sasole.landing.bad-1.1,vo.beefrun.sasole.landing.bad-1.1.mp3
6,CH1 PROSPECT,Beef Run,131,CAPTAIN LOU SASOLE,lou2,Shut it down before anything else agrees to come off.,10,RUN — authored order,vo.beefrun.sasole.landing.bad-2.1,vo.beefrun.sasole.landing.bad-2.1.mp3
6,CH1 PROSPECT,Beef Run,132,cecilio,cecilio,Grass-fed. Cold-smoked. Forty-two days in mountain air.,7,RUN — authored order,vo.beefrun.cecilio.cecilio.meet-1.1,vo.beefrun.cecilio.cecilio.meet-1.1.mp3
6,CH1 PROSPECT,Beef Run,133,Tony (the Prospect),player,It looks like jerky.,4,RUN — authored order,vo.beefrun.prospect.cecilio.meet-2.1,vo.beefrun.prospect.cecilio.meet-2.1.mp3
6,CH1 PROSPECT,Beef Run,134,CAPTAIN LOU SASOLE,lou2,He’s new.,2,RUN — authored order,vo.beefrun.sasole.cecilio.silence-1.1,vo.beefrun.sasole.cecilio.silence-1.1.mp3
6,CH1 PROSPECT,Beef Run,135,cecilio,cecilio,This is not gas-station meat.,5,RUN — authored order,vo.beefrun.cecilio.cecilio.silence-2.1,vo.beefrun.cecilio.cecilio.silence-2.1.mp3
6,CH1 PROSPECT,Beef Run,136,Tony (the Prospect),player,Understood.,1,RUN — authored order,vo.beefrun.prospect.cecilio.silence-3.1,vo.beefrun.prospect.cecilio.silence-3.1.mp3
6,CH1 PROSPECT,Beef Run,137,cecilio,cecilio,This jerky has lineage.,4,RUN — authored order,vo.beefrun.cecilio.cecilio.silence-4.1,vo.beefrun.cecilio.cecilio.silence-4.1.mp3
6,CH1 PROSPECT,Beef Run,138,CAPTAIN LOU SASOLE,lou2,Three crates. Three positions. One in each and she flies like an aeroplane.,13,RUN — authored order,vo.beefrun.sasole.load.brief-1.1,vo.beefrun.sasole.load.brief-1.1.mp3
6,CH1 PROSPECT,Beef Run,139,CAPTAIN LOU SASOLE,lou2,All three in the back and she flies like a seesaw.,11,RUN — authored order,vo.beefrun.sasole.load.brief-2.1,vo.beefrun.sasole.load.brief-2.1.mp3
6,CH1 PROSPECT,Beef Run,140,CAPTAIN LOU SASOLE,lou2,Move one forward unless you want the plane climbing before the runway starts.,13,RUN — authored order,vo.beefrun.sasole.load.tail-1.1,vo.beefrun.sasole.load.tail-1.1.mp3
6,CH1 PROSPECT,Beef Run,141,CAPTAIN LOU SASOLE,lou2,"We’re hauling jerky, not trying to drill for oil with the nose.",12,RUN — authored order,vo.beefrun.sasole.load.nose-1.1,vo.beefrun.sasole.load.nose-1.1.mp3
6,CH1 PROSPECT,Beef Run,142,CAPTAIN LOU SASOLE,lou2,Strap them. Loose cargo is just weight that gets a vote.,11,RUN — authored order,vo.beefrun.sasole.load.strap-1.1,vo.beefrun.sasole.load.strap-1.1.mp3
6,CH1 PROSPECT,Beef Run,143,CAPTAIN LOU SASOLE,lou2,Door shut and latched. Say it out loud so I hear you say it.,14,RUN — authored order,vo.beefrun.sasole.load.done-1.1,vo.beefrun.sasole.load.done-1.1.mp3
6,CH1 PROSPECT,Beef Run,144,PROVISIONAL casting,lookout,"(radio, urgent) Motor. Two valleys over, coming this way.",9,RUN — authored order,vo.beefrun.lookout.depart.engine-1.1,vo.beefrun.lookout.depart.engine-1.1.mp3
6,CH1 PROSPECT,Beef Run,145,cecilio,cecilio,Aeroplane. Bureau. Go now.,4,RUN — authored order,vo.beefrun.cecilio.depart.engine-2.1,vo.beefrun.cecilio.depart.engine-2.1.mp3
6,CH1 PROSPECT,Beef Run,146,CAPTAIN LOU SASOLE,lou2,You’re flying back.,3,RUN — authored order,vo.beefrun.sasole.depart.lou-1.1,vo.beefrun.sasole.depart.lou-1.1.mp3
6,CH1 PROSPECT,Beef Run,147,Tony (the Prospect),player,I barely landed.,3,RUN — authored order,vo.beefrun.prospect.depart.lou-2.1,vo.beefrun.prospect.depart.lou-2.1.mp3
6,CH1 PROSPECT,Beef Run,148,CAPTAIN LOU SASOLE,lou2,And now you’re experienced.,4,RUN — authored order,vo.beefrun.sasole.depart.lou-3.1,vo.beefrun.sasole.depart.lou-3.1.mp3
6,CH1 PROSPECT,Beef Run,149,CAPTAIN LOU SASOLE,lou2,Wake me if an engine quits.,6,RUN — authored order,vo.beefrun.sasole.depart.seat-1.1,vo.beefrun.sasole.depart.seat-1.1.mp3
6,CH1 PROSPECT,Beef Run,150,Tony (the Prospect),player,Which engine?,2,RUN — authored order,vo.beefrun.prospect.depart.seat-2.1,vo.beefrun.prospect.depart.seat-2.1.mp3
6,CH1 PROSPECT,Beef Run,151,CAPTAIN LOU SASOLE,lou2,The loud one.,3,RUN — authored order,vo.beefrun.sasole.depart.seat-3.1,vo.beefrun.sasole.depart.seat-3.1.mp3
6,CH1 PROSPECT,Beef Run,152,CAPTAIN LOU SASOLE,lou2,Downhill. The arrow on the barrel is not decoration.,9,RUN — authored order,vo.beefrun.sasole.depart.downhill-1.1,vo.beefrun.sasole.depart.downhill-1.1.mp3
6,CH1 PROSPECT,Beef Run,153,CAPTAIN LOU SASOLE,lou2,Keep it rolling.,3,RUN — authored order,vo.beefrun.sasole.depart.downhill-2.1,vo.beefrun.sasole.depart.downhill-2.1.mp3
6,CH1 PROSPECT,Beef Run,154,Tony (the Prospect),player,We’re running out of runway.,5,RUN — authored order,vo.beefrun.prospect.depart.runway-1.1,vo.beefrun.prospect.depart.runway-1.1.mp3
6,CH1 PROSPECT,Beef Run,155,CAPTAIN LOU SASOLE,lou2,Then stop looking at it.,5,RUN — authored order,vo.beefrun.sasole.depart.runway-2.1,vo.beefrun.sasole.depart.runway-2.1.mp3
6,CH1 PROSPECT,Beef Run,156,CAPTAIN LOU SASOLE,lou2,Cliff. That’s the good kind of nothing underneath you.,9,RUN — authored order,vo.beefrun.sasole.depart.clear-1.1,vo.beefrun.sasole.depart.clear-1.1.mp3
6,CH1 PROSPECT,Beef Run,157,CAPTAIN LOU SASOLE,lou2,Stay near the river.,4,RUN — authored order,vo.beefrun.sasole.return.river-1.1,vo.beefrun.sasole.return.river-1.1.mp3
6,CH1 PROSPECT,Beef Run,158,Tony (the Prospect),player,Why?,1,RUN — authored order,vo.beefrun.prospect.return.river-2.1,vo.beefrun.prospect.return.river-2.1.mp3
6,CH1 PROSPECT,Beef Run,159,CAPTAIN LOU SASOLE,lou2,Because rivers rarely build towers.,5,RUN — authored order,vo.beefrun.sasole.return.river-3.1,vo.beefrun.sasole.return.river-3.1.mp3
6,CH1 PROSPECT,Beef Run,160,CAPTAIN LOU SASOLE,lou2,Ridge ahead. Left side.,4,RUN — authored order,vo.beefrun.sasole.return.ridge-1.1,vo.beefrun.sasole.return.ridge-1.1.mp3
6,CH1 PROSPECT,Beef Run,161,Tony (the Prospect),player,The left side has trees.,5,RUN — authored order,vo.beefrun.prospect.return.ridge-2.1,vo.beefrun.prospect.return.ridge-2.1.mp3
6,CH1 PROSPECT,Beef Run,162,CAPTAIN LOU SASOLE,lou2,The right side has government.,5,RUN — authored order,vo.beefrun.sasole.return.ridge-3.1,vo.beefrun.sasole.return.ridge-3.1.mp3
6,CH1 PROSPECT,Beef Run,163,CAPTAIN LOU SASOLE,lou2,Rain. Good. Nobody looks up in it.,7,RUN — authored order,vo.beefrun.sasole.return.rain-1.1,vo.beefrun.sasole.return.rain-1.1.mp3
6,CH1 PROSPECT,Beef Run,164,PROVISIONAL casting,caib-radio,"...sector four, negative contact, continuing the pattern.",7,RUN — authored order,vo.beefrun.caib.caib.sweep-1.1,vo.beefrun.caib.caib.sweep-1.1.mp3
6,CH1 PROSPECT,Beef Run,165,CAPTAIN LOU SASOLE,lou2,They’re sweeping. Get lower.,4,RUN — authored order,vo.beefrun.sasole.caib.sweep-2.1,vo.beefrun.sasole.caib.sweep-2.1.mp3
6,CH1 PROSPECT,Beef Run,166,PROVISIONAL casting,caib-radio,"Unidentified cargo aircraft, alter course and prepare for agricultural inspection.",10,RUN — authored order,vo.beefrun.caib.caib.hail-1.1,vo.beefrun.caib.caib.hail-1.1.mp3
6,CH1 PROSPECT,Beef Run,167,CAPTAIN LOU SASOLE,lou2,Do not answer.,3,RUN — authored order,vo.beefrun.sasole.caib.hail-2.1,vo.beefrun.sasole.caib.hail-2.1.mp3
6,CH1 PROSPECT,Beef Run,168,Tony (the Prospect),player,They know we’re here.,4,RUN — authored order,vo.beefrun.prospect.caib.hail-3.1,vo.beefrun.prospect.caib.hail-3.1.mp3
6,CH1 PROSPECT,Beef Run,169,CAPTAIN LOU SASOLE,lou2,"Knowing and proving are cousins, not twins.",7,RUN — authored order,vo.beefrun.sasole.caib.hail-4.1,vo.beefrun.sasole.caib.hail-4.1.mp3
6,CH1 PROSPECT,Beef Run,170,CAPTAIN LOU SASOLE,lou2,Behind us. Don’t climb — climbing is how you introduce yourself.,11,RUN — authored order,vo.beefrun.sasole.caib.chase-1.1,vo.beefrun.sasole.caib.chase-1.1.mp3
6,CH1 PROSPECT,Beef Run,171,CAPTAIN LOU SASOLE,lou2,"Canyon, cloud, or the saddle in that ridge. Pick one and commit.",12,RUN — authored order,vo.beefrun.sasole.caib.chase-2.1,vo.beefrun.sasole.caib.chase-2.1.mp3
6,CH1 PROSPECT,Beef Run,172,CAPTAIN LOU SASOLE,lou2,Gone. Or bored. Both spend the same.,7,RUN — authored order,vo.beefrun.sasole.caib.lost-1.1,vo.beefrun.sasole.caib.lost-1.1.mp3
6,CH1 PROSPECT,Beef Run,173,CAPTAIN LOU SASOLE,lou2,That range behind us is the whole argument. We’re somebody else’s paperwork now.,13,RUN — authored order,vo.beefrun.sasole.caib.boundary-1.1,vo.beefrun.sasole.caib.boundary-1.1.mp3
6,CH1 PROSPECT,Beef Run,174,CAPTAIN LOU SASOLE,lou2,Left one’s running hot. Ease back the left throttle.,9,RUN — authored order,vo.beefrun.sasole.engine.hot-1.1,vo.beefrun.sasole.engine.hot-1.1.mp3
6,CH1 PROSPECT,Beef Run,175,Tony (the Prospect),player,We need both engines.,4,RUN — authored order,vo.beefrun.prospect.engine.hot-2.1,vo.beefrun.prospect.engine.hot-2.1.mp3
6,CH1 PROSPECT,Beef Run,176,CAPTAIN LOU SASOLE,lou2,That is why the plane came with two.,8,RUN — authored order,vo.beefrun.sasole.engine.hot-3.1,vo.beefrun.sasole.engine.hot-3.1.mp3
6,CH1 PROSPECT,Beef Run,177,CAPTAIN LOU SASOLE,lou2,Let it sulk. Fly the other one.,7,RUN — authored order,vo.beefrun.sasole.engine.cooling-1.1,vo.beefrun.sasole.engine.cooling-1.1.mp3
6,CH1 PROSPECT,Beef Run,178,CAPTAIN LOU SASOLE,lou2,Temperature’s down. Give it half and don’t apologise to it.,10,RUN — authored order,vo.beefrun.sasole.engine.recovered-1.1,vo.beefrun.sasole.engine.recovered-1.1.mp3
6,CH1 PROSPECT,Beef Run,179,CAPTAIN LOU SASOLE,lou2,"That’s the field. Same as you left it, which is the best it does.",14,RUN — authored order,vo.beefrun.sasole.home.sight-1.1,vo.beefrun.sasole.home.sight-1.1.mp3
6,CH1 PROSPECT,Beef Run,180,Tony (the Prospect),player,The runway lights are out.,5,RUN — authored order,vo.beefrun.prospect.home.sight-2.1,vo.beefrun.prospect.home.sight-2.1.mp3
6,CH1 PROSPECT,Beef Run,181,CAPTAIN LOU SASOLE,lou2,They have been out since the county discovered invoices.,9,RUN — authored order,vo.beefrun.sasole.home.sight-3.1,vo.beefrun.sasole.home.sight-3.1.mp3
6,CH1 PROSPECT,Beef Run,182,Tony (the Prospect),player,How do I see the runway?,6,RUN — authored order,vo.beefrun.prospect.home.sight-4.1,vo.beefrun.prospect.home.sight-4.1.mp3
6,CH1 PROSPECT,Beef Run,183,CAPTAIN LOU SASOLE,lou2,Community support.,2,RUN — authored order,vo.beefrun.sasole.home.headlights-1.1,vo.beefrun.sasole.home.headlights-1.1.mp3
6,CH1 PROSPECT,Beef Run,184,CAPTAIN LOU SASOLE,lou2,Crosswind from the left. Point the nose into it and land on the wheel that’s low.,16,RUN — authored order,vo.beefrun.sasole.home.final-1.1,vo.beefrun.sasole.home.final-1.1.mp3
6,CH1 PROSPECT,Beef Run,185,CAPTAIN LOU SASOLE,lou2,Feet down. Hold the brakes and keep her straight. We still need the hangar.,14,RUN — authored order,vo.beefrun.sasole.home.brake-1.1,vo.beefrun.sasole.home.brake-1.1.mp3
6,CH1 PROSPECT,Beef Run,186,Tony (the Prospect),player,So that was the job?,5,RUN — authored order,vo.beefrun.prospect.end.bucket-1.1,vo.beefrun.prospect.end.bucket-1.1.mp3
6,CH1 PROSPECT,Beef Run,187,CAPTAIN LOU SASOLE,lou2,That was the interview.,4,RUN — authored order,vo.beefrun.sasole.end.bucket-2.1,vo.beefrun.sasole.end.bucket-2.1.mp3
6,CH1 PROSPECT,Beef Run,188,The Squatch associate,squatch-associate,Sasole. You’re green.,3,RUN — authored order,vo.beefrun.associate.end.crew-1.1,vo.beefrun.associate.end.crew-1.1.mp3
6,CH1 PROSPECT,Beef Run,189,CAPTAIN LOU SASOLE,lou2,I have been green since the mountains. Take the middle one first.,12,RUN — authored order,vo.beefrun.sasole.end.crew-2.1,vo.beefrun.sasole.end.crew-2.1.mp3
6,CH1 PROSPECT,Beef Run,190,Tony (the Prospect),player,Should I help?,3,RUN — authored order,vo.beefrun.prospect.end.crew-3.1,vo.beefrun.prospect.end.crew-3.1.mp3
6,CH1 PROSPECT,Beef Run,191,CAPTAIN LOU SASOLE,lou2,You flew it here. That was your half.,8,RUN — authored order,vo.beefrun.sasole.end.crew-4.1,vo.beefrun.sasole.end.crew-4.1.mp3
6,CH1 PROSPECT,Beef Run,192,CAPTAIN LOU SASOLE,lou2,Worth it.,2,RUN — authored order,vo.beefrun.sasole.end.bite-1.1,vo.beefrun.sasole.end.bite-1.1.mp3
6,CH1 PROSPECT,Beef Run,193,Tony (the Prospect),player,This is my cut?,4,RUN — authored order,vo.beefrun.prospect.end.envelope-1.1,vo.beefrun.prospect.end.envelope-1.1.mp3
6,CH1 PROSPECT,Beef Run,194,CAPTAIN LOU SASOLE,lou2,You’re still a prospect.,4,RUN — authored order,vo.beefrun.sasole.end.envelope-2.1,vo.beefrun.sasole.end.envelope-2.1.mp3
6,CH1 PROSPECT,Beef Run,195,CAPTAIN LOU SASOLE,lou2,Same time tomorrow. Bring a bag for me and nothing for you.,12,RUN — authored order,vo.beefrun.sasole.end.envelope-3.1,vo.beefrun.sasole.end.envelope-3.1.mp3
6,CH1 PROSPECT,Beef Run,196,CAPTAIN LOU SASOLE,lou2,Nose down! The sky is not holding meetings today!,9,RUN — authored order,vo.beefrun.sasole.bark-stall-1.1,vo.beefrun.sasole.bark-stall-1.1.mp3
6,CH1 PROSPECT,Beef Run,197,CAPTAIN LOU SASOLE,lou2,Nose down. Down. The other down.,6,RUN — authored order,vo.beefrun.sasole.bark-stall-2.1,vo.beefrun.sasole.bark-stall-2.1.mp3
6,CH1 PROSPECT,Beef Run,198,CAPTAIN LOU SASOLE,lou2,You’re out of speed and ideas. Fix the speed one.,10,RUN — authored order,vo.beefrun.sasole.bark-stall-3.1,vo.beefrun.sasole.bark-stall-3.1.mp3
6,CH1 PROSPECT,Beef Run,199,CAPTAIN LOU SASOLE,lou2,Ease off. She starts shedding parts as a hint.,9,RUN — authored order,vo.beefrun.sasole.bark-overspeed-1.1,vo.beefrun.sasole.bark-overspeed-1.1.mp3
6,CH1 PROSPECT,Beef Run,200,CAPTAIN LOU SASOLE,lou2,That noise is the airframe filing a complaint.,8,RUN — authored order,vo.beefrun.sasole.bark-overspeed-2.1,vo.beefrun.sasole.bark-overspeed-2.1.mp3
6,CH1 PROSPECT,Beef Run,201,CAPTAIN LOU SASOLE,lou2,Ground. Ground is a solid.,5,RUN — authored order,vo.beefrun.sasole.bark-terrain-1.1,vo.beefrun.sasole.bark-terrain-1.1.mp3
6,CH1 PROSPECT,Beef Run,202,CAPTAIN LOU SASOLE,lou2,Up. Now would be the time.,6,RUN — authored order,vo.beefrun.sasole.bark-terrain-2.1,vo.beefrun.sasole.bark-terrain-2.1.mp3
6,CH1 PROSPECT,Beef Run,203,CAPTAIN LOU SASOLE,lou2,Feel that? That was the landing gear’s entire remaining career.,10,RUN — authored order,vo.beefrun.sasole.bark-gearHard-1.1,vo.beefrun.sasole.bark-gearHard-1.1.mp3
6,CH1 PROSPECT,Beef Run,204,CAPTAIN LOU SASOLE,lou2,That noise came out of the maintenance budget.,8,RUN — authored order,vo.beefrun.sasole.bark-gearHard-2.1,vo.beefrun.sasole.bark-gearHard-2.1.mp3
6,CH1 PROSPECT,Beef Run,205,CAPTAIN LOU SASOLE,lou2,"If the wheels are still round, buy them dinner.",9,RUN — authored order,vo.beefrun.sasole.bark-gearHard-3.1,vo.beefrun.sasole.bark-gearHard-3.1.mp3
6,CH1 PROSPECT,Beef Run,206,CAPTAIN LOU SASOLE,lou2,Level it. My coffee has opinions.,6,RUN — authored order,vo.beefrun.sasole.bark-banked-1.1,vo.beefrun.sasole.bark-banked-1.1.mp3
6,CH1 PROSPECT,Beef Run,207,CAPTAIN LOU SASOLE,lou2,That’s a lot of angle for a man with my stomach.,11,RUN — authored order,vo.beefrun.sasole.bark-banked-2.1,vo.beefrun.sasole.bark-banked-2.1.mp3
6,CH1 PROSPECT,Beef Run,208,CAPTAIN LOU SASOLE,lou2,That’s better. Keep doing whatever that was.,7,RUN — authored order,vo.beefrun.sasole.bark-smooth-1.1,vo.beefrun.sasole.bark-smooth-1.1.mp3
6,CH1 PROSPECT,Beef Run,209,CAPTAIN LOU SASOLE,lou2,Good. Boring. Boring is the whole job.,7,RUN — authored order,vo.beefrun.sasole.bark-smooth-2.1,vo.beefrun.sasole.bark-smooth-2.1.mp3
6,CH1 PROSPECT,Beef Run,210,CAPTAIN LOU SASOLE,lou2,There. Small inputs. The plane likes that.,7,RUN — authored order,vo.beefrun.sasole.bark-smooth-3.1,vo.beefrun.sasole.bark-smooth-3.1.mp3
6,CH1 PROSPECT,Beef Run,211,CAPTAIN LOU SASOLE,lou2,"Easy on the yoke. You are flying an aeroplane, not shaking a vending machine.",14,RUN — authored order,vo.beefrun.sasole.bark-rough-1.1,vo.beefrun.sasole.bark-rough-1.1.mp3
6,CH1 PROSPECT,Beef Run,212,CAPTAIN LOU SASOLE,lou2,Stop stirring the sky. Small inputs.,6,RUN — authored order,vo.beefrun.sasole.bark-rough-2.1,vo.beefrun.sasole.bark-rough-2.1.mp3
6,CH1 PROSPECT,Beef Run,213,CAPTAIN LOU SASOLE,lou2,Your hands have opinions. I need them to have fewer.,10,RUN — authored order,vo.beefrun.sasole.bark-rough-3.1,vo.beefrun.sasole.bark-rough-3.1.mp3
6,CH1 PROSPECT,Beef Run,214,CAPTAIN LOU SASOLE,lou2,Holee leee.,2,RUN — authored order,vo.beefrun.sasole.bark-holy-1.1,vo.beefrun.sasole.bark-holy-1.1.mp3
6,CH1 PROSPECT,Beef Run,215,CAPTAIN LOU SASOLE,lou2,"If you meant to do that, never do it again.",10,RUN — authored order,vo.beefrun.sasole.bark-holy-2.1,vo.beefrun.sasole.bark-holy-2.1.mp3
6,CH1 PROSPECT,Beef Run,216,CAPTAIN LOU SASOLE,lou2,My stomach just filed a transfer request.,7,RUN — authored order,vo.beefrun.sasole.bark-holy-3.1,vo.beefrun.sasole.bark-holy-3.1.mp3
6,CH1 PROSPECT,Beef Run,217,CAPTAIN LOU SASOLE,lou2,Marker is left. Turn left and bring the diamond back into the glass.,13,RUN — authored order,vo.beefrun.sasole.bark-offCourseLeft-1.1,vo.beefrun.sasole.bark-offCourseLeft-1.1.mp3
6,CH1 PROSPECT,Beef Run,218,CAPTAIN LOU SASOLE,lou2,You are right of course. Ease left; the compass is asking politely.,12,RUN — authored order,vo.beefrun.sasole.bark-offCourseLeft-2.1,vo.beefrun.sasole.bark-offCourseLeft-2.1.mp3
6,CH1 PROSPECT,Beef Run,219,CAPTAIN LOU SASOLE,lou2,The arrow wants left. It is better at directions than either of us.,13,RUN — authored order,vo.beefrun.sasole.bark-offCourseLeft-3.1,vo.beefrun.sasole.bark-offCourseLeft-3.1.mp3
6,CH1 PROSPECT,Beef Run,220,CAPTAIN LOU SASOLE,lou2,Marker is right. Turn right and put the diamond back in the middle.,13,RUN — authored order,vo.beefrun.sasole.bark-offCourseRight-1.1,vo.beefrun.sasole.bark-offCourseRight-1.1.mp3
6,CH1 PROSPECT,Beef Run,221,CAPTAIN LOU SASOLE,lou2,You are left of course. Ease right; the compass is asking politely.,12,RUN — authored order,vo.beefrun.sasole.bark-offCourseRight-2.1,vo.beefrun.sasole.bark-offCourseRight-2.1.mp3
6,CH1 PROSPECT,Beef Run,222,CAPTAIN LOU SASOLE,lou2,The arrow wants right. It is better at directions than either of us.,13,RUN — authored order,vo.beefrun.sasole.bark-offCourseRight-3.1,vo.beefrun.sasole.bark-offCourseRight-3.1.mp3
6,CH1 PROSPECT,Beef Run,223,CAPTAIN LOU SASOLE,lou2,Yellow line to the double bars. That is hold short for runway eighteen.,13,RUN — authored order,vo.beefrun.sasole.bark-taxiLost-1.1,vo.beefrun.sasole.bark-taxiLost-1.1.mp3
6,CH1 PROSPECT,Beef Run,224,CAPTAIN LOU SASOLE,lou2,The runway is east of the apron. Follow the yellow stripe; we painted it for this exact moment.,18,RUN — authored order,vo.beefrun.sasole.bark-taxiLost-2.1,vo.beefrun.sasole.bark-taxiLost-2.1.mp3
6,CH1 PROSPECT,Beef Run,225,CAPTAIN LOU SASOLE,lou2,Something moved back there. That is never good news.,9,RUN — authored order,vo.beefrun.sasole.bark-cargoShift-1.1,vo.beefrun.sasole.bark-cargoShift-1.1.mp3
6,CH1 PROSPECT,Beef Run,226,CAPTAIN LOU SASOLE,lou2,The jerky changed seats. Fly like it has another vote.,10,RUN — authored order,vo.beefrun.sasole.bark-cargoShift-2.1,vo.beefrun.sasole.bark-cargoShift-2.1.mp3
6,CH1 PROSPECT,Beef Run,227,CAPTAIN LOU SASOLE,lou2,Cargo is walking around back there. Smooth it out.,9,RUN — authored order,vo.beefrun.sasole.bark-cargoShift-3.1,vo.beefrun.sasole.bark-cargoShift-3.1.mp3
6,CH1 PROSPECT,Beef Run,228,CAPTAIN LOU SASOLE,lou2,Lower. Trees are free cover and nobody bills you for them.,11,RUN — authored order,vo.beefrun.sasole.bark-patrolClose-1.1,vo.beefrun.sasole.bark-patrolClose-1.1.mp3
6,CH1 PROSPECT,Beef Run,229,CAPTAIN LOU SASOLE,lou2,Keep the ridge between us and the badge.,8,RUN — authored order,vo.beefrun.sasole.bark-patrolClose-2.1,vo.beefrun.sasole.bark-patrolClose-2.1.mp3
6,CH1 PROSPECT,Beef Run,230,CAPTAIN LOU SASOLE,lou2,Cloud or canyon. Either one has fewer forms.,8,RUN — authored order,vo.beefrun.sasole.bark-patrolClose-3.1,vo.beefrun.sasole.bark-patrolClose-3.1.mp3
6,CH1 PROSPECT,Beef Run,231,CAPTAIN LOU SASOLE,lou2,Hold this line. The aeroplane finally believes you.,8,RUN — authored order,vo.beefrun.sasole.bark-cruise-1.1,vo.beefrun.sasole.bark-cruise-1.1.mp3
6,CH1 PROSPECT,Beef Run,232,CAPTAIN LOU SASOLE,lou2,That is good flying. Do not celebrate where the plane can hear you.,13,RUN — authored order,vo.beefrun.sasole.bark-cruise-2.1,vo.beefrun.sasole.bark-cruise-2.1.mp3
6,CH1 PROSPECT,Beef Run,233,CAPTAIN LOU SASOLE,lou2,"Needles steady, cargo quiet. This is the part nobody puts in the movie.",13,RUN — authored order,vo.beefrun.sasole.bark-cruise-3.1,vo.beefrun.sasole.bark-cruise-3.1.mp3
6,CH1 PROSPECT,Beef Run,234,CAPTAIN LOU SASOLE,lou2,Keep the diamond centered and let the engines earn their fuel.,11,RUN — authored order,vo.beefrun.sasole.bark-cruise-4.1,vo.beefrun.sasole.bark-cruise-4.1.mp3
6,CH1 PROSPECT,Beef Run,235,CAPTAIN LOU SASOLE,lou2,"Small corrections. We are smuggling beef, not wrestling weather.",9,RUN — authored order,vo.beefrun.sasole.bark-cruise-5.1,vo.beefrun.sasole.bark-cruise-5.1.mp3
6,CH1 PROSPECT,Beef Run,236,CAPTAIN LOU SASOLE,lou2,Look outside once in a while. The mountains are doing most of the navigating.,14,RUN — authored order,vo.beefrun.sasole.bark-cruise-6.1,vo.beefrun.sasole.bark-cruise-6.1.mp3
6,CH1 PROSPECT,Beef Run,237,CAPTAIN LOU SASOLE,lou2,Runway is under the lights. Bring the nose back to center.,11,RUN — authored order,vo.beefrun.sasole.bark-finalLine-1.1,vo.beefrun.sasole.bark-finalLine-1.1.mp3
6,CH1 PROSPECT,Beef Run,238,CAPTAIN LOU SASOLE,lou2,You are drifting off the pavement. Correct gently.,8,RUN — authored order,vo.beefrun.sasole.bark-finalLine-2.1,vo.beefrun.sasole.bark-finalLine-2.1.mp3
6,CH1 PROSPECT,Beef Run,239,CAPTAIN LOU SASOLE,lou2,Centerline first. Pride later.,4,RUN — authored order,vo.beefrun.sasole.bark-finalLine-3.1,vo.beefrun.sasole.bark-finalLine-3.1.mp3
6,CH1 PROSPECT,Beef Run,240,CAPTAIN LOU SASOLE,lou2,Too fast for this runway. Power back and let the nose rise.,12,RUN — authored order,vo.beefrun.sasole.bark-finalFast-1.1,vo.beefrun.sasole.bark-finalFast-1.1.mp3
6,CH1 PROSPECT,Beef Run,241,CAPTAIN LOU SASOLE,lou2,"Slow it down. Asphalt is cheaper than forest, but there is less of it.",14,RUN — authored order,vo.beefrun.sasole.bark-finalFast-2.1,vo.beefrun.sasole.bark-finalFast-2.1.mp3
6,CH1 PROSPECT,Beef Run,242,CAPTAIN LOU SASOLE,lou2,"We need wheels on pavement, not a low pass for the county.",12,RUN — authored order,vo.beefrun.sasole.bark-finalFast-3.1,vo.beefrun.sasole.bark-finalFast-3.1.mp3
6,CH1 PROSPECT,Beef Run,243,CAPTAIN LOU SASOLE,lou2,You are high. Power back and follow the light ladder down.,11,RUN — authored order,vo.beefrun.sasole.bark-finalHigh-1.1,vo.beefrun.sasole.bark-finalHigh-1.1.mp3
6,CH1 PROSPECT,Beef Run,244,CAPTAIN LOU SASOLE,lou2,"The runway is below us, which is useful only if we descend.",12,RUN — authored order,vo.beefrun.sasole.bark-finalHigh-2.1,vo.beefrun.sasole.bark-finalHigh-2.1.mp3
6,CH1 PROSPECT,Beef Run,245,CAPTAIN LOU SASOLE,lou2,Ease the nose down. We are out of sky before we are out of runway.,15,RUN — authored order,vo.beefrun.sasole.bark-finalHigh-3.1,vo.beefrun.sasole.bark-finalHigh-3.1.mp3
6,CH1 PROSPECT,Beef Run,246,CAPTAIN LOU SASOLE,lou2,Eyes at the far end. Hold it off.,8,RUN — authored order,vo.beefrun.sasole.bark-finalFlare-1.1,vo.beefrun.sasole.bark-finalFlare-1.1.mp3
6,CH1 PROSPECT,Beef Run,247,CAPTAIN LOU SASOLE,lou2,Easy now. Let the runway come to you.,8,RUN — authored order,vo.beefrun.sasole.bark-finalFlare-2.1,vo.beefrun.sasole.bark-finalFlare-2.1.mp3
6,CH1 PROSPECT,Beef Run,248,CAPTAIN LOU SASOLE,lou2,Small pull. Keep it straight. Let her settle.,8,RUN — authored order,vo.beefrun.sasole.bark-finalFlare-3.1,vo.beefrun.sasole.bark-finalFlare-3.1.mp3
7,CH1 PROSPECT,Cabin II: the dungeon,1,Tony (the Prospect),player,Maybe I should give that girl from the bar a call. Keep it normal for once.,16,RUN — authored order,vo.cabin.dungeon.explore_first.tony.1,vo.cabin.dungeon.explore_first.tony.1.mp3
7,CH1 PROSPECT,Cabin II: the dungeon,2,Tony (the Prospect),player,A basement. In the cabin. And Gratin's already in it. Course he is.,13,RUN — authored order,vo.cabin.dungeon.return.tony.1,vo.cabin.dungeon.return.tony.1.mp3
7,CH1 PROSPECT,Cabin II: the dungeon,3,Tony (the Prospect),player,"""Follow the Supreme Leader."" Right. Helpful in the way a ransom note is helpful.",14,RUN — authored order,vo.cabin.dungeon.return.tony.2,vo.cabin.dungeon.return.tony.2.mp3
7,CH1 PROSPECT,Cabin II: the dungeon,4,Tony (the Prospect),player,Am I a dumbass? What did he mean by Supreme Leader?,11,RUN — authored order,vo.cabin.dungeon.supreme_hint.tony.1,vo.cabin.dungeon.supreme_hint.tony.1.mp3
7,CH1 PROSPECT,Cabin II: the dungeon,5,Tony (the Prospect),player,Cabin's full of Squatch pictures. One of them has to be the boss.,13,RUN — authored order,vo.cabin.dungeon.supreme_hint.tony.2,vo.cabin.dungeon.supreme_hint.tony.2.mp3
7,CH1 PROSPECT,Cabin II: the dungeon,6,Tony (the Prospect),player,"There you are. Supreme Leader, secret staircase. Subtle as a brick in a sock.",14,RUN — authored order,vo.cabin.dungeon.cellar.tony.1,vo.cabin.dungeon.cellar.tony.1.mp3
7,CH1 PROSPECT,Cabin II: the dungeon,7,Gratin,gratin,Keep coming. And close it behind you.,7,RUN — authored order,vo.cabin.dungeon.cellar.gratin.1,vo.cabin.dungeon.cellar.gratin.1.mp3
7,CH1 PROSPECT,Cabin II: the dungeon,8,Tony (the Prospect),player,A secret room inside the secret room.,7,RUN — authored order,vo.cabin.dungeon.dungeon_door.tony.1,vo.cabin.dungeon.dungeon_door.tony.1.mp3
7,CH1 PROSPECT,Cabin II: the dungeon,9,Gratin,gratin,"Privacy is layers, Prospect. So is an onion. Only one makes people confess.",13,RUN — authored order,vo.cabin.dungeon.dungeon_door.gratin.1,vo.cabin.dungeon.dungeon_door.gratin.1.mp3
7,CH1 PROSPECT,Cabin II: the dungeon,10,Tony (the Prospect),player,Depends how hard you throw the onion.,7,RUN — authored order,vo.cabin.dungeon.dungeon_door.tony.2,vo.cabin.dungeon.dungeon_door.tony.2.mp3
7,CH1 PROSPECT,Cabin II: the dungeon,11,Gratin,gratin,There he is. Thanks for coming down. I know you were having a nice day.,15,RUN — authored order,vo.cabin.dungeon.intro.gratin.1,vo.cabin.dungeon.intro.gratin.1.mp3
7,CH1 PROSPECT,Cabin II: the dungeon,12,Tony (the Prospect),player,You said you needed a hand. You neglected the medieval basement.,11,RUN — authored order,vo.cabin.dungeon.intro.tony.1,vo.cabin.dungeon.intro.tony.1.mp3
7,CH1 PROSPECT,Cabin II: the dungeon,13,Gratin,gratin,I didn't want to spoil the surprise.,7,RUN — authored order,vo.cabin.dungeon.intro.gratin.2,vo.cabin.dungeon.intro.gratin.2.mp3
7,CH1 PROSPECT,Cabin II: the dungeon,14,Gratin,gratin,One of these gentlemen works for the A-Team. The other used to play Counter-Strike with Booski.,16,RUN — authored order,vo.cabin.dungeon.intro.gratin.3,vo.cabin.dungeon.intro.gratin.3.mp3
7,CH1 PROSPECT,Cabin II: the dungeon,15,Disposable NPC (shared),npc-reserve-1,Used to? I still play.,5,RUN — authored order,vo.cabin.dungeon.intro.baiter.1,vo.cabin.dungeon.intro.baiter.1.mp3
7,CH1 PROSPECT,Cabin II: the dungeon,16,Gratin,gratin,You held shift while Booski entered every site alone. Retirement was the kind option.,14,RUN — authored order,vo.cabin.dungeon.intro.gratin.4,vo.cabin.dungeon.intro.gratin.4.mp3
7,CH1 PROSPECT,Cabin II: the dungeon,17,Tony (the Prospect),player,And the rack?,3,RUN — authored order,vo.cabin.dungeon.intro.tony.2,vo.cabin.dungeon.intro.tony.2.mp3
7,CH1 PROSPECT,Cabin II: the dungeon,18,Gratin,gratin,He knows something about a leak. He is being shy. Pick a tool and help him find his confidence.,19,RUN — authored order,vo.cabin.dungeon.intro.gratin.5,vo.cabin.dungeon.intro.gratin.5.mp3
7,CH1 PROSPECT,Cabin II: the dungeon,19,Gratin,gratin,Pliers are personal. The battery is persuasive. Hammer is honest. Your choice.,12,RUN — authored order,vo.cabin.dungeon.tools.gratin.1,vo.cabin.dungeon.tools.gratin.1.mp3
7,CH1 PROSPECT,Cabin II: the dungeon,20,Tony (the Prospect),player,You alphabetize these?,3,RUN — authored order,vo.cabin.dungeon.tools.tony.1,vo.cabin.dungeon.tools.tony.1.mp3
7,CH1 PROSPECT,Cabin II: the dungeon,21,Gratin,gratin,"Sanitize, then alphabetize. We are not animals.",7,RUN — authored order,vo.cabin.dungeon.tools.gratin.2,vo.cabin.dungeon.tools.gratin.2.mp3
7,CH1 PROSPECT,Cabin II: the dungeon,22,Disposable NPC (shared),npc-reserve-1,Fuck! I was holding the flank!,6,RUN — authored order,vo.cabin.dungeon.baiter_hit_one.baiter.1,vo.cabin.dungeon.baiter_hit_one.baiter.1.mp3
7,CH1 PROSPECT,Cabin II: the dungeon,23,Gratin,gratin,This guy is a bigger baiter than Ape!,8,RUN — authored order,vo.cabin.dungeon.baiter_hit_one.gratin.1,vo.cabin.dungeon.baiter_hit_one.gratin.1.mp3
7,CH1 PROSPECT,Cabin II: the dungeon,24,Tony (the Prospect),player,That's a high bar and a low ceiling.,8,RUN — authored order,vo.cabin.dungeon.baiter_hit_one.tony.1,vo.cabin.dungeon.baiter_hit_one.tony.1.mp3
7,CH1 PROSPECT,Cabin II: the dungeon,25,Gratin,gratin,Call this guy Last Alive Gamer!,6,RUN — authored order,vo.cabin.dungeon.baiter_hit_two.gratin.1,vo.cabin.dungeon.baiter_hit_two.gratin.1.mp3
7,CH1 PROSPECT,Cabin II: the dungeon,26,Disposable NPC (shared),npc-reserve-1,Please stop! I'll be First Alive Gamer next game!,9,RUN — authored order,vo.cabin.dungeon.baiter_hit_two.baiter.1,vo.cabin.dungeon.baiter_hit_two.baiter.1.mp3
7,CH1 PROSPECT,Cabin II: the dungeon,27,Tony (the Prospect),player,"There isn't a next game, mate. Read the room. Upside down, if you have to.",15,RUN — authored order,vo.cabin.dungeon.baiter_hit_two.tony.1,vo.cabin.dungeon.baiter_hit_two.tony.1.mp3
7,CH1 PROSPECT,Cabin II: the dungeon,28,Disposable NPC (shared),npc-reserve-1,I threw flashes! Good flashes! Booski looked away from them!,10,RUN — authored order,vo.cabin.dungeon.baiter_pressure.baiter.1,vo.cabin.dungeon.baiter_pressure.baiter.1.mp3
7,CH1 PROSPECT,Cabin II: the dungeon,29,Gratin,gratin,He flashed his own team twice.,6,RUN — authored order,vo.cabin.dungeon.baiter_pressure.gratin.1,vo.cabin.dungeon.baiter_pressure.gratin.1.mp3
7,CH1 PROSPECT,Cabin II: the dungeon,30,Tony (the Prospect),player,Three times and you're legally a map feature.,8,RUN — authored order,vo.cabin.dungeon.baiter_pressure.tony.1,vo.cabin.dungeon.baiter_pressure.tony.1.mp3
7,CH1 PROSPECT,Cabin II: the dungeon,31,The A-Team,ateam1,A-Team doesn't talk.,3,RUN — authored order,vo.cabin.dungeon.ateam_hit_one.ateam.1,vo.cabin.dungeon.ateam_hit_one.ateam.1.mp3
7,CH1 PROSPECT,Cabin II: the dungeon,32,Gratin,gratin,A-Team doesn't make playoffs either. Yet here we all are.,10,RUN — authored order,vo.cabin.dungeon.ateam_hit_one.gratin.1,vo.cabin.dungeon.ateam_hit_one.gratin.1.mp3
7,CH1 PROSPECT,Cabin II: the dungeon,33,The A-Team,ateam1,Go fuck yourself.,3,RUN — authored order,vo.cabin.dungeon.ateam_hit_one.ateam.2,vo.cabin.dungeon.ateam_hit_one.ateam.2.mp3
7,CH1 PROSPECT,Cabin II: the dungeon,34,Tony (the Prospect),player,Strong opening. Bad long-term strategy.,5,RUN — authored order,vo.cabin.dungeon.ateam_hit_one.tony.1,vo.cabin.dungeon.ateam_hit_one.tony.1.mp3
7,CH1 PROSPECT,Cabin II: the dungeon,35,The A-Team,ateam1,I don't know anything.,4,RUN — authored order,vo.cabin.dungeon.ateam_hit_mid.ateam.1,vo.cabin.dungeon.ateam_hit_mid.ateam.1.mp3
7,CH1 PROSPECT,Cabin II: the dungeon,36,Gratin,gratin,Your shoulders disagree.,3,RUN — authored order,vo.cabin.dungeon.ateam_hit_mid.gratin.1,vo.cabin.dungeon.ateam_hit_mid.gratin.1.mp3
7,CH1 PROSPECT,Cabin II: the dungeon,37,Tony (the Prospect),player,They've started a separate negotiation.,5,RUN — authored order,vo.cabin.dungeon.ateam_hit_mid.tony.1,vo.cabin.dungeon.ateam_hit_mid.tony.1.mp3
7,CH1 PROSPECT,Cabin II: the dungeon,38,The A-Team,ateam1,Fine! You've got a mole. Inside your crew.,8,RUN — authored order,vo.cabin.dungeon.mole_reveal.ateam.1,vo.cabin.dungeon.mole_reveal.ateam.1.mp3
7,CH1 PROSPECT,Cabin II: the dungeon,39,Gratin,gratin,Name.,1,RUN — authored order,vo.cabin.dungeon.mole_reveal.gratin.1,vo.cabin.dungeon.mole_reveal.gratin.1.mp3
7,CH1 PROSPECT,Cabin II: the dungeon,40,The A-Team,ateam1,I don't know the fucking name.,6,RUN — authored order,vo.cabin.dungeon.mole_reveal.ateam.2,vo.cabin.dungeon.mole_reveal.ateam.2.mp3
7,CH1 PROSPECT,Cabin II: the dungeon,41,Tony (the Prospect),player,Then give us the part you do know.,8,RUN — authored order,vo.cabin.dungeon.mole_reveal.tony.1,vo.cabin.dungeon.mole_reveal.tony.1.mp3
7,CH1 PROSPECT,Cabin II: the dungeon,42,The A-Team,ateam1,I heard them say something about a Short Bus. That's it. Short Bus. That's all I know.,17,RUN — authored order,vo.cabin.dungeon.mole_reveal.ateam.3,vo.cabin.dungeon.mole_reveal.ateam.3.mp3
7,CH1 PROSPECT,Cabin II: the dungeon,43,Gratin,gratin,See? Honesty. Look how much healthier he seems.,8,RUN — authored order,vo.cabin.dungeon.mole_reveal.gratin.2,vo.cabin.dungeon.mole_reveal.gratin.2.mp3
7,CH1 PROSPECT,Cabin II: the dungeon,44,Tony (the Prospect),player,"He's on a rack, Gratin.",5,RUN — authored order,vo.cabin.dungeon.mole_reveal.tony.2,vo.cabin.dungeon.mole_reveal.tony.2.mp3
7,CH1 PROSPECT,Cabin II: the dungeon,45,Gratin,gratin,Posture is excellent.,3,RUN — authored order,vo.cabin.dungeon.mole_reveal.gratin.3,vo.cabin.dungeon.mole_reveal.gratin.3.mp3
7,CH1 PROSPECT,Cabin II: the dungeon,46,Gratin,gratin,That's enough. Truth is mostly knowing when a lie runs out of furniture.,13,RUN — authored order,vo.cabin.dungeon.interrogation_done.gratin.1,vo.cabin.dungeon.interrogation_done.gratin.1.mp3
7,CH1 PROSPECT,Cabin II: the dungeon,47,Tony (the Prospect),player,You got what you needed?,5,RUN — authored order,vo.cabin.dungeon.interrogation_done.tony.1,vo.cabin.dungeon.interrogation_done.tony.1.mp3
7,CH1 PROSPECT,Cabin II: the dungeon,48,Gratin,gratin,"I did. A little before you arrived, if we're being precise.",11,RUN — authored order,vo.cabin.dungeon.interrogation_done.gratin.2,vo.cabin.dungeon.interrogation_done.gratin.2.mp3
7,CH1 PROSPECT,Cabin II: the dungeon,49,Tony (the Prospect),player,Then why did I just do all that?,8,RUN — authored order,vo.cabin.dungeon.interrogation_done.tony.2,vo.cabin.dungeon.interrogation_done.tony.2.mp3
7,CH1 PROSPECT,Cabin II: the dungeon,50,Gratin,gratin,Bonding. Also my wrist is sore.,6,RUN — authored order,vo.cabin.dungeon.interrogation_done.gratin.3,vo.cabin.dungeon.interrogation_done.gratin.3.mp3
7,CH1 PROSPECT,Cabin II: the dungeon,51,Gratin,gratin,Would you mind taking care of these two for me?,10,RUN — authored order,vo.cabin.dungeon.execution_offer.gratin.1,vo.cabin.dungeon.execution_offer.gratin.1.mp3
7,CH1 PROSPECT,Cabin II: the dungeon,52,Gratin,gratin,"Only if it's not an inconvenience. I've got to get the fire ready, and it would mean a great deal.",20,RUN — authored order,vo.cabin.dungeon.execution_offer.gratin.2,vo.cabin.dungeon.execution_offer.gratin.2.mp3
7,CH1 PROSPECT,Cabin II: the dungeon,53,Tony (the Prospect),player,You make murder sound like helping somebody move a sofa.,10,RUN — authored order,vo.cabin.dungeon.execution_offer.tony.1,vo.cabin.dungeon.execution_offer.tony.1.mp3
7,CH1 PROSPECT,Cabin II: the dungeon,54,Gratin,gratin,A sofa can't tell us there is a mole.,9,RUN — authored order,vo.cabin.dungeon.execution_offer.gratin.3,vo.cabin.dungeon.execution_offer.gratin.3.mp3
7,CH1 PROSPECT,Cabin II: the dungeon,55,Tony (the Prospect),player,Yeah. I'll handle it.,4,RUN — authored order,vo.cabin.dungeon.execution_yes.tony.1,vo.cabin.dungeon.execution_yes.tony.1.mp3
7,CH1 PROSPECT,Cabin II: the dungeon,56,Gratin,gratin,"Thank you. Genuinely. Take your time, but not all night.",10,RUN — authored order,vo.cabin.dungeon.execution_yes.gratin.1,vo.cabin.dungeon.execution_yes.gratin.1.mp3
7,CH1 PROSPECT,Cabin II: the dungeon,57,Disposable NPC (shared),npc-reserve-1,"Wait, wait—I'll entry! Every round! No shift key!",8,RUN — authored order,vo.cabin.dungeon.execution_yes.baiter.1,vo.cabin.dungeon.execution_yes.baiter.1.mp3
7,CH1 PROSPECT,Cabin II: the dungeon,58,The A-Team,ateam1,You don't know what you're in.,6,RUN — authored order,vo.cabin.dungeon.execution_yes.ateam.1,vo.cabin.dungeon.execution_yes.ateam.1.mp3
7,CH1 PROSPECT,Cabin II: the dungeon,59,Tony (the Prospect),player,Neither do you. That's why you're furniture.,7,RUN — authored order,vo.cabin.dungeon.execution_yes.tony.2,vo.cabin.dungeon.execution_yes.tony.2.mp3
7,CH1 PROSPECT,Cabin II: the dungeon,60,Tony (the Prospect),player,No. You brought them down here. You finish it.,9,RUN — authored order,vo.cabin.dungeon.execution_no.tony.1,vo.cabin.dungeon.execution_no.tony.1.mp3
7,CH1 PROSPECT,Cabin II: the dungeon,61,Gratin,gratin,Of course. Thank you for being direct. Please step to the side.,12,RUN — authored order,vo.cabin.dungeon.execution_no.gratin.1,vo.cabin.dungeon.execution_no.gratin.1.mp3
7,CH1 PROSPECT,Cabin II: the dungeon,62,Disposable NPC (shared),npc-reserve-1,"No, no, he said no. That means no!",8,RUN — authored order,vo.cabin.dungeon.execution_no.baiter.1,vo.cabin.dungeon.execution_no.baiter.1.mp3
7,CH1 PROSPECT,Cabin II: the dungeon,63,Gratin,gratin,It did. To him.,4,RUN — authored order,vo.cabin.dungeon.execution_no.gratin.2,vo.cabin.dungeon.execution_no.gratin.2.mp3
7,CH1 PROSPECT,Cabin II: the dungeon,64,Gratin,gratin,No answer is an answer. That's perfectly alright.,8,RUN — authored order,vo.cabin.dungeon.execution_timeout.gratin.1,vo.cabin.dungeon.execution_timeout.gratin.1.mp3
7,CH1 PROSPECT,Cabin II: the dungeon,65,Tony (the Prospect),player,Gratin—,1,RUN — authored order,vo.cabin.dungeon.execution_timeout.tony.1,vo.cabin.dungeon.execution_timeout.tony.1.mp3
7,CH1 PROSPECT,Cabin II: the dungeon,66,Gratin,gratin,I've got it. You were kind enough to help.,9,RUN — authored order,vo.cabin.dungeon.execution_timeout.gratin.2,vo.cabin.dungeon.execution_timeout.gratin.2.mp3
7,CH1 PROSPECT,Cabin II: the dungeon,67,Gratin,gratin,There. Nobody had to feel awkward.,6,RUN — authored order,vo.cabin.dungeon.gratin_executes.gratin.1,vo.cabin.dungeon.gratin_executes.gratin.1.mp3
7,CH1 PROSPECT,Cabin II: the dungeon,68,Tony (the Prospect),player,That was your concern?,4,RUN — authored order,vo.cabin.dungeon.gratin_executes.tony.1,vo.cabin.dungeon.gratin_executes.tony.1.mp3
7,CH1 PROSPECT,Cabin II: the dungeon,69,Gratin,gratin,Hospitality matters.,2,RUN — authored order,vo.cabin.dungeon.gratin_executes.gratin.2,vo.cabin.dungeon.gratin_executes.gratin.2.mp3
7,CH1 PROSPECT,Cabin II: the dungeon,70,Gratin,gratin,We're done with them. We're not done with the evening.,10,RUN — authored order,vo.cabin.dungeon.both_dead.gratin.1,vo.cabin.dungeon.both_dead.gratin.1.mp3
7,CH1 PROSPECT,Cabin II: the dungeon,71,Tony (the Prospect),player,Please tell me the next room isn't a crematorium.,9,RUN — authored order,vo.cabin.dungeon.both_dead.tony.1,vo.cabin.dungeon.both_dead.tony.1.mp3
7,CH1 PROSPECT,Cabin II: the dungeon,72,Gratin,gratin,Outside. Better ventilation.,3,RUN — authored order,vo.cabin.dungeon.both_dead.gratin.2,vo.cabin.dungeon.both_dead.gratin.2.mp3
7,CH1 PROSPECT,Cabin II: the dungeon,73,Gratin,gratin,"Canvas first. Fold from the shoulders, then the feet. Tape tight or the stairs become educational.",16,RUN — authored order,vo.cabin.dungeon.wrap.gratin.1,vo.cabin.dungeon.wrap.gratin.1.mp3
7,CH1 PROSPECT,Cabin II: the dungeon,74,Tony (the Prospect),player,You've got a system.,4,RUN — authored order,vo.cabin.dungeon.wrap.tony.1,vo.cabin.dungeon.wrap.tony.1.mp3
7,CH1 PROSPECT,Cabin II: the dungeon,75,Gratin,gratin,I learned the hard way. The labels came after the second hard way.,13,RUN — authored order,vo.cabin.dungeon.wrap.gratin.2,vo.cabin.dungeon.wrap.gratin.2.mp3
7,CH1 PROSPECT,Cabin II: the dungeon,76,Tony (the Prospect),player,That's somehow worse than no system.,6,RUN — authored order,vo.cabin.dungeon.wrap.tony.2,vo.cabin.dungeon.wrap.tony.2.mp3
7,CH1 PROSPECT,Cabin II: the dungeon,77,Gratin,gratin,Good corners. You wrap a corpse like a man who respects luggage.,12,RUN — authored order,vo.cabin.dungeon.wrapped_first.gratin.1,vo.cabin.dungeon.wrapped_first.gratin.1.mp3
7,CH1 PROSPECT,Cabin II: the dungeon,78,Tony (the Prospect),player,Put that on my Christmas card.,6,RUN — authored order,vo.cabin.dungeon.wrapped_first.tony.1,vo.cabin.dungeon.wrapped_first.tony.1.mp3
7,CH1 PROSPECT,Cabin II: the dungeon,79,Gratin,gratin,"Both wrapped. Take them through both doors, up the wardrobe ladder, and out to the fire. One at a time.",20,RUN — authored order,vo.cabin.dungeon.bodies_ready.gratin.1,vo.cabin.dungeon.bodies_ready.gratin.1.mp3
7,CH1 PROSPECT,Cabin II: the dungeon,80,Tony (the Prospect),player,So the secret murder basement has a freight policy.,9,RUN — authored order,vo.cabin.dungeon.bodies_ready.tony.1,vo.cabin.dungeon.bodies_ready.tony.1.mp3
7,CH1 PROSPECT,Cabin II: the dungeon,81,Gratin,gratin,"Knees, not back. I am violent, not irresponsible.",8,RUN — authored order,vo.cabin.dungeon.bodies_ready.gratin.2,vo.cabin.dungeon.bodies_ready.gratin.2.mp3
7,CH1 PROSPECT,Cabin II: the dungeon,82,Tony (the Prospect),player,That distinction is doing a lot of work tonight.,9,RUN — authored order,vo.cabin.dungeon.bodies_ready.tony.2,vo.cabin.dungeon.bodies_ready.tony.2.mp3
7,CH1 PROSPECT,Cabin II: the dungeon,83,Lag,lag,Set him on the cedar. Head away from the beer.,10,RUN — authored order,vo.cabin.dungeon.fire_first.lag.1,vo.cabin.dungeon.fire_first.lag.1.mp3
7,CH1 PROSPECT,Cabin II: the dungeon,84,Tony (the Prospect),player,Important distinction.,2,RUN — authored order,vo.cabin.dungeon.fire_first.tony.1,vo.cabin.dungeon.fire_first.tony.1.mp3
7,CH1 PROSPECT,Cabin II: the dungeon,85,Lag,lag,Only if you like the beer.,6,RUN — authored order,vo.cabin.dungeon.fire_first.lag.2,vo.cabin.dungeon.fire_first.lag.2.mp3
7,CH1 PROSPECT,Cabin II: the dungeon,86,Gratin,gratin,Even coat. No heroics. Eyebrows take months.,7,RUN — authored order,vo.cabin.dungeon.gasoline.gratin.1,vo.cabin.dungeon.gasoline.gratin.1.mp3
7,CH1 PROSPECT,Cabin II: the dungeon,87,Tony (the Prospect),player,You are very considerate tonight.,5,RUN — authored order,vo.cabin.dungeon.gasoline.tony.1,vo.cabin.dungeon.gasoline.tony.1.mp3
7,CH1 PROSPECT,Cabin II: the dungeon,88,Gratin,gratin,I contain multitudes. Hold the can lower.,7,RUN — authored order,vo.cabin.dungeon.gasoline.gratin.2,vo.cabin.dungeon.gasoline.gratin.2.mp3
7,CH1 PROSPECT,Cabin II: the dungeon,89,Lag,lag,There it goes.,3,RUN — authored order,vo.cabin.dungeon.ignition.lag.1,vo.cabin.dungeon.ignition.lag.1.mp3
7,CH1 PROSPECT,Cabin II: the dungeon,90,Gratin,gratin,To absent friends and present problems.,6,RUN — authored order,vo.cabin.dungeon.ignition.gratin.1,vo.cabin.dungeon.ignition.gratin.1.mp3
7,CH1 PROSPECT,Cabin II: the dungeon,91,Tony (the Prospect),player,Which category were they?,4,RUN — authored order,vo.cabin.dungeon.ignition.tony.1,vo.cabin.dungeon.ignition.tony.1.mp3
7,CH1 PROSPECT,Cabin II: the dungeon,92,Lag,lag,Fuel.,1,RUN — authored order,vo.cabin.dungeon.ignition.lag.2,vo.cabin.dungeon.ignition.lag.2.mp3
7,CH1 PROSPECT,Cabin II: the dungeon,93,Gratin,gratin,Beer?,1,RUN — authored order,vo.cabin.dungeon.fire_talk_one.gratin.1,vo.cabin.dungeon.fire_talk_one.gratin.1.mp3
7,CH1 PROSPECT,Cabin II: the dungeon,94,Tony (the Prospect),player,After that basement? Two.,4,RUN — authored order,vo.cabin.dungeon.fire_talk_one.tony.1,vo.cabin.dungeon.fire_talk_one.tony.1.mp3
7,CH1 PROSPECT,Cabin II: the dungeon,95,Lag,lag,"Cheers, Prospect.",2,RUN — authored order,vo.cabin.dungeon.fire_talk_one.lag.1,vo.cabin.dungeon.fire_talk_one.lag.1.mp3
7,CH1 PROSPECT,Cabin II: the dungeon,96,Tony (the Prospect),player,Cheers. To finding rooms I didn't know existed.,8,RUN — authored order,vo.cabin.dungeon.fire_talk_one.tony.2,vo.cabin.dungeon.fire_talk_one.tony.2.mp3
7,CH1 PROSPECT,Cabin II: the dungeon,97,Gratin,gratin,May they stop at two.,5,RUN — authored order,vo.cabin.dungeon.fire_talk_one.gratin.2,vo.cabin.dungeon.fire_talk_one.gratin.2.mp3
7,CH1 PROSPECT,Cabin II: the dungeon,98,Tony (the Prospect),player,"Straight question. The Squatches—real, mascot, or shared head injury?",9,RUN — authored order,vo.cabin.dungeon.fire_talk_squatches.tony.1,vo.cabin.dungeon.fire_talk_squatches.tony.1.mp3
7,CH1 PROSPECT,Cabin II: the dungeon,99,Lag,lag,Real enough to ruin a quiet server.,7,RUN — authored order,vo.cabin.dungeon.fire_talk_squatches.lag.1,vo.cabin.dungeon.fire_talk_squatches.lag.1.mp3
7,CH1 PROSPECT,Cabin II: the dungeon,100,Gratin,gratin,Real enough that Lou never jokes when he says the word.,11,RUN — authored order,vo.cabin.dungeon.fire_talk_squatches.gratin.1,vo.cabin.dungeon.fire_talk_squatches.gratin.1.mp3
7,CH1 PROSPECT,Cabin II: the dungeon,101,Tony (the Prospect),player,Lou jokes at funerals.,4,RUN — authored order,vo.cabin.dungeon.fire_talk_squatches.tony.2,vo.cabin.dungeon.fire_talk_squatches.tony.2.mp3
7,CH1 PROSPECT,Cabin II: the dungeon,102,Gratin,gratin,Exactly.,1,RUN — authored order,vo.cabin.dungeon.fire_talk_squatches.gratin.2,vo.cabin.dungeon.fire_talk_squatches.gratin.2.mp3
7,CH1 PROSPECT,Cabin II: the dungeon,103,Lag,lag,"You hear one in the timber, don't chase it. You see one, don't run.",14,RUN — authored order,vo.cabin.dungeon.fire_talk_squatches.lag.2,vo.cabin.dungeon.fire_talk_squatches.lag.2.mp3
7,CH1 PROSPECT,Cabin II: the dungeon,104,Tony (the Prospect),player,What do I do?,4,RUN — authored order,vo.cabin.dungeon.fire_talk_squatches.tony.3,vo.cabin.dungeon.fire_talk_squatches.tony.3.mp3
7,CH1 PROSPECT,Cabin II: the dungeon,105,Lag,lag,Try not to look delicious.,5,RUN — authored order,vo.cabin.dungeon.fire_talk_squatches.lag.3,vo.cabin.dungeon.fire_talk_squatches.lag.3.mp3
7,CH1 PROSPECT,Cabin II: the dungeon,106,Gratin,gratin,Let's do a pull. Something decent after an indecent job.,10,RUN — authored order,vo.cabin.dungeon.fire_talk_two.gratin.1,vo.cabin.dungeon.fire_talk_two.gratin.1.mp3
7,CH1 PROSPECT,Cabin II: the dungeon,107,Tony (the Prospect),player,Christ. That's paint remover.,4,RUN — authored order,vo.cabin.dungeon.fire_talk_two.tony.1,vo.cabin.dungeon.fire_talk_two.tony.1.mp3
7,CH1 PROSPECT,Cabin II: the dungeon,108,Lag,lag,Paint had information.,3,RUN — authored order,vo.cabin.dungeon.fire_talk_two.lag.1,vo.cabin.dungeon.fire_talk_two.lag.1.mp3
7,CH1 PROSPECT,Cabin II: the dungeon,109,Gratin,gratin,And now it's talking.,4,RUN — authored order,vo.cabin.dungeon.fire_talk_two.gratin.2,vo.cabin.dungeon.fire_talk_two.gratin.2.mp3
7,CH1 PROSPECT,Cabin II: the dungeon,110,Tony (the Prospect),player,Did Lou build the dungeon before or after the nice curtains?,11,RUN — authored order,vo.cabin.dungeon.fire_talk_three.tony.1,vo.cabin.dungeon.fire_talk_three.tony.1.mp3
7,CH1 PROSPECT,Cabin II: the dungeon,111,Gratin,gratin,Same contractor. Very discreet. Terrible invoices.,6,RUN — authored order,vo.cabin.dungeon.fire_talk_three.gratin.1,vo.cabin.dungeon.fire_talk_three.gratin.1.mp3
7,CH1 PROSPECT,Cabin II: the dungeon,112,Lag,lag,You did alright tonight.,4,RUN — authored order,vo.cabin.dungeon.fire_talk_three.lag.1,vo.cabin.dungeon.fire_talk_three.lag.1.mp3
7,CH1 PROSPECT,Cabin II: the dungeon,113,Tony (the Prospect),player,I carried two men to a fire.,7,RUN — authored order,vo.cabin.dungeon.fire_talk_three.tony.2,vo.cabin.dungeon.fire_talk_three.tony.2.mp3
7,CH1 PROSPECT,Cabin II: the dungeon,114,Lag,lag,Didn't drop either.,3,RUN — authored order,vo.cabin.dungeon.fire_talk_three.lag.2,vo.cabin.dungeon.fire_talk_three.lag.2.mp3
7,CH1 PROSPECT,Cabin II: the dungeon,115,Gratin,gratin,Growth is measurable.,3,RUN — authored order,vo.cabin.dungeon.fire_talk_three.gratin.2,vo.cabin.dungeon.fire_talk_three.gratin.2.mp3
7,CH1 PROSPECT,Cabin II: the dungeon,116,Tony (the Prospect),player,I'm putting both of you on my résumé.,8,RUN — authored order,vo.cabin.dungeon.fire_talk_three.tony.3,vo.cabin.dungeon.fire_talk_three.tony.3.mp3
7,CH1 PROSPECT,Cabin II: the dungeon,117,Gratin,gratin,One last pull.,3,RUN — authored order,vo.cabin.dungeon.blackout.gratin.1,vo.cabin.dungeon.blackout.gratin.1.mp3
7,CH1 PROSPECT,Cabin II: the dungeon,118,Tony (the Prospect),player,Last one. Definitely.,3,RUN — authored order,vo.cabin.dungeon.blackout.tony.1,vo.cabin.dungeon.blackout.tony.1.mp3
7,CH1 PROSPECT,Cabin II: the dungeon,119,Lag,lag,That's what makes it the last one.,7,RUN — authored order,vo.cabin.dungeon.blackout.lag.1,vo.cabin.dungeon.blackout.lag.1.mp3
7,CH1 PROSPECT,Cabin II: the dungeon,120,Tony (the Prospect),player,No headache. Either that whiskey was good or Gratin drugged the water.,12,RUN — authored order,vo.cabin.dungeon.morning.tony.1,vo.cabin.dungeon.morning.tony.1.mp3
7,CH1 PROSPECT,Cabin II: the dungeon,121,Tony (the Prospect),player,"Clean shirt, find the phone, never inspect the ashes. Morning.",10,RUN — authored order,vo.cabin.dungeon.morning.tony.2,vo.cabin.dungeon.morning.tony.2.mp3
7,CH1 PROSPECT,Cabin II: the dungeon,122,Booski,booski,You awake? Good. You're done up there. Come back.,9,RUN — authored order,vo.call.booski.cabin_billy.1,vo.call.booski.cabin_billy.1.mp3
7,CH1 PROSPECT,Cabin II: the dungeon,123,Tony (the Prospect),player,Awake enough. Done. Understood.,4,RUN — authored order,vo.call.booski.cabin_billy.tony.1,vo.call.booski.cabin_billy.tony.1.mp3
7,CH1 PROSPECT,Cabin II: the dungeon,124,Booski,booski,Billy Hotdog is getting out this afternoon. The Bing is doing something about it tonight.,15,RUN — authored order,vo.call.booski.cabin_billy.2,vo.call.booski.cabin_billy.2.mp3
7,CH1 PROSPECT,Cabin II: the dungeon,125,Tony (the Prospect),player,Billy's out. That's good news.,5,RUN — authored order,vo.call.booski.cabin_billy.tony.2,vo.call.booski.cabin_billy.tony.2.mp3
7,CH1 PROSPECT,Cabin II: the dungeon,126,Booski,booski,Everyone will be there. That includes you now.,8,RUN — authored order,vo.call.booski.cabin_billy.3,vo.call.booski.cabin_billy.3.mp3
7,CH1 PROSPECT,Cabin II: the dungeon,127,Tony (the Prospect),player,I'll be there.,3,RUN — authored order,vo.call.booski.cabin_billy.tony.3,vo.call.booski.cabin_billy.tony.3.mp3
7,CH1 PROSPECT,Cabin II: the dungeon,128,Booski,booski,"Car's out front. Clean shirt, no questions. Don't stop anywhere.",10,RUN — authored order,vo.call.booski.cabin_billy.4,vo.call.booski.cabin_billy.4.mp3
7,CH1 PROSPECT,Cabin II: the dungeon,129,Tony (the Prospect),player,Clean shirt. No stops. I got it.,7,RUN — authored order,vo.call.booski.cabin_billy.tony.4,vo.call.booski.cabin_billy.tony.4.mp3
7,CH1 PROSPECT,Cabin II: the dungeon,130,Gratin,gratin,Prospect. I'm in the basement at the cabin. I need a hand.,12,RUN — authored order,vo.call.gratin.cabin_basement.1,vo.call.gratin.cabin_basement.1.mp3
7,CH1 PROSPECT,Cabin II: the dungeon,131,Tony (the Prospect),player,You're where?,2,RUN — authored order,vo.call.gratin.cabin_basement.tony.1,vo.call.gratin.cabin_basement.tony.1.mp3
7,CH1 PROSPECT,Cabin II: the dungeon,132,Gratin,gratin,Basement.,1,RUN — authored order,vo.call.gratin.cabin_basement.2,vo.call.gratin.cabin_basement.2.mp3
7,CH1 PROSPECT,Cabin II: the dungeon,133,Tony (the Prospect),player,"Wait—there's a basement in the cabin, and you're in it?",10,RUN — authored order,vo.call.gratin.cabin_basement.tony.2,vo.call.gratin.cabin_basement.tony.2.mp3
7,CH1 PROSPECT,Cabin II: the dungeon,134,Gratin,gratin,Follow the Supreme Leader. You'll find it.,7,RUN — authored order,vo.call.gratin.cabin_basement.3,vo.call.gratin.cabin_basement.3.mp3
7,CH1 PROSPECT,Cabin II: the dungeon,135,Tony (the Prospect),player,That sentence helped less than you think.,7,RUN — authored order,vo.call.gratin.cabin_basement.tony.3,vo.call.gratin.cabin_basement.tony.3.mp3
7,CH1 PROSPECT,Cabin II: the dungeon,136,Gratin,gratin,Bring yourself. Tools are provided.,5,RUN — authored order,vo.call.gratin.cabin_basement.4,vo.call.gratin.cabin_basement.4.mp3
7,CH1 PROSPECT,Cabin II: the dungeon,137,Tony (the Prospect),player,Right. Completely normal phone call. On my way.,8,RUN — authored order,vo.call.gratin.cabin_basement.tony.4,vo.call.gratin.cabin_basement.tony.4.mp3
8,CH2 FAMILY BUSINESS,Bada Bing II: Billy Hotdog,1,Billy HotDog,hotdog,HUAGH!,1,RUN — authored order,hotdog.stab.grunt.1,hotdog.stab.grunt.1.mp3
8,CH2 FAMILY BUSINESS,Bada Bing II: Billy Hotdog,2,Billy HotDog,hotdog,Guh--hh.,1,RUN — authored order,hotdog.stab.grunt.2,hotdog.stab.grunt.2.mp3
8,CH2 FAMILY BUSINESS,Bada Bing II: Billy Hotdog,3,Billy HotDog,hotdog,hh... kh...,2,RUN — authored order,hotdog.stab.grunt.3,hotdog.stab.grunt.3.mp3
8,CH2 FAMILY BUSINESS,Bada Bing II: Billy Hotdog,4,Billy HotDog,hotdog,...hh...,1,RUN — authored order,hotdog.stab.grunt.4,hotdog.stab.grunt.4.mp3
8,CH2 FAMILY BUSINESS,Bada Bing II: Billy Hotdog,5,The Shubenator,shubenator,"Club is closed, glasses are full. Hog Mama, save us from one another.",13,RUN — authored order,vo.bing2.shubenator.intro,vo.bing2.shubenator.intro.mp3
8,CH2 FAMILY BUSINESS,Bada Bing II: Billy Hotdog,6,Hog Mama,hogmama,"Billy HotDog comes home after eight months and asks if we still water the liquor. Billy, you drank hand sanitizer in county.",22,RUN — authored order,vo.bing2.hogmama.set.1,vo.bing2.hogmama.set.1.mp3
8,CH2 FAMILY BUSINESS,Bada Bing II: Billy Hotdog,7,Snow,snow,It was name-brand sanitizer!,4,RUN — authored order,vo.bing2.lawnmower.heckle,vo.bing2.lawnmower.heckle.mp3
8,CH2 FAMILY BUSINESS,Bada Bing II: Billy Hotdog,8,Hog Mama,hogmama,Look at Lou smiling. That is not joy. That is a landlord seeing the deposit is already gone.,18,RUN — authored order,vo.bing2.hogmama.set.2,vo.bing2.hogmama.set.2.mp3
8,CH2 FAMILY BUSINESS,Bada Bing II: Billy Hotdog,9,Billy HotDog,hotdog,Do the one about Ape and the brush!,8,RUN — authored order,vo.bing2.hotdog.interrupt,vo.bing2.hotdog.interrupt.mp3
8,CH2 FAMILY BUSINESS,Bada Bing II: Billy Hotdog,10,Hog Mama,hogmama,"I do comedy, baby. Archaeology is down the street.",9,RUN — authored order,vo.bing2.hogmama.set.3,vo.bing2.hogmama.set.3.mp3
8,CH2 FAMILY BUSINESS,Bada Bing II: Billy Hotdog,11,Hog Mama,hogmama,"Welcome home, Billy. We missed you exactly as much as the judge required.",13,RUN — authored order,vo.bing2.hogmama.set.4,vo.bing2.hogmama.set.4.mp3
8,CH2 FAMILY BUSINESS,Bada Bing II: Billy Hotdog,12,Billy HotDog,hotdog,Ape used to brush the old guys before meetings. Collar to tail. Go find your little fur brush.,18,RUN — authored order,vo.bing2.hotdog.bully.1,vo.bing2.hotdog.bully.1.mp3
8,CH2 FAMILY BUSINESS,Bada Bing II: Billy Hotdog,13,Ape,ape,"Old story, Billy. Let it stay old.",7,RUN — authored order,vo.bing2.ape.warn.1,vo.bing2.ape.warn.1.mp3
8,CH2 FAMILY BUSINESS,Bada Bing II: Billy Hotdog,14,BIG UNCLE LOU SPUTTHOLE,lou1,"Eat your cake, HotDog. Gratin threatened three people for that icing.",11,RUN — authored order,vo.bing2.lou.redirect,vo.bing2.lou.redirect.mp3
8,CH2 FAMILY BUSINESS,Bada Bing II: Billy Hotdog,15,Billy HotDog,hotdog,"Gratin protects food, Eric protects that camera, and Ape protects a fur brush. Everybody found a calling.",17,RUN — authored order,vo.bing2.hotdog.bully.2,vo.bing2.hotdog.bully.2.mp3
8,CH2 FAMILY BUSINESS,Bada Bing II: Billy Hotdog,16,Ape,ape,I asked you once.,4,RUN — authored order,vo.bing2.ape.warn.2,vo.bing2.ape.warn.2.mp3
8,CH2 FAMILY BUSINESS,Bada Bing II: Billy Hotdog,17,Billy HotDog,hotdog,Then ask me with the brush in your hand.,9,RUN — authored order,vo.bing2.hotdog.bully.3,vo.bing2.hotdog.bully.3.mp3
8,CH2 FAMILY BUSINESS,Bada Bing II: Billy Hotdog,18,Rippinflow,rippinflow,He didn't leave. He went quiet.,6,RUN — authored order,vo.bing2.rippin.quiet,vo.bing2.rippin.quiet.mp3
8,CH2 FAMILY BUSINESS,Bada Bing II: Billy Hotdog,19,Ape,ape,My fault. Fresh bottle. We are good.,7,RUN — authored order,vo.bing2.ape.return,vo.bing2.ape.return.mp3
8,CH2 FAMILY BUSINESS,Bada Bing II: Billy Hotdog,20,Billy HotDog,hotdog,There he is. Knew you'd remember your place.,8,RUN — authored order,vo.bing2.hotdog.last,vo.bing2.hotdog.last.mp3
8,CH2 FAMILY BUSINESS,Bada Bing II: Billy Hotdog,21,Ape,ape,"Here's your fucking fur brush, HotDog.",6,RUN — authored order,vo.bing2.ape.fur_brush,vo.bing2.ape.fur_brush.mp3
8,CH2 FAMILY BUSINESS,Bada Bing II: Billy Hotdog,22,The Shubenator,shubenator,Music. Right. Sorry.,3,RUN — authored order,vo.bing2.shubenator.music,vo.bing2.shubenator.music.mp3
8,CH2 FAMILY BUSINESS,Bada Bing II: Billy Hotdog,23,The Shubenator,shubenator,"Hey guys, what’s going on?",5,RUN — authored order,vo.bing2.shubenator.signature.gleeful,vo.bing2.shubenator.signature.gleeful.mp3
8,CH2 FAMILY BUSINESS,Bada Bing II: Billy Hotdog,24,BIG UNCLE LOU SPUTTHOLE,lou1,"Nobody leaves. Congratulations, everybody. You are all involved now.",9,RUN — authored order,vo.bing2.lou.lockdown,vo.bing2.lou.lockdown.mp3
8,CH2 FAMILY BUSINESS,Bada Bing II: Billy Hotdog,25,Aubbie,aubbie,"The bar, yes. Ape requires a specialist.",7,RUN — authored order,vo.bing2.aubbie.bar,vo.bing2.aubbie.bar.mp3
8,CH2 FAMILY BUSINESS,Bada Bing II: Billy Hotdog,26,BIG UNCLE LOU SPUTTHOLE,lou1,"Snow takes HotDog. Prospect goes with him. Bury this problem, then handle the Motel, room twelve.",16,RUN — authored order,vo.bing2.lou.handoff,vo.bing2.lou.handoff.mp3
8,CH2 FAMILY BUSINESS,Bada Bing II: Billy Hotdog,27,Tony (the Prospect),player,What is at room twelve?,5,RUN — authored order,vo.bing2.prospect.motel,vo.bing2.prospect.motel.mp3
8,CH2 FAMILY BUSINESS,Bada Bing II: Billy Hotdog,28,Snow,snow,Not here. And not before the graveyard.,7,RUN — authored order,vo.bing2.snow.not-here,vo.bing2.snow.not-here.mp3
8,CH2 FAMILY BUSINESS,Bada Bing II: Billy Hotdog,29,Booski,booski,"Eight months, and the first thing the man does is look at my till.",14,RUN — authored order,vo.bing2.party.till.booski.1,vo.bing2.party.till.booski.1.mp3
8,CH2 FAMILY BUSINESS,Bada Bing II: Billy Hotdog,30,Willy,willy,Did he touch it?,4,RUN — authored order,vo.bing2.party.till.willy,vo.bing2.party.till.willy.mp3
8,CH2 FAMILY BUSINESS,Bada Bing II: Billy Hotdog,31,Booski,booski,"He LOOKED at it, Willy. Looking is the front half of touching.",12,RUN — authored order,vo.bing2.party.till.booski.2,vo.bing2.party.till.booski.2.mp3
8,CH2 FAMILY BUSINESS,Bada Bing II: Billy Hotdog,32,Billy HotDog,hotdog,Booski! You got fat.,4,RUN — authored order,vo.bing2.party.prosperous.hotdog.1,vo.bing2.party.prosperous.hotdog.1.mp3
8,CH2 FAMILY BUSINESS,Bada Bing II: Billy Hotdog,33,Booski,booski,"I got PROSPEROUS, baby. Learn the difference.",7,RUN — authored order,vo.bing2.party.prosperous.booski,vo.bing2.party.prosperous.booski.mp3
8,CH2 FAMILY BUSINESS,Bada Bing II: Billy Hotdog,34,Billy HotDog,hotdog,"Same shirt, though.",3,RUN — authored order,vo.bing2.party.prosperous.hotdog.2,vo.bing2.party.prosperous.hotdog.2.mp3
8,CH2 FAMILY BUSINESS,Bada Bing II: Billy Hotdog,35,BIG UNCLE LOU SPUTTHOLE,lou1,Ape. It is a party.,5,RUN — authored order,vo.bing2.party.its-a-party.lou.1,vo.bing2.party.its-a-party.lou.1.mp3
8,CH2 FAMILY BUSINESS,Bada Bing II: Billy Hotdog,36,Ape,ape,It is a party.,4,RUN — authored order,vo.bing2.party.its-a-party.ape,vo.bing2.party.its-a-party.ape.mp3
8,CH2 FAMILY BUSINESS,Bada Bing II: Billy Hotdog,37,BIG UNCLE LOU SPUTTHOLE,lou1,Say it again like a man who believes it.,9,RUN — authored order,vo.bing2.party.its-a-party.lou.2,vo.bing2.party.its-a-party.lou.2.mp3
8,CH2 FAMILY BUSINESS,Bada Bing II: Billy Hotdog,38,Gratin,gratin,"Nobody cuts that cake before Hog Mama. It is not a rule, it is a fact about the cake.",19,RUN — authored order,vo.bing2.party.cake-rule.gratin.1,vo.bing2.party.cake-rule.gratin.1.mp3
8,CH2 FAMILY BUSINESS,Bada Bing II: Billy Hotdog,39,Irish's Deep Dives,irish,So a corner piece is—,5,RUN — authored order,vo.bing2.party.cake-rule.irish,vo.bing2.party.cake-rule.irish.mp3
8,CH2 FAMILY BUSINESS,Bada Bing II: Billy Hotdog,40,Gratin,gratin,"Facts do not have corners, Irish.",6,RUN — authored order,vo.bing2.party.cake-rule.gratin.2,vo.bing2.party.cake-rule.gratin.2.mp3
8,CH2 FAMILY BUSINESS,Bada Bing II: Billy Hotdog,41,Lag,lag,These lights are on the same circuit as the walk-in. You can see the frame drops.,16,RUN — authored order,vo.bing2.party.frame-drops.lag.1,vo.bing2.party.frame-drops.lag.1.mp3
8,CH2 FAMILY BUSINESS,Bada Bing II: Billy Hotdog,42,Old Stove,old-stove,"That is a fridge, son.",5,RUN — authored order,vo.bing2.party.frame-drops.stove,vo.bing2.party.frame-drops.stove.mp3
8,CH2 FAMILY BUSINESS,Bada Bing II: Billy Hotdog,43,Lag,lag,That is what a fridge wants you to think.,9,RUN — authored order,vo.bing2.party.frame-drops.lag.2,vo.bing2.party.frame-drops.lag.2.mp3
8,CH2 FAMILY BUSINESS,Bada Bing II: Billy Hotdog,44,Seff,seff,Somebody tell me Billy came home with money.,8,RUN — authored order,vo.bing2.party.came-home-with-money.seff.1,vo.bing2.party.came-home-with-money.seff.1.mp3
8,CH2 FAMILY BUSINESS,Bada Bing II: Billy Hotdog,45,Old Stove,old-stove,I am not here.,4,RUN — authored order,vo.bing2.party.came-home-with-money.stove,vo.bing2.party.came-home-with-money.stove.mp3
8,CH2 FAMILY BUSINESS,Bada Bing II: Billy Hotdog,46,Seff,seff,That is not a no. I am taking that as not a no.,13,RUN — authored order,vo.bing2.party.came-home-with-money.seff.2,vo.bing2.party.came-home-with-money.seff.2.mp3
8,CH2 FAMILY BUSINESS,Bada Bing II: Billy Hotdog,47,Rippinflow,rippinflow,"Closed room, open bar, nobody eating — uh. That is a bar. That is free.",15,RUN — authored order,vo.bing2.party.thats-a-bar.rippin.1,vo.bing2.party.thats-a-bar.rippin.1.mp3
8,CH2 FAMILY BUSINESS,Bada Bing II: Billy Hotdog,48,CAPTAIN LOU SASOLE,lou2,You told me you stopped.,5,RUN — authored order,vo.bing2.party.thats-a-bar.sasole,vo.bing2.party.thats-a-bar.sasole.mp3
8,CH2 FAMILY BUSINESS,Bada Bing II: Billy Hotdog,49,Rippinflow,rippinflow,I did stop. It happens to me.,7,RUN — authored order,vo.bing2.party.thats-a-bar.rippin.2,vo.bing2.party.thats-a-bar.rippin.2.mp3
8,CH2 FAMILY BUSINESS,Bada Bing II: Billy Hotdog,50,Eric,eric,Off the record. Is he the same? Eight months changes people.,11,RUN — authored order,vo.bing2.party.off-the-record.eric.1,vo.bing2.party.off-the-record.eric.1.mp3
8,CH2 FAMILY BUSINESS,Bada Bing II: Billy Hotdog,51,Numbskull,numbskull,He is louder.,3,RUN — authored order,vo.bing2.party.off-the-record.numbskull,vo.bing2.party.off-the-record.numbskull.mp3
8,CH2 FAMILY BUSINESS,Bada Bing II: Billy Hotdog,52,Eric,eric,That is not the direction I was hoping for.,9,RUN — authored order,vo.bing2.party.off-the-record.eric.2,vo.bing2.party.off-the-record.eric.2.mp3
8,CH2 FAMILY BUSINESS,Bada Bing II: Billy Hotdog,53,Numbskull,numbskull,"Is a welcome-home party for being glad, or for being seen being glad?",13,RUN — authored order,vo.bing2.party.glad.numbskull.1,vo.bing2.party.glad.numbskull.1.mp3
8,CH2 FAMILY BUSINESS,Bada Bing II: Billy Hotdog,54,Rippinflow,rippinflow,Yes.,1,RUN — authored order,vo.bing2.party.glad.rippin,vo.bing2.party.glad.rippin.mp3
8,CH2 FAMILY BUSINESS,Bada Bing II: Billy Hotdog,55,Numbskull,numbskull,Okay. I can do both of them.,7,RUN — authored order,vo.bing2.party.glad.numbskull.2,vo.bing2.party.glad.numbskull.2.mp3
8,CH2 FAMILY BUSINESS,Bada Bing II: Billy Hotdog,56,Snow,snow,Car is out back. Nose out.,6,RUN — authored order,vo.bing2.party.nose-out.snow.1,vo.bing2.party.nose-out.snow.1.mp3
8,CH2 FAMILY BUSINESS,Bada Bing II: Billy Hotdog,57,Aubbie,aubbie,For a party.,3,RUN — authored order,vo.bing2.party.nose-out.aubbie,vo.bing2.party.nose-out.aubbie.mp3
8,CH2 FAMILY BUSINESS,Bada Bing II: Billy Hotdog,58,Snow,snow,For a party.,3,RUN — authored order,vo.bing2.party.nose-out.snow.2,vo.bing2.party.nose-out.snow.2.mp3
8,CH2 FAMILY BUSINESS,Bada Bing II: Billy Hotdog,59,DeathMegatron,deathmegatron,"Phones in the basket. Both of yours, Booski.",8,RUN — authored order,vo.bing2.party.basket.deathmegatron.1,vo.bing2.party.basket.deathmegatron.1.mp3
8,CH2 FAMILY BUSINESS,Bada Bing II: Billy Hotdog,60,Booski,booski,One of those is a calculator.,6,RUN — authored order,vo.bing2.party.basket.booski,vo.bing2.party.basket.booski.mp3
8,CH2 FAMILY BUSINESS,Bada Bing II: Billy Hotdog,61,DeathMegatron,deathmegatron,In the basket.,3,RUN — authored order,vo.bing2.party.basket.deathmegatron.2,vo.bing2.party.basket.deathmegatron.2.mp3
8,CH2 FAMILY BUSINESS,Bada Bing II: Billy Hotdog,62,Billy HotDog,hotdog,Rippin! You still doing the rhyming thing?,7,RUN — authored order,vo.bing2.party.rhyming.hotdog.1,vo.bing2.party.rhyming.hotdog.1.mp3
8,CH2 FAMILY BUSINESS,Bada Bing II: Billy Hotdog,63,Rippinflow,rippinflow,Nah.,1,RUN — authored order,vo.bing2.party.rhyming.rippin,vo.bing2.party.rhyming.rippin.mp3
8,CH2 FAMILY BUSINESS,Bada Bing II: Billy Hotdog,64,Billy HotDog,hotdog,Good. It was never good.,5,RUN — authored order,vo.bing2.party.rhyming.hotdog.2,vo.bing2.party.rhyming.hotdog.2.mp3
8,CH2 FAMILY BUSINESS,Bada Bing II: Billy Hotdog,65,CAPTAIN LOU SASOLE,lou2,Forty years of these. Somebody always says something.,8,RUN — authored order,vo.bing2.party.somebody-says-something.sasole,vo.bing2.party.somebody-says-something.sasole.mp3
8,CH2 FAMILY BUSINESS,Bada Bing II: Billy Hotdog,66,DeathMegatron,deathmegatron,Somebody always does.,3,RUN — authored order,vo.bing2.party.somebody-says-something.deathmegatron,vo.bing2.party.somebody-says-something.deathmegatron.mp3
8,CH2 FAMILY BUSINESS,Bada Bing II: Billy Hotdog,67,The Shubenator,shubenator,"I asked Lou for a spotter and he gave me a spotlight. Different discipline, same commitment.",16,RUN — authored order,vo.bing2.party.spotter.shubenator,vo.bing2.party.spotter.shubenator.mp3
8,CH2 FAMILY BUSINESS,Bada Bing II: Billy Hotdog,68,Hog Mama,hogmama,"Whoever set this microphone at this height is a coward, and I will find them.",15,RUN — authored order,vo.bing2.party.microphone.hogmama,vo.bing2.party.microphone.hogmama.mp3
8,CH2 FAMILY BUSINESS,Bada Bing II: Billy Hotdog,69,Willy,willy,"I would tell you where I have been, but this room has ears and two of them came home tonight.",20,RUN — authored order,vo.bing2.party.ears.willy,vo.bing2.party.ears.willy.mp3
8,CH2 FAMILY BUSINESS,Bada Bing II: Billy Hotdog,70,Willy,willy,Ask anybody. I was on Mirage all night. Sat B with the Negev like an asshole.,16,RUN — authored order,vo.bing2.party.mirage.willy.1,vo.bing2.party.mirage.willy.1.mp3
8,CH2 FAMILY BUSINESS,Bada Bing II: Billy Hotdog,71,Numbskull,numbskull,What is a Negev.,4,RUN — authored order,vo.bing2.party.mirage.numbskull,vo.bing2.party.mirage.numbskull.mp3
8,CH2 FAMILY BUSINESS,Bada Bing II: Billy Hotdog,72,Willy,willy,"It is a gun, Numbskull. It is a very large gun.",11,RUN — authored order,vo.bing2.party.mirage.willy.2,vo.bing2.party.mirage.willy.2.mp3
8,CH2 FAMILY BUSINESS,Bada Bing II: Billy Hotdog,73,Sauce,sauce,I did not cater this. I fixed it. There is a difference and the difference is eleven trays.,18,RUN — authored order,vo.bing2.party.fixed-it.sauce.1,vo.bing2.party.fixed-it.sauce.1.mp3
8,CH2 FAMILY BUSINESS,Bada Bing II: Billy Hotdog,74,Gratin,gratin,Nobody asked you to fix it.,6,RUN — authored order,vo.bing2.party.fixed-it.gratin,vo.bing2.party.fixed-it.gratin.mp3
8,CH2 FAMILY BUSINESS,Bada Bing II: Billy Hotdog,75,Sauce,sauce,Nobody asked the kitchen to serve that either. Here we are.,11,RUN — authored order,vo.bing2.party.fixed-it.sauce.2,vo.bing2.party.fixed-it.sauce.2.mp3
8,CH2 FAMILY BUSINESS,Bada Bing II: Billy Hotdog,76,Sauce,sauce,The corn came in the van. The corn is mine. Do not let Numbskull near the corn.,17,RUN — authored order,vo.bing2.party.the-corn.sauce.1,vo.bing2.party.the-corn.sauce.1.mp3
8,CH2 FAMILY BUSINESS,Bada Bing II: Billy Hotdog,77,Numbskull,numbskull,I have not touched the corn.,6,RUN — authored order,vo.bing2.party.the-corn.numbskull,vo.bing2.party.the-corn.numbskull.mp3
8,CH2 FAMILY BUSINESS,Bada Bing II: Billy Hotdog,78,Sauce,sauce,You are standing in a corn posture.,7,RUN — authored order,vo.bing2.party.the-corn.sauce.2,vo.bing2.party.the-corn.sauce.2.mp3
8,CH2 FAMILY BUSINESS,Bada Bing II: Billy Hotdog,79,Sauce,sauce,Eleven years I have eaten in this place. Tonight is the first night anybody let me cook in it. For HIM.,21,RUN — authored order,vo.bing2.party.eleven-years.sauce.1,vo.bing2.party.eleven-years.sauce.1.mp3
8,CH2 FAMILY BUSINESS,Bada Bing II: Billy Hotdog,80,Irish's Deep Dives,irish,Would you rather nobody had asked?,6,RUN — authored order,vo.bing2.party.eleven-years.irish,vo.bing2.party.eleven-years.irish.mp3
8,CH2 FAMILY BUSINESS,Bada Bing II: Billy Hotdog,81,Sauce,sauce,I would rather they asked eleven years ago.,8,RUN — authored order,vo.bing2.party.eleven-years.sauce.2,vo.bing2.party.eleven-years.sauce.2.mp3
8,CH2 FAMILY BUSINESS,Bada Bing II: Billy Hotdog,82,Sauce,sauce,Second tray goes out warm at half eleven. Warm. Hot is for people who have earned hot.,17,RUN — authored order,vo.bing2.party.warm-not-hot.sauce,vo.bing2.party.warm-not-hot.sauce.mp3
8,CH2 FAMILY BUSINESS,Bada Bing II: Billy Hotdog,83,Gratin,gratin,He has touched every serving utensil on that table. I have re-laid it twice.,14,RUN — authored order,vo.bing2.party.utensils.gratin,vo.bing2.party.utensils.gratin.mp3
8,CH2 FAMILY BUSINESS,Bada Bing II: Billy Hotdog,84,Ape,ape,Eight months. People are acting like he came back from a war.,12,RUN — authored order,vo.bing2.party.eight-months.ape,vo.bing2.party.eight-months.ape.mp3
8,CH2 FAMILY BUSINESS,Bada Bing II: Billy Hotdog,85,Irish's Deep Dives,irish,Nobody has asked me where the eggs come from tonight. Nobody. In a room this size.,16,RUN — authored order,vo.bing2.party.eggs.irish,vo.bing2.party.eggs.irish.mp3
8,CH2 FAMILY BUSINESS,Bada Bing II: Billy Hotdog,86,Numbskull,numbskull,The stool broke on its own. That is what I am saying if anybody asks.,15,RUN — authored order,vo.bing2.cleanup.stool.numbskull,vo.bing2.cleanup.stool.numbskull.mp3
8,CH2 FAMILY BUSINESS,Bada Bing II: Billy Hotdog,87,Rippinflow,rippinflow,Nobody is going to ask.,5,RUN — authored order,vo.bing2.cleanup.stool.rippin,vo.bing2.cleanup.stool.rippin.mp3
8,CH2 FAMILY BUSINESS,Bada Bing II: Billy Hotdog,88,Booski,booski,"Cufflink, pin, tab. Cufflink, pin, tab.",6,RUN — authored order,vo.bing2.cleanup.counting.booski,vo.bing2.cleanup.counting.booski.mp3
8,CH2 FAMILY BUSINESS,Bada Bing II: Billy Hotdog,89,Gratin,gratin,"Bleach in the mop water, not on the carpet. On the carpet it leaves a shape.",16,RUN — authored order,vo.bing2.cleanup.bleach.gratin,vo.bing2.cleanup.bleach.gratin.mp3
8,CH2 FAMILY BUSINESS,Bada Bing II: Billy Hotdog,90,DeathMegatron,deathmegatron,Phones stay in the basket. Nobody took a photograph tonight.,10,RUN — authored order,vo.bing2.cleanup.photograph.deathmegatron,vo.bing2.cleanup.photograph.deathmegatron.mp3
8,CH2 FAMILY BUSINESS,Bada Bing II: Billy Hotdog,91,CAPTAIN LOU SASOLE,lou2,"He came, he had cake, he left early. That is the whole night.",13,RUN — authored order,vo.bing2.cleanup.whole-night.sasole,vo.bing2.cleanup.whole-night.sasole.mp3
8,CH2 FAMILY BUSINESS,Bada Bing II: Billy Hotdog,92,Willy,willy,"This never comes up again. That is understood, yeah? Never comes up.",12,RUN — authored order,vo.bing2.cleanup.never-comes-up.willy,vo.bing2.cleanup.never-comes-up.willy.mp3
8,CH2 FAMILY BUSINESS,Bada Bing II: Billy Hotdog,93,The Shubenator,shubenator,"Second pass on the floor. Honestly, it is good for the shoulders.",12,RUN — authored order,vo.bing2.cleanup.second-pass.shubenator,vo.bing2.cleanup.second-pass.shubenator.mp3
8,CH2 FAMILY BUSINESS,Bada Bing II: Billy Hotdog,94,Hog Mama,hogmama,Thirty years of rooms. Never once had to help fold one.,11,RUN — authored order,vo.bing2.cleanup.thirty-years.hogmama,vo.bing2.cleanup.thirty-years.hogmama.mp3
8,CH2 FAMILY BUSINESS,Bada Bing II: Billy Hotdog,95,Irish's Deep Dives,irish,"Nobody is ever going to look into this, and THAT is the part I find suspicious.",16,RUN — authored order,vo.bing2.cleanup.suspicious.irish,vo.bing2.cleanup.suspicious.irish.mp3
8,CH2 FAMILY BUSINESS,Bada Bing II: Billy Hotdog,96,Eric,eric,"The battery is in my pocket. Ask me in an hour, same answer.",13,RUN — authored order,vo.bing2.cleanup.battery.eric,vo.bing2.cleanup.battery.eric.mp3
8,CH2 FAMILY BUSINESS,Bada Bing II: Billy Hotdog,97,Snow,snow,Trunk is lined. When he is wrapped he goes straight in.,11,RUN — authored order,vo.bing2.cleanup.lined.snow,vo.bing2.cleanup.lined.snow.mp3
8,CH2 FAMILY BUSINESS,Bada Bing II: Billy Hotdog,98,Aubbie,aubbie,"Two bags. One for cloth, one for glass. Do not mix them.",12,RUN — authored order,vo.bing2.cleanup.two-bags.aubbie,vo.bing2.cleanup.two-bags.aubbie.mp3
8,CH2 FAMILY BUSINESS,Bada Bing II: Billy Hotdog,99,Ape,ape,I am staying in the booth. Lou knows where I am.,11,RUN — authored order,vo.bing2.cleanup.booth.ape,vo.bing2.cleanup.booth.ape.mp3
8,CH2 FAMILY BUSINESS,Bada Bing II: Billy Hotdog,100,Sauce,sauce,The food goes back in the van. All of it. Nobody in this room is eating tonight and I am not binning good beef.,24,RUN — authored order,vo.bing2.cleanup.the-van.sauce,vo.bing2.cleanup.the-van.sauce.mp3
8,CH2 FAMILY BUSINESS,Bada Bing II: Billy Hotdog,101,Seff,seff,"So the mattress thing is off, then. That is what I am hearing.",13,RUN — authored order,vo.bing2.cleanup.mattresses.seff,vo.bing2.cleanup.mattresses.seff.mp3
8,CH2 FAMILY BUSINESS,Bada Bing II: Billy Hotdog,102,Numbskull,numbskull,He did! I watched him do it!,7,RUN — authored order,vo.bing2.react.numbskull.sanitizer,vo.bing2.react.numbskull.sanitizer.mp3
8,CH2 FAMILY BUSINESS,Bada Bing II: Billy Hotdog,103,Gratin,gratin,I have wine in my lung.,6,RUN — authored order,vo.bing2.react.gratin.choke,vo.bing2.react.gratin.choke.mp3
8,CH2 FAMILY BUSINESS,Bada Bing II: Billy Hotdog,104,Ape,ape,"She has got you, Lou.",5,RUN — authored order,vo.bing2.react.ape.deposit,vo.bing2.react.ape.deposit.mp3
8,CH2 FAMILY BUSINESS,Bada Bing II: Billy Hotdog,105,Eric,eric,Tape is rolling. For the family album.,7,RUN — authored order,vo.bing2.react.eric.tape,vo.bing2.react.eric.tape.mp3
8,CH2 FAMILY BUSINESS,Bada Bing II: Billy Hotdog,106,Willy,willy,"Billy. Billy, eat your cake.",5,RUN — authored order,vo.bing2.react.willy.cake,vo.bing2.react.willy.cake.mp3
8,CH2 FAMILY BUSINESS,Bada Bing II: Billy Hotdog,107,Numbskull,numbskull,"Ape— Ape, that is enough—",5,RUN — authored order,vo.bing2.attack.numbskull,vo.bing2.attack.numbskull.mp3
8,CH2 FAMILY BUSINESS,Bada Bing II: Billy Hotdog,108,Gratin,gratin,I am looking at the kitchen.,6,RUN — authored order,vo.bing2.attack.gratin,vo.bing2.attack.gratin.mp3
8,CH2 FAMILY BUSINESS,Bada Bing II: Billy Hotdog,109,Willy,willy,I am not seeing this. I want that noted.,9,RUN — authored order,vo.bing2.attack.willy,vo.bing2.attack.willy.mp3
8,CH2 FAMILY BUSINESS,Bada Bing II: Billy Hotdog,110,CAPTAIN LOU SASOLE,lou2,Somebody move the cake.,4,RUN — authored order,vo.bing2.attack.sasole,vo.bing2.attack.sasole.mp3
8,CH2 FAMILY BUSINESS,Bada Bing II: Billy Hotdog,111,Hog Mama,hogmama,I am going to take five.,6,RUN — authored order,vo.bing2.attack.hogmama,vo.bing2.attack.hogmama.mp3
8,CH2 FAMILY BUSINESS,Bada Bing II: Billy Hotdog,112,DeathMegatron,deathmegatron,That has been coming since the brush.,7,RUN — authored order,vo.bing2.attack.deathmegatron,vo.bing2.attack.deathmegatron.mp3
8,CH2 FAMILY BUSINESS,Bada Bing II: Billy Hotdog,113,Seff,seff,This is a bad time to bring up my situation.,10,RUN — authored order,vo.bing2.attack.seff,vo.bing2.attack.seff.mp3
8,CH2 FAMILY BUSINESS,Bada Bing II: Billy Hotdog,114,Eric,eric,Camera is off. It is off. It has been off.,10,RUN — authored order,vo.bing2.attack.eric,vo.bing2.attack.eric.mp3
8,CH2 FAMILY BUSINESS,Bada Bing II: Billy Hotdog,115,Irish's Deep Dives,irish,"See, this is what I mean about nobody finishing a story.",11,RUN — authored order,vo.bing2.attack.irish,vo.bing2.attack.irish.mp3
8,CH2 FAMILY BUSINESS,Bada Bing II: Billy Hotdog,116,Booski,booski,One cufflink. There is a cufflink on the floor.,9,RUN — authored order,vo.bing2.attack.booski,vo.bing2.attack.booski.mp3
8,CH2 FAMILY BUSINESS,Bada Bing II: Billy Hotdog,117,Snow,snow,I will bring the car round. Nose out.,8,RUN — authored order,vo.bing2.attack.snow,vo.bing2.attack.snow.mp3
8,CH2 FAMILY BUSINESS,Bada Bing II: Billy Hotdog,118,Aubbie,aubbie,Nobody walks east of that stool.,6,RUN — authored order,vo.bing2.attack.aubbie,vo.bing2.attack.aubbie.mp3
8,CH2 FAMILY BUSINESS,Bada Bing II: Billy Hotdog,119,Rippinflow,rippinflow,Not a bar. Nothing about that is a bar.,9,RUN — authored order,vo.bing2.attack.rippin,vo.bing2.attack.rippin.mp3
8,CH2 FAMILY BUSINESS,Bada Bing II: Billy Hotdog,120,Sauce,sauce,"Not near the food. Whatever this is, not near the food.",11,RUN — authored order,vo.bing2.attack.sauce,vo.bing2.attack.sauce.mp3
8,CH2 FAMILY BUSINESS,Bada Bing II: Billy Hotdog,121,Booski,booski,"Lou put me on the door money AND the bar money. One man, two piles. It is a compliment and a punishment.",22,RUN — authored order,vo.bing2.walkup.party.booski.1,vo.bing2.walkup.party.booski.1.mp3
8,CH2 FAMILY BUSINESS,Bada Bing II: Billy Hotdog,122,Booski,booski,Say hello to Billy. Say it fast and keep walking. That is the play.,14,RUN — authored order,vo.bing2.walkup.party.booski.2,vo.bing2.walkup.party.booski.2.mp3
8,CH2 FAMILY BUSINESS,Bada Bing II: Billy Hotdog,123,Willy,willy,HotDog got louder in county. I did not know that was medically possible.,13,RUN — authored order,vo.bing2.walkup.party.willy,vo.bing2.walkup.party.willy.mp3
8,CH2 FAMILY BUSINESS,Bada Bing II: Billy Hotdog,124,Eric,eric,"The camera is old. Tape, not cloud. That is good now, apparently.",12,RUN — authored order,vo.bing2.walkup.party.eric,vo.bing2.walkup.party.eric.mp3
8,CH2 FAMILY BUSINESS,Bada Bing II: Billy Hotdog,125,Gratin,gratin,HotDog touched every serving utensil. Every one.,7,RUN — authored order,vo.bing2.walkup.party.gratin,vo.bing2.walkup.party.gratin.mp3
8,CH2 FAMILY BUSINESS,Bada Bing II: Billy Hotdog,126,Snow,snow,Cold in here. Good.,4,RUN — authored order,vo.bing2.walkup.party.snow,vo.bing2.walkup.party.snow.mp3
8,CH2 FAMILY BUSINESS,Bada Bing II: Billy Hotdog,127,Aubbie,aubbie,I have been awake since Tuesday and now I am at a party. Do not ask me what I have been working on.,23,RUN — authored order,vo.bing2.walkup.party.aubbie,vo.bing2.walkup.party.aubbie.mp3
8,CH2 FAMILY BUSINESS,Bada Bing II: Billy Hotdog,128,Ape,ape,"Prospect. Have a drink, stand somewhere with a wall behind it, and enjoy the evening.",15,RUN — authored order,vo.bing2.walkup.party.ape,vo.bing2.walkup.party.ape.mp3
8,CH2 FAMILY BUSINESS,Bada Bing II: Billy Hotdog,129,Rippinflow,rippinflow,Prospect walks in with a job face on — nah. Not tonight. Tonight I am a guest.,17,RUN — authored order,vo.bing2.walkup.party.rippin,vo.bing2.walkup.party.rippin.mp3
8,CH2 FAMILY BUSINESS,Bada Bing II: Billy Hotdog,130,Numbskull,numbskull,I made a card. It is in my jacket. I am waiting for a good moment and there has not been one.,22,RUN — authored order,vo.bing2.walkup.party.numbskull,vo.bing2.walkup.party.numbskull.mp3
8,CH2 FAMILY BUSINESS,Bada Bing II: Billy Hotdog,131,DeathMegatron,deathmegatron,"Phone in the basket, kid. Everybody. It is a party, not a deposition.",13,RUN — authored order,vo.bing2.walkup.party.deathmegatron,vo.bing2.walkup.party.deathmegatron.mp3
8,CH2 FAMILY BUSINESS,Bada Bing II: Billy Hotdog,132,Hog Mama,hogmama,"Thirty seconds, baby. Somebody has to run that light board and it is not going to be me.",18,RUN — authored order,vo.bing2.walkup.party.hogmama,vo.bing2.walkup.party.hogmama.mp3
8,CH2 FAMILY BUSINESS,Bada Bing II: Billy Hotdog,133,The Shubenator,shubenator,"Great turnout. Great energy. Slightly low protein, but great energy.",10,RUN — authored order,vo.bing2.walkup.party.shubenator,vo.bing2.walkup.party.shubenator.mp3
8,CH2 FAMILY BUSINESS,Bada Bing II: Billy Hotdog,134,CAPTAIN LOU SASOLE,lou2,I flew in for this. I could have flown in for something else.,13,RUN — authored order,vo.bing2.walkup.party.sasole,vo.bing2.walkup.party.sasole.mp3
8,CH2 FAMILY BUSINESS,Bada Bing II: Billy Hotdog,135,Irish's Deep Dives,irish,"Sit down, sit down. So the egg— no, wait, you have got the walk on. Go on, then. Later.",19,RUN — authored order,vo.bing2.walkup.party.irish,vo.bing2.walkup.party.irish.mp3
8,CH2 FAMILY BUSINESS,Bada Bing II: Billy Hotdog,136,Old Stove,old-stove,Nice party. I would not know. I am not here.,10,RUN — authored order,vo.bing2.walkup.party.stove,vo.bing2.walkup.party.stove.mp3
8,CH2 FAMILY BUSINESS,Bada Bing II: Billy Hotdog,137,Lag,lag,Everyone is standing in the same six feet of this room. Terrible spread. You get wiped by one grenade.,19,RUN — authored order,vo.bing2.walkup.party.lag,vo.bing2.walkup.party.lag.mp3
8,CH2 FAMILY BUSINESS,Bada Bing II: Billy Hotdog,138,Seff,seff,Quick thing. You are close with Lou now. Forget it. Later. It is a calendar thing.,16,RUN — authored order,vo.bing2.walkup.party.seff,vo.bing2.walkup.party.seff.mp3
8,CH2 FAMILY BUSINESS,Bada Bing II: Billy Hotdog,139,Sauce,sauce,Plate. You are the only man in this room who has not eaten and it is starting to insult me.,20,RUN — authored order,vo.bing2.walkup.party.sauce.1,vo.bing2.walkup.party.sauce.1.mp3
8,CH2 FAMILY BUSINESS,Bada Bing II: Billy Hotdog,140,Sauce,sauce,Billy asked me what was in the sauce. Eight years I have known him. He has never once asked what was in anything.,23,RUN — authored order,vo.bing2.walkup.party.sauce.2,vo.bing2.walkup.party.sauce.2.mp3
8,CH2 FAMILY BUSINESS,Bada Bing II: Billy Hotdog,141,The Bada Bing bartender,bartender,"Open bar, closed room. I have been told to keep pouring and to stop counting.",15,RUN — authored order,vo.bing2.walkup.party.bartender,vo.bing2.walkup.party.bartender.mp3
8,CH2 FAMILY BUSINESS,Bada Bing II: Billy Hotdog,142,Blackjack dealer,dealer,The table is open. It is Mister Sputthole's table and it is Mister Sputthole's money. Play accordingly.,17,RUN — authored order,vo.bing2.walkup.party.dealer,vo.bing2.walkup.party.dealer.mp3
8,CH2 FAMILY BUSINESS,Bada Bing II: Billy Hotdog,143,Mansion guard,mansion-guard,Nobody comes through this door tonight. That includes people you know.,11,RUN — authored order,vo.bing2.walkup.party.security.1,vo.bing2.walkup.party.security.1.mp3
8,CH2 FAMILY BUSINESS,Bada Bing II: Billy Hotdog,144,Mansion guard,mansion-guard,I work for Mister Sputthole. I do not work the party. Enjoy yourself.,13,RUN — authored order,vo.bing2.walkup.party.security.2,vo.bing2.walkup.party.security.2.mp3
8,CH2 FAMILY BUSINESS,Bada Bing II: Billy Hotdog,145,Booski,booski,"One cufflink, one pin, one tab. I am counting because nobody else can count under pressure.",16,RUN — authored order,vo.bing2.walkup.cleanup.booski,vo.bing2.walkup.cleanup.booski.mp3
8,CH2 FAMILY BUSINESS,Bada Bing II: Billy Hotdog,146,Snow,snow,Route is clear. Graveyard first. Motel after.,7,RUN — authored order,vo.bing2.walkup.cleanup.snow.1,vo.bing2.walkup.cleanup.snow.1.mp3
8,CH2 FAMILY BUSINESS,Bada Bing II: Billy Hotdog,147,Snow,snow,The shovel made sense when I picked it up.,9,RUN — authored order,vo.bing2.walkup.cleanup.snow.2,vo.bing2.walkup.cleanup.snow.2.mp3
8,CH2 FAMILY BUSINESS,Bada Bing II: Billy Hotdog,148,Aubbie,aubbie,Correct plastic is in storage. The shower curtain was Snow.,10,RUN — authored order,vo.bing2.walkup.cleanup.aubbie,vo.bing2.walkup.cleanup.aubbie.mp3
8,CH2 FAMILY BUSINESS,Bada Bing II: Billy Hotdog,149,Hog Mama,hogmama,The cake did not kill anybody and I am not throwing it out.,13,RUN — authored order,vo.bing2.walkup.cleanup.hogmama,vo.bing2.walkup.cleanup.hogmama.mp3
8,CH2 FAMILY BUSINESS,Bada Bing II: Billy Hotdog,150,Gratin,gratin,The kitchen stays hot. Bleach smells like bleach; onions smell like business.,12,RUN — authored order,vo.bing2.walkup.cleanup.gratin,vo.bing2.walkup.cleanup.gratin.mp3
8,CH2 FAMILY BUSINESS,Bada Bing II: Billy Hotdog,151,DeathMegatron,deathmegatron,Phone in the basket. Door stays locked.,7,RUN — authored order,vo.bing2.walkup.cleanup.deathmegatron,vo.bing2.walkup.cleanup.deathmegatron.mp3
8,CH2 FAMILY BUSINESS,Bada Bing II: Billy Hotdog,152,Rippinflow,rippinflow,Ape stays in the booth. HotDog stays wherever we put him.,11,RUN — authored order,vo.bing2.walkup.cleanup.rippin,vo.bing2.walkup.cleanup.rippin.mp3
8,CH2 FAMILY BUSINESS,Bada Bing II: Billy Hotdog,153,Numbskull,numbskull,Do we load the broken stool before or after the person?,11,RUN — authored order,vo.bing2.walkup.cleanup.numbskull,vo.bing2.walkup.cleanup.numbskull.mp3
8,CH2 FAMILY BUSINESS,Bada Bing II: Billy Hotdog,154,Ape,ape,"I am not going to explain it to you. Lou will, when he wants you to know.",17,RUN — authored order,vo.bing2.walkup.cleanup.ape,vo.bing2.walkup.cleanup.ape.mp3
8,CH2 FAMILY BUSINESS,Bada Bing II: Billy Hotdog,155,The Shubenator,shubenator,"I have got the back hall. Mop, bucket, no complaints. Everybody has a lift they are good at.",18,RUN — authored order,vo.bing2.walkup.cleanup.shubenator,vo.bing2.walkup.cleanup.shubenator.mp3
8,CH2 FAMILY BUSINESS,Bada Bing II: Billy Hotdog,156,CAPTAIN LOU SASOLE,lou2,"You will sleep. Everybody says they will not, and then everybody does.",12,RUN — authored order,vo.bing2.walkup.cleanup.sasole,vo.bing2.walkup.cleanup.sasole.mp3
8,CH2 FAMILY BUSINESS,Bada Bing II: Billy Hotdog,157,Willy,willy,"I was in the bathroom. Whole time. That is not a lie I am telling, that is a lie I am practising.",22,RUN — authored order,vo.bing2.walkup.cleanup.willy,vo.bing2.walkup.cleanup.willy.mp3
8,CH2 FAMILY BUSINESS,Bada Bing II: Billy Hotdog,158,Irish's Deep Dives,irish,Eight months he was away and eleven minutes he was back. Somebody should look into that. Nobody will.,18,RUN — authored order,vo.bing2.walkup.cleanup.irish,vo.bing2.walkup.cleanup.irish.mp3
8,CH2 FAMILY BUSINESS,Bada Bing II: Billy Hotdog,159,Old Stove,old-stove,"Wipe it down twice. Once is for you, twice is for the fella who comes after you.",17,RUN — authored order,vo.bing2.walkup.cleanup.stove,vo.bing2.walkup.cleanup.stove.mp3
8,CH2 FAMILY BUSINESS,Bada Bing II: Billy Hotdog,160,Lag,lag,"I have carried worse. Different weight class, obviously.",8,RUN — authored order,vo.bing2.walkup.cleanup.lag,vo.bing2.walkup.cleanup.lag.mp3
8,CH2 FAMILY BUSINESS,Bada Bing II: Billy Hotdog,161,Seff,seff,Nobody is going to want the mattresses now. That is what gets me about tonight.,15,RUN — authored order,vo.bing2.walkup.cleanup.seff,vo.bing2.walkup.cleanup.seff.mp3
8,CH2 FAMILY BUSINESS,Bada Bing II: Billy Hotdog,162,Sauce,sauce,"The food goes out covered, in my van, before anything else leaves this building. Nobody looks twice at a man carrying trays.",22,RUN — authored order,vo.bing2.walkup.cleanup.sauce,vo.bing2.walkup.cleanup.sauce.mp3
8,CH2 FAMILY BUSINESS,Bada Bing II: Billy Hotdog,163,The Bada Bing bartender,bartender,"Every glass in the room, washed twice. Nobody asked me to. I would like that noticed.",16,RUN — authored order,vo.bing2.walkup.cleanup.bartender,vo.bing2.walkup.cleanup.bartender.mp3
8,CH2 FAMILY BUSINESS,Bada Bing II: Billy Hotdog,164,Blackjack dealer,dealer,"Shoe is boxed, felt is brushed, chips are counted. I watched a comedian and I went home.",17,RUN — authored order,vo.bing2.walkup.cleanup.dealer,vo.bing2.walkup.cleanup.dealer.mp3
8,CH2 FAMILY BUSINESS,Bada Bing II: Billy Hotdog,165,Mansion guard,mansion-guard,"That door has not opened since eleven. It is what I will say, and it is also true.",18,RUN — authored order,vo.bing2.walkup.cleanup.security,vo.bing2.walkup.cleanup.security.mp3
8,CH2 FAMILY BUSINESS,Bada Bing II: Billy Hotdog,166,The Shubenator,shubenator,Prospect. Stage controls. Before Hog Mama starts without electricity.,9,RUN — authored order,vo.bing2.shubenator.nudge,vo.bing2.shubenator.nudge.mp3
8,CH2 FAMILY BUSINESS,Bada Bing II: Billy Hotdog,167,BIG UNCLE LOU SPUTTHOLE,lou1,"Enjoy the party, Prospect. That is an order with a very short shelf life.",14,RUN — authored order,vo.bing2.lou.enjoy,vo.bing2.lou.enjoy.mp3
8,CH2 FAMILY BUSINESS,Bada Bing II: Billy Hotdog,168,BIG UNCLE LOU SPUTTHOLE,lou1,"Prospect. Snow's kit is for Billy. You take Stove's Cleaning Kit, clear the men's room, and collect every piece of him off this floor. Then he travels.",27,RUN — authored order,vo.bing2.lou.briefing,vo.bing2.lou.briefing.mp3
8,CH2 FAMILY BUSINESS,Bada Bing II: Billy Hotdog,169,BIG UNCLE LOU SPUTTHOLE,lou1,"He is gone. Now the room. Every surface, every corner, the whole of it, once, properly. Then you have never been here.",22,RUN — authored order,vo.bing2.lou.sweep_order,vo.bing2.lou.sweep_order.mp3
8,CH2 FAMILY BUSINESS,Bada Bing II: Billy Hotdog,170,BIG UNCLE LOU SPUTTHOLE,lou1,Out the back with Snow. Do not stop in the lot and do not use the front.,17,RUN — authored order,vo.bing2.lou.leave_now,vo.bing2.lou.leave_now.mp3
8,CH2 FAMILY BUSINESS,Bada Bing II: Billy Hotdog,171,BIG UNCLE LOU SPUTTHOLE,lou1,That is not a swept room. Finish it and come back to me.,13,RUN — authored order,vo.bing2.lou.not_swept,vo.bing2.lou.not_swept.mp3
8,CH2 FAMILY BUSINESS,Bada Bing II: Billy Hotdog,172,BIG UNCLE LOU SPUTTHOLE,lou1,Wrap him. Snow gets the keys.,6,RUN — authored order,vo.bing2.lou.wrap_him,vo.bing2.lou.wrap_him.mp3
8,CH2 FAMILY BUSINESS,Bada Bing II: Billy Hotdog,173,BIG UNCLE LOU SPUTTHOLE,lou1,"It looks closed. That is not the same as clean, and closed is what I asked for.",17,RUN — authored order,vo.bing2.lou.closed_not_clean,vo.bing2.lou.closed_not_clean.mp3
8,CH2 FAMILY BUSINESS,Bada Bing II: Billy Hotdog,174,Old Stove,old-stove,That case is mine. Everything in it is labelled. Use what is labelled.,13,RUN — authored order,vo.bing2.old-stove.kit,vo.bing2.old-stove.kit.mp3
8,CH2 FAMILY BUSINESS,Bada Bing II: Billy Hotdog,175,Booski,booski,That is one. There is another one somewhere and it is ruining my night.,14,RUN — authored order,vo.bing2.booski.evidence.1,vo.bing2.booski.evidence.1.mp3
8,CH2 FAMILY BUSINESS,Bada Bing II: Billy Hotdog,176,Booski,booski,"That is both. Tell Lou it is both, and tell him I counted.",13,RUN — authored order,vo.bing2.booski.evidence.2,vo.bing2.booski.evidence.2.mp3
8,CH2 FAMILY BUSINESS,Bada Bing II: Billy Hotdog,177,Rippinflow,rippinflow,I have got the shoulders. You have got the legs. On me.,12,RUN — authored order,vo.bing2.rippin.shoulders,vo.bing2.rippin.shoulders.mp3
8,CH2 FAMILY BUSINESS,Bada Bing II: Billy Hotdog,178,Aubbie,aubbie,"Tight, covered, nothing loose. He travels now.",7,RUN — authored order,vo.bing2.aubbie.wrapped,vo.bing2.aubbie.wrapped.mp3
8,CH2 FAMILY BUSINESS,Bada Bing II: Billy Hotdog,179,Snow,snow,"Take him. Through the store room, out the back, straight into the trunk. Do not put him down.",18,RUN — authored order,vo.bing2.snow.carry,vo.bing2.snow.carry.mp3
8,CH2 FAMILY BUSINESS,Bada Bing II: Billy Hotdog,180,Snow,snow,"Trunk is open. You and Numbskull, on three.",8,RUN — authored order,vo.bing2.snow.trunk,vo.bing2.snow.trunk.mp3
8,CH2 FAMILY BUSINESS,Bada Bing II: Billy Hotdog,181,Booski,booski,"Prospect, how about a shot?",5,RUN — authored order,vo.bing2.booski.shot_offer,vo.bing2.booski.shot_offer.mp3
8,CH2 FAMILY BUSINESS,Bada Bing II: Billy Hotdog,182,Sauce,sauce,"Eat something. Now, while it is still a party.",9,RUN — authored order,vo.bing2.sauce.plate,vo.bing2.sauce.plate.mp3
9,CH2 FAMILY BUSINESS,Graveyard,1,Snow,snow,"End of the road. Fresh plot is past GeeWiz. When Billy misses breakfast, they watch familiar doors. Yours is familiar.",20,RUN — authored order,vo.graveyard.arrival.snow.watched-home,vo.graveyard.arrival.snow.watched-home.mp3
9,CH2 FAMILY BUSINESS,Graveyard,2,Tony (the Prospect),player,So why the Motel?,4,RUN — authored order,vo.graveyard.arrival.prospect.why-motel,vo.graveyard.arrival.prospect.why-motel.mp3
9,CH2 FAMILY BUSINESS,Graveyard,3,Snow,snow,A room they do not know and a deal that keeps us busy until daylight.,15,RUN — authored order,vo.graveyard.arrival.snow.daylight-cover,vo.graveyard.arrival.snow.daylight-cover.mp3
9,CH2 FAMILY BUSINESS,Graveyard,4,Snow,snow,Car. Now. Room twelve buys us daylight.,7,RUN — authored order,vo.graveyard.snow.bark.daylight,vo.graveyard.snow.bark.daylight.mp3
9,CH2 FAMILY BUSINESS,Graveyard,5,Snow,snow,Fresh plot is past GeeWiz. The reserved hole stays open.,10,RUN — authored order,vo.graveyard.snow.bark.plot,vo.graveyard.snow.bark.plot.mp3
9,CH2 FAMILY BUSINESS,Graveyard,6,Tony (the Prospect),player,"Babs got the good stone, fresh flowers, and a bench nobody puts their feet on.",15,RUN — authored order,vo.graveyard.inspect.babs,vo.graveyard.inspect.babs.mp3
9,CH2 FAMILY BUSINESS,Graveyard,7,Tony (the Prospect),player,Brawny sold out the Family. Even the rain looks cleaner than this grave.,13,RUN — authored order,vo.graveyard.inspect.brawny,vo.graveyard.inspect.brawny.mp3
9,CH2 FAMILY BUSINESS,Graveyard,8,Tony (the Prospect),player,Whiplash got a crooked marker and exactly the maintenance he earned.,11,RUN — authored order,vo.graveyard.inspect.whiplash,vo.graveyard.inspect.whiplash.mp3
9,CH2 FAMILY BUSINESS,Graveyard,9,Tony (the Prospect),player,"Sheep got a proper stone. Not grand, not cheap. Family middle management forever.",13,RUN — authored order,vo.graveyard.inspect.sheep,vo.graveyard.inspect.sheep.mp3
9,CH2 FAMILY BUSINESS,Graveyard,10,Tony (the Prospect),player,Echo got a decent plot and a very premature date.,10,RUN — authored order,vo.graveyard.inspect.echo,vo.graveyard.inspect.echo.mp3
9,CH2 FAMILY BUSINESS,Graveyard,11,Echo,echo,"Hey, guys? I am still alive down here. Help me out.",11,RUN — authored order,vo.graveyard.echo.alive,vo.graveyard.echo.alive.mp3
9,CH2 FAMILY BUSINESS,Graveyard,12,Tony (the Prospect),player,Poor Echo. Wind sounds just like him tonight.,8,RUN — authored order,vo.graveyard.prospect.wind,vo.graveyard.prospect.wind.mp3
9,CH2 FAMILY BUSINESS,Graveyard,13,Snow,snow,It always does. Keep walking.,5,RUN — authored order,vo.graveyard.snow.wind,vo.graveyard.snow.wind.mp3
9,CH2 FAMILY BUSINESS,Graveyard,14,Tony (the Prospect),player,Colton. His grave smells like Asian feet. That is all I have.,12,RUN — authored order,vo.graveyard.inspect.colton,vo.graveyard.inspect.colton.mp3
9,CH2 FAMILY BUSINESS,Graveyard,15,Tony (the Prospect),player,"GeeWiz. Regular stone, regular plot, one spelling nobody ever agreed on.",11,RUN — authored order,vo.graveyard.inspect.geewiz,vo.graveyard.inspect.geewiz.mp3
9,CH2 FAMILY BUSINESS,Graveyard,16,Tony (the Prospect),player,An open plot marked RESERVED in fresh pencil.,8,RUN — authored order,vo.graveyard.inspect.sauce,vo.graveyard.inspect.sauce.mp3
9,CH2 FAMILY BUSINESS,Graveyard,17,Tony (the Prospect),player,Fresh hole. Why not use this one?,7,RUN — authored order,vo.graveyard.prospect.sauce,vo.graveyard.prospect.sauce.mp3
9,CH2 FAMILY BUSINESS,Graveyard,18,Snow,snow,Reserved means reserved. HotDog goes past GeeWiz.,7,RUN — authored order,vo.graveyard.snow.sauce,vo.graveyard.snow.sauce.mp3
9,CH2 FAMILY BUSINESS,Graveyard,19,Tony (the Prospect),player,"Brawny finally gets fresh flowers. Different liquid, same sentiment.",9,RUN — authored order,vo.graveyard.prospect.pee.brawny,vo.graveyard.prospect.pee.brawny.mp3
9,CH2 FAMILY BUSINESS,Graveyard,20,Tony (the Prospect),player,Whiplash receives the only toast anybody brought him.,8,RUN — authored order,vo.graveyard.prospect.pee.whiplash,vo.graveyard.prospect.pee.whiplash.mp3
9,CH2 FAMILY BUSINESS,Graveyard,21,Snow,snow,Easy. Feet first. He made enough noise above ground.,9,RUN — authored order,vo.graveyard.snow.lower,vo.graveyard.snow.lower.mp3
9,CH2 FAMILY BUSINESS,Graveyard,22,Snow,snow,That closes the HotDog thing. Your building stays watched till morning. We use the Motel.,15,RUN — authored order,vo.graveyard.snow.done.watched-home,vo.graveyard.snow.done.watched-home.mp3
10,CH2 FAMILY BUSINESS,Jerky Motel,1,Scene-local male NPC pool,npc-male,Hold him still!,3,"BANK — hashed cue ids, authored order",vo.motel.bathroom-seller.1r6c7ar.1,vo.motel.bathroom-seller.1r6c7ar.1.mp3
10,CH2 FAMILY BUSINESS,Jerky Motel,2,Chino,motel-chino,The gloves are for hygiene.,5,"BANK — hashed cue ids, authored order",vo.motel.chino.11p7h06.1,vo.motel.chino.11p7h06.1.mp3
10,CH2 FAMILY BUSINESS,Jerky Motel,3,Chino,motel-chino,Stand where I can see you.,6,"BANK — hashed cue ids, authored order",vo.motel.chino.17xspfp.1,vo.motel.chino.17xspfp.1.mp3
10,CH2 FAMILY BUSINESS,Jerky Motel,4,Chino,motel-chino,Get the case! Get the case!,6,"BANK — hashed cue ids, authored order",vo.motel.chino.1l7xwgv.1,vo.motel.chino.1l7xwgv.1.mp3
10,CH2 FAMILY BUSINESS,Jerky Motel,5,Chino,motel-chino,Rico. Why is he so tall. Rico.,7,"BANK — hashed cue ids, authored order",vo.motel.chino.1no0rm9.1,vo.motel.chino.1no0rm9.1.mp3
10,CH2 FAMILY BUSINESS,Jerky Motel,6,Chino,motel-chino,Nobody gets it!,3,"BANK — hashed cue ids, authored order",vo.motel.chino.1uqwhor.1,vo.motel.chino.1uqwhor.1.mp3
10,CH2 FAMILY BUSINESS,Jerky Motel,7,Chino,motel-chino,He is too big! Somebody find the prod!,8,"BANK — hashed cue ids, authored order",vo.motel.chino.2v2pmh.1,vo.motel.chino.2v2pmh.1.mp3
10,CH2 FAMILY BUSINESS,Jerky Motel,8,Chino,motel-chino,He is buying it blind. Rico. He is buying it blind.,11,"BANK — hashed cue ids, authored order",vo.motel.chino.4zdbk.1,vo.motel.chino.4zdbk.1.mp3
10,CH2 FAMILY BUSINESS,Jerky Motel,9,Chino,motel-chino,Rico. He knows.,3,"BANK — hashed cue ids, authored order",vo.motel.chino.5t7utr.1,vo.motel.chino.5t7utr.1.mp3
10,CH2 FAMILY BUSINESS,Jerky Motel,10,Chino,motel-chino,Rico. He is asking who handled it.,7,"BANK — hashed cue ids, authored order",vo.motel.chino.6gc2rn.1,vo.motel.chino.6gc2rn.1.mp3
10,CH2 FAMILY BUSINESS,Jerky Motel,11,Chino,motel-chino,You buying or writing a cookbook?,6,"BANK — hashed cue ids, authored order",vo.motel.chino.gd9owk.1,vo.motel.chino.gd9owk.1.mp3
10,CH2 FAMILY BUSINESS,Jerky Motel,12,Chino,motel-chino,Then nobody eats!,3,"BANK — hashed cue ids, authored order",vo.motel.chino.jmbt5j.1,vo.motel.chino.jmbt5j.1.mp3
10,CH2 FAMILY BUSINESS,Jerky Motel,13,Chino,motel-chino,Nobody is rushing. I am just standing here. By the door.,11,"BANK — hashed cue ids, authored order",vo.motel.chino.l2z2zx.1,vo.motel.chino.l2z2zx.1.mp3
10,CH2 FAMILY BUSINESS,Jerky Motel,14,Chino,motel-chino,You think rare meat grows on trees?,7,"BANK — hashed cue ids, authored order",vo.motel.chino.qdheri.1,vo.motel.chino.qdheri.1.mp3
10,CH2 FAMILY BUSINESS,Jerky Motel,15,Chino,motel-chino,Door stays shut. Air conditioning.,5,"BANK — hashed cue ids, authored order",vo.motel.chino.rs9ixw.1,vo.motel.chino.rs9ixw.1.mp3
10,CH2 FAMILY BUSINESS,Jerky Motel,16,Chino,motel-chino,No refunds once you chew.,5,"BANK — hashed cue ids, authored order",vo.motel.chino.ys9i6q.1,vo.motel.chino.ys9i6q.1.mp3
10,CH2 FAMILY BUSINESS,Jerky Motel,17,Tony (the Prospect),player,I did not say the meat was real.,8,"BANK — hashed cue ids, authored order",vo.motel.prospect.10do4h8.1,vo.motel.prospect.10do4h8.1.mp3
10,CH2 FAMILY BUSINESS,Jerky Motel,18,Tony (the Prospect),player,Eight packages. Numbered labels. Two of these seals have been opened and re-pressed.,13,"BANK — hashed cue ids, authored order",vo.motel.prospect.10rdx22.1,vo.motel.prospect.10rdx22.1.mp3
10,CH2 FAMILY BUSINESS,Jerky Motel,19,Tony (the Prospect),player,You people do not respect the cure.,7,"BANK — hashed cue ids, authored order",vo.motel.prospect.10saw4l.1,vo.motel.prospect.10saw4l.1.mp3
10,CH2 FAMILY BUSINESS,Jerky Motel,20,Tony (the Prospect),player,Snow stays. Say the next part carefully.,7,"BANK — hashed cue ids, authored order",vo.motel.prospect.115gqb.1,vo.motel.prospect.115gqb.1.mp3
10,CH2 FAMILY BUSINESS,Jerky Motel,21,Tony (the Prospect),player,And away it goes. Nobody sells meat to a man with his hand full.,14,"BANK — hashed cue ids, authored order",vo.motel.prospect.11geb9i.1,vo.motel.prospect.11geb9i.1.mp3
10,CH2 FAMILY BUSINESS,Jerky Motel,22,Tony (the Prospect),player,Drive before I inspect you.,5,"BANK — hashed cue ids, authored order",vo.motel.prospect.11o17zs.1,vo.motel.prospect.11o17zs.1.mp3
10,CH2 FAMILY BUSINESS,Jerky Motel,23,Tony (the Prospect),player,I have eaten belts with better texture.,7,"BANK — hashed cue ids, authored order",vo.motel.prospect.12budk2.1,vo.motel.prospect.12budk2.1.mp3
10,CH2 FAMILY BUSINESS,Jerky Motel,24,Tony (the Prospect),player,Somebody who loved this animal cut this.,7,"BANK — hashed cue ids, authored order",vo.motel.prospect.12obl7r.1,vo.motel.prospect.12obl7r.1.mp3
10,CH2 FAMILY BUSINESS,Jerky Motel,25,Tony (the Prospect),player,Humidity touched the bottom packages.,5,"BANK — hashed cue ids, authored order",vo.motel.prospect.141ox2h.1,vo.motel.prospect.141ox2h.1.mp3
10,CH2 FAMILY BUSINESS,Jerky Motel,26,Tony (the Prospect),player,It survived the way a rumour survives.,7,"BANK — hashed cue ids, authored order",vo.motel.prospect.14b4r8e.1,vo.motel.prospect.14b4r8e.1.mp3
10,CH2 FAMILY BUSINESS,Jerky Motel,27,Tony (the Prospect),player,That is not sauce.,4,"BANK — hashed cue ids, authored order",vo.motel.prospect.14i9cbs.1,vo.motel.prospect.14i9cbs.1.mp3
10,CH2 FAMILY BUSINESS,Jerky Motel,28,Tony (the Prospect),player,Too much pepper.,3,"BANK — hashed cue ids, authored order",vo.motel.prospect.15489fg.1,vo.motel.prospect.15489fg.1.mp3
10,CH2 FAMILY BUSINESS,Jerky Motel,29,Tony (the Prospect),player,It is under my coat. It stays under my coat.,10,"BANK — hashed cue ids, authored order",vo.motel.prospect.154gev9.1,vo.motel.prospect.154gev9.1.mp3
10,CH2 FAMILY BUSINESS,Jerky Motel,30,Tony (the Prospect),player,I inspect standing.,3,"BANK — hashed cue ids, authored order",vo.motel.prospect.15g7pb6.1,vo.motel.prospect.15g7pb6.1.mp3
10,CH2 FAMILY BUSINESS,Jerky Motel,31,Tony (the Prospect),player,The railing was rusted. That is on the motel.,9,"BANK — hashed cue ids, authored order",vo.motel.prospect.15ikvju.1,vo.motel.prospect.15ikvju.1.mp3
10,CH2 FAMILY BUSINESS,Jerky Motel,32,Tony (the Prospect),player,The deal is dead. Now it is a gun.,9,"BANK — hashed cue ids, authored order",vo.motel.prospect.17a2qey.1,vo.motel.prospect.17a2qey.1.mp3
10,CH2 FAMILY BUSINESS,Jerky Motel,33,Tony (the Prospect),player,This strip has been folded.,5,"BANK — hashed cue ids, authored order",vo.motel.prospect.18hjn3n.1,vo.motel.prospect.18hjn3n.1.mp3
10,CH2 FAMILY BUSINESS,Jerky Motel,34,Tony (the Prospect),player,Open the door.,3,"BANK — hashed cue ids, authored order",vo.motel.prospect.18wzbaw.1,vo.motel.prospect.18wzbaw.1.mp3
10,CH2 FAMILY BUSINESS,Jerky Motel,35,Tony (the Prospect),player,Stay down.,2,"BANK — hashed cue ids, authored order",vo.motel.prospect.197dj2e.1,vo.motel.prospect.197dj2e.1.mp3
10,CH2 FAMILY BUSINESS,Jerky Motel,36,Tony (the Prospect),player,"The bathroom window opened an inch. Somebody in there wanted air, or a look at the lot.",17,"BANK — hashed cue ids, authored order",vo.motel.prospect.19y7yz4.1,vo.motel.prospect.19y7yz4.1.mp3
10,CH2 FAMILY BUSINESS,Jerky Motel,37,Tony (the Prospect),player,The coupon expired in March. So did my patience.,9,"BANK — hashed cue ids, authored order",vo.motel.prospect.1adqkmh.1,vo.motel.prospect.1adqkmh.1.mp3
10,CH2 FAMILY BUSINESS,Jerky Motel,38,Tony (the Prospect),player,You saw a raccoon. A big one. In a shirt.,10,"BANK — hashed cue ids, authored order",vo.motel.prospect.1be8uji.1,vo.motel.prospect.1be8uji.1.mp3
10,CH2 FAMILY BUSINESS,Jerky Motel,39,Tony (the Prospect),player,"Seventy-two hours of smoke, right in the eyes.",8,"BANK — hashed cue ids, authored order",vo.motel.prospect.1bj01wp.1,vo.motel.prospect.1bj01wp.1.mp3
10,CH2 FAMILY BUSINESS,Jerky Motel,40,Tony (the Prospect),player,I have to duck in your doorway. Think about what that means for you.,14,"BANK — hashed cue ids, authored order",vo.motel.prospect.1bzy9q9.1,vo.motel.prospect.1bzy9q9.1.mp3
10,CH2 FAMILY BUSINESS,Jerky Motel,41,Tony (the Prospect),player,Wear it.,2,"BANK — hashed cue ids, authored order",vo.motel.prospect.1cxjcvf.1,vo.motel.prospect.1cxjcvf.1.mp3
10,CH2 FAMILY BUSINESS,Jerky Motel,42,Tony (the Prospect),player,It is real.,3,"BANK — hashed cue ids, authored order",vo.motel.prospect.1cyyp1q.1,vo.motel.prospect.1cyyp1q.1.mp3
10,CH2 FAMILY BUSINESS,Jerky Motel,43,Tony (the Prospect),player,"Premium stash. Black wrap, wax seal, real numbers. He was never going to sell me this.",16,"BANK — hashed cue ids, authored order",vo.motel.prospect.1d0a8bc.1,vo.motel.prospect.1d0a8bc.1.mp3
10,CH2 FAMILY BUSINESS,Jerky Motel,44,Tony (the Prospect),player,Eight packages. Numbered labels. Seals all intact.,7,"BANK — hashed cue ids, authored order",vo.motel.prospect.1d7xfdi.1,vo.motel.prospect.1d7xfdi.1.mp3
10,CH2 FAMILY BUSINESS,Jerky Motel,45,Tony (the Prospect),player,You are the third best liar in this room and there are three of us.,15,"BANK — hashed cue ids, authored order",vo.motel.prospect.1dq5l5a.1,vo.motel.prospect.1dq5l5a.1.mp3
10,CH2 FAMILY BUSINESS,Jerky Motel,46,Tony (the Prospect),player,Pointed at nothing. Whoever aimed it did not want room twelve on tape.,13,"BANK — hashed cue ids, authored order",vo.motel.prospect.1eqj2mi.1,vo.motel.prospect.1eqj2mi.1.mp3
10,CH2 FAMILY BUSINESS,Jerky Motel,47,Tony (the Prospect),player,Everyone in this room is smaller than the deal.,9,"BANK — hashed cue ids, authored order",vo.motel.prospect.1f40bwo.1,vo.motel.prospect.1f40bwo.1.mp3
10,CH2 FAMILY BUSINESS,Jerky Motel,48,Tony (the Prospect),player,I know. I heard you breathing an hour ago.,9,"BANK — hashed cue ids, authored order",vo.motel.prospect.1fre0j.1,vo.motel.prospect.1fre0j.1.mp3
10,CH2 FAMILY BUSINESS,Jerky Motel,49,Tony (the Prospect),player,"Room eleven. The real cure, stacked to the ceiling. They were selling me the wrapping.",15,"BANK — hashed cue ids, authored order",vo.motel.prospect.1g6x37j.1,vo.motel.prospect.1g6x37j.1.mp3
10,CH2 FAMILY BUSINESS,Jerky Motel,50,Tony (the Prospect),player,Do not rush me near meat.,6,"BANK — hashed cue ids, authored order",vo.motel.prospect.1hsm8zy.1,vo.motel.prospect.1hsm8zy.1.mp3
10,CH2 FAMILY BUSINESS,Jerky Motel,51,Tony (the Prospect),player,"Brittle outside, alive inside.",4,"BANK — hashed cue ids, authored order",vo.motel.prospect.1icrpcf.1,vo.motel.prospect.1icrpcf.1.mp3
10,CH2 FAMILY BUSINESS,Jerky Motel,52,Tony (the Prospect),player,You Rico?,2,"BANK — hashed cue ids, authored order",vo.motel.prospect.1k6caos.1,vo.motel.prospect.1k6caos.1.mp3
10,CH2 FAMILY BUSINESS,Jerky Motel,53,Tony (the Prospect),player,He answered too fast to be lying.,7,"BANK — hashed cue ids, authored order",vo.motel.prospect.1l8u6sa.1,vo.motel.prospect.1l8u6sa.1.mp3
10,CH2 FAMILY BUSINESS,Jerky Motel,54,Tony (the Prospect),player,Their case is on the far bed now. That is not where a deal happens.,15,"BANK — hashed cue ids, authored order",vo.motel.prospect.1mllplw.1,vo.motel.prospect.1mllplw.1.mp3
10,CH2 FAMILY BUSINESS,Jerky Motel,55,Tony (the Prospect),player,Now. Where is my meat.,5,"BANK — hashed cue ids, authored order",vo.motel.prospect.1mr6qip.1,vo.motel.prospect.1mr6qip.1.mp3
10,CH2 FAMILY BUSINESS,Jerky Motel,56,Tony (the Prospect),player,Still six. They do not breed in there.,8,"BANK — hashed cue ids, authored order",vo.motel.prospect.1nexwwk.1,vo.motel.prospect.1nexwwk.1.mp3
10,CH2 FAMILY BUSINESS,Jerky Motel,57,Tony (the Prospect),player,Eight in their case. One on the table. Neither of them is mine yet.,14,"BANK — hashed cue ids, authored order",vo.motel.prospect.1nfytw8.1,vo.motel.prospect.1nfytw8.1.mp3
10,CH2 FAMILY BUSINESS,Jerky Motel,58,Tony (the Prospect),player,"There is a man breathing in your bathroom, Rico.",9,"BANK — hashed cue ids, authored order",vo.motel.prospect.1ppllw9.1,vo.motel.prospect.1ppllw9.1.mp3
10,CH2 FAMILY BUSINESS,Jerky Motel,59,Tony (the Prospect),player,A man with real product does not need a partner. Deal.,11,"BANK — hashed cue ids, authored order",vo.motel.prospect.1q6jhrg.1,vo.motel.prospect.1q6jhrg.1.mp3
10,CH2 FAMILY BUSINESS,Jerky Motel,60,Tony (the Prospect),player,"Cured, not dried.",3,"BANK — hashed cue ids, authored order",vo.motel.prospect.1qdqv41.1,vo.motel.prospect.1qdqv41.1.mp3
10,CH2 FAMILY BUSINESS,Jerky Motel,61,Tony (the Prospect),player,"Reserve wrapper. Chewed open, not cut. Somebody in this motel is eating the inventory.",14,"BANK — hashed cue ids, authored order",vo.motel.prospect.1qkrqus.1,vo.motel.prospect.1qkrqus.1.mp3
10,CH2 FAMILY BUSINESS,Jerky Motel,62,Tony (the Prospect),player,That is how business works.,5,"BANK — hashed cue ids, authored order",vo.motel.prospect.1sf6znk.1,vo.motel.prospect.1sf6znk.1.mp3
10,CH2 FAMILY BUSINESS,Jerky Motel,63,Tony (the Prospect),player,Third man. Of course there is a third man.,9,"BANK — hashed cue ids, authored order",vo.motel.prospect.1sg1oqo.1,vo.motel.prospect.1sg1oqo.1.mp3
10,CH2 FAMILY BUSINESS,Jerky Motel,64,Tony (the Prospect),player,This room is too warm.,5,"BANK — hashed cue ids, authored order",vo.motel.prospect.1to7kzv.1,vo.motel.prospect.1to7kzv.1.mp3
10,CH2 FAMILY BUSINESS,Jerky Motel,65,Tony (the Prospect),player,Silver is cheaper than this and silver does not spoil.,10,"BANK — hashed cue ids, authored order",vo.motel.prospect.1toav3k.1,vo.motel.prospect.1toav3k.1.mp3
10,CH2 FAMILY BUSINESS,Jerky Motel,66,Tony (the Prospect),player,This motel smells like boiled carpet.,6,"BANK — hashed cue ids, authored order",vo.motel.prospect.1va5ald.1,vo.motel.prospect.1va5ald.1.mp3
10,CH2 FAMILY BUSINESS,Jerky Motel,67,Tony (the Prospect),player,This is gas-station product with the logo scraped off.,9,"BANK — hashed cue ids, authored order",vo.motel.prospect.1vgn0j7.1,vo.motel.prospect.1vgn0j7.1.mp3
10,CH2 FAMILY BUSINESS,Jerky Motel,68,Tony (the Prospect),player,Nobody near the television.,4,"BANK — hashed cue ids, authored order",vo.motel.prospect.1wgrphx.1,vo.motel.prospect.1wgrphx.1.mp3
10,CH2 FAMILY BUSINESS,Jerky Motel,69,Tony (the Prospect),player,Hands. Both of them. On the case.,7,"BANK — hashed cue ids, authored order",vo.motel.prospect.1ydce4z.1,vo.motel.prospect.1ydce4z.1.mp3
10,CH2 FAMILY BUSINESS,Jerky Motel,70,Tony (the Prospect),player,Motel lamp. Heavier than it looks.,6,"BANK — hashed cue ids, authored order",vo.motel.prospect.1z12ntc.1,vo.motel.prospect.1z12ntc.1.mp3
10,CH2 FAMILY BUSINESS,Jerky Motel,71,Tony (the Prospect),player,Stamp is serialised.,3,"BANK — hashed cue ids, authored order",vo.motel.prospect.39rx91.1,vo.motel.prospect.39rx91.1.mp3
10,CH2 FAMILY BUSINESS,Jerky Motel,72,Tony (the Prospect),player,Stop eating the shipment!,4,"BANK — hashed cue ids, authored order",vo.motel.prospect.3vsopv.1,vo.motel.prospect.3vsopv.1.mp3
10,CH2 FAMILY BUSINESS,Jerky Motel,73,Tony (the Prospect),player,Show me the full case.,5,"BANK — hashed cue ids, authored order",vo.motel.prospect.51x338.1,vo.motel.prospect.51x338.1.mp3
10,CH2 FAMILY BUSINESS,Jerky Motel,74,Tony (the Prospect),player,"Sugar glaze, uniform strips, no butcher stamp. Room eleven, then.",10,"BANK — hashed cue ids, authored order",vo.motel.prospect.5mi8ez.1,vo.motel.prospect.5mi8ez.1.mp3
10,CH2 FAMILY BUSINESS,Jerky Motel,75,Tony (the Prospect),player,Second floor. He looked away a half second late. That is a man with a job.,16,"BANK — hashed cue ids, authored order",vo.motel.prospect.5u8h0e.1,vo.motel.prospect.5u8h0e.1.mp3
10,CH2 FAMILY BUSINESS,Jerky Motel,76,Tony (the Prospect),player,Do not put hands on a Squatchtana.,7,"BANK — hashed cue ids, authored order",vo.motel.prospect.5wkpe7.1,vo.motel.prospect.5wkpe7.1.mp3
10,CH2 FAMILY BUSINESS,Jerky Motel,77,Tony (the Prospect),player,I can smell preservatives.,4,"BANK — hashed cue ids, authored order",vo.motel.prospect.7fnml8.1,vo.motel.prospect.7fnml8.1.mp3
10,CH2 FAMILY BUSINESS,Jerky Motel,78,Tony (the Prospect),player,Wasted good seasoning.,3,"BANK — hashed cue ids, authored order",vo.motel.prospect.7gn93f.1,vo.motel.prospect.7gn93f.1.mp3
10,CH2 FAMILY BUSINESS,Jerky Motel,79,Tony (the Prospect),player,It matches the card.,4,"BANK — hashed cue ids, authored order",vo.motel.prospect.7w3hzi.1,vo.motel.prospect.7w3hzi.1.mp3
10,CH2 FAMILY BUSINESS,Jerky Motel,80,Tony (the Prospect),player,You sold me a lie in a wrapper. Fix it.,10,"BANK — hashed cue ids, authored order",vo.motel.prospect.7ziac4.1,vo.motel.prospect.7ziac4.1.mp3
10,CH2 FAMILY BUSINESS,Jerky Motel,81,Tony (the Prospect),player,"Two cases, one table. Mine stays shut until I like what I see.",13,"BANK — hashed cue ids, authored order",vo.motel.prospect.8yh8qr.1,vo.motel.prospect.8yh8qr.1.mp3
10,CH2 FAMILY BUSINESS,Jerky Motel,82,Tony (the Prospect),player,Eleven-year cure. It has a barcode from last April.,9,"BANK — hashed cue ids, authored order",vo.motel.prospect.9a7rkv.1,vo.motel.prospect.9a7rkv.1.mp3
10,CH2 FAMILY BUSINESS,Jerky Motel,83,Tony (the Prospect),player,Depends what is in the suitcase.,6,"BANK — hashed cue ids, authored order",vo.motel.prospect.9znaav.1,vo.motel.prospect.9znaav.1.mp3
10,CH2 FAMILY BUSINESS,Jerky Motel,84,Tony (the Prospect),player,"He is watching the road, not the lot. Nobody watches the road unless somebody is coming.",16,"BANK — hashed cue ids, authored order",vo.motel.prospect.aic4op.1,vo.motel.prospect.aic4op.1.mp3
10,CH2 FAMILY BUSINESS,Jerky Motel,85,Tony (the Prospect),player,Running engine. Warm seat. Nobody in it. That is a car waiting to leave in a hurry.,17,"BANK — hashed cue ids, authored order",vo.motel.prospect.am69zw.1,vo.motel.prospect.am69zw.1.mp3
10,CH2 FAMILY BUSINESS,Jerky Motel,86,Tony (the Prospect),player,This is gas-station product.,4,"BANK — hashed cue ids, authored order",vo.motel.prospect.b82z9m.1,vo.motel.prospect.b82z9m.1.mp3
10,CH2 FAMILY BUSINESS,Jerky Motel,87,Tony (the Prospect),player,"Four of them in the lot. Two by the stairs, one at the pool, one at my car.",18,"BANK — hashed cue ids, authored order",vo.motel.prospect.c3avlg.1,vo.motel.prospect.c3avlg.1.mp3
10,CH2 FAMILY BUSINESS,Jerky Motel,88,Tony (the Prospect),player,Say his name again and I use the vacuum sealer on you.,12,"BANK — hashed cue ids, authored order",vo.motel.prospect.d13f0e.1,vo.motel.prospect.d13f0e.1.mp3
10,CH2 FAMILY BUSINESS,Jerky Motel,89,Tony (the Prospect),player,Motel bathtubs are not built for this species.,8,"BANK — hashed cue ids, authored order",vo.motel.prospect.gaamab.1,vo.motel.prospect.gaamab.1.mp3
10,CH2 FAMILY BUSINESS,Jerky Motel,90,Tony (the Prospect),player,That is the Reserve.,4,"BANK — hashed cue ids, authored order",vo.motel.prospect.gfi373.1,vo.motel.prospect.gfi373.1.mp3
10,CH2 FAMILY BUSINESS,Jerky Motel,91,Tony (the Prospect),player,The card and the meat disagree.,6,"BANK — hashed cue ids, authored order",vo.motel.prospect.hmhz25.1,vo.motel.prospect.hmhz25.1.mp3
10,CH2 FAMILY BUSINESS,Jerky Motel,92,Tony (the Prospect),player,Nobody sells this to anybody now.,6,"BANK — hashed cue ids, authored order",vo.motel.prospect.il9mli.1,vo.motel.prospect.il9mli.1.mp3
10,CH2 FAMILY BUSINESS,Jerky Motel,93,Tony (the Prospect),player,Nobody in this room agrees where the cattle died.,9,"BANK — hashed cue ids, authored order",vo.motel.prospect.j3x376.1,vo.motel.prospect.j3x376.1.mp3
10,CH2 FAMILY BUSINESS,Jerky Motel,94,Tony (the Prospect),player,I should work the deal before resorting to that.,9,"BANK — hashed cue ids, authored order",vo.motel.prospect.k4q2t7.1,vo.motel.prospect.k4q2t7.1.mp3
10,CH2 FAMILY BUSINESS,Jerky Motel,95,Tony (the Prospect),player,"If the grain runs sideways, we walk.",7,"BANK — hashed cue ids, authored order",vo.motel.prospect.k9e4m.1,vo.motel.prospect.k9e4m.1.mp3
10,CH2 FAMILY BUSINESS,Jerky Motel,96,Tony (the Prospect),player,You parked facing the building.,5,"BANK — hashed cue ids, authored order",vo.motel.prospect.lflt2o.1,vo.motel.prospect.lflt2o.1.mp3
10,CH2 FAMILY BUSINESS,Jerky Motel,97,Tony (the Prospect),player,"No, I am motel inspection.",5,"BANK — hashed cue ids, authored order",vo.motel.prospect.m5c7so.1,vo.motel.prospect.m5c7so.1.mp3
10,CH2 FAMILY BUSINESS,Jerky Motel,98,Tony (the Prospect),player,"Vacuum packets. Opened out here, refilled out here. Somebody repacked the shipment in a parking lot.",16,"BANK — hashed cue ids, authored order",vo.motel.prospect.mctpd6.1,vo.motel.prospect.mctpd6.1.mp3
10,CH2 FAMILY BUSINESS,Jerky Motel,99,Tony (the Prospect),player,This smoke is real.,4,"BANK — hashed cue ids, authored order",vo.motel.prospect.nj4caa.1,vo.motel.prospect.nj4caa.1.mp3
10,CH2 FAMILY BUSINESS,Jerky Motel,100,Tony (the Prospect),player,Not yet. Let us see how this plays out.,9,"BANK — hashed cue ids, authored order",vo.motel.prospect.nlnc9n.1,vo.motel.prospect.nlnc9n.1.mp3
10,CH2 FAMILY BUSINESS,Jerky Motel,101,Tony (the Prospect),player,Lou sent me here to buy meat. Not to redecorate a motel.,12,"BANK — hashed cue ids, authored order",vo.motel.prospect.ohgctx.1,vo.motel.prospect.ohgctx.1.mp3
10,CH2 FAMILY BUSINESS,Jerky Motel,102,Tony (the Prospect),player,You stored this near fish.,5,"BANK — hashed cue ids, authored order",vo.motel.prospect.owqgsl.1,vo.motel.prospect.owqgsl.1.mp3
10,CH2 FAMILY BUSINESS,Jerky Motel,103,Tony (the Prospect),player,"If they waste my time, they lose more than jerky.",10,"BANK — hashed cue ids, authored order",vo.motel.prospect.q78td1.1,vo.motel.prospect.q78td1.1.mp3
10,CH2 FAMILY BUSINESS,Jerky Motel,104,Tony (the Prospect),player,Bring out the real case and we forget this.,9,"BANK — hashed cue ids, authored order",vo.motel.prospect.rkk726.1,vo.motel.prospect.rkk726.1.mp3
10,CH2 FAMILY BUSINESS,Jerky Motel,105,Tony (the Prospect),player,This was cut against the grain. Who handled it?,9,"BANK — hashed cue ids, authored order",vo.motel.prospect.s09ge3.1,vo.motel.prospect.s09ge3.1.mp3
10,CH2 FAMILY BUSINESS,Jerky Motel,106,Tony (the Prospect),player,Hold the case. I am driving.,6,"BANK — hashed cue ids, authored order",vo.motel.prospect.vxzjpf.1,vo.motel.prospect.vxzjpf.1.mp3
10,CH2 FAMILY BUSINESS,Jerky Motel,107,Tony (the Prospect),player,Nobody locks a door during honest jerky.,7,"BANK — hashed cue ids, authored order",vo.motel.prospect.w6mx48.1,vo.motel.prospect.w6mx48.1.mp3
10,CH2 FAMILY BUSINESS,Jerky Motel,108,Tony (the Prospect),player,You scraped the logo off. You did not scrape it well.,11,"BANK — hashed cue ids, authored order",vo.motel.prospect.yg7zy7.1,vo.motel.prospect.yg7zy7.1.mp3
10,CH2 FAMILY BUSINESS,Jerky Motel,109,Tony (the Prospect),player,Compact revolver. Six in the wheel. For emergencies and disrespect.,10,"BANK — hashed cue ids, authored order",vo.motel.prospect.zuwvp1.1,vo.motel.prospect.zuwvp1.1.mp3
10,CH2 FAMILY BUSINESS,Jerky Motel,110,Rico,motel-rico,"Not worth it, not worth it!",6,"BANK — hashed cue ids, authored order",vo.motel.rico.11fionc.1,vo.motel.rico.11fionc.1.mp3
10,CH2 FAMILY BUSINESS,Jerky Motel,111,Rico,motel-rico,I told you.,3,"BANK — hashed cue ids, authored order",vo.motel.rico.170sfxc.1,vo.motel.rico.170sfxc.1.mp3
10,CH2 FAMILY BUSINESS,Jerky Motel,112,Rico,motel-rico,"Relax, big man. Doors open easier when nobody yells at them.",11,"BANK — hashed cue ids, authored order",vo.motel.rico.1acw28m.1,vo.motel.rico.1acw28m.1.mp3
10,CH2 FAMILY BUSINESS,Jerky Motel,113,Rico,motel-rico,Nobody handled it. It handles itself.,6,"BANK — hashed cue ids, authored order",vo.motel.rico.1ahrvdy.1,vo.motel.rico.1ahrvdy.1.mp3
10,CH2 FAMILY BUSINESS,Jerky Motel,114,Rico,motel-rico,Nothing personal. Everything financial.,4,"BANK — hashed cue ids, authored order",vo.motel.rico.1ayqiuw.1,vo.motel.rico.1ayqiuw.1.mp3
10,CH2 FAMILY BUSINESS,Jerky Motel,115,Rico,motel-rico,This is not gas-station product.,5,"BANK — hashed cue ids, authored order",vo.motel.rico.1d1vszt.1,vo.motel.rico.1d1vszt.1.mp3
10,CH2 FAMILY BUSINESS,Jerky Motel,116,Rico,motel-rico,Government took the herd. Government did not take everything.,9,"BANK — hashed cue ids, authored order",vo.motel.rico.1d3w1y8.1,vo.motel.rico.1d3w1y8.1.mp3
10,CH2 FAMILY BUSINESS,Jerky Motel,117,Rico,motel-rico,Barcodes get printed. Meat gets born.,6,"BANK — hashed cue ids, authored order",vo.motel.rico.1d756mb.1,vo.motel.rico.1d756mb.1.mp3
10,CH2 FAMILY BUSINESS,Jerky Motel,118,Rico,motel-rico,Set it down. It is not going to be sitting there long.,12,"BANK — hashed cue ids, authored order",vo.motel.rico.1eg090q.1,vo.motel.rico.1eg090q.1.mp3
10,CH2 FAMILY BUSINESS,Jerky Motel,119,Rico,motel-rico,"Do not lean on that. It is a wall, but only technically.",12,"BANK — hashed cue ids, authored order",vo.motel.rico.1g6gshq.1,vo.motel.rico.1g6gshq.1.mp3
10,CH2 FAMILY BUSINESS,Jerky Motel,120,Rico,motel-rico,What is in the suitcase is history. Come inside before the neighbours smell it.,14,"BANK — hashed cue ids, authored order",vo.motel.rico.1gvk8hc.1,vo.motel.rico.1gvk8hc.1.mp3
10,CH2 FAMILY BUSINESS,Jerky Motel,121,Rico,motel-rico,The whole case. Nothing to hide in a case.,9,"BANK — hashed cue ids, authored order",vo.motel.rico.1hkmltr.1,vo.motel.rico.1hkmltr.1.mp3
10,CH2 FAMILY BUSINESS,Jerky Motel,122,Rico,motel-rico,Mountain reserve. Eleven-year cure. No fillers.,6,"BANK — hashed cue ids, authored order",vo.motel.rico.1iuwr62.1,vo.motel.rico.1iuwr62.1.mp3
10,CH2 FAMILY BUSINESS,Jerky Motel,123,Rico,motel-rico,Meat first. Money second. That is how this works.,9,"BANK — hashed cue ids, authored order",vo.motel.rico.1l3y0w1.1,vo.motel.rico.1l3y0w1.1.mp3
10,CH2 FAMILY BUSINESS,Jerky Motel,124,Rico,motel-rico,Whoa — WHOA—,3,"BANK — hashed cue ids, authored order",vo.motel.rico.1l5asv7.1,vo.motel.rico.1l5asv7.1.mp3
10,CH2 FAMILY BUSINESS,Jerky Motel,125,Rico,motel-rico,Not the product! Anything but the product!,7,"BANK — hashed cue ids, authored order",vo.motel.rico.1m8h69d.1,vo.motel.rico.1m8h69d.1.mp3
10,CH2 FAMILY BUSINESS,Jerky Motel,126,Rico,motel-rico,There is no other case. There is this case.,9,"BANK — hashed cue ids, authored order",vo.motel.rico.1p55mem.1,vo.motel.rico.1p55mem.1.mp3
10,CH2 FAMILY BUSINESS,Jerky Motel,127,Rico,motel-rico,That batch crossed three state lines.,6,"BANK — hashed cue ids, authored order",vo.motel.rico.1q073mn.1,vo.motel.rico.1q073mn.1.mp3
10,CH2 FAMILY BUSINESS,Jerky Motel,128,Rico,motel-rico,...Who told you about eleven?,5,"BANK — hashed cue ids, authored order",vo.motel.rico.1r9ocyc.1,vo.motel.rico.1r9ocyc.1.mp3
10,CH2 FAMILY BUSINESS,Jerky Motel,129,Rico,motel-rico,Seventy-two hours of smoke. Seventy-two.,5,"BANK — hashed cue ids, authored order",vo.motel.rico.6tkwpk.1,vo.motel.rico.6tkwpk.1.mp3
10,CH2 FAMILY BUSINESS,Jerky Motel,130,Rico,motel-rico,Depends who is asking about meat at this hour.,9,"BANK — hashed cue ids, authored order",vo.motel.rico.a1d282.1,vo.motel.rico.a1d282.1.mp3
10,CH2 FAMILY BUSINESS,Jerky Motel,131,Rico,motel-rico,"Now the other half. On the table, where I can see it.",12,"BANK — hashed cue ids, authored order",vo.motel.rico.afuxpx.1,vo.motel.rico.afuxpx.1.mp3
10,CH2 FAMILY BUSINESS,Jerky Motel,132,Rico,motel-rico,See? Civilised.,2,"BANK — hashed cue ids, authored order",vo.motel.rico.agljzb.1,vo.motel.rico.agljzb.1.mp3
10,CH2 FAMILY BUSINESS,Jerky Motel,133,Rico,motel-rico,In this room we are all the same size.,9,"BANK — hashed cue ids, authored order",vo.motel.rico.bdn2mc.1,vo.motel.rico.bdn2mc.1.mp3
10,CH2 FAMILY BUSINESS,Jerky Motel,134,Rico,motel-rico,Three. He counted three.,4,"BANK — hashed cue ids, authored order",vo.motel.rico.bxbl0i.1,vo.motel.rico.bxbl0i.1.mp3
10,CH2 FAMILY BUSINESS,Jerky Motel,135,Rico,motel-rico,The cattle had names.,4,"BANK — hashed cue ids, authored order",vo.motel.rico.fy7cus.1,vo.motel.rico.fy7cus.1.mp3
10,CH2 FAMILY BUSINESS,Jerky Motel,136,Rico,motel-rico,Satisfied? The case is right there. Eight of them. Count it.,11,"BANK — hashed cue ids, authored order",vo.motel.rico.hwxkhb.1,vo.motel.rico.hwxkhb.1.mp3
10,CH2 FAMILY BUSINESS,Jerky Motel,137,Rico,motel-rico,There it is. Now we are all friends with a table between us.,13,"BANK — hashed cue ids, authored order",vo.motel.rico.ifg4sl.1,vo.motel.rico.ifg4sl.1.mp3
10,CH2 FAMILY BUSINESS,Jerky Motel,138,Rico,motel-rico,Funny. Inspectors do not have that much fur.,8,"BANK — hashed cue ids, authored order",vo.motel.rico.kf27q4.1,vo.motel.rico.kf27q4.1.mp3
10,CH2 FAMILY BUSINESS,Jerky Motel,139,Rico,motel-rico,Bring out the cutting board.,5,"BANK — hashed cue ids, authored order",vo.motel.rico.m5af92.1,vo.motel.rico.m5af92.1.mp3
10,CH2 FAMILY BUSINESS,Jerky Motel,140,Rico,motel-rico,Do not touch that package.,5,"BANK — hashed cue ids, authored order",vo.motel.rico.nq46iz.1,vo.motel.rico.nq46iz.1.mp3
10,CH2 FAMILY BUSINESS,Jerky Motel,141,Rico,motel-rico,Bring out the cutting board!,5,"BANK — hashed cue ids, authored order",vo.motel.rico.p761vr.1,vo.motel.rico.p761vr.1.mp3
10,CH2 FAMILY BUSINESS,Jerky Motel,142,Rico,motel-rico,Now that is business.,4,"BANK — hashed cue ids, authored order",vo.motel.rico.pbbijs.1,vo.motel.rico.pbbijs.1.mp3
10,CH2 FAMILY BUSINESS,Jerky Motel,143,Rico,motel-rico,You Prospect?,2,"BANK — hashed cue ids, authored order",vo.motel.rico.q51qjl.1,vo.motel.rico.q51qjl.1.mp3
10,CH2 FAMILY BUSINESS,Jerky Motel,144,Rico,motel-rico,Come in before the neighbours smell it.,7,"BANK — hashed cue ids, authored order",vo.motel.rico.vj382u.1,vo.motel.rico.vj382u.1.mp3
10,CH2 FAMILY BUSINESS,Jerky Motel,145,Rico,motel-rico,Belts. He says belts. In my room.,7,"BANK — hashed cue ids, authored order",vo.motel.rico.wapvrs.1,vo.motel.rico.wapvrs.1.mp3
10,CH2 FAMILY BUSINESS,Jerky Motel,146,Rico,motel-rico,The next part is the part where you decide.,9,"BANK — hashed cue ids, authored order",vo.motel.rico.yn1flc.1,vo.motel.rico.yn1flc.1.mp3
10,CH2 FAMILY BUSINESS,Jerky Motel,147,Rico,motel-rico,Noted. Loudly.,2,"BANK — hashed cue ids, authored order",vo.motel.rico.zag488.1,vo.motel.rico.zag488.1.mp3
10,CH2 FAMILY BUSINESS,Jerky Motel,148,Rico,motel-rico,"Your driver takes forty of your money for parking a car. Walk out with me instead. You keep the case, I keep the cash, he keeps the parking.",28,"BANK — hashed cue ids, authored order",vo.motel.rico.zxp81u.1,vo.motel.rico.zxp81u.1.mp3
10,CH2 FAMILY BUSINESS,Jerky Motel,149,Snow,snow,Humidity touched everything tonight.,4,"BANK — hashed cue ids, authored order",vo.motel.snow.164aj8o.1,vo.motel.snow.164aj8o.1.mp3
10,CH2 FAMILY BUSINESS,Jerky Motel,150,Snow,snow,I am fine. Not my blood.,6,"BANK — hashed cue ids, authored order",vo.motel.snow.16e6ehh.1,vo.motel.snow.16e6ehh.1.mp3
10,CH2 FAMILY BUSINESS,Jerky Motel,151,Snow,snow,That was my door.,4,"BANK — hashed cue ids, authored order",vo.motel.snow.17ndr8f.1,vo.motel.snow.17ndr8f.1.mp3
10,CH2 FAMILY BUSINESS,Jerky Motel,152,Snow,snow,Coming in. Do not swing.,5,"BANK — hashed cue ids, authored order",vo.motel.snow.19076v5.1,vo.motel.snow.19076v5.1.mp3
10,CH2 FAMILY BUSINESS,Jerky Motel,153,Snow,snow,Second car. Running. Nobody in it.,6,"BANK — hashed cue ids, authored order",vo.motel.snow.19l50hx.1,vo.motel.snow.19l50hx.1.mp3
10,CH2 FAMILY BUSINESS,Jerky Motel,154,Snow,snow,We paid forty thousand dollars for gas-station product.,8,"BANK — hashed cue ids, authored order",vo.motel.snow.1bnvuno.1,vo.motel.snow.1bnvuno.1.mp3
10,CH2 FAMILY BUSINESS,Jerky Motel,155,Snow,snow,The pool. Nobody drained it since the eighties.,8,"BANK — hashed cue ids, authored order",vo.motel.snow.1cofoww.1,vo.motel.snow.1cofoww.1.mp3
10,CH2 FAMILY BUSINESS,Jerky Motel,156,Snow,snow,Driving. Driving.,2,"BANK — hashed cue ids, authored order",vo.motel.snow.1couizl.1,vo.motel.snow.1couizl.1.mp3
10,CH2 FAMILY BUSINESS,Jerky Motel,157,Snow,snow,"Grain runs sideways, I am driving.",6,"BANK — hashed cue ids, authored order",vo.motel.snow.1geklbx.1,vo.motel.snow.1geklbx.1.mp3
10,CH2 FAMILY BUSINESS,Jerky Motel,158,Snow,snow,Right here. Facing the exit.,5,"BANK — hashed cue ids, authored order",vo.motel.snow.1hkt3n0.1,vo.motel.snow.1hkt3n0.1.mp3
10,CH2 FAMILY BUSINESS,Jerky Motel,159,Snow,snow,Case in both hands. That is the only thing they need to see you holding.,15,"BANK — hashed cue ids, authored order",vo.motel.snow.1igo4tf.1,vo.motel.snow.1igo4tf.1.mp3
10,CH2 FAMILY BUSINESS,Jerky Motel,160,Snow,snow,Two minutes. Then I honk.,5,"BANK — hashed cue ids, authored order",vo.motel.snow.1k5xr8m.1,vo.motel.snow.1k5xr8m.1.mp3
10,CH2 FAMILY BUSINESS,Jerky Motel,161,Snow,snow,The upstairs. Somebody keeps not looking at me.,8,"BANK — hashed cue ids, authored order",vo.motel.snow.1lx3orc.1,vo.motel.snow.1lx3orc.1.mp3
10,CH2 FAMILY BUSINESS,Jerky Motel,162,Snow,snow,Car is running! Move!,4,"BANK — hashed cue ids, authored order",vo.motel.snow.1mos74v.1,vo.motel.snow.1mos74v.1.mp3
10,CH2 FAMILY BUSINESS,Jerky Motel,163,Snow,snow,Room twelve. The jerky deal is our cover until daylight. Meat first. Money second.,14,"BANK — hashed cue ids, authored order",vo.motel.snow.1o5kfxp.1,vo.motel.snow.1o5kfxp.1.mp3
10,CH2 FAMILY BUSINESS,Jerky Motel,164,Snow,snow,"Buy it and leave. I said no speeches, and I can see one forming.",14,"BANK — hashed cue ids, authored order",vo.motel.snow.1om0zo2.1,vo.motel.snow.1om0zo2.1.mp3
10,CH2 FAMILY BUSINESS,Jerky Motel,165,Snow,snow,Pool side!,2,"BANK — hashed cue ids, authored order",vo.motel.snow.1u9ic7d.1,vo.motel.snow.1u9ic7d.1.mp3
10,CH2 FAMILY BUSINESS,Jerky Motel,166,Snow,snow,I grabbed a case. It is full of smoked turkey. It is warm.,13,"BANK — hashed cue ids, authored order",vo.motel.snow.1wrp7lq.1,vo.motel.snow.1wrp7lq.1.mp3
10,CH2 FAMILY BUSINESS,Jerky Motel,167,Snow,snow,Crowbar. And the thing we never mention.,7,"BANK — hashed cue ids, authored order",vo.motel.snow.1wwmnvb.1,vo.motel.snow.1wwmnvb.1.mp3
10,CH2 FAMILY BUSINESS,Jerky Motel,168,Snow,snow,Well?,1,"BANK — hashed cue ids, authored order",vo.motel.snow.5y6dnm.1,vo.motel.snow.5y6dnm.1.mp3
10,CH2 FAMILY BUSINESS,Jerky Motel,169,Snow,snow,Good. Best deal we ever made was the one we did not.,12,"BANK — hashed cue ids, authored order",vo.motel.snow.9a19ir.1,vo.motel.snow.9a19ir.1.mp3
10,CH2 FAMILY BUSINESS,Jerky Motel,170,Snow,snow,Crowbar. Catch it.,3,"BANK — hashed cue ids, authored order",vo.motel.snow.cqr2ld.1,vo.motel.snow.cqr2ld.1.mp3
10,CH2 FAMILY BUSINESS,Jerky Motel,171,Snow,snow,Then we are rich. I am still shaking.,8,"BANK — hashed cue ids, authored order",vo.motel.snow.en02v2.1,vo.motel.snow.en02v2.1.mp3
10,CH2 FAMILY BUSINESS,Jerky Motel,172,Snow,snow,Buy. Leave. No speeches.,4,"BANK — hashed cue ids, authored order",vo.motel.snow.gqd56p.1,vo.motel.snow.gqd56p.1.mp3
10,CH2 FAMILY BUSINESS,Jerky Motel,173,Snow,snow,Which case is ours?,4,"BANK — hashed cue ids, authored order",vo.motel.snow.jyf5oa.1,vo.motel.snow.jyf5oa.1.mp3
10,CH2 FAMILY BUSINESS,Jerky Motel,174,Snow,snow,"We wait for daylight. Once your block is clean, I put you home. Now show me what survived.",18,"BANK — hashed cue ids, authored order",vo.motel.snow.k4if12.1,vo.motel.snow.k4if12.1.mp3
10,CH2 FAMILY BUSINESS,Jerky Motel,175,Snow,snow,Checking quality.,2,"BANK — hashed cue ids, authored order",vo.motel.snow.mngzvm.1,vo.motel.snow.mngzvm.1.mp3
10,CH2 FAMILY BUSINESS,Jerky Motel,176,Snow,snow,Under the coat. Seven in it. Do not let them see the crest and do not make me explain a Family gun to a night clerk.,26,"BANK — hashed cue ids, authored order",vo.motel.snow.nrgisy.1,vo.motel.snow.nrgisy.1.mp3
10,CH2 FAMILY BUSINESS,Jerky Motel,177,Snow,snow,One package? Ask for the case.,6,"BANK — hashed cue ids, authored order",vo.motel.snow.nugzzr.1,vo.motel.snow.nugzzr.1.mp3
10,CH2 FAMILY BUSINESS,Jerky Motel,178,Snow,snow,Good. Business. Not opera.,4,"BANK — hashed cue ids, authored order",vo.motel.snow.pa9o26.1,vo.motel.snow.pa9o26.1.mp3
10,CH2 FAMILY BUSINESS,Jerky Motel,179,Snow,snow,Tell me that was worth it.,6,"BANK — hashed cue ids, authored order",vo.motel.snow.shbjlt.1,vo.motel.snow.shbjlt.1.mp3
10,CH2 FAMILY BUSINESS,Jerky Motel,180,Snow,snow,Seatbelt. Or do not.,4,"BANK — hashed cue ids, authored order",vo.motel.snow.x8vdf0.1,vo.motel.snow.x8vdf0.1.mp3
10,CH2 FAMILY BUSINESS,Jerky Motel,181,Snow,snow,I parked facing the exit. Mostly.,6,"BANK — hashed cue ids, authored order",vo.motel.snow.ymyrtq.1,vo.motel.snow.ymyrtq.1.mp3
10,CH2 FAMILY BUSINESS,Jerky Motel,182,Snow,snow,Blue lights. We leave now.,5,"BANK — hashed cue ids, authored order",vo.motel.snow.zvy8zf.1,vo.motel.snow.zvy8zf.1.mp3
11.5,CH2 FAMILY BUSINESS,THE TAKE,1,Tony (the Prospect),player,What. What was that?,4,RUN — authored order,vo.cs.death.early.1,vo.cs.death.early.1.mp3
11.5,CH2 FAMILY BUSINESS,THE TAKE,2,Tony (the Prospect),player,Through the wall. Straight through the wall.,7,RUN — authored order,vo.cs.death.early.2,vo.cs.death.early.2.mp3
11.5,CH2 FAMILY BUSINESS,THE TAKE,3,Tony (the Prospect),player,I hadn't even moved.,4,RUN — authored order,vo.cs.death.early.3,vo.cs.death.early.3.mp3
11.5,CH2 FAMILY BUSINESS,THE TAKE,4,Tony (the Prospect),player,Yeah. Sure. Why not.,4,RUN — authored order,vo.cs.death.late.1,vo.cs.death.late.1.mp3
11.5,CH2 FAMILY BUSINESS,THE TAKE,5,Tony (the Prospect),player,I've not fired a shot all game.,7,RUN — authored order,vo.cs.death.late.2,vo.cs.death.late.2.mp3
11.5,CH2 FAMILY BUSINESS,THE TAKE,6,Tony (the Prospect),player,I'm reporting him. It won't do anything.,7,RUN — authored order,vo.cs.death.late.3,vo.cs.death.late.3.mp3
11.5,CH2 FAMILY BUSINESS,THE TAKE,7,Tony (the Prospect),player,"OH! Oh, did you see that? That was me. That was me!",12,RUN — authored order,vo.cs.kill.1,vo.cs.kill.1.mp3
11.5,CH2 FAMILY BUSINESS,THE TAKE,8,Tony (the Prospect),player,"Okay, that is a wallbang. That is through a wall.",10,RUN — authored order,vo.cs.death.early.4,vo.cs.death.early.4.mp3
11.5,CH2 FAMILY BUSINESS,THE TAKE,9,Tony (the Prospect),player,I did not even hear him.,6,RUN — authored order,vo.cs.death.early.5,vo.cs.death.early.5.mp3
11.5,CH2 FAMILY BUSINESS,THE TAKE,10,Tony (the Prospect),player,Great. Off to a strong start.,6,RUN — authored order,vo.cs.death.early.6,vo.cs.death.early.6.mp3
11.5,CH2 FAMILY BUSINESS,THE TAKE,11,Tony (the Prospect),player,He was already looking at me.,6,RUN — authored order,vo.cs.death.early.7,vo.cs.death.early.7.mp3
11.5,CH2 FAMILY BUSINESS,THE TAKE,12,Tony (the Prospect),player,"This is not a game any more, this is a documentary.",11,RUN — authored order,vo.cs.death.late.4,vo.cs.death.late.4.mp3
11.5,CH2 FAMILY BUSINESS,THE TAKE,13,Tony (the Prospect),player,Report. Report. Nothing is going to happen but report.,9,RUN — authored order,vo.cs.death.late.5,vo.cs.death.late.5.mp3
11.5,CH2 FAMILY BUSINESS,THE TAKE,14,Tony (the Prospect),player,I have not fired a bullet. Not one.,8,RUN — authored order,vo.cs.death.late.6,vo.cs.death.late.6.mp3
11.5,CH2 FAMILY BUSINESS,THE TAKE,15,Tony (the Prospect),player,Nine hour old account. Nine hours.,6,RUN — authored order,vo.cs.death.late.7,vo.cs.death.late.7.mp3
11.5,CH2 FAMILY BUSINESS,THE TAKE,16,Tony (the Prospect),player,I am going to go and have a shower.,9,RUN — authored order,vo.cs.death.late.8,vo.cs.death.late.8.mp3
11.5,CH2 FAMILY BUSINESS,THE TAKE,17,Tony (the Prospect),player,That is enough of that. That is genuinely enough.,9,RUN — authored order,vo.cs.death.late.9,vo.cs.death.late.9.mp3
11.5,CH2 FAMILY BUSINESS,THE TAKE,18,Tony (the Prospect),player,That went in! That actually went in!,7,RUN — authored order,vo.cs.kill.2,vo.cs.kill.2.mp3
11.5,CH2 FAMILY BUSINESS,THE TAKE,19,Tony (the Prospect),player,Did anyone see that? Nobody saw that.,7,RUN — authored order,vo.cs.kill.3,vo.cs.kill.3.mp3
11.5,CH2 FAMILY BUSINESS,THE TAKE,20,Tony (the Prospect),player,One. I got one. That is the day made.,9,RUN — authored order,vo.cs.kill.4,vo.cs.kill.4.mp3
11.5,CH2 FAMILY BUSINESS,THE TAKE,21,Snow,snow,Snow. I call the move. You keep the clock honest.,10,RUN — authored order,heist.crew_snow,heist.crew_snow.mp3
11.5,CH2 FAMILY BUSINESS,THE TAKE,22,Rippinflow,rippinflow,"Rippinflow. I drive us in. If the day gets ambitious, you drive us out.",14,RUN — authored order,heist.crew_rippin,heist.crew_rippin.mp3
11.5,CH2 FAMILY BUSINESS,THE TAKE,23,The Shubenator,shubenator,"Shubenator. Blue case, vault panel, and every wire you do not touch.",12,RUN — authored order,heist.crew_shubes,heist.crew_shubes.mp3
11.5,CH2 FAMILY BUSINESS,THE TAKE,24,DeathMegatron,deathmegatron,DeathMegatron. I move bags and bad ideas out of doorways.,10,RUN — authored order,heist.crew_death,heist.crew_death.mp3
11.5,CH2 FAMILY BUSINESS,THE TAKE,25,Numbskull,numbskull,Numbskull. I own the lobby. People calm down when I sound bored.,12,RUN — authored order,heist.crew_numb,heist.crew_numb.mp3
11.5,CH2 FAMILY BUSINESS,THE TAKE,26,Snow,snow,Door shut. Phone off. We use names until the masks go on.,12,RUN — authored order,heist.snow_arrival,heist.snow_arrival.mp3
11.5,CH2 FAMILY BUSINESS,THE TAKE,27,Snow,snow,"Inside, six people do one job. Outside, six targets move as one.",12,RUN — authored order,heist.snow_plan,heist.snow_plan.mp3
11.5,CH2 FAMILY BUSINESS,THE TAKE,28,Snow,snow,No civilians. No souvenirs. Nobody leaves a person to save a bag.,12,RUN — authored order,heist.snow_rules,heist.snow_rules.mp3
11.5,CH2 FAMILY BUSINESS,THE TAKE,29,Rippinflow,rippinflow,Route Green behaves at lunch. Today every light is going to discover a personality.,14,RUN — authored order,heist.rippin_route,heist.rippin_route.mp3
11.5,CH2 FAMILY BUSINESS,THE TAKE,30,The Shubenator,shubenator,The blue case is organized. Your hands are not part of the organization.,13,RUN — authored order,heist.shubes_case,heist.shubes_case.mp3
11.5,CH2 FAMILY BUSINESS,THE TAKE,31,DeathMegatron,deathmegatron,Lou bought bigger bags. Apparently confidence has handles.,8,RUN — authored order,heist.death_bags,heist.death_bags.mp3
11.5,CH2 FAMILY BUSINESS,THE TAKE,32,Numbskull,numbskull,I am nowhere near the alarms. This is me saying it before anybody asks.,14,RUN — authored order,heist.numb_alarm,heist.numb_alarm.mp3
11.5,CH2 FAMILY BUSINESS,THE TAKE,33,Tony (the Prospect),player,"I'm set. Vest is on, mags are full, and my hands won't stop.",13,RUN — authored order,heist.prospect_ready,heist.prospect_ready.mp3
11.5,CH2 FAMILY BUSINESS,THE TAKE,34,Rippinflow,rippinflow,Two lights.,2,RUN — authored order,heist.rippin_two_lights,heist.rippin_two_lights.mp3
11.5,CH2 FAMILY BUSINESS,THE TAKE,35,Snow,snow,Time.,1,RUN — authored order,heist.snow_time,heist.snow_time.mp3
11.5,CH2 FAMILY BUSINESS,THE TAKE,36,The Shubenator,shubenator,Exterior loop is live. It will remain useful until somebody looks out a window.,14,RUN — authored order,heist.shubes_loop,heist.shubes_loop.mp3
11.5,CH2 FAMILY BUSINESS,THE TAKE,37,DeathMegatron,deathmegatron,Breathe now. It costs more in there.,7,RUN — authored order,heist.death_breathe,heist.death_breathe.mp3
11.5,CH2 FAMILY BUSINESS,THE TAKE,38,THE TAKE,heist-guard,Stop right there. Hands where I can see them.,9,RUN — authored order,heist.guard_warning,heist.guard_warning.mp3
11.5,CH2 FAMILY BUSINESS,THE TAKE,39,Snow,snow,"Prospect, visible guard. Put him on the floor.",8,RUN — authored order,heist.snow_guard,heist.snow_guard.mp3
11.5,CH2 FAMILY BUSINESS,THE TAKE,40,Tony (the Prospect),player,Huh. It's a lot slower than you'd think. That's the part nobody mentions.,13,RUN — authored order,heist.prospect_lobby_quiet,heist.prospect_lobby_quiet.mp3
11.5,CH2 FAMILY BUSINESS,THE TAKE,41,Snow,snow,Save the scoreboard. Watch the lobby.,6,RUN — authored order,heist.snow_scoreboard,heist.snow_scoreboard.mp3
11.5,CH2 FAMILY BUSINESS,THE TAKE,42,DeathMegatron,deathmegatron,Hands clear. Eyes down. Nobody here needs to be brave.,10,RUN — authored order,heist.death_floor,heist.death_floor.mp3
11.5,CH2 FAMILY BUSINESS,THE TAKE,43,Bank customer (THE TAKE),heist-customer,"Nobody move. Please, just do what they say.",8,RUN — authored order,heist.civilian_please,heist.civilian_please.mp3
11.5,CH2 FAMILY BUSINESS,THE TAKE,44,Numbskull,numbskull,Manager is mine. Teller line is listening.,7,RUN — authored order,heist.numb_manager,heist.numb_manager.mp3
11.5,CH2 FAMILY BUSINESS,THE TAKE,45,THE TAKE,heist-manager,You do not know the delay. That door will not care who is holding the gun.,16,RUN — authored order,heist.manager_delay,heist.manager_delay.mp3
11.5,CH2 FAMILY BUSINESS,THE TAKE,46,The Shubenator,shubenator,He does not have to know it. I know the panel.,11,RUN — authored order,heist.shubes_answer,heist.shubes_answer.mp3
11.5,CH2 FAMILY BUSINESS,THE TAKE,47,The Shubenator,shubenator,Panel first. Time-delay second. Nobody touches the leads.,8,RUN — authored order,heist.shubes_vault,heist.shubes_vault.mp3
11.5,CH2 FAMILY BUSINESS,THE TAKE,48,Snow,snow,Four minutes became two. Fill the bags we have and leave the rest.,13,RUN — authored order,heist.snow_clock,heist.snow_clock.mp3
11.5,CH2 FAMILY BUSINESS,THE TAKE,49,Snow,snow,"We came for insured paper, not uninsured people. Keep it clean.",11,RUN — authored order,heist.snow_insured,heist.snow_insured.mp3
11.5,CH2 FAMILY BUSINESS,THE TAKE,50,Numbskull,numbskull,Foot switch. I stopped the teller. I did not stop what she already sent.,14,RUN — authored order,heist.numb_signal,heist.numb_signal.mp3
11.5,CH2 FAMILY BUSINESS,THE TAKE,51,Rippinflow,rippinflow,Blue lights on both ends. Route Green is turning brown.,10,RUN — authored order,heist.rippin_street,heist.rippin_street.mp3
11.5,CH2 FAMILY BUSINESS,THE TAKE,52,Snow,snow,"The sirens are the clock now. Bags, tools, people. Move.",10,RUN — authored order,heist.snow_exit_alarm,heist.snow_exit_alarm.mp3
11.5,CH2 FAMILY BUSINESS,THE TAKE,53,Snow,snow,"Planters first. Prospect, right side!",5,RUN — authored order,heist.snow_contact,heist.snow_contact.mp3
11.5,CH2 FAMILY BUSINESS,THE TAKE,54,DeathMegatron,deathmegatron,Intersection is occupied. I am correcting it.,7,RUN — authored order,heist.death_suppress,heist.death_suppress.mp3
11.5,CH2 FAMILY BUSINESS,THE TAKE,55,Rippinflow,rippinflow,Van is boxed. Give me five seconds and a miracle with keys.,12,RUN — authored order,heist.rippin_van,heist.rippin_van.mp3
11.5,CH2 FAMILY BUSINESS,THE TAKE,56,Rippinflow,rippinflow,That is my leg. Route Green is officially cancelled.,9,RUN — authored order,heist.rippin_hit,heist.rippin_hit.mp3
11.5,CH2 FAMILY BUSINESS,THE TAKE,57,Snow,snow,Mercer garage. Pairs. Leave the van and keep Rippin between us.,11,RUN — authored order,heist.snow_fallback,heist.snow_fallback.mp3
11.5,CH2 FAMILY BUSINESS,THE TAKE,58,Numbskull,numbskull,Bag is down. Rippin is not. Make the choice fast.,10,RUN — authored order,heist.numb_bag,heist.numb_bag.mp3
11.5,CH2 FAMILY BUSINESS,THE TAKE,59,Snow,snow,Do not trade a person for paper.,7,RUN — authored order,heist.snow_leave_it,heist.snow_leave_it.mp3
11.5,CH2 FAMILY BUSINESS,THE TAKE,60,The Shubenator,shubenator,Sedan is live. The ignition was never the difficult system.,10,RUN — authored order,heist.shubes_garage,heist.shubes_garage.mp3
11.5,CH2 FAMILY BUSINESS,THE TAKE,61,DeathMegatron,deathmegatron,Cover me. Bags are heavier when everybody is shooting at the handles.,12,RUN — authored order,heist.death_load,heist.death_load.mp3
11.5,CH2 FAMILY BUSINESS,THE TAKE,62,Rippinflow,rippinflow,"Prospect drives. Left out, wrong way on purpose, then the warehouse lights.",12,RUN — authored order,heist.rippin_drive,heist.rippin_drive.mp3
11.5,CH2 FAMILY BUSINESS,THE TAKE,63,Rippinflow,rippinflow,"Left at the warehouse. Hold it through Market, then right at the glass tower.",14,RUN — authored order,heist.rippin_market_left,heist.rippin_market_left.mp3
11.5,CH2 FAMILY BUSINESS,THE TAKE,64,Snow,snow,Roadblock. Center gap. Do not argue with the cruisers.,9,RUN — authored order,heist.snow_roadblock,heist.snow_roadblock.mp3
11.5,CH2 FAMILY BUSINESS,THE TAKE,65,Rippinflow,rippinflow,Canal road next. Narrow means they cannot put three cars beside us.,12,RUN — authored order,heist.rippin_canal,heist.rippin_canal.mp3
11.5,CH2 FAMILY BUSINESS,THE TAKE,66,The Shubenator,shubenator,"Cash first, coats second, weapons in the lined bin. In that order.",12,RUN — authored order,heist.shubes_swap,heist.shubes_swap.mp3
11.5,CH2 FAMILY BUSINESS,THE TAKE,67,DeathMegatron,deathmegatron,Eight bags moved. Nobody leaves a handle in the dirty car.,11,RUN — authored order,heist.death_swap_bags,heist.death_swap_bags.mp3
11.5,CH2 FAMILY BUSINESS,THE TAKE,68,Rippinflow,rippinflow,Tie it above the tear. I can complain in the clean car.,12,RUN — authored order,heist.rippin_swap_aid,heist.rippin_swap_aid.mp3
11.5,CH2 FAMILY BUSINESS,THE TAKE,69,Snow,snow,Nobody celebrates until I count six people and every bag in this room.,13,RUN — authored order,heist.snow_return,heist.snow_return.mp3
11.5,CH2 FAMILY BUSINESS,THE TAKE,70,Rippinflow,rippinflow,The van had one job and chose performance art. Wrap the leg tighter.,13,RUN — authored order,heist.rippin_aid,heist.rippin_aid.mp3
11.5,CH2 FAMILY BUSINESS,THE TAKE,71,The Shubenator,shubenator,The vault opened on schedule. The alarm was a separate and inferior system.,13,RUN — authored order,heist.shubes_defend,heist.shubes_defend.mp3
11.5,CH2 FAMILY BUSINESS,THE TAKE,72,The Shubenator,shubenator,"Hey guys, what’s going on?",5,RUN — authored order,heist.shubes_signature_cleanup,heist.shubes_signature_cleanup.mp3
11.5,CH2 FAMILY BUSINESS,THE TAKE,73,DeathMegatron,deathmegatron,Ammunition accounted for. Everybody else is somebody else’s paperwork.,9,RUN — authored order,heist.death_ammo,heist.death_ammo.mp3
11.5,CH2 FAMILY BUSINESS,THE TAKE,74,Numbskull,numbskull,I saw the tracker late. I saw it. We are still all standing here.,14,RUN — authored order,heist.numb_home,heist.numb_home.mp3
11.5,CH2 FAMILY BUSINESS,THE TAKE,75,Snow,snow,You moved when I said move. You covered people before money. Lou will hear that.,15,RUN — authored order,heist.snow_good,heist.snow_good.mp3
11.5,CH2 FAMILY BUSINESS,THE TAKE,76,Snow,snow,"Two blocks. Masks on now, while there is nobody outside to watch us do it.",15,RUN — authored order,heist.snow_mask_call,heist.snow_mask_call.mp3
11.5,CH2 FAMILY BUSINESS,THE TAKE,77,Tony (the Prospect),player,Mask's down. I can hear my own heart in this thing.,11,RUN — authored order,heist.prospect_mask_on,heist.prospect_mask_on.mp3
11.5,CH2 FAMILY BUSINESS,THE TAKE,78,Numbskull,numbskull,"Four minutes on the floor, one on the vault, one to walk out. That is the whole plan.",18,RUN — authored order,heist.numb_van_count,heist.numb_van_count.mp3
11.5,CH2 FAMILY BUSINESS,THE TAKE,79,Numbskull,numbskull,"Everybody on the floor. Face down, hands out. This takes four minutes and then we are gone.",17,RUN — authored order,heist.numb_lobby_order,heist.numb_lobby_order.mp3
11.5,CH2 FAMILY BUSINESS,THE TAKE,80,Snow,snow,"The room is yours, Prospect. Get them flat and keep them flat.",12,RUN — authored order,heist.snow_lobby_open,heist.snow_lobby_open.mp3
11.5,CH2 FAMILY BUSINESS,THE TAKE,81,Snow,snow,Half your room is up on its knees again. Fix it before I have to.,15,RUN — authored order,heist.snow_control_slipping,heist.snow_control_slipping.mp3
11.5,CH2 FAMILY BUSINESS,THE TAKE,82,Numbskull,numbskull,Lobby is tied off. Nobody in here is going anywhere on their own.,13,RUN — authored order,heist.numb_lobby_held,heist.numb_lobby_held.mp3
11.5,CH2 FAMILY BUSINESS,THE TAKE,83,Numbskull,numbskull,"Somebody got a hand to a switch. Whatever clock you thought you had, it is shorter.",16,RUN — authored order,heist.numb_alarm_reached,heist.numb_alarm_reached.mp3
11.5,CH2 FAMILY BUSINESS,THE TAKE,84,DeathMegatron,deathmegatron,"Runner. West side, and he is four seconds from the street.",11,RUN — authored order,heist.death_runner,heist.death_runner.mp3
11.5,CH2 FAMILY BUSINESS,THE TAKE,85,Snow,snow,"That is a man’s wallet in your hand. Put it down, or carry it into Lou’s office and explain it.",20,RUN — authored order,heist.snow_no_souvenirs,heist.snow_no_souvenirs.mp3
11.5,CH2 FAMILY BUSINESS,THE TAKE,86,Snow,snow,That was a customer. That is the one thing we do not do.,13,RUN — authored order,heist.snow_casualty,heist.snow_casualty.mp3
11.5,CH2 FAMILY BUSINESS,THE TAKE,87,Snow,snow,He was queuing. He had a paying-in book in his hand.,11,RUN — authored order,heist.snow_casualty_alt,heist.snow_casualty_alt.mp3
11.5,CH2 FAMILY BUSINESS,THE TAKE,88,Snow,snow,Nobody in here owns the money. Aim at the ones who are paid to stop us.,16,RUN — authored order,heist.snow_casualty_alt_two,heist.snow_casualty_alt_two.mp3
11.5,CH2 FAMILY BUSINESS,THE TAKE,89,Snow,snow,That is two. Two is not an accident. Two is how you are doing this.,15,RUN — authored order,heist.snow_casualty_two,heist.snow_casualty_two.mp3
11.5,CH2 FAMILY BUSINESS,THE TAKE,90,Snow,snow,"Second one. I am going to have to say who that was, out loud, to Lou.",16,RUN — authored order,heist.snow_casualty_two_alt,heist.snow_casualty_two_alt.mp3
11.5,CH2 FAMILY BUSINESS,THE TAKE,91,Snow,snow,Put it down. Every one of these costs us a year we have not got.,15,RUN — authored order,heist.snow_casualty_two_alt_two,heist.snow_casualty_two_alt_two.mp3
11.5,CH2 FAMILY BUSINESS,THE TAKE,92,Snow,snow,Three. You are not robbing this bank any more. You are clearing it.,13,RUN — authored order,heist.snow_casualty_three,heist.snow_casualty_three.mp3
11.5,CH2 FAMILY BUSINESS,THE TAKE,93,Snow,snow,"Three of them. Whatever this is, it stopped being the plan two ago.",13,RUN — authored order,heist.snow_casualty_three_alt,heist.snow_casualty_three_alt.mp3
11.5,CH2 FAMILY BUSINESS,THE TAKE,94,Snow,snow,"I am asking once more, and then I stop asking. Off the customers.",13,RUN — authored order,heist.snow_casualty_three_alt_two,heist.snow_casualty_three_alt_two.mp3
11.5,CH2 FAMILY BUSINESS,THE TAKE,95,Snow,snow,"All right. We are committed now. Nobody in this room gets to describe us. Finish it, and be quick, because the ones at the back have started counting doors.",29,RUN — authored order,heist.snow_committed,heist.snow_committed.mp3
11.5,CH2 FAMILY BUSINESS,THE TAKE,96,Snow,snow,Anyone still moving is a statement to a detective. Keep working.,11,RUN — authored order,heist.snow_sweep,heist.snow_sweep.mp3
11.5,CH2 FAMILY BUSINESS,THE TAKE,97,Snow,snow,Check behind the desks. The quiet ones are the ones who remember faces.,13,RUN — authored order,heist.snow_sweep_two,heist.snow_sweep_two.mp3
11.5,CH2 FAMILY BUSINESS,THE TAKE,98,Snow,snow,We do not get to stop halfway through this. Not now.,11,RUN — authored order,heist.snow_sweep_three,heist.snow_sweep_three.mp3
11.5,CH2 FAMILY BUSINESS,THE TAKE,99,Snow,snow,Room is quiet. Take the bags. We never talk about this one again.,13,RUN — authored order,heist.snow_sweep_clear,heist.snow_sweep_clear.mp3
11.5,CH2 FAMILY BUSINESS,THE TAKE,100,Snow,snow,Muzzle. Off me. Now.,4,RUN — authored order,heist.snow_friendly_fire,heist.snow_friendly_fire.mp3
11.5,CH2 FAMILY BUSINESS,THE TAKE,101,Snow,snow,That is twice you have put that barrel across me. Pick a direction.,13,RUN — authored order,heist.snow_friendly_fire_two,heist.snow_friendly_fire_two.mp3
11.5,CH2 FAMILY BUSINESS,THE TAKE,102,DeathMegatron,deathmegatron,Hey. I am on your side and I am standing right here.,12,RUN — authored order,heist.death_friendly_fire,heist.death_friendly_fire.mp3
11.5,CH2 FAMILY BUSINESS,THE TAKE,103,Tony (the Prospect),player,"Nobody here wants your money. It is the bank’s, it is insured, and it is not worth your life.",19,RUN — authored order,heist.prospect_reassure_one,heist.prospect_reassure_one.mp3
11.5,CH2 FAMILY BUSINESS,THE TAKE,104,Tony (the Prospect),player,Look at me. Do what I say and you go home to whoever is waiting on you.,17,RUN — authored order,heist.prospect_reassure_two,heist.prospect_reassure_two.mp3
11.5,CH2 FAMILY BUSINESS,THE TAKE,105,Tony (the Prospect),player,"DOWN. On the floor, face down, hands out. Nobody makes me say it twice.",14,RUN — authored order,heist.prospect_order_down,heist.prospect_order_down.mp3
11.5,CH2 FAMILY BUSINESS,THE TAKE,106,Tony (the Prospect),player,"On the floor. All the way down, and stay there.",10,RUN — authored order,heist.prospect_order_two,heist.prospect_order_two.mp3
11.5,CH2 FAMILY BUSINESS,THE TAKE,107,Tony (the Prospect),player,"Flat. Palms open, arms out. Nobody has to look at anybody.",11,RUN — authored order,heist.prospect_order_three,heist.prospect_order_three.mp3
11.5,CH2 FAMILY BUSINESS,THE TAKE,108,Tony (the Prospect),player,You are already doing fine. Keep doing it lying down.,10,RUN — authored order,heist.prospect_order_four,heist.prospect_order_four.mp3
11.5,CH2 FAMILY BUSINESS,THE TAKE,109,Tony (the Prospect),player,"Knees, then chest, then hands. In that order and no faster.",11,RUN — authored order,heist.prospect_order_five,heist.prospect_order_five.mp3
11.5,CH2 FAMILY BUSINESS,THE TAKE,110,Tony (the Prospect),player,Wallet. Watch. On the tile in front of you.,9,RUN — authored order,heist.prospect_demand,heist.prospect_demand.mp3
11.5,CH2 FAMILY BUSINESS,THE TAKE,111,Tony (the Prospect),player,"Whatever is in the coat. Out, on the floor, slide it.",11,RUN — authored order,heist.prospect_demand_two,heist.prospect_demand_two.mp3
11.5,CH2 FAMILY BUSINESS,THE TAKE,112,Tony (the Prospect),player,Pockets. Both of them. Do not make me go in there.,11,RUN — authored order,heist.prospect_demand_three,heist.prospect_demand_three.mp3
11.5,CH2 FAMILY BUSINESS,THE TAKE,113,Tony (the Prospect),player,Hands behind your back. This is so I can stop watching you.,12,RUN — authored order,heist.prospect_tie,heist.prospect_tie.mp3
11.5,CH2 FAMILY BUSINESS,THE TAKE,114,Tony (the Prospect),player,"Wrists together. It is plastic, it comes off with scissors.",10,RUN — authored order,heist.prospect_tie_two,heist.prospect_tie_two.mp3
11.5,CH2 FAMILY BUSINESS,THE TAKE,115,Tony (the Prospect),player,Do not pull against it. Pulling is the only way it hurts.,12,RUN — authored order,heist.prospect_tie_three,heist.prospect_tie_three.mp3
11.5,CH2 FAMILY BUSINESS,THE TAKE,116,Tony (the Prospect),player,That is you finished. Nothing else happens to you today.,10,RUN — authored order,heist.prospect_tie_four,heist.prospect_tie_four.mp3
11.5,CH2 FAMILY BUSINESS,THE TAKE,117,Tony (the Prospect),player,Behind your back. Breathe out. There — done.,8,RUN — authored order,heist.prospect_tie_five,heist.prospect_tie_five.mp3
11.5,CH2 FAMILY BUSINESS,THE TAKE,118,Bank customer (THE TAKE),heist-customer,Please. Please don’t shoot.,4,RUN — authored order,heist.hostage_plead_one,heist.hostage_plead_one.mp3
11.5,CH2 FAMILY BUSINESS,THE TAKE,119,Bank customer (THE TAKE),heist-customer,I’m not doing anything. I’m not doing anything.,8,RUN — authored order,heist.hostage_plead_two,heist.hostage_plead_two.mp3
11.5,CH2 FAMILY BUSINESS,THE TAKE,120,Bank customer (THE TAKE),heist-customer,"Okay. Okay. It’s okay, I’m looking at the floor.",9,RUN — authored order,heist.hostage_plead_three,heist.hostage_plead_three.mp3
11.5,CH2 FAMILY BUSINESS,THE TAKE,121,Bank customer (THE TAKE),heist-customer,I have a daughter. I have a daughter at home.,10,RUN — authored order,heist.hostage_plead_four,heist.hostage_plead_four.mp3
11.5,CH2 FAMILY BUSINESS,THE TAKE,122,Bank customer (THE TAKE),heist-customer,Nobody’s moving. Look — nobody in here is moving.,9,RUN — authored order,heist.hostage_plead_five,heist.hostage_plead_five.mp3
11.5,CH2 FAMILY BUSINESS,THE TAKE,123,Bank customer (THE TAKE),heist-customer,There’s nothing back here. There’s nothing in my drawer.,9,RUN — authored order,heist.hostage_plead_teller,heist.hostage_plead_teller.mp3
11.5,CH2 FAMILY BUSINESS,THE TAKE,124,Bank customer (THE TAKE),heist-customer,The drawers are on a timer. I couldn’t open them if you made me.,14,RUN — authored order,heist.hostage_plead_teller_two,heist.hostage_plead_teller_two.mp3
11.5,CH2 FAMILY BUSINESS,THE TAKE,125,Bank customer (THE TAKE),heist-customer,I do this for eleven dollars an hour. Please point that somewhere else.,13,RUN — authored order,heist.hostage_plead_teller_three,heist.hostage_plead_teller_three.mp3
11.5,CH2 FAMILY BUSINESS,THE TAKE,126,Bank customer (THE TAKE),heist-customer,It isn’t mine. None of it is mine. Take it.,10,RUN — authored order,heist.hostage_reassured_one,heist.hostage_reassured_one.mp3
11.5,CH2 FAMILY BUSINESS,THE TAKE,127,Bank customer (THE TAKE),heist-customer,Thank you. Thank you. I’m staying right here.,8,RUN — authored order,heist.hostage_reassured_two,heist.hostage_reassured_two.mp3
11.5,CH2 FAMILY BUSINESS,THE TAKE,128,Bank customer (THE TAKE),heist-customer,Alright. Alright. I believe you.,5,RUN — authored order,heist.hostage_reassured_three,heist.hostage_reassured_three.mp3
11.5,CH2 FAMILY BUSINESS,THE TAKE,129,Bank customer (THE TAKE),heist-customer,I’m not going to be a problem. I promise I’m not going to be a problem.,16,RUN — authored order,heist.hostage_reassured_four,heist.hostage_reassured_four.mp3
11.5,CH2 FAMILY BUSINESS,THE TAKE,130,Bank customer (THE TAKE),heist-customer,Then take it and go. Please just take it and go.,11,RUN — authored order,heist.hostage_reassured_hard,heist.hostage_reassured_hard.mp3
11.5,CH2 FAMILY BUSINESS,THE TAKE,131,Bank customer (THE TAKE),heist-customer,Don’t tell me it’s fine. Nothing about this is fine.,10,RUN — authored order,heist.hostage_reassured_hard_two,heist.hostage_reassured_hard_two.mp3
11.5,CH2 FAMILY BUSINESS,THE TAKE,132,Bank customer (THE TAKE),heist-customer,Just say how long. Somebody tell me how long.,9,RUN — authored order,heist.hostage_reassured_hard_three,heist.hostage_reassured_hard_three.mp3
11.5,CH2 FAMILY BUSINESS,THE TAKE,133,Bank customer (THE TAKE),heist-customer,That’s all of it. That’s everything I have on me.,10,RUN — authored order,heist.hostage_hands_over,heist.hostage_hands_over.mp3
11.5,CH2 FAMILY BUSINESS,THE TAKE,134,Bank customer (THE TAKE),heist-customer,"Take the watch too. It was a gift, but take it.",11,RUN — authored order,heist.hostage_hands_over_two,heist.hostage_hands_over_two.mp3
11.5,CH2 FAMILY BUSINESS,THE TAKE,135,Bank customer (THE TAKE),heist-customer,"There. There, it’s yours, it’s all yours.",7,RUN — authored order,heist.hostage_hands_over_three,heist.hostage_hands_over_three.mp3
11.5,CH2 FAMILY BUSINESS,THE TAKE,136,Bank customer (THE TAKE),heist-customer,I don’t have anything. I came in to pay a bill.,11,RUN — authored order,heist.hostage_refuses,heist.hostage_refuses.mp3
11.5,CH2 FAMILY BUSINESS,THE TAKE,137,Bank customer (THE TAKE),heist-customer,You’ve had it. There is nothing else in these pockets.,10,RUN — authored order,heist.hostage_refuses_two,heist.hostage_refuses_two.mp3
11.5,CH2 FAMILY BUSINESS,THE TAKE,138,Bank customer (THE TAKE),heist-customer,I’m overdrawn. That’s why I’m standing in a bank with nothing in my pockets.,14,RUN — authored order,heist.hostage_refuses_three,heist.hostage_refuses_three.mp3
11.5,CH2 FAMILY BUSINESS,THE TAKE,139,Bank customer (THE TAKE),heist-customer,It’s too tight. It’s too tight.,6,RUN — authored order,heist.hostage_tied,heist.hostage_tied.mp3
11.5,CH2 FAMILY BUSINESS,THE TAKE,140,Bank customer (THE TAKE),heist-customer,"Okay. Okay, I’m not fighting it.",6,RUN — authored order,heist.hostage_tied_two,heist.hostage_tied_two.mp3
11.5,CH2 FAMILY BUSINESS,THE TAKE,141,Bank customer (THE TAKE),heist-customer,My hands are going numb. Are they meant to go numb?,11,RUN — authored order,heist.hostage_tied_three,heist.hostage_tied_three.mp3
11.5,CH2 FAMILY BUSINESS,THE TAKE,142,Bank customer (THE TAKE),heist-customer,I wasn’t reaching for anything. I wasn’t.,7,RUN — authored order,heist.hostage_caught,heist.hostage_caught.mp3
11.5,CH2 FAMILY BUSINESS,THE TAKE,143,Bank customer (THE TAKE),heist-customer,"It’s a phone. It’s only a phone, I’m putting it down.",11,RUN — authored order,heist.hostage_caught_two,heist.hostage_caught_two.mp3
11.5,CH2 FAMILY BUSINESS,THE TAKE,144,Bank customer (THE TAKE),heist-customer,"You shot him. Oh God, you shot him.",8,RUN — authored order,heist.hostage_witness,heist.hostage_witness.mp3
11.5,CH2 FAMILY BUSINESS,THE TAKE,145,Bank customer (THE TAKE),heist-customer,He’s not moving. Somebody — he isn’t moving.,8,RUN — authored order,heist.hostage_witness_two,heist.hostage_witness_two.mp3
11.5,CH2 FAMILY BUSINESS,THE TAKE,146,THE TAKE,heist-manager,The timer does not care that you are in a hurry. Neither do I.,14,RUN — authored order,heist.manager_second,heist.manager_second.mp3
11.5,CH2 FAMILY BUSINESS,THE TAKE,147,Rippinflow,rippinflow,"Glass tower on the corner. Right there, and do not slow down for the light.",15,RUN — authored order,heist.rippin_tower_right,heist.rippin_tower_right.mp3
11.5,CH2 FAMILY BUSINESS,THE TAKE,148,Rippinflow,rippinflow,"Canal road. Yard gate on your left, four hundred metres. Lights off before you turn in.",16,RUN — authored order,heist.rippin_swap_ahead,heist.rippin_swap_ahead.mp3
11.5,CH2 FAMILY BUSINESS,THE TAKE,149,Snow,snow,Nothing behind us. Nothing above us. We are a grey car on a service road.,15,RUN — authored order,heist.snow_lost_them,heist.snow_lost_them.mp3
11.5,CH2 FAMILY BUSINESS,THE TAKE,150,Rippinflow,rippinflow,"He is on the bumper. Do not brake for him, he will just get braver.",15,RUN — authored order,heist.rippin_pursuit_close,heist.rippin_pursuit_close.mp3
11.5,CH2 FAMILY BUSINESS,THE TAKE,151,Snow,snow,Why are we stationary? A parked car is a surrender. Move it.,12,RUN — authored order,heist.snow_pursuit_stopped,heist.snow_pursuit_stopped.mp3
11.5,CH2 FAMILY BUSINESS,THE TAKE,152,Rippinflow,rippinflow,"That was on purpose! He is trying to put us into a wall — go, go, do not let him line it up again.",24,RUN — authored order,heist.rippin_pursuit_ram,heist.rippin_pursuit_ram.mp3
11.5,CH2 FAMILY BUSINESS,THE TAKE,153,BIG UNCLE LOU SPUTTHOLE,lou,Prospect. You are on my clock now. Do what Snow says and come back with everybody you left with.,19,RUN — authored order,heist.lou_radio_open,heist.lou_radio_open.mp3
11.5,CH2 FAMILY BUSINESS,THE TAKE,154,BIG UNCLE LOU SPUTTHOLE,lou,"Those people on the floor are the bank’s problem, not yours. Do not make them yours.",16,RUN — authored order,heist.lou_radio_lobby,heist.lou_radio_lobby.mp3
11.5,CH2 FAMILY BUSINESS,THE TAKE,155,BIG UNCLE LOU SPUTTHOLE,lou,Eight bags on that trolley. Eight is the number. I do not want to hear a seven.,17,RUN — authored order,heist.lou_radio_vault,heist.lou_radio_vault.mp3
11.5,CH2 FAMILY BUSINESS,THE TAKE,156,BIG UNCLE LOU SPUTTHOLE,lou,I can hear the sirens from my office. Get off that street.,12,RUN — authored order,heist.lou_radio_street,heist.lou_radio_street.mp3
11.5,CH2 FAMILY BUSINESS,THE TAKE,157,BIG UNCLE LOU SPUTTHOLE,lou,"Sit down, all of you. I only ever ask two things after a day like this.",16,RUN — authored order,heist.lou_debrief_open,heist.lou_debrief_open.mp3
11.5,CH2 FAMILY BUSINESS,THE TAKE,158,BIG UNCLE LOU SPUTTHOLE,lou,First one. Everybody who walked into that lobby walked back out of it. That is the whole reason I use you and not somebody cheaper.,25,RUN — authored order,heist.lou_debrief_people_clean,heist.lou_debrief_people_clean.mp3
11.5,CH2 FAMILY BUSINESS,THE TAKE,159,BIG UNCLE LOU SPUTTHOLE,lou,"First one, and you already know the answer. Somebody who came in to cash a cheque did not walk back out. That follows this family around for years.",28,RUN — authored order,heist.lou_debrief_people_dirty,heist.lou_debrief_people_dirty.mp3
11.5,CH2 FAMILY BUSINESS,THE TAKE,160,BIG UNCLE LOU SPUTTHOLE,lou,"Second one. All eight bags, insured paper, nothing on anybody’s person. That is the number I wanted and that is the number I got.",24,RUN — authored order,heist.lou_debrief_money_full,heist.lou_debrief_money_full.mp3
11.5,CH2 FAMILY BUSINESS,THE TAKE,161,BIG UNCLE LOU SPUTTHOLE,lou,"Second one. You left money on Mercer Street. It is insured, so nobody cries — but I asked for eight and I am counting less than eight.",27,RUN — authored order,heist.lou_debrief_money_short,heist.lou_debrief_money_short.mp3
11.5,CH2 FAMILY BUSINESS,THE TAKE,162,BIG UNCLE LOU SPUTTHOLE,lou,"And there is money in that bag that came out of a man’s coat. Take it off the table. We are not muggers, and it is coming out of your end.",31,RUN — authored order,heist.lou_debrief_souvenirs,heist.lou_debrief_souvenirs.mp3
11.5,CH2 FAMILY BUSINESS,THE TAKE,163,BIG UNCLE LOU SPUTTHOLE,lou,"Then it was a good day. Nobody hurt, everything counted, and tomorrow it is a paragraph nobody reads. Well done, kid.",21,RUN — authored order,heist.lou_debrief_verdict_good,heist.lou_debrief_verdict_good.mp3
11.5,CH2 FAMILY BUSINESS,THE TAKE,164,BIG UNCLE LOU SPUTTHOLE,lou,"So it was not a good day. You are still standing here, which is something. Do not let anybody tell you it was clean.",24,RUN — authored order,heist.lou_debrief_verdict_bad,heist.lou_debrief_verdict_bad.mp3
11.5,CH2 FAMILY BUSINESS,THE TAKE,165,BIG UNCLE LOU SPUTTHOLE,lou,"Everybody breathing? Good. Prospect, go home, clean up, and stay by your phone. Nobody sees anybody tonight.",17,RUN — authored order,heist.lou_phone_home,heist.lou_phone_home.mp3
11.5,CH2 FAMILY BUSINESS,THE TAKE,166,BIG UNCLE LOU SPUTTHOLE,lou,You came home with the crew and you came home with the money. That is what I needed to know. The rest can wait.,24,RUN — authored order,heist.lou_home_order,heist.lou_home_order.mp3
11.5,CH2 FAMILY BUSINESS,THE TAKE,167,Tony (the Prospect),player,Home. Stay by the phone. I got it.,8,RUN — authored order,heist.prospect_phone_home,heist.prospect_phone_home.mp3
11.5,CH2 FAMILY BUSINESS,THE TAKE,168,Snow,snow,"Sit down, all of you. We do this the same way every time.",13,RUN — authored order,heist.snow_debrief_open,heist.snow_debrief_open.mp3
11.5,CH2 FAMILY BUSINESS,THE TAKE,169,Snow,snow,People first. I count six of us. Now somebody tell me the other number.,14,RUN — authored order,heist.snow_debrief_people,heist.snow_debrief_people.mp3
11.5,CH2 FAMILY BUSINESS,THE TAKE,170,Snow,snow,"Then the money. What went in the car, and what we left on Mercer.",14,RUN — authored order,heist.snow_debrief_money,heist.snow_debrief_money.mp3
11.5,CH2 FAMILY BUSINESS,THE TAKE,171,Snow,snow,Nothing on the news tonight but a number. That is what a good day looks like.,16,RUN — authored order,heist.snow_debrief_clean,heist.snow_debrief_clean.mp3
11.5,CH2 FAMILY BUSINESS,THE TAKE,172,Snow,snow,That was not a job. That was a mess we walked out of. Lou hears it from me first.,19,RUN — authored order,heist.snow_debrief_ugly,heist.snow_debrief_ugly.mp3
11.5,CH2 FAMILY BUSINESS,THE TAKE,173,Numbskull,numbskull,Eight bags came off the trolleys. Here is what actually got home.,12,RUN — authored order,heist.numb_debrief_ledger,heist.numb_debrief_ledger.mp3
11.5,CH2 FAMILY BUSINESS,THE TAKE,174,DeathMegatron,deathmegatron,Count it twice. I am not doing this again on Lou’s carpet.,12,RUN — authored order,heist.death_debrief_count,heist.death_debrief_count.mp3
11.5,CH2 FAMILY BUSINESS,THE TAKE,175,Tony (the Prospect),player,First one. I moved when Snow said move and I did not make anything worse.,15,RUN — authored order,heist.prospect_debrief,heist.prospect_debrief.mp3
11.5,CH2 FAMILY BUSINESS,THE TAKE,176,Tony (the Prospect),player,First one. I did what Snow said until I did not. The rest is mine.,15,RUN — authored order,heist.prospect_debrief_dirty,heist.prospect_debrief_dirty.mp3
12,CH3 MOVING UP,Lou’s ‘New Space’ Call,1,BIG UNCLE LOU SPUTTHOLE,lou1,Kid. Sit down. We got a new space.,8,RUN — authored order,vo.call.lou.new_space.1,vo.call.lou.new_space.1.mp3
12,CH3 MOVING UP,Lou’s ‘New Space’ Call,2,BIG UNCLE LOU SPUTTHOLE,lou1,"Come meet us on the course. Silver Pines, off Route Twenty-Three, second gate.",13,RUN — authored order,vo.call.lou.new_space.2,vo.call.lou.new_space.2.mp3
12,CH3 MOVING UP,Lou’s ‘New Space’ Call,3,BIG UNCLE LOU SPUTTHOLE,lou1,Tomorrow at eight. Rippinflow and Eric are already complaining about the hour.,12,RUN — authored order,vo.call.lou.new_space.3,vo.call.lou.new_space.3.mp3
12,CH3 MOVING UP,Lou’s ‘New Space’ Call,4,BIG UNCLE LOU SPUTTHOLE,lou1,Bring nothing. Wear something you can walk in.,8,RUN — authored order,vo.call.lou.new_space.4,vo.call.lou.new_space.4.mp3
12,CH3 MOVING UP,Lou’s ‘New Space’ Call,5,Tony (the Prospect),player,A new space.,3,RUN — authored order,vo.call.lou.new_space.tony.1,vo.call.lou.new_space.tony.1.mp3
12,CH3 MOVING UP,Lou’s ‘New Space’ Call,6,Tony (the Prospect),player,Silver Pines. Second gate.,4,RUN — authored order,vo.call.lou.new_space.tony.2,vo.call.lou.new_space.tony.2.mp3
12,CH3 MOVING UP,Lou’s ‘New Space’ Call,7,Tony (the Prospect),player,Tomorrow at eight.,3,RUN — authored order,vo.call.lou.new_space.tony.3,vo.call.lou.new_space.tony.3.mp3
12,CH3 MOVING UP,Lou’s ‘New Space’ Call,8,Tony (the Prospect),player,Nothing but walking shoes.,4,RUN — authored order,vo.call.lou.new_space.tony.4,vo.call.lou.new_space.tony.4.mp3
13,CH3 MOVING UP,Silver Pines,1,Eric,eric,It is already not all love.,6,"TREE — dialogue tree, authored order",vo.golf.h1.eric.already_not,vo.golf.h1.eric.already_not.mp3
13,CH3 MOVING UP,Silver Pines,2,Eric,eric,And yet these were the ones you brought.,8,"TREE — dialogue tree, authored order",vo.golf.h1.eric.and_yet,vo.golf.h1.eric.and_yet.mp3
13,CH3 MOVING UP,Silver Pines,3,Eric,eric,Birdie on the first.,4,"TREE — dialogue tree, authored order",vo.golf.h1.eric.birdie_on_the_first,vo.golf.h1.eric.birdie_on_the_first.mp3
13,CH3 MOVING UP,Silver Pines,4,Eric,eric,Middle of the green. Boring works.,6,"TREE — dialogue tree, authored order",vo.golf.h1.eric.boring_works,vo.golf.h1.eric.boring_works.mp3
13,CH3 MOVING UP,Silver Pines,5,Eric,eric,The bushes do not float.,5,"TREE — dialogue tree, authored order",vo.golf.h1.eric.bushes_do_not_float,vo.golf.h1.eric.bushes_do_not_float.mp3
13,CH3 MOVING UP,Silver Pines,6,Eric,eric,Cricket would have more rules and somehow less waiting.,9,"TREE — dialogue tree, authored order",vo.golf.h1.eric.cricket_rules,vo.golf.h1.eric.cricket_rules.mp3
13,CH3 MOVING UP,Silver Pines,7,Eric,eric,That sentence did not survive the putt.,7,"TREE — dialogue tree, authored order",vo.golf.h1.eric.did_not_survive,vo.golf.h1.eric.did_not_survive.mp3
13,CH3 MOVING UP,Silver Pines,8,Eric,eric,Do not do that.,4,"TREE — dialogue tree, authored order",vo.golf.h1.eric.do_not_do_that,vo.golf.h1.eric.do_not_do_that.mp3
13,CH3 MOVING UP,Silver Pines,9,Eric,eric,Exactly that much.,3,"TREE — dialogue tree, authored order",vo.golf.h1.eric.exactly_that_much,vo.golf.h1.eric.exactly_that_much.mp3
13,CH3 MOVING UP,Silver Pines,10,Eric,eric,Good shot.,2,"TREE — dialogue tree, authored order",vo.golf.h1.eric.good_shot,vo.golf.h1.eric.good_shot.mp3
13,CH3 MOVING UP,Silver Pines,11,Eric,eric,He does.,2,"TREE — dialogue tree, authored order",vo.golf.h1.eric.he_does,vo.golf.h1.eric.he_does.mp3
13,CH3 MOVING UP,Silver Pines,12,Eric,eric,He has been hitting it all morning.,7,"TREE — dialogue tree, authored order",vo.golf.h1.eric.hes_been_hitting_it_all_morning,vo.golf.h1.eric.hes_been_hitting_it_all_morning.mp3
13,CH3 MOVING UP,Silver Pines,13,Eric,eric,It was a bunker.,4,"TREE — dialogue tree, authored order",vo.golf.h1.eric.it_was_a_bunker,vo.golf.h1.eric.it_was_a_bunker.mp3
13,CH3 MOVING UP,Silver Pines,14,Eric,eric,He can land a plane. He can land an iron.,10,"TREE — dialogue tree, authored order",vo.golf.h1.eric.land_a_plane,vo.golf.h1.eric.land_a_plane.mp3
13,CH3 MOVING UP,Silver Pines,15,Eric,eric,Less than Rippin says.,4,"TREE — dialogue tree, authored order",vo.golf.h1.eric.less_than_rippin_says,vo.golf.h1.eric.less_than_rippin_says.mp3
13,CH3 MOVING UP,Silver Pines,16,Eric,eric,Lou said you noticed the car.,6,"TREE — dialogue tree, authored order",vo.golf.h1.eric.lou_said_you_noticed,vo.golf.h1.eric.lou_said_you_noticed.mp3
13,CH3 MOVING UP,Silver Pines,17,Eric,eric,Middle of the green. Ignore the flag.,7,"TREE — dialogue tree, authored order",vo.golf.h1.eric.middle_of_green,vo.golf.h1.eric.middle_of_green.mp3
13,CH3 MOVING UP,Silver Pines,18,Eric,eric,Morning.,1,"TREE — dialogue tree, authored order",vo.golf.h1.eric.morning,vo.golf.h1.eric.morning.mp3
13,CH3 MOVING UP,Silver Pines,19,Eric,eric,Needed the rest of the putt.,6,"TREE — dialogue tree, authored order",vo.golf.h1.eric.needed_the_rest,vo.golf.h1.eric.needed_the_rest.mp3
13,CH3 MOVING UP,Silver Pines,20,Eric,eric,Neither was your tee shot.,5,"TREE — dialogue tree, authored order",vo.golf.h1.eric.neither_was_your_tee_shot,vo.golf.h1.eric.neither_was_your_tee_shot.mp3
13,CH3 MOVING UP,Silver Pines,21,Eric,eric,Nobody wants that.,3,"TREE — dialogue tree, authored order",vo.golf.h1.eric.nobody_wants_that,vo.golf.h1.eric.nobody_wants_that.mp3
13,CH3 MOVING UP,Silver Pines,22,Eric,eric,That is not what I said.,6,"TREE — dialogue tree, authored order",vo.golf.h1.eric.not_what_i_said,vo.golf.h1.eric.not_what_i_said.mp3
13,CH3 MOVING UP,Silver Pines,23,Eric,eric,On the green.,3,"TREE — dialogue tree, authored order",vo.golf.h1.eric.on_the_green,vo.golf.h1.eric.on_the_green.mp3
13,CH3 MOVING UP,Silver Pines,24,Eric,eric,He is putting from one hundred and sixty-seven yards.,9,"TREE — dialogue tree, authored order",vo.golf.h1.eric.one_hundred_sixty_seven,vo.golf.h1.eric.one_hundred_sixty_seven.mp3
13,CH3 MOVING UP,Silver Pines,25,Eric,eric,Open the face. Hit behind the ball.,7,"TREE — dialogue tree, authored order",vo.golf.h1.eric.open_the_face,vo.golf.h1.eric.open_the_face.mp3
13,CH3 MOVING UP,Silver Pines,26,Eric,eric,Par.,1,"TREE — dialogue tree, authored order",vo.golf.h1.eric.par,vo.golf.h1.eric.par.mp3
13,CH3 MOVING UP,Silver Pines,27,Eric,eric,Par five.,2,"TREE — dialogue tree, authored order",vo.golf.h1.eric.par_five,vo.golf.h1.eric.par_five.mp3
13,CH3 MOVING UP,Silver Pines,28,Eric,eric,That is the preferred order.,5,"TREE — dialogue tree, authored order",vo.golf.h1.eric.preferred_order,vo.golf.h1.eric.preferred_order.mp3
13,CH3 MOVING UP,Silver Pines,29,Eric,eric,Do not hit the hole. Roll the ball to the hole.,11,"TREE — dialogue tree, authored order",vo.golf.h1.eric.roll_the_ball,vo.golf.h1.eric.roll_the_ball.mp3
13,CH3 MOVING UP,Silver Pines,30,Eric,eric,You have selected a driver.,5,"TREE — dialogue tree, authored order",vo.golf.h1.eric.selected_driver,vo.golf.h1.eric.selected_driver.mp3
13,CH3 MOVING UP,Silver Pines,31,Eric,eric,Short grass. That is the whole job off a tee.,10,"TREE — dialogue tree, authored order",vo.golf.h1.eric.short_grass,vo.golf.h1.eric.short_grass.mp3
13,CH3 MOVING UP,Silver Pines,32,Eric,eric,Take your time.,3,"TREE — dialogue tree, authored order",vo.golf.h1.eric.take_your_time,vo.golf.h1.eric.take_your_time.mp3
13,CH3 MOVING UP,Silver Pines,33,Eric,eric,That is different.,3,"TREE — dialogue tree, authored order",vo.golf.h1.eric.that_is_different,vo.golf.h1.eric.that_is_different.mp3
13,CH3 MOVING UP,Silver Pines,34,Eric,eric,That matters.,2,"TREE — dialogue tree, authored order",vo.golf.h1.eric.that_matters,vo.golf.h1.eric.that_matters.mp3
13,CH3 MOVING UP,Silver Pines,35,Eric,eric,That went in.,3,"TREE — dialogue tree, authored order",vo.golf.h1.eric.that_went_in,vo.golf.h1.eric.that_went_in.mp3
13,CH3 MOVING UP,Silver Pines,36,Eric,eric,That will play.,3,"TREE — dialogue tree, authored order",vo.golf.h1.eric.that_will_play,vo.golf.h1.eric.that_will_play.mp3
13,CH3 MOVING UP,Silver Pines,37,Eric,eric,That is a lot of club for a hundred and sixty-seven yards.,12,"TREE — dialogue tree, authored order",vo.golf.h1.eric.thats_a_lot_of_club,vo.golf.h1.eric.thats_a_lot_of_club.mp3
13,CH3 MOVING UP,Silver Pines,38,Eric,eric,Useful clarification.,2,"TREE — dialogue tree, authored order",vo.golf.h1.eric.useful_clarification,vo.golf.h1.eric.useful_clarification.mp3
13,CH3 MOVING UP,Silver Pines,39,Eric,eric,You wanted the bunker?,4,"TREE — dialogue tree, authored order",vo.golf.h1.eric.wanted_bunker,vo.golf.h1.eric.wanted_bunker.mp3
13,CH3 MOVING UP,Silver Pines,40,Eric,eric,We are standing here.,4,"TREE — dialogue tree, authored order",vo.golf.h1.eric.we_are_standing_here,vo.golf.h1.eric.we_are_standing_here.mp3
13,CH3 MOVING UP,Silver Pines,41,Eric,eric,Yes.,1,"TREE — dialogue tree, authored order",vo.golf.h1.eric.yes,vo.golf.h1.eric.yes.mp3
13,CH3 MOVING UP,Silver Pines,42,Eric,eric,Yes.,1,"TREE — dialogue tree, authored order",vo.golf.h1.eric.yes_2,vo.golf.h1.eric.yes_2.mp3
13,CH3 MOVING UP,Silver Pines,43,Eric,eric,You have a shot.,4,"TREE — dialogue tree, authored order",vo.golf.h1.eric.you_have_a_shot,vo.golf.h1.eric.you_have_a_shot.mp3
13,CH3 MOVING UP,Silver Pines,44,Eric,eric,Those are clubs. Somebody paid a lot for them and it wasn’t you.,13,"TREE — dialogue tree, authored order",vo.golf.h1.eric.you_have_clubs,vo.golf.h1.eric.you_have_clubs.mp3
13,CH3 MOVING UP,Silver Pines,45,Eric,eric,You watched it happen.,4,"TREE — dialogue tree, authored order",vo.golf.h1.eric.you_watched_it,vo.golf.h1.eric.you_watched_it.mp3
13,CH3 MOVING UP,Silver Pines,46,BIG UNCLE LOU SPUTTHOLE,lou1,That advice is for both of you.,7,"TREE — dialogue tree, authored order",vo.golf.h1.lou.advice_for_both,vo.golf.h1.lou.advice_for_both.mp3
13,CH3 MOVING UP,Silver Pines,47,BIG UNCLE LOU SPUTTHOLE,lou1,He was aiming there.,4,"TREE — dialogue tree, authored order",vo.golf.h1.lou.aiming_there,vo.golf.h1.lou.aiming_there.mp3
13,CH3 MOVING UP,Silver Pines,48,BIG UNCLE LOU SPUTTHOLE,lou1,I also gave you an iron.,6,"TREE — dialogue tree, authored order",vo.golf.h1.lou.also_gave_you_an_iron,vo.golf.h1.lou.also_gave_you_an_iron.mp3
13,CH3 MOVING UP,Silver Pines,49,BIG UNCLE LOU SPUTTHOLE,lou1,It’s golf. It becomes work around the second bad shot.,10,"TREE — dialogue tree, authored order",vo.golf.h1.lou.becomes_work,vo.golf.h1.lou.becomes_work.mp3
13,CH3 MOVING UP,Silver Pines,50,BIG UNCLE LOU SPUTTHOLE,lou1,Pick up the ball before he changes his mind.,9,"TREE — dialogue tree, authored order",vo.golf.h1.lou.before_he_changes_his_mind,vo.golf.h1.lou.before_he_changes_his_mind.mp3
13,CH3 MOVING UP,Silver Pines,51,BIG UNCLE LOU SPUTTHOLE,lou1,Cars do that. People miss it.,6,"TREE — dialogue tree, authored order",vo.golf.h1.lou.cars_do_that,vo.golf.h1.lou.cars_do_that.mp3
13,CH3 MOVING UP,Silver Pines,52,BIG UNCLE LOU SPUTTHOLE,lou1,For us.,2,"TREE — dialogue tree, authored order",vo.golf.h1.lou.changed_for_us,vo.golf.h1.lou.changed_for_us.mp3
13,CH3 MOVING UP,Silver Pines,53,BIG UNCLE LOU SPUTTHOLE,lou1,And for you. Finish the round.,6,"TREE — dialogue tree, authored order",vo.golf.h1.lou.changed_for_you,vo.golf.h1.lou.changed_for_you.mp3
13,CH3 MOVING UP,Silver Pines,54,BIG UNCLE LOU SPUTTHOLE,lou1,It’s closer than yours.,4,"TREE — dialogue tree, authored order",vo.golf.h1.lou.closer_than_yours,vo.golf.h1.lou.closer_than_yours.mp3
13,CH3 MOVING UP,Silver Pines,55,BIG UNCLE LOU SPUTTHOLE,lou1,That is why this is a conversation and not a complaint.,11,"TREE — dialogue tree, authored order",vo.golf.h1.lou.conversation_not_complaint,vo.golf.h1.lou.conversation_not_complaint.mp3
13,CH3 MOVING UP,Silver Pines,56,BIG UNCLE LOU SPUTTHOLE,lou1,No. Criminal pays better.,4,"TREE — dialogue tree, authored order",vo.golf.h1.lou.criminal_pays_better,vo.golf.h1.lou.criminal_pays_better.mp3
13,CH3 MOVING UP,Silver Pines,57,BIG UNCLE LOU SPUTTHOLE,lou1,We invited him. We didn’t promise to defend him.,9,"TREE — dialogue tree, authored order",vo.golf.h1.lou.didnt_promise_to_defend,vo.golf.h1.lou.didnt_promise_to_defend.mp3
13,CH3 MOVING UP,Silver Pines,58,BIG UNCLE LOU SPUTTHOLE,lou1,Do that again and you walk.,6,"TREE — dialogue tree, authored order",vo.golf.h1.lou.do_that_again_you_walk,vo.golf.h1.lou.do_that_again_you_walk.mp3
13,CH3 MOVING UP,Silver Pines,59,BIG UNCLE LOU SPUTTHOLE,lou1,You don’t have to fill every quiet minute. That’s one of the reasons you’re here.,15,"TREE — dialogue tree, authored order",vo.golf.h1.lou.dont_have_to_fill_it,vo.golf.h1.lou.dont_have_to_fill_it.mp3
13,CH3 MOVING UP,Silver Pines,60,BIG UNCLE LOU SPUTTHOLE,lou1,Driver time.,2,"TREE — dialogue tree, authored order",vo.golf.h1.lou.driver_time,vo.golf.h1.lou.driver_time.mp3
13,CH3 MOVING UP,Silver Pines,61,BIG UNCLE LOU SPUTTHOLE,lou1,You earned the invitation. Morning’s still up for debate.,9,"TREE — dialogue tree, authored order",vo.golf.h1.lou.earned_invitation,vo.golf.h1.lou.earned_invitation.mp3
13,CH3 MOVING UP,Silver Pines,62,BIG UNCLE LOU SPUTTHOLE,lou1,Enough to remember.,3,"TREE — dialogue tree, authored order",vo.golf.h1.lou.enough_to_remember,vo.golf.h1.lou.enough_to_remember.mp3
13,CH3 MOVING UP,Silver Pines,63,BIG UNCLE LOU SPUTTHOLE,lou1,You’ll find out when you putt.,6,"TREE — dialogue tree, authored order",vo.golf.h1.lou.find_out_when_you_putt,vo.golf.h1.lou.find_out_when_you_putt.mp3
13,CH3 MOVING UP,Silver Pines,64,BIG UNCLE LOU SPUTTHOLE,lou1,Fine.,1,"TREE — dialogue tree, authored order",vo.golf.h1.lou.fine,vo.golf.h1.lou.fine.mp3
13,CH3 MOVING UP,Silver Pines,65,BIG UNCLE LOU SPUTTHOLE,lou1,Finish the putt. Then we’ll talk.,6,"TREE — dialogue tree, authored order",vo.golf.h1.lou.finish_your_putt,vo.golf.h1.lou.finish_your_putt.mp3
13,CH3 MOVING UP,Silver Pines,66,BIG UNCLE LOU SPUTTHOLE,lou1,Five.,1,"TREE — dialogue tree, authored order",vo.golf.h1.lou.five_1,vo.golf.h1.lou.five_1.mp3
13,CH3 MOVING UP,Silver Pines,67,BIG UNCLE LOU SPUTTHOLE,lou1,Five.,1,"TREE — dialogue tree, authored order",vo.golf.h1.lou.five_2,vo.golf.h1.lou.five_2.mp3
13,CH3 MOVING UP,Silver Pines,68,BIG UNCLE LOU SPUTTHOLE,lou1,Get in the sand.,4,"TREE — dialogue tree, authored order",vo.golf.h1.lou.get_in_the_sand,vo.golf.h1.lou.get_in_the_sand.mp3
13,CH3 MOVING UP,Silver Pines,69,BIG UNCLE LOU SPUTTHOLE,lou1,Good.,1,"TREE — dialogue tree, authored order",vo.golf.h1.lou.good,vo.golf.h1.lou.good.mp3
13,CH3 MOVING UP,Silver Pines,70,BIG UNCLE LOU SPUTTHOLE,lou1,Good roll.,2,"TREE — dialogue tree, authored order",vo.golf.h1.lou.good_roll,vo.golf.h1.lou.good_roll.mp3
13,CH3 MOVING UP,Silver Pines,71,BIG UNCLE LOU SPUTTHOLE,lou1,Good start. Forget it.,4,"TREE — dialogue tree, authored order",vo.golf.h1.lou.good_start_forget_it,vo.golf.h1.lou.good_start_forget_it.mp3
13,CH3 MOVING UP,Silver Pines,72,BIG UNCLE LOU SPUTTHOLE,lou1,Green falls toward the water.,5,"TREE — dialogue tree, authored order",vo.golf.h1.lou.green_falls_toward_water,vo.golf.h1.lou.green_falls_toward_water.mp3
13,CH3 MOVING UP,Silver Pines,73,BIG UNCLE LOU SPUTTHOLE,lou1,Had the line.,3,"TREE — dialogue tree, authored order",vo.golf.h1.lou.had_the_line,vo.golf.h1.lou.had_the_line.mp3
13,CH3 MOVING UP,Silver Pines,74,BIG UNCLE LOU SPUTTHOLE,lou1,You haven’t hit yours.,4,"TREE — dialogue tree, authored order",vo.golf.h1.lou.havent_hit_yours,vo.golf.h1.lou.havent_hit_yours.mp3
13,CH3 MOVING UP,Silver Pines,75,BIG UNCLE LOU SPUTTHOLE,lou1,He finished.,2,"TREE — dialogue tree, authored order",vo.golf.h1.lou.he_finished,vo.golf.h1.lou.he_finished.mp3
13,CH3 MOVING UP,Silver Pines,76,BIG UNCLE LOU SPUTTHOLE,lou1,Try not to spend the whole morning deciding whether to hit on sixteen.,13,"TREE — dialogue tree, authored order",vo.golf.h1.lou.hit_on_sixteen,vo.golf.h1.lou.hit_on_sixteen.mp3
13,CH3 MOVING UP,Silver Pines,77,BIG UNCLE LOU SPUTTHOLE,lou1,I noticed. That’s why I didn’t call.,7,"TREE — dialogue tree, authored order",vo.golf.h1.lou.i_noticed,vo.golf.h1.lou.i_noticed.mp3
13,CH3 MOVING UP,Silver Pines,78,BIG UNCLE LOU SPUTTHOLE,lou1,We can find a fourth. We invited you.,8,"TREE — dialogue tree, authored order",vo.golf.h1.lou.invited_you,vo.golf.h1.lou.invited_you.mp3
13,CH3 MOVING UP,Silver Pines,79,BIG UNCLE LOU SPUTTHOLE,lou1,It counts.,2,"TREE — dialogue tree, authored order",vo.golf.h1.lou.it_counts,vo.golf.h1.lou.it_counts.mp3
13,CH3 MOVING UP,Silver Pines,80,BIG UNCLE LOU SPUTTHOLE,lou1,It is today.,3,"TREE — dialogue tree, authored order",vo.golf.h1.lou.it_is_today,vo.golf.h1.lou.it_is_today.mp3
13,CH3 MOVING UP,Silver Pines,81,BIG UNCLE LOU SPUTTHOLE,lou1,You kept your head while everybody else was spending theirs.,10,"TREE — dialogue tree, authored order",vo.golf.h1.lou.kept_your_head,vo.golf.h1.lou.kept_your_head.mp3
13,CH3 MOVING UP,Silver Pines,82,BIG UNCLE LOU SPUTTHOLE,lou1,Luck doesn’t bring the crew and the money home.,9,"TREE — dialogue tree, authored order",vo.golf.h1.lou.luck_doesnt_drive_home,vo.golf.h1.lou.luck_doesnt_drive_home.mp3
13,CH3 MOVING UP,Silver Pines,83,BIG UNCLE LOU SPUTTHOLE,lou1,Middle of the green. Swing once.,6,"TREE — dialogue tree, authored order",vo.golf.h1.lou.middle_swing_once,vo.golf.h1.lou.middle_swing_once.mp3
13,CH3 MOVING UP,Silver Pines,84,BIG UNCLE LOU SPUTTHOLE,lou1,More than cash. Less than a crown.,7,"TREE — dialogue tree, authored order",vo.golf.h1.lou.more_than_cash,vo.golf.h1.lou.more_than_cash.mp3
13,CH3 MOVING UP,Silver Pines,85,BIG UNCLE LOU SPUTTHOLE,lou1,You brought most of the plane back.,7,"TREE — dialogue tree, authored order",vo.golf.h1.lou.most_of_the_plane,vo.golf.h1.lou.most_of_the_plane.mp3
13,CH3 MOVING UP,Silver Pines,86,BIG UNCLE LOU SPUTTHOLE,lou1,No.,1,"TREE — dialogue tree, authored order",vo.golf.h1.lou.no,vo.golf.h1.lou.no.mp3
13,CH3 MOVING UP,Silver Pines,87,BIG UNCLE LOU SPUTTHOLE,lou1,Nobody invited you here to audition. You already did that.,10,"TREE — dialogue tree, authored order",vo.golf.h1.lou.nobody_invited_you_to_audition,vo.golf.h1.lou.nobody_invited_you_to_audition.mp3
13,CH3 MOVING UP,Silver Pines,88,BIG UNCLE LOU SPUTTHOLE,lou1,We are not putting all of that on the card.,10,"TREE — dialogue tree, authored order",vo.golf.h1.lou.not_putting_all_that,vo.golf.h1.lou.not_putting_all_that.mp3
13,CH3 MOVING UP,Silver Pines,89,BIG UNCLE LOU SPUTTHOLE,lou1,Not today.,2,"TREE — dialogue tree, authored order",vo.golf.h1.lou.not_today,vo.golf.h1.lou.not_today.mp3
13,CH3 MOVING UP,Silver Pines,90,BIG UNCLE LOU SPUTTHOLE,lou1,Not where he landed it.,5,"TREE — dialogue tree, authored order",vo.golf.h1.lou.not_where_he_landed_it,vo.golf.h1.lou.not_where_he_landed_it.mp3
13,CH3 MOVING UP,Silver Pines,91,BIG UNCLE LOU SPUTTHOLE,lou1,Nothing wrong with boring.,4,"TREE — dialogue tree, authored order",vo.golf.h1.lou.nothing_wrong_with_boring,vo.golf.h1.lou.nothing_wrong_with_boring.mp3
13,CH3 MOVING UP,Silver Pines,92,BIG UNCLE LOU SPUTTHOLE,lou1,You noticed the car in the lot. Most people notice the gun and miss the car.,16,"TREE — dialogue tree, authored order",vo.golf.h1.lou.noticed_the_car,vo.golf.h1.lou.noticed_the_car.mp3
13,CH3 MOVING UP,Silver Pines,93,BIG UNCLE LOU SPUTTHOLE,lou1,One.,1,"TREE — dialogue tree, authored order",vo.golf.h1.lou.one,vo.golf.h1.lou.one.mp3
13,CH3 MOVING UP,Silver Pines,94,BIG UNCLE LOU SPUTTHOLE,lou1,One down. Two to go.,5,"TREE — dialogue tree, authored order",vo.golf.h1.lou.one_down_two_to_go,vo.golf.h1.lou.one_down_two_to_go.mp3
13,CH3 MOVING UP,Silver Pines,95,BIG UNCLE LOU SPUTTHOLE,lou1,One hole doesn’t decide anything.,5,"TREE — dialogue tree, authored order",vo.golf.h1.lou.one_hole_doesnt_decide,vo.golf.h1.lou.one_hole_doesnt_decide.mp3
13,CH3 MOVING UP,Silver Pines,96,BIG UNCLE LOU SPUTTHOLE,lou1,You want a parade before the second tee?,8,"TREE — dialogue tree, authored order",vo.golf.h1.lou.parade_before_second_tee,vo.golf.h1.lou.parade_before_second_tee.mp3
13,CH3 MOVING UP,Silver Pines,97,BIG UNCLE LOU SPUTTHOLE,lou1,Pick up the tee.,4,"TREE — dialogue tree, authored order",vo.golf.h1.lou.pick_up_the_tee,vo.golf.h1.lou.pick_up_the_tee.mp3
13,CH3 MOVING UP,Silver Pines,98,BIG UNCLE LOU SPUTTHOLE,lou1,I practiced before you got here.,6,"TREE — dialogue tree, authored order",vo.golf.h1.lou.practiced_before,vo.golf.h1.lou.practiced_before.mp3
13,CH3 MOVING UP,Silver Pines,99,BIG UNCLE LOU SPUTTHOLE,lou1,"If it was a test, Rippin wouldn’t be administering it.",10,"TREE — dialogue tree, authored order",vo.golf.h1.lou.rippin_wouldnt,vo.golf.h1.lou.rippin_wouldnt.mp3
13,CH3 MOVING UP,Silver Pines,100,BIG UNCLE LOU SPUTTHOLE,lou1,Six.,1,"TREE — dialogue tree, authored order",vo.golf.h1.lou.six,vo.golf.h1.lou.six.mp3
13,CH3 MOVING UP,Silver Pines,101,BIG UNCLE LOU SPUTTHOLE,lou1,You also played six hands while I waited.,8,"TREE — dialogue tree, authored order",vo.golf.h1.lou.six_hands,vo.golf.h1.lou.six_hands.mp3
13,CH3 MOVING UP,Silver Pines,102,BIG UNCLE LOU SPUTTHOLE,lou1,Swing.,1,"TREE — dialogue tree, authored order",vo.golf.h1.lou.swing,vo.golf.h1.lou.swing.mp3
13,CH3 MOVING UP,Silver Pines,103,BIG UNCLE LOU SPUTTHOLE,lou1,The money came home. Everybody else did too. You did good.,11,"TREE — dialogue tree, authored order",vo.golf.h1.lou.take_brought_everybody_home,vo.golf.h1.lou.take_brought_everybody_home.mp3
13,CH3 MOVING UP,Silver Pines,104,BIG UNCLE LOU SPUTTHOLE,lou1,Taking care of that thing changed a few things.,9,"TREE — dialogue tree, authored order",vo.golf.h1.lou.take_changed_things,vo.golf.h1.lou.take_changed_things.mp3
13,CH3 MOVING UP,Silver Pines,105,BIG UNCLE LOU SPUTTHOLE,lou1,Take the drop. Forget the shot.,6,"TREE — dialogue tree, authored order",vo.golf.h1.lou.take_the_drop,vo.golf.h1.lou.take_the_drop.mp3
13,CH3 MOVING UP,Silver Pines,106,BIG UNCLE LOU SPUTTHOLE,lou1,It was the one he finished.,6,"TREE — dialogue tree, authored order",vo.golf.h1.lou.take_was_finished,vo.golf.h1.lou.take_was_finished.mp3
13,CH3 MOVING UP,Silver Pines,107,BIG UNCLE LOU SPUTTHOLE,lou1,That is what the thing is for.,7,"TREE — dialogue tree, authored order",vo.golf.h1.lou.thats_what_its_for,vo.golf.h1.lou.thats_what_its_for.mp3
13,CH3 MOVING UP,Silver Pines,108,BIG UNCLE LOU SPUTTHOLE,lou1,That’s why we came.,4,"TREE — dialogue tree, authored order",vo.golf.h1.lou.thats_why_we_came,vo.golf.h1.lou.thats_why_we_came.mp3
13,CH3 MOVING UP,Silver Pines,109,BIG UNCLE LOU SPUTTHOLE,lou1,"There he is. Shoes are wrong, but he’s here.",9,"TREE — dialogue tree, authored order",vo.golf.h1.lou.there_he_is,vo.golf.h1.lou.there_he_is.mp3
13,CH3 MOVING UP,Silver Pines,110,BIG UNCLE LOU SPUTTHOLE,lou1,"Alright, eight A.M. Let’s start thinking lunch.",7,"TREE — dialogue tree, authored order",vo.golf.h1.lou.thinking_lunch,vo.golf.h1.lou.thinking_lunch.mp3
13,CH3 MOVING UP,Silver Pines,111,BIG UNCLE LOU SPUTTHOLE,lou1,Three clubs. You don’t need seventeen ways to make the same mistake.,12,"TREE — dialogue tree, authored order",vo.golf.h1.lou.three_clubs,vo.golf.h1.lou.three_clubs.mp3
13,CH3 MOVING UP,Silver Pines,112,BIG UNCLE LOU SPUTTHOLE,lou1,Three holes with Rippin.,4,"TREE — dialogue tree, authored order",vo.golf.h1.lou.three_holes_rippin,vo.golf.h1.lou.three_holes_rippin.mp3
13,CH3 MOVING UP,Silver Pines,113,BIG UNCLE LOU SPUTTHOLE,lou1,Finish the round. I’ll show you.,6,"TREE — dialogue tree, authored order",vo.golf.h1.lou.wait_for_clubhouse,vo.golf.h1.lou.wait_for_clubhouse.mp3
13,CH3 MOVING UP,Silver Pines,114,BIG UNCLE LOU SPUTTHOLE,lou1,You waited for the noise. That was the important part.,10,"TREE — dialogue tree, authored order",vo.golf.h1.lou.waited_for_the_noise,vo.golf.h1.lou.waited_for_the_noise.mp3
13,CH3 MOVING UP,Silver Pines,115,BIG UNCLE LOU SPUTTHOLE,lou1,We see it.,3,"TREE — dialogue tree, authored order",vo.golf.h1.lou.we_see_it,vo.golf.h1.lou.we_see_it.mp3
13,CH3 MOVING UP,Silver Pines,116,BIG UNCLE LOU SPUTTHOLE,lou1,We’re not in a hurry.,5,"TREE — dialogue tree, authored order",vo.golf.h1.lou.were_not_in_a_hurry,vo.golf.h1.lou.were_not_in_a_hurry.mp3
13,CH3 MOVING UP,Silver Pines,117,BIG UNCLE LOU SPUTTHOLE,lou1,That’s one reason you’re getting one.,6,"TREE — dialogue tree, authored order",vo.golf.h1.lou.why_youre_getting_one,vo.golf.h1.lou.why_youre_getting_one.mp3
13,CH3 MOVING UP,Silver Pines,118,BIG UNCLE LOU SPUTTHOLE,lou1,You brought the shipment back with the wings still attached.,10,"TREE — dialogue tree, authored order",vo.golf.h1.lou.wings_still_attached,vo.golf.h1.lou.wings_still_attached.mp3
13,CH3 MOVING UP,Silver Pines,119,BIG UNCLE LOU SPUTTHOLE,lou1,He won more than you did.,6,"TREE — dialogue tree, authored order",vo.golf.h1.lou.won_more_than_you,vo.golf.h1.lou.won_more_than_you.mp3
13,CH3 MOVING UP,Silver Pines,120,BIG UNCLE LOU SPUTTHOLE,lou1,The Bing. The restaurant. The plane. The cabin. Billy. The bank. You kept your head when it mattered.,18,"TREE — dialogue tree, authored order",vo.golf.h1.lou.work_added_up,vo.golf.h1.lou.work_added_up.mp3
13,CH3 MOVING UP,Silver Pines,121,BIG UNCLE LOU SPUTTHOLE,lou1,You brought the wrong club.,5,"TREE — dialogue tree, authored order",vo.golf.h1.lou.wrong_club,vo.golf.h1.lou.wrong_club.mp3
13,CH3 MOVING UP,Silver Pines,122,BIG UNCLE LOU SPUTTHOLE,lou1,You have it.,3,"TREE — dialogue tree, authored order",vo.golf.h1.lou.you_have_it,vo.golf.h1.lou.you_have_it.mp3
13,CH3 MOVING UP,Silver Pines,123,BIG UNCLE LOU SPUTTHOLE,lou1,You sat down. You listened. You waited. Same rules out here.,11,"TREE — dialogue tree, authored order",vo.golf.h1.lou.you_sat_down,vo.golf.h1.lou.you_sat_down.mp3
13,CH3 MOVING UP,Silver Pines,124,Tony (the Prospect),player,Is this a test? Because everything’s been a test and nobody tells me the results.,15,"TREE — dialogue tree, authored order",vo.golf.h1.prospect.another_test,vo.golf.h1.prospect.another_test.mp3
13,CH3 MOVING UP,Silver Pines,125,Tony (the Prospect),player,I own better shoes.,4,"TREE — dialogue tree, authored order",vo.golf.h1.prospect.arrival_better_shoes,vo.golf.h1.prospect.arrival_better_shoes.mp3
13,CH3 MOVING UP,Silver Pines,126,Tony (the Prospect),player,You said eight. It’s eight.,5,"TREE — dialogue tree, authored order",vo.golf.h1.prospect.arrival_on_time,vo.golf.h1.prospect.arrival_on_time.mp3
13,CH3 MOVING UP,Silver Pines,127,Tony (the Prospect),player,I thought this was work.,5,"TREE — dialogue tree, authored order",vo.golf.h1.prospect.arrival_thought_work,vo.golf.h1.prospect.arrival_thought_work.mp3
13,CH3 MOVING UP,Silver Pines,128,Tony (the Prospect),player,For who?,2,"TREE — dialogue tree, authored order",vo.golf.h1.prospect.changed_for_who,vo.golf.h1.prospect.changed_for_who.mp3
13,CH3 MOVING UP,Silver Pines,129,Tony (the Prospect),player,I didn’t do it for a reward.,7,"TREE — dialogue tree, authored order",vo.golf.h1.prospect.didnt_do_it_for_reward,vo.golf.h1.prospect.didnt_do_it_for_reward.mp3
13,CH3 MOVING UP,Silver Pines,130,Tony (the Prospect),player,I figured I earned a morning off.,7,"TREE — dialogue tree, authored order",vo.golf.h1.prospect.earned_morning_off,vo.golf.h1.prospect.earned_morning_off.mp3
13,CH3 MOVING UP,Silver Pines,131,Tony (the Prospect),player,Fine good or fine bad?,5,"TREE — dialogue tree, authored order",vo.golf.h1.prospect.fine_good_or_bad,vo.golf.h1.prospect.fine_good_or_bad.mp3
13,CH3 MOVING UP,Silver Pines,132,Tony (the Prospect),player,I got lucky.,3,"TREE — dialogue tree, authored order",vo.golf.h1.prospect.got_lucky,vo.golf.h1.prospect.got_lucky.mp3
13,CH3 MOVING UP,Silver Pines,133,Tony (the Prospect),player,How much are we putting?,5,"TREE — dialogue tree, authored order",vo.golf.h1.prospect.how_much_are_we_putting,vo.golf.h1.prospect.how_much_are_we_putting.mp3
13,CH3 MOVING UP,Silver Pines,134,Tony (the Prospect),player,How much break?,3,"TREE — dialogue tree, authored order",vo.golf.h1.prospect.how_much_break,vo.golf.h1.prospect.how_much_break.mp3
13,CH3 MOVING UP,Silver Pines,135,Tony (the Prospect),player,I came back.,3,"TREE — dialogue tree, authored order",vo.golf.h1.prospect.i_came_back,vo.golf.h1.prospect.i_came_back.mp3
13,CH3 MOVING UP,Silver Pines,136,Tony (the Prospect),player,It’s all love.,3,"TREE — dialogue tree, authored order",vo.golf.h1.prospect.its_all_love,vo.golf.h1.prospect.its_all_love.mp3
13,CH3 MOVING UP,Silver Pines,137,Tony (the Prospect),player,I kept everybody moving.,4,"TREE — dialogue tree, authored order",vo.golf.h1.prospect.kept_everybody_moving,vo.golf.h1.prospect.kept_everybody_moving.mp3
13,CH3 MOVING UP,Silver Pines,138,Tony (the Prospect),player,You needed a fourth.,4,"TREE — dialogue tree, authored order",vo.golf.h1.prospect.needed_a_fourth,vo.golf.h1.prospect.needed_a_fourth.mp3
13,CH3 MOVING UP,Silver Pines,139,Tony (the Prospect),player,No practice swing?,3,"TREE — dialogue tree, authored order",vo.golf.h1.prospect.no_practice_swing,vo.golf.h1.prospect.no_practice_swing.mp3
13,CH3 MOVING UP,Silver Pines,140,Tony (the Prospect),player,You said this was intentional.,5,"TREE — dialogue tree, authored order",vo.golf.h1.prospect.said_it_was_intentional,vo.golf.h1.prospect.said_it_was_intentional.mp3
13,CH3 MOVING UP,Silver Pines,141,Tony (the Prospect),player,Should I be worried?,4,"TREE — dialogue tree, authored order",vo.golf.h1.prospect.should_i_worry,vo.golf.h1.prospect.should_i_worry.mp3
13,CH3 MOVING UP,Silver Pines,142,Tony (the Prospect),player,It was sitting wrong.,4,"TREE — dialogue tree, authored order",vo.golf.h1.prospect.sitting_wrong,vo.golf.h1.prospect.sitting_wrong.mp3
13,CH3 MOVING UP,Silver Pines,143,Tony (the Prospect),player,That’s it?,2,"TREE — dialogue tree, authored order",vo.golf.h1.prospect.thats_it,vo.golf.h1.prospect.thats_it.mp3
13,CH3 MOVING UP,Silver Pines,144,Tony (the Prospect),player,Understood.,1,"TREE — dialogue tree, authored order",vo.golf.h1.prospect.understood,vo.golf.h1.prospect.understood.mp3
13,CH3 MOVING UP,Silver Pines,145,Tony (the Prospect),player,What changed?,2,"TREE — dialogue tree, authored order",vo.golf.h1.prospect.what_changed,vo.golf.h1.prospect.what_changed.mp3
13,CH3 MOVING UP,Silver Pines,146,Tony (the Prospect),player,What did it buy me?,5,"TREE — dialogue tree, authored order",vo.golf.h1.prospect.what_did_it_buy,vo.golf.h1.prospect.what_did_it_buy.mp3
13,CH3 MOVING UP,Silver Pines,147,Tony (the Prospect),player,What did it change?,4,"TREE — dialogue tree, authored order",vo.golf.h1.prospect.what_did_it_change,vo.golf.h1.prospect.what_did_it_change.mp3
13,CH3 MOVING UP,Silver Pines,148,Tony (the Prospect),player,What’s the catch?,3,"TREE — dialogue tree, authored order",vo.golf.h1.prospect.whats_the_catch,vo.golf.h1.prospect.whats_the_catch.mp3
13,CH3 MOVING UP,Silver Pines,149,Tony (the Prospect),player,So why am I here?,5,"TREE — dialogue tree, authored order",vo.golf.h1.prospect.why_am_i_here,vo.golf.h1.prospect.why_am_i_here.mp3
13,CH3 MOVING UP,Silver Pines,150,Tony (the Prospect),player,You gave me the club.,5,"TREE — dialogue tree, authored order",vo.golf.h1.prospect.you_gave_me_the_club,vo.golf.h1.prospect.you_gave_me_the_club.mp3
13,CH3 MOVING UP,Silver Pines,151,Tony (the Prospect),player,You said you wanted information.,5,"TREE — dialogue tree, authored order",vo.golf.h1.prospect.you_wanted_information,vo.golf.h1.prospect.you_wanted_information.mp3
13,CH3 MOVING UP,Silver Pines,152,Rippinflow,rippinflow,No. Absolutely not.,3,"TREE — dialogue tree, authored order",vo.golf.h1.rippin.absolutely_not,vo.golf.h1.rippin.absolutely_not.mp3
13,CH3 MOVING UP,Silver Pines,153,Rippinflow,rippinflow,Aim for the bushes next time. They float better.,9,"TREE — dialogue tree, authored order",vo.golf.h1.rippin.aim_for_the_bushes,vo.golf.h1.rippin.aim_for_the_bushes.mp3
13,CH3 MOVING UP,Silver Pines,154,Rippinflow,rippinflow,It’s all love.,3,"TREE — dialogue tree, authored order",vo.golf.h1.rippin.all_love,vo.golf.h1.rippin.all_love.mp3
13,CH3 MOVING UP,Silver Pines,155,Rippinflow,rippinflow,It’s all love.,3,"TREE — dialogue tree, authored order",vo.golf.h1.rippin.all_love_2,vo.golf.h1.rippin.all_love_2.mp3
13,CH3 MOVING UP,Silver Pines,156,Rippinflow,rippinflow,It’s all love.,3,"TREE — dialogue tree, authored order",vo.golf.h1.rippin.all_love_3,vo.golf.h1.rippin.all_love_3.mp3
13,CH3 MOVING UP,Silver Pines,157,Rippinflow,rippinflow,Use the slot money and buy a lesson.,8,"TREE — dialogue tree, authored order",vo.golf.h1.rippin.buy_a_lesson,vo.golf.h1.rippin.buy_a_lesson.mp3
13,CH3 MOVING UP,Silver Pines,158,Rippinflow,rippinflow,Or close the face and hit the ball directly.,9,"TREE — dialogue tree, authored order",vo.golf.h1.rippin.close_the_face,vo.golf.h1.rippin.close_the_face.mp3
13,CH3 MOVING UP,Silver Pines,159,Rippinflow,rippinflow,I have credentials.,3,"TREE — dialogue tree, authored order",vo.golf.h1.rippin.credentials,vo.golf.h1.rippin.credentials.mp3
13,CH3 MOVING UP,Silver Pines,160,Rippinflow,rippinflow,I don’t trust witnesses.,4,"TREE — dialogue tree, authored order",vo.golf.h1.rippin.dont_trust_witnesses,vo.golf.h1.rippin.dont_trust_witnesses.mp3
13,CH3 MOVING UP,Silver Pines,161,Rippinflow,rippinflow,"Easy, Prospect.",2,"TREE — dialogue tree, authored order",vo.golf.h1.rippin.easy_prospect,vo.golf.h1.rippin.easy_prospect.mp3
13,CH3 MOVING UP,Silver Pines,162,Rippinflow,rippinflow,Now we have enough information.,5,"TREE — dialogue tree, authored order",vo.golf.h1.rippin.enough_information,vo.golf.h1.rippin.enough_information.mp3
13,CH3 MOVING UP,Silver Pines,163,Rippinflow,rippinflow,"Eric, this isn’t cricket.",4,"TREE — dialogue tree, authored order",vo.golf.h1.rippin.eric_not_cricket,vo.golf.h1.rippin.eric_not_cricket.mp3
13,CH3 MOVING UP,Silver Pines,164,Rippinflow,rippinflow,Everybody came home. Money did too.,6,"TREE — dialogue tree, authored order",vo.golf.h1.rippin.everybody_came_home,vo.golf.h1.rippin.everybody_came_home.mp3
13,CH3 MOVING UP,Silver Pines,165,Rippinflow,rippinflow,Exactly where I wanted it.,5,"TREE — dialogue tree, authored order",vo.golf.h1.rippin.exactly_where,vo.golf.h1.rippin.exactly_where.mp3
13,CH3 MOVING UP,Silver Pines,166,Rippinflow,rippinflow,Finally. Somebody out here hits it.,6,"TREE — dialogue tree, authored order",vo.golf.h1.rippin.finally_somebody_hits_it,vo.golf.h1.rippin.finally_somebody_hits_it.mp3
13,CH3 MOVING UP,Silver Pines,167,Rippinflow,rippinflow,First hole with us and he gets an ace?,9,"TREE — dialogue tree, authored order",vo.golf.h1.rippin.first_hole_ace,vo.golf.h1.rippin.first_hole_ace.mp3
13,CH3 MOVING UP,Silver Pines,168,Rippinflow,rippinflow,"For him, that’s the first tee.",6,"TREE — dialogue tree, authored order",vo.golf.h1.rippin.first_tee,vo.golf.h1.rippin.first_tee.mp3
13,CH3 MOVING UP,Silver Pines,169,Rippinflow,rippinflow,Five is fair.,3,"TREE — dialogue tree, authored order",vo.golf.h1.rippin.five_is_fair,vo.golf.h1.rippin.five_is_fair.mp3
13,CH3 MOVING UP,Silver Pines,170,Rippinflow,rippinflow,Four.,1,"TREE — dialogue tree, authored order",vo.golf.h1.rippin.four,vo.golf.h1.rippin.four.mp3
13,CH3 MOVING UP,Silver Pines,171,Rippinflow,rippinflow,Those are golf shoes if you stop respecting golf.,9,"TREE — dialogue tree, authored order",vo.golf.h1.rippin.golf_shoes,vo.golf.h1.rippin.golf_shoes.mp3
13,CH3 MOVING UP,Silver Pines,172,Rippinflow,rippinflow,Good thing Lou keeps score and not grudges.,8,"TREE — dialogue tree, authored order",vo.golf.h1.rippin.good_thing_lou_keeps_score,vo.golf.h1.rippin.good_thing_lou_keeps_score.mp3
13,CH3 MOVING UP,Silver Pines,173,Rippinflow,rippinflow,That was ground under repair.,5,"TREE — dialogue tree, authored order",vo.golf.h1.rippin.ground_under_repair,vo.golf.h1.rippin.ground_under_repair.mp3
13,CH3 MOVING UP,Silver Pines,174,Rippinflow,rippinflow,I haven’t said anything.,4,"TREE — dialogue tree, authored order",vo.golf.h1.rippin.havent_said_anything,vo.golf.h1.rippin.havent_said_anything.mp3
13,CH3 MOVING UP,Silver Pines,175,Rippinflow,rippinflow,Hit it again. Something might change.,6,"TREE — dialogue tree, authored order",vo.golf.h1.rippin.hit_it_again,vo.golf.h1.rippin.hit_it_again.mp3
13,CH3 MOVING UP,Silver Pines,176,Rippinflow,rippinflow,That is hitting the hole slowly.,6,"TREE — dialogue tree, authored order",vo.golf.h1.rippin.hitting_slowly,vo.golf.h1.rippin.hitting_slowly.mp3
13,CH3 MOVING UP,Silver Pines,177,Rippinflow,rippinflow,I do.,2,"TREE — dialogue tree, authored order",vo.golf.h1.rippin.i_do,vo.golf.h1.rippin.i_do.mp3
13,CH3 MOVING UP,Silver Pines,178,Rippinflow,rippinflow,I’ll brief you.,3,"TREE — dialogue tree, authored order",vo.golf.h1.rippin.ill_brief_you,vo.golf.h1.rippin.ill_brief_you.mp3
13,CH3 MOVING UP,Silver Pines,179,Rippinflow,rippinflow,I wanted information about the bunker.,6,"TREE — dialogue tree, authored order",vo.golf.h1.rippin.information,vo.golf.h1.rippin.information.mp3
13,CH3 MOVING UP,Silver Pines,180,Rippinflow,rippinflow,I want the scorecard inspected.,5,"TREE — dialogue tree, authored order",vo.golf.h1.rippin.inspect_scorecard,vo.golf.h1.rippin.inspect_scorecard.mp3
13,CH3 MOVING UP,Silver Pines,181,Rippinflow,rippinflow,I know what I said.,5,"TREE — dialogue tree, authored order",vo.golf.h1.rippin.know_what_i_said,vo.golf.h1.rippin.know_what_i_said.mp3
13,CH3 MOVING UP,Silver Pines,182,Rippinflow,rippinflow,I know what I’m doing.,5,"TREE — dialogue tree, authored order",vo.golf.h1.rippin.know_what_im_doing,vo.golf.h1.rippin.know_what_im_doing.mp3
13,CH3 MOVING UP,Silver Pines,183,Rippinflow,rippinflow,He learned that from me.,5,"TREE — dialogue tree, authored order",vo.golf.h1.rippin.learned_that_from_me,vo.golf.h1.rippin.learned_that_from_me.mp3
13,CH3 MOVING UP,Silver Pines,184,Rippinflow,rippinflow,You left the door open and the ball outside.,9,"TREE — dialogue tree, authored order",vo.golf.h1.rippin.left_the_door_open,vo.golf.h1.rippin.left_the_door_open.mp3
13,CH3 MOVING UP,Silver Pines,185,Rippinflow,rippinflow,No. Let him cook.,4,"TREE — dialogue tree, authored order",vo.golf.h1.rippin.let_him_cook,vo.golf.h1.rippin.let_him_cook.mp3
13,CH3 MOVING UP,Silver Pines,186,Rippinflow,rippinflow,Let me watch you let you watch me.,8,"TREE — dialogue tree, authored order",vo.golf.h1.rippin.let_me_watch_you,vo.golf.h1.rippin.let_me_watch_you.mp3
13,CH3 MOVING UP,Silver Pines,187,Rippinflow,rippinflow,"Let it be known, the Prospect has located grass.",9,"TREE — dialogue tree, authored order",vo.golf.h1.rippin.located_grass,vo.golf.h1.rippin.located_grass.mp3
13,CH3 MOVING UP,Silver Pines,188,Rippinflow,rippinflow,And more expensive. Lou never pays for the fourth.,9,"TREE — dialogue tree, authored order",vo.golf.h1.rippin.more_expensive,vo.golf.h1.rippin.more_expensive.mp3
13,CH3 MOVING UP,Silver Pines,189,Rippinflow,rippinflow,And more talking than golf.,5,"TREE — dialogue tree, authored order",vo.golf.h1.rippin.more_talking_than_golf,vo.golf.h1.rippin.more_talking_than_golf.mp3
13,CH3 MOVING UP,Silver Pines,190,Rippinflow,rippinflow,More than that ball.,4,"TREE — dialogue tree, authored order",vo.golf.h1.rippin.more_than_that_ball,vo.golf.h1.rippin.more_than_that_ball.mp3
13,CH3 MOVING UP,Silver Pines,191,Rippinflow,rippinflow,It needed repair.,3,"TREE — dialogue tree, authored order",vo.golf.h1.rippin.needed_repair,vo.golf.h1.rippin.needed_repair.mp3
13,CH3 MOVING UP,Silver Pines,192,Rippinflow,rippinflow,Next one’s long.,3,"TREE — dialogue tree, authored order",vo.golf.h1.rippin.next_ones_long,vo.golf.h1.rippin.next_ones_long.mp3
13,CH3 MOVING UP,Silver Pines,193,Rippinflow,rippinflow,Not on the scorecard.,4,"TREE — dialogue tree, authored order",vo.golf.h1.rippin.not_on_the_scorecard,vo.golf.h1.rippin.not_on_the_scorecard.mp3
13,CH3 MOVING UP,Silver Pines,194,Rippinflow,rippinflow,It is not the whole job.,6,"TREE — dialogue tree, authored order",vo.golf.h1.rippin.not_the_whole_job,vo.golf.h1.rippin.not_the_whole_job.mp3
13,CH3 MOVING UP,Silver Pines,195,Rippinflow,rippinflow,Good. Now it’s a meeting.,5,"TREE — dialogue tree, authored order",vo.golf.h1.rippin.now_its_a_meeting,vo.golf.h1.rippin.now_its_a_meeting.mp3
13,CH3 MOVING UP,Silver Pines,196,Rippinflow,rippinflow,That is the oldest-man shot I’ve ever seen.,8,"TREE — dialogue tree, authored order",vo.golf.h1.rippin.oldest_man_shot,vo.golf.h1.rippin.oldest_man_shot.mp3
13,CH3 MOVING UP,Silver Pines,197,Rippinflow,rippinflow,"Par three. One-sixty-seven. Water right, bunker left, dignity everywhere.",9,"TREE — dialogue tree, authored order",vo.golf.h1.rippin.par_three,vo.golf.h1.rippin.par_three.mp3
13,CH3 MOVING UP,Silver Pines,198,Rippinflow,rippinflow,Piping hot.,2,"TREE — dialogue tree, authored order",vo.golf.h1.rippin.piping_hot,vo.golf.h1.rippin.piping_hot.mp3
13,CH3 MOVING UP,Silver Pines,199,Rippinflow,rippinflow,Piping hot.,2,"TREE — dialogue tree, authored order",vo.golf.h1.rippin.piping_hot_2,vo.golf.h1.rippin.piping_hot_2.mp3
13,CH3 MOVING UP,Silver Pines,200,Rippinflow,rippinflow,A plane has a runway.,5,"TREE — dialogue tree, authored order",vo.golf.h1.rippin.plane_has_a_runway,vo.golf.h1.rippin.plane_has_a_runway.mp3
13,CH3 MOVING UP,Silver Pines,201,Rippinflow,rippinflow,"Let it be known, I reject the event.",8,"TREE — dialogue tree, authored order",vo.golf.h1.rippin.reject_the_event,vo.golf.h1.rippin.reject_the_event.mp3
13,CH3 MOVING UP,Silver Pines,202,Rippinflow,rippinflow,Safe.,1,"TREE — dialogue tree, authored order",vo.golf.h1.rippin.safe_1,vo.golf.h1.rippin.safe_1.mp3
13,CH3 MOVING UP,Silver Pines,203,Rippinflow,rippinflow,Safe.,1,"TREE — dialogue tree, authored order",vo.golf.h1.rippin.safe_2,vo.golf.h1.rippin.safe_2.mp3
13,CH3 MOVING UP,Silver Pines,204,Rippinflow,rippinflow,He’s saving his words for the scorecard.,7,"TREE — dialogue tree, authored order",vo.golf.h1.rippin.saving_words,vo.golf.h1.rippin.saving_words.mp3
13,CH3 MOVING UP,Silver Pines,205,Rippinflow,rippinflow,He has several trees first.,5,"TREE — dialogue tree, authored order",vo.golf.h1.rippin.several_trees_first,vo.golf.h1.rippin.several_trees_first.mp3
13,CH3 MOVING UP,Silver Pines,206,Rippinflow,rippinflow,Slots aren’t golf.,3,"TREE — dialogue tree, authored order",vo.golf.h1.rippin.slots_arent_golf,vo.golf.h1.rippin.slots_arent_golf.mp3
13,CH3 MOVING UP,Silver Pines,207,Rippinflow,rippinflow,"Front-row table, golf with Lou. Prospect’s social calendar is piping hot.",11,"TREE — dialogue tree, authored order",vo.golf.h1.rippin.social_calendar,vo.golf.h1.rippin.social_calendar.mp3
13,CH3 MOVING UP,Silver Pines,208,Rippinflow,rippinflow,Still invited.,2,"TREE — dialogue tree, authored order",vo.golf.h1.rippin.still_invited,vo.golf.h1.rippin.still_invited.mp3
13,CH3 MOVING UP,Silver Pines,209,Rippinflow,rippinflow,Still moving.,2,"TREE — dialogue tree, authored order",vo.golf.h1.rippin.still_moving_1,vo.golf.h1.rippin.still_moving_1.mp3
13,CH3 MOVING UP,Silver Pines,210,Rippinflow,rippinflow,Still moving.,2,"TREE — dialogue tree, authored order",vo.golf.h1.rippin.still_moving_2,vo.golf.h1.rippin.still_moving_2.mp3
13,CH3 MOVING UP,Silver Pines,211,Rippinflow,rippinflow,So THE TAKE was the big one.,7,"TREE — dialogue tree, authored order",vo.golf.h1.rippin.take_was_the_big_one,vo.golf.h1.rippin.take_was_the_big_one.mp3
13,CH3 MOVING UP,Silver Pines,212,Rippinflow,rippinflow,That is criminal.,3,"TREE — dialogue tree, authored order",vo.golf.h1.rippin.that_is_criminal,vo.golf.h1.rippin.that_is_criminal.mp3
13,CH3 MOVING UP,Silver Pines,213,Rippinflow,rippinflow,That’s golf.,2,"TREE — dialogue tree, authored order",vo.golf.h1.rippin.thats_golf,vo.golf.h1.rippin.thats_golf.mp3
13,CH3 MOVING UP,Silver Pines,214,Rippinflow,rippinflow,You got thirty fucking seconds before I start coaching.,9,"TREE — dialogue tree, authored order",vo.golf.h1.rippin.thirty_seconds,vo.golf.h1.rippin.thirty_seconds.mp3
13,CH3 MOVING UP,Silver Pines,215,Rippinflow,rippinflow,He took his time. That was the problem.,8,"TREE — dialogue tree, authored order",vo.golf.h1.rippin.took_his_time,vo.golf.h1.rippin.took_his_time.mp3
13,CH3 MOVING UP,Silver Pines,216,Rippinflow,rippinflow,Two schools of thought.,4,"TREE — dialogue tree, authored order",vo.golf.h1.rippin.two_schools,vo.golf.h1.rippin.two_schools.mp3
13,CH3 MOVING UP,Silver Pines,217,Rippinflow,rippinflow,I’m visualizing Hole Two.,4,"TREE — dialogue tree, authored order",vo.golf.h1.rippin.visualizing_hole_two,vo.golf.h1.rippin.visualizing_hole_two.mp3
13,CH3 MOVING UP,Silver Pines,218,Rippinflow,rippinflow,Watch this.,2,"TREE — dialogue tree, authored order",vo.golf.h1.rippin.watch_this,vo.golf.h1.rippin.watch_this.mp3
13,CH3 MOVING UP,Silver Pines,219,Rippinflow,rippinflow,Welcome.,1,"TREE — dialogue tree, authored order",vo.golf.h1.rippin.welcome,vo.golf.h1.rippin.welcome.mp3
13,CH3 MOVING UP,Silver Pines,220,Rippinflow,rippinflow,It was. Yours worries me.,5,"TREE — dialogue tree, authored order",vo.golf.h1.rippin.yours_worries_me,vo.golf.h1.rippin.yours_worries_me.mp3
13,CH3 MOVING UP,Silver Pines,221,Eric,eric,Last one comes back to the clubhouse.,7,"TREE — dialogue tree, authored order",vo.golf.h2.eric.clubhouse_behind_the_last,vo.golf.h2.eric.clubhouse_behind_the_last.mp3
13,CH3 MOVING UP,Silver Pines,222,Eric,eric,It doglegs right at the pines. You cannot see the corner from here.,13,"TREE — dialogue tree, authored order",vo.golf.h2.eric.dogleg_right,vo.golf.h2.eric.dogleg_right.mp3
13,CH3 MOVING UP,Silver Pines,223,Eric,eric,That is the first honest thing anybody has said on a tee this morning.,14,"TREE — dialogue tree, authored order",vo.golf.h2.eric.first_honest_thing,vo.golf.h2.eric.first_honest_thing.mp3
13,CH3 MOVING UP,Silver Pines,224,Eric,eric,Gratin still owes me a proper butter chicken. He has been to India. He has *seen* it done.,18,"TREE — dialogue tree, authored order",vo.golf.h2.eric.gratin_butter_chicken,vo.golf.h2.eric.gratin_butter_chicken.mp3
13,CH3 MOVING UP,Silver Pines,225,Eric,eric,Green’s long and it runs away from you at the back.,11,"TREE — dialogue tree, authored order",vo.golf.h2.eric.green_is_long,vo.golf.h2.eric.green_is_long.mp3
13,CH3 MOVING UP,Silver Pines,226,Eric,eric,It came on while he was over the ball. He had a point.,13,"TREE — dialogue tree, authored order",vo.golf.h2.eric.he_had_a_point,vo.golf.h2.eric.he_had_a_point.mp3
13,CH3 MOVING UP,Silver Pines,227,Eric,eric,He thinks the weather is rigged.,6,"TREE — dialogue tree, authored order",vo.golf.h2.eric.he_thinks_weather_is_rigged,vo.golf.h2.eric.he_thinks_weather_is_rigged.mp3
13,CH3 MOVING UP,Silver Pines,228,Eric,eric,I know he uses a jar. That is the entire problem.,11,"TREE — dialogue tree, authored order",vo.golf.h2.eric.i_know_he_uses_a_jar,vo.golf.h2.eric.i_know_he_uses_a_jar.mp3
13,CH3 MOVING UP,Silver Pines,229,Eric,eric,It was windy.,3,"TREE — dialogue tree, authored order",vo.golf.h2.eric.it_was_windy,vo.golf.h2.eric.it_was_windy.mp3
13,CH3 MOVING UP,Silver Pines,230,Eric,eric,Let him think.,3,"TREE — dialogue tree, authored order",vo.golf.h2.eric.let_him_think,vo.golf.h2.eric.let_him_think.mp3
13,CH3 MOVING UP,Silver Pines,231,Eric,eric,The sand is on that line.,6,"TREE — dialogue tree, authored order",vo.golf.h2.eric.sand_is_on_that_line,vo.golf.h2.eric.sand_is_on_that_line.mp3
13,CH3 MOVING UP,Silver Pines,232,Eric,eric,Six.,1,"TREE — dialogue tree, authored order",vo.golf.h2.eric.six,vo.golf.h2.eric.six.mp3
13,CH3 MOVING UP,Silver Pines,233,Eric,eric,That is not what happened.,5,"TREE — dialogue tree, authored order",vo.golf.h2.eric.that_is_not_what_happened,vo.golf.h2.eric.that_is_not_what_happened.mp3
13,CH3 MOVING UP,Silver Pines,234,Eric,eric,That is the game.,4,"TREE — dialogue tree, authored order",vo.golf.h2.eric.that_is_the_game,vo.golf.h2.eric.that_is_the_game.mp3
13,CH3 MOVING UP,Silver Pines,235,Eric,eric,That is the sand.,4,"TREE — dialogue tree, authored order",vo.golf.h2.eric.that_is_the_sand,vo.golf.h2.eric.that_is_the_sand.mp3
13,CH3 MOVING UP,Silver Pines,236,Eric,eric,That was a compliment.,4,"TREE — dialogue tree, authored order",vo.golf.h2.eric.that_was_a_compliment,vo.golf.h2.eric.that_was_a_compliment.mp3
13,CH3 MOVING UP,Silver Pines,237,Eric,eric,There is sand there.,4,"TREE — dialogue tree, authored order",vo.golf.h2.eric.there_is_sand_there,vo.golf.h2.eric.there_is_sand_there.mp3
13,CH3 MOVING UP,Silver Pines,238,Eric,eric,That is two instructions.,4,"TREE — dialogue tree, authored order",vo.golf.h2.eric.two_instructions,vo.golf.h2.eric.two_instructions.mp3
13,CH3 MOVING UP,Silver Pines,239,Eric,eric,The walls need work.,4,"TREE — dialogue tree, authored order",vo.golf.h2.eric.walls_need_work,vo.golf.h2.eric.walls_need_work.mp3
13,CH3 MOVING UP,Silver Pines,240,BIG UNCLE LOU SPUTTHOLE,lou1,They’re both simple.,3,"TREE — dialogue tree, authored order",vo.golf.h2.lou.both_simple,vo.golf.h2.lou.both_simple.mp3
13,CH3 MOVING UP,Silver Pines,241,BIG UNCLE LOU SPUTTHOLE,lou1,Don’t.,1,"TREE — dialogue tree, authored order",vo.golf.h2.lou.dont,vo.golf.h2.lou.dont.mp3
13,CH3 MOVING UP,Silver Pines,242,BIG UNCLE LOU SPUTTHOLE,lou1,Don’t copy me. I’m playing this for a five and I’m happy about it.,14,"TREE — dialogue tree, authored order",vo.golf.h2.lou.dont_copy_me,vo.golf.h2.lou.dont_copy_me.mp3
13,CH3 MOVING UP,Silver Pines,243,BIG UNCLE LOU SPUTTHOLE,lou1,Driver. Both of you.,4,"TREE — dialogue tree, authored order",vo.golf.h2.lou.driver,vo.golf.h2.lou.driver.mp3
13,CH3 MOVING UP,Silver Pines,244,BIG UNCLE LOU SPUTTHOLE,lou1,Good ole days.,3,"TREE — dialogue tree, authored order",vo.golf.h2.lou.good_ole_days,vo.golf.h2.lou.good_ole_days.mp3
13,CH3 MOVING UP,Silver Pines,245,BIG UNCLE LOU SPUTTHOLE,lou1,He did not cry.,4,"TREE — dialogue tree, authored order",vo.golf.h2.lou.he_did_not_cry,vo.golf.h2.lou.he_did_not_cry.mp3
13,CH3 MOVING UP,Silver Pines,246,BIG UNCLE LOU SPUTTHOLE,lou1,He’s right about the weather.,5,"TREE — dialogue tree, authored order",vo.golf.h2.lou.hes_right_about_the_weather,vo.golf.h2.lou.hes_right_about_the_weather.mp3
13,CH3 MOVING UP,Silver Pines,247,BIG UNCLE LOU SPUTTHOLE,lou1,I know they are. That’s why he’s here.,8,"TREE — dialogue tree, authored order",vo.golf.h2.lou.i_know_they_are,vo.golf.h2.lou.i_know_they_are.mp3
13,CH3 MOVING UP,Silver Pines,248,BIG UNCLE LOU SPUTTHOLE,lou1,I’m in the fairway. They’re in a conversation about sand.,10,"TREE — dialogue tree, authored order",vo.golf.h2.lou.im_in_the_fairway,vo.golf.h2.lou.im_in_the_fairway.mp3
13,CH3 MOVING UP,Silver Pines,249,BIG UNCLE LOU SPUTTHOLE,lou1,I’m playing for a five.,5,"TREE — dialogue tree, authored order",vo.golf.h2.lou.im_playing_for_a_five,vo.golf.h2.lou.im_playing_for_a_five.mp3
13,CH3 MOVING UP,Silver Pines,250,BIG UNCLE LOU SPUTTHOLE,lou1,"It’s a golf course, Rip. They all do that.",9,"TREE — dialogue tree, authored order",vo.golf.h2.lou.its_a_golf_course,vo.golf.h2.lou.its_a_golf_course.mp3
13,CH3 MOVING UP,Silver Pines,251,BIG UNCLE LOU SPUTTHOLE,lou1,"Good. She gets dinner, not minutes. Keep her outside the business.",11,"TREE — dialogue tree, authored order",vo.golf.h2.lou.keep_her_outside,vo.golf.h2.lou.keep_her_outside.mp3
13,CH3 MOVING UP,Silver Pines,252,BIG UNCLE LOU SPUTTHOLE,lou1,Everything out here is longer than it looks.,8,"TREE — dialogue tree, authored order",vo.golf.h2.lou.longer_than_it_looks,vo.golf.h2.lou.longer_than_it_looks.mp3
13,CH3 MOVING UP,Silver Pines,253,BIG UNCLE LOU SPUTTHOLE,lou1,Nehoo with a guu.,4,"TREE — dialogue tree, authored order",vo.golf.h2.lou.nehoo,vo.golf.h2.lou.nehoo.mp3
13,CH3 MOVING UP,Silver Pines,254,BIG UNCLE LOU SPUTTHOLE,lou1,"The new space is Front & Center. Dining room, downstairs club, all of it.",14,"TREE — dialogue tree, authored order",vo.golf.h2.lou.new_space_is_front_and_center,vo.golf.h2.lou.new_space_is_front_and_center.mp3
13,CH3 MOVING UP,Silver Pines,255,BIG UNCLE LOU SPUTTHOLE,lou1,Nobody ever lost a hole from the wide side. They just took longer getting home.,15,"TREE — dialogue tree, authored order",vo.golf.h2.lou.nobody_lost_a_hole_wide,vo.golf.h2.lou.nobody_lost_a_hole_wide.mp3
13,CH3 MOVING UP,Silver Pines,256,BIG UNCLE LOU SPUTTHOLE,lou1,Same sand.,2,"TREE — dialogue tree, authored order",vo.golf.h2.lou.same_sand,vo.golf.h2.lou.same_sand.mp3
13,CH3 MOVING UP,Silver Pines,257,BIG UNCLE LOU SPUTTHOLE,lou1,Six.,1,"TREE — dialogue tree, authored order",vo.golf.h2.lou.six_2,vo.golf.h2.lou.six_2.mp3
13,CH3 MOVING UP,Silver Pines,258,BIG UNCLE LOU SPUTTHOLE,lou1,Take Margo tonight. Silver Room. Let her see the place when it looks expensive.,14,"TREE — dialogue tree, authored order",vo.golf.h2.lou.take_margo_tonight,vo.golf.h2.lou.take_margo_tonight.mp3
13,CH3 MOVING UP,Silver Pines,259,BIG UNCLE LOU SPUTTHOLE,lou1,Three shots to get there. You have got room to be wrong twice.,13,"TREE — dialogue tree, authored order",vo.golf.h2.lou.three_shots_to_get_there,vo.golf.h2.lou.three_shots_to_get_there.mp3
13,CH3 MOVING UP,Silver Pines,260,BIG UNCLE LOU SPUTTHOLE,lou1,Two down. One to go.,5,"TREE — dialogue tree, authored order",vo.golf.h2.lou.two_down,vo.golf.h2.lou.two_down.mp3
13,CH3 MOVING UP,Silver Pines,261,Tony (the Prospect),player,I’m cutting the corner.,4,"TREE — dialogue tree, authored order",vo.golf.h2.prospect.cut_the_corner,vo.golf.h2.prospect.cut_the_corner.mp3
13,CH3 MOVING UP,Silver Pines,262,Tony (the Prospect),player,Front & Center is ours?,5,"TREE — dialogue tree, authored order",vo.golf.h2.prospect.front_and_center_is_ours,vo.golf.h2.prospect.front_and_center_is_ours.mp3
13,CH3 MOVING UP,Silver Pines,263,Tony (the Prospect),player,I’ll know when I’m stood over it.,7,"TREE — dialogue tree, authored order",vo.golf.h2.prospect.know_when_im_over_it,vo.golf.h2.prospect.know_when_im_over_it.mp3
13,CH3 MOVING UP,Silver Pines,264,Tony (the Prospect),player,She doesn’t know about any of this.,7,"TREE — dialogue tree, authored order",vo.golf.h2.prospect.she_knows_nothing,vo.golf.h2.prospect.she_knows_nothing.mp3
13,CH3 MOVING UP,Silver Pines,265,Tony (the Prospect),player,What eggs?,2,"TREE — dialogue tree, authored order",vo.golf.h2.prospect.what_eggs,vo.golf.h2.prospect.what_eggs.mp3
13,CH3 MOVING UP,Silver Pines,266,Tony (the Prospect),player,Whatever Lou hits.,3,"TREE — dialogue tree, authored order",vo.golf.h2.prospect.whatever_lou_hits,vo.golf.h2.prospect.whatever_lou_hits.mp3
13,CH3 MOVING UP,Silver Pines,267,Tony (the Prospect),player,Wide. I’ll take the extra shot.,6,"TREE — dialogue tree, authored order",vo.golf.h2.prospect.wide_and_safe,vo.golf.h2.prospect.wide_and_safe.mp3
13,CH3 MOVING UP,Silver Pines,268,Tony (the Prospect),player,You hit it shorter than both of them.,8,"TREE — dialogue tree, authored order",vo.golf.h2.prospect.you_hit_it_short,vo.golf.h2.prospect.you_hit_it_short.mp3
13,CH3 MOVING UP,Silver Pines,269,Rippinflow,rippinflow,Ape came out once. Accused a sprinkler of cheating.,9,"TREE — dialogue tree, authored order",vo.golf.h2.rippin.ape_says_cheating,vo.golf.h2.rippin.ape_says_cheating.mp3
13,CH3 MOVING UP,Silver Pines,270,Rippinflow,rippinflow,Booskibro thinks this course is rigged. He thinks *golf* is rigged.,11,"TREE — dialogue tree, authored order",vo.golf.h2.rippin.booski_rigged,vo.golf.h2.rippin.booski_rigged.mp3
13,CH3 MOVING UP,Silver Pines,271,Rippinflow,rippinflow,Different sand.,2,"TREE — dialogue tree, authored order",vo.golf.h2.rippin.different_sand,vo.golf.h2.rippin.different_sand.mp3
13,CH3 MOVING UP,Silver Pines,272,Rippinflow,rippinflow,Eleven months he’s been on it. Eleven.,7,"TREE — dialogue tree, authored order",vo.golf.h2.rippin.eleven_months,vo.golf.h2.rippin.eleven_months.mp3
13,CH3 MOVING UP,Silver Pines,273,Rippinflow,rippinflow,Eric hits it nowhere and finds it every time.,9,"TREE — dialogue tree, authored order",vo.golf.h2.rippin.eric_finds_it_every_time,vo.golf.h2.rippin.eric_finds_it_every_time.mp3
13,CH3 MOVING UP,Silver Pines,274,Rippinflow,rippinflow,Five.,1,"TREE — dialogue tree, authored order",vo.golf.h2.rippin.five,vo.golf.h2.rippin.five.mp3
13,CH3 MOVING UP,Silver Pines,275,Rippinflow,rippinflow,He uses a jar.,4,"TREE — dialogue tree, authored order",vo.golf.h2.rippin.he_uses_a_jar,vo.golf.h2.rippin.he_uses_a_jar.mp3
13,CH3 MOVING UP,Silver Pines,276,Rippinflow,rippinflow,He’s playing for a six.,5,"TREE — dialogue tree, authored order",vo.golf.h2.rippin.hes_playing_for_a_six,vo.golf.h2.rippin.hes_playing_for_a_six.mp3
13,CH3 MOVING UP,Silver Pines,277,Rippinflow,rippinflow,His eyes were wet.,4,"TREE — dialogue tree, authored order",vo.golf.h2.rippin.his_eyes_were_wet,vo.golf.h2.rippin.his_eyes_were_wet.mp3
13,CH3 MOVING UP,Silver Pines,278,Rippinflow,rippinflow,Hog Mama drove the bus to Atlantic City. Hog Mama *became* the bus.,13,"TREE — dialogue tree, authored order",vo.golf.h2.rippin.hog_mama_bus,vo.golf.h2.rippin.hog_mama_bus.mp3
13,CH3 MOVING UP,Silver Pines,279,Rippinflow,rippinflow,I can see it.,4,"TREE — dialogue tree, authored order",vo.golf.h2.rippin.i_can_see_it,vo.golf.h2.rippin.i_can_see_it.mp3
13,CH3 MOVING UP,Silver Pines,280,Rippinflow,rippinflow,I like the back.,4,"TREE — dialogue tree, authored order",vo.golf.h2.rippin.i_like_the_back,vo.golf.h2.rippin.i_like_the_back.mp3
13,CH3 MOVING UP,Silver Pines,281,Rippinflow,rippinflow,Irish is still looking into the eggs.,7,"TREE — dialogue tree, authored order",vo.golf.h2.rippin.irish_and_the_eggs,vo.golf.h2.rippin.irish_and_the_eggs.mp3
13,CH3 MOVING UP,Silver Pines,282,Rippinflow,rippinflow,It’s all love.,3,"TREE — dialogue tree, authored order",vo.golf.h2.rippin.its_all_love_4,vo.golf.h2.rippin.its_all_love_4.mp3
13,CH3 MOVING UP,Silver Pines,283,Rippinflow,rippinflow,Not where I’m going.,4,"TREE — dialogue tree, authored order",vo.golf.h2.rippin.not_where_im_going,vo.golf.h2.rippin.not_where_im_going.mp3
13,CH3 MOVING UP,Silver Pines,284,Rippinflow,rippinflow,Five-twenty. Now we’re talking.,4,"TREE — dialogue tree, authored order",vo.golf.h2.rippin.now_we_talk,vo.golf.h2.rippin.now_we_talk.mp3
13,CH3 MOVING UP,Silver Pines,285,Rippinflow,rippinflow,"Sallie J hit one out here once. Still going, far as anybody knows.",13,"TREE — dialogue tree, authored order",vo.golf.h2.rippin.sallie_j_hit_one,vo.golf.h2.rippin.sallie_j_hit_one.mp3
13,CH3 MOVING UP,Silver Pines,286,Rippinflow,rippinflow,"The sand is everywhere, Eric.",5,"TREE — dialogue tree, authored order",vo.golf.h2.rippin.sand_is_everywhere,vo.golf.h2.rippin.sand_is_everywhere.mp3
13,CH3 MOVING UP,Silver Pines,287,Rippinflow,rippinflow,Shubes cried on the ninth at Ridgemont. Openly.,8,"TREE — dialogue tree, authored order",vo.golf.h2.rippin.shubes_cried,vo.golf.h2.rippin.shubes_cried.mp3
13,CH3 MOVING UP,Silver Pines,288,Rippinflow,rippinflow,So it ends where it started. Poetic.,7,"TREE — dialogue tree, authored order",vo.golf.h2.rippin.so_it_ends_where_it_started,vo.golf.h2.rippin.so_it_ends_where_it_started.mp3
13,CH3 MOVING UP,Silver Pines,289,Rippinflow,rippinflow,"Squatch up, Prospect. It’s a par five, not a funeral.",10,"TREE — dialogue tree, authored order",vo.golf.h2.rippin.squatch_up,vo.golf.h2.rippin.squatch_up.mp3
13,CH3 MOVING UP,Silver Pines,290,Rippinflow,rippinflow,That’s how I tell it.,5,"TREE — dialogue tree, authored order",vo.golf.h2.rippin.thats_how_i_tell_it,vo.golf.h2.rippin.thats_how_i_tell_it.mp3
13,CH3 MOVING UP,Silver Pines,291,Rippinflow,rippinflow,That is my boy.,4,"TREE — dialogue tree, authored order",vo.golf.h2.rippin.thats_my_boy,vo.golf.h2.rippin.thats_my_boy.mp3
13,CH3 MOVING UP,Silver Pines,292,Rippinflow,rippinflow,"They’re still going, Lou.",4,"TREE — dialogue tree, authored order",vo.golf.h2.rippin.theyre_still_going,vo.golf.h2.rippin.theyre_still_going.mp3
13,CH3 MOVING UP,Silver Pines,293,Rippinflow,rippinflow,Two holes. Two bunkers. There’s a pattern forming and I don’t care for it.,14,"TREE — dialogue tree, authored order",vo.golf.h2.rippin.two_holes_two_bunkers,vo.golf.h2.rippin.two_holes_two_bunkers.mp3
13,CH3 MOVING UP,Silver Pines,294,Rippinflow,rippinflow,I’m going over the corner.,5,"TREE — dialogue tree, authored order",vo.golf.h2.rippin.watch_the_corner,vo.golf.h2.rippin.watch_the_corner.mp3
13,CH3 MOVING UP,Silver Pines,295,Rippinflow,rippinflow,We bought the problems. Lou says the walls came free.,10,"TREE — dialogue tree, authored order",vo.golf.h2.rippin.we_bought_the_problems,vo.golf.h2.rippin.we_bought_the_problems.mp3
13,CH3 MOVING UP,Silver Pines,296,Rippinflow,rippinflow,"Right. Corner’s out there somewhere behind those pines. Which side are you playing, Prospect?",14,"TREE — dialogue tree, authored order",vo.golf.h2.rippin.which_side,vo.golf.h2.rippin.which_side.mp3
13,CH3 MOVING UP,Silver Pines,297,Booski,booski,Fourth man’s in. That’s the morning.,6,"TREE — dialogue tree, authored order",vo.golf.h3.booski.fourth_mans_in,vo.golf.h3.booski.fourth_mans_in.mp3
13,CH3 MOVING UP,Silver Pines,298,Booski,booski,There he is. Take your time. We’ve only been stood out here since seven.,14,"TREE — dialogue tree, authored order",vo.golf.h3.booski.there_he_is,vo.golf.h3.booski.there_he_is.mp3
13,CH3 MOVING UP,Silver Pines,299,DeathMegatron,deathmegatron,I’ve got a cigar with your name on it and I am not giving it to you.,17,"TREE — dialogue tree, authored order",vo.golf.h3.deathmegatron.cigar_with_your_name,vo.golf.h3.deathmegatron.cigar_with_your_name.mp3
13,CH3 MOVING UP,Silver Pines,300,DeathMegatron,deathmegatron,Two-putt it and we all go inside.,7,"TREE — dialogue tree, authored order",vo.golf.h3.deathmegatron.two_putt,vo.golf.h3.deathmegatron.two_putt.mp3
13,CH3 MOVING UP,Silver Pines,301,Eric,eric,Good morning for it.,4,"TREE — dialogue tree, authored order",vo.golf.h3.eric.good_morning_for_it,vo.golf.h3.eric.good_morning_for_it.mp3
13,CH3 MOVING UP,Silver Pines,302,Eric,eric,Last green. Take a second on it.,7,"TREE — dialogue tree, authored order",vo.golf.h3.eric.last_green_of_the_day,vo.golf.h3.eric.last_green_of_the_day.mp3
13,CH3 MOVING UP,Silver Pines,303,Eric,eric,"Leave it, Rip.",3,"TREE — dialogue tree, authored order",vo.golf.h3.eric.leave_it_rip,vo.golf.h3.eric.leave_it_rip.mp3
13,CH3 MOVING UP,Silver Pines,304,Eric,eric,That is the most useful thing he has said all day.,11,"TREE — dialogue tree, authored order",vo.golf.h3.eric.most_useful_thing_all_day,vo.golf.h3.eric.most_useful_thing_all_day.mp3
13,CH3 MOVING UP,Silver Pines,305,Eric,eric,Provisionally.,1,"TREE — dialogue tree, authored order",vo.golf.h3.eric.provisionally,vo.golf.h3.eric.provisionally.mp3
13,CH3 MOVING UP,Silver Pines,306,Eric,eric,That is devastating.,3,"TREE — dialogue tree, authored order",vo.golf.h3.eric.that_is_devastating,vo.golf.h3.eric.that_is_devastating.mp3
13,CH3 MOVING UP,Silver Pines,307,Eric,eric,Sand at two hundred and ten. Right side.,8,"TREE — dialogue tree, authored order",vo.golf.h3.eric.there_is_sand_at_two_ten,vo.golf.h3.eric.there_is_sand_at_two_ten.mp3
13,CH3 MOVING UP,Silver Pines,308,Eric,eric,Two hundred and eleven.,4,"TREE — dialogue tree, authored order",vo.golf.h3.eric.two_eleven,vo.golf.h3.eric.two_eleven.mp3
13,CH3 MOVING UP,Silver Pines,309,BIG UNCLE LOU SPUTTHOLE,lou1,Before you hit. Does anybody know you’re out here this morning?,11,"TREE — dialogue tree, authored order",vo.golf.h3.lou.anybody_know_youre_here,vo.golf.h3.lou.anybody_know_youre_here.mp3
13,CH3 MOVING UP,Silver Pines,310,BIG UNCLE LOU SPUTTHOLE,lou1,Here. Keys. Address is on the tag.,7,"TREE — dialogue tree, authored order",vo.golf.h3.lou.apartment_keys,vo.golf.h3.lou.apartment_keys.mp3
13,CH3 MOVING UP,Silver Pines,311,BIG UNCLE LOU SPUTTHOLE,lou1,Breaks toward the building. Everything here does.,7,"TREE — dialogue tree, authored order",vo.golf.h3.lou.breaks_toward_the_building,vo.golf.h3.lou.breaks_toward_the_building.mp3
13,CH3 MOVING UP,Silver Pines,312,BIG UNCLE LOU SPUTTHOLE,lou1,Go see it. Silver Room has your table at nine. Wear something that doesn’t look rented.,16,"TREE — dialogue tree, authored order",vo.golf.h3.lou.go_see_it,vo.golf.h3.lou.go_see_it.mp3
13,CH3 MOVING UP,Silver Pines,313,BIG UNCLE LOU SPUTTHOLE,lou1,Golf.,1,"TREE — dialogue tree, authored order",vo.golf.h3.lou.golf,vo.golf.h3.lou.golf.mp3
13,CH3 MOVING UP,Silver Pines,314,BIG UNCLE LOU SPUTTHOLE,lou1,Golf is the true half. Tell people the true half and stop there.,13,"TREE — dialogue tree, authored order",vo.golf.h3.lou.golf_is_the_true_half,vo.golf.h3.lou.golf_is_the_true_half.mp3
13,CH3 MOVING UP,Silver Pines,315,BIG UNCLE LOU SPUTTHOLE,lou1,He did hear you.,4,"TREE — dialogue tree, authored order",vo.golf.h3.lou.he_did_hear_you,vo.golf.h3.lou.he_did_hear_you.mp3
13,CH3 MOVING UP,Silver Pines,316,BIG UNCLE LOU SPUTTHOLE,lou1,I thought about it on the first. It’s all love.,10,"TREE — dialogue tree, authored order",vo.golf.h3.lou.i_thought_about_it_on_one,vo.golf.h3.lou.i_thought_about_it_on_one.mp3
13,CH3 MOVING UP,Silver Pines,317,BIG UNCLE LOU SPUTTHOLE,lou1,No.,1,"TREE — dialogue tree, authored order",vo.golf.h3.lou.no,vo.golf.h3.lou.no.mp3
13,CH3 MOVING UP,Silver Pines,318,BIG UNCLE LOU SPUTTHOLE,lou1,One more thing before you hit.,6,"TREE — dialogue tree, authored order",vo.golf.h3.lou.one_more_thing,vo.golf.h3.lou.one_more_thing.mp3
13,CH3 MOVING UP,Silver Pines,319,BIG UNCLE LOU SPUTTHOLE,lou1,The kind with two floors. You’re out of that shoebox.,10,"TREE — dialogue tree, authored order",vo.golf.h3.lou.out_of_the_shoebox,vo.golf.h3.lou.out_of_the_shoebox.mp3
13,CH3 MOVING UP,Silver Pines,320,BIG UNCLE LOU SPUTTHOLE,lou1,That’s the right answer. I didn’t want it to be.,10,"TREE — dialogue tree, authored order",vo.golf.h3.lou.right_answer_wrong_life,vo.golf.h3.lou.right_answer_wrong_life.mp3
13,CH3 MOVING UP,Silver Pines,321,BIG UNCLE LOU SPUTTHOLE,lou1,That’s either very sad or very professional.,7,"TREE — dialogue tree, authored order",vo.golf.h3.lou.sad_or_professional,vo.golf.h3.lou.sad_or_professional.mp3
13,CH3 MOVING UP,Silver Pines,322,BIG UNCLE LOU SPUTTHOLE,lou1,I found you somewhere better. Don’t make it sentimental.,9,"TREE — dialogue tree, authored order",vo.golf.h3.lou.somewhere_better,vo.golf.h3.lou.somewhere_better.mp3
13,CH3 MOVING UP,Silver Pines,323,BIG UNCLE LOU SPUTTHOLE,lou1,That’s the round.,3,"TREE — dialogue tree, authored order",vo.golf.h3.lou.thats_the_round,vo.golf.h3.lou.thats_the_round.mp3
13,CH3 MOVING UP,Silver Pines,324,BIG UNCLE LOU SPUTTHOLE,lou1,Three ninety-five. Bends left. Clubhouse behind the green.,8,"TREE — dialogue tree, authored order",vo.golf.h3.lou.three_ninety_five,vo.golf.h3.lou.three_ninety_five.mp3
13,CH3 MOVING UP,Silver Pines,325,BIG UNCLE LOU SPUTTHOLE,lou1,Today it does. Tomorrow it won’t. Hit your ball.,9,"TREE — dialogue tree, authored order",vo.golf.h3.lou.today_it_matters,vo.golf.h3.lou.today_it_matters.mp3
13,CH3 MOVING UP,Silver Pines,326,BIG UNCLE LOU SPUTTHOLE,lou1,You took care of that thing for me. I took care of something for you.,15,"TREE — dialogue tree, authored order",vo.golf.h3.lou.took_care_of_you,vo.golf.h3.lou.took_care_of_you.mp3
13,CH3 MOVING UP,Silver Pines,327,Numbskull,numbskull,"It is, though.",3,"TREE — dialogue tree, authored order",vo.golf.h3.numbskull.it_is_though,vo.golf.h3.numbskull.it_is_though.mp3
13,CH3 MOVING UP,Silver Pines,328,Numbskull,numbskull,Three-putt’s funnier.,2,"TREE — dialogue tree, authored order",vo.golf.h3.numbskull.three_putt_is_funnier,vo.golf.h3.numbskull.three_putt_is_funnier.mp3
13,CH3 MOVING UP,Silver Pines,329,Tony (the Prospect),player,You bought me an apartment?,5,"TREE — dialogue tree, authored order",vo.golf.h3.prospect.an_apartment,vo.golf.h3.prospect.an_apartment.mp3
13,CH3 MOVING UP,Silver Pines,330,Tony (the Prospect),player,Does it matter?,3,"TREE — dialogue tree, authored order",vo.golf.h3.prospect.does_it_matter,vo.golf.h3.prospect.does_it_matter.mp3
13,CH3 MOVING UP,Silver Pines,331,Tony (the Prospect),player,I’ll be here.,3,"TREE — dialogue tree, authored order",vo.golf.h3.prospect.ill_be_here,vo.golf.h3.prospect.ill_be_here.mp3
13,CH3 MOVING UP,Silver Pines,332,Tony (the Prospect),player,This is real?,3,"TREE — dialogue tree, authored order",vo.golf.h3.prospect.keys_are_real,vo.golf.h3.prospect.keys_are_real.mp3
13,CH3 MOVING UP,Silver Pines,333,Tony (the Prospect),player,Nobody. Margo only knows about tonight.,6,"TREE — dialogue tree, authored order",vo.golf.h3.prospect.margo_only_knows_tonight,vo.golf.h3.prospect.margo_only_knows_tonight.mp3
13,CH3 MOVING UP,Silver Pines,334,Tony (the Prospect),player,It is never one thing.,5,"TREE — dialogue tree, authored order",vo.golf.h3.prospect.never_one_thing,vo.golf.h3.prospect.never_one_thing.mp3
13,CH3 MOVING UP,Silver Pines,335,Tony (the Prospect),player,Nobody.,1,"TREE — dialogue tree, authored order",vo.golf.h3.prospect.nobody_knows,vo.golf.h3.prospect.nobody_knows.mp3
13,CH3 MOVING UP,Silver Pines,336,Tony (the Prospect),player,What kind of something?,4,"TREE — dialogue tree, authored order",vo.golf.h3.prospect.what_kind_of_something,vo.golf.h3.prospect.what_kind_of_something.mp3
13,CH3 MOVING UP,Silver Pines,337,Tony (the Prospect),player,Who would I tell?,4,"TREE — dialogue tree, authored order",vo.golf.h3.prospect.who_would_i_tell,vo.golf.h3.prospect.who_would_i_tell.mp3
13,CH3 MOVING UP,Silver Pines,338,Rippinflow,rippinflow,It can be both.,4,"TREE — dialogue tree, authored order",vo.golf.h3.rippin.can_be_both,vo.golf.h3.rippin.can_be_both.mp3
13,CH3 MOVING UP,Silver Pines,339,Rippinflow,rippinflow,You didn’t even think about it.,6,"TREE — dialogue tree, authored order",vo.golf.h3.rippin.didnt_even_think,vo.golf.h3.rippin.didnt_even_think.mp3
13,CH3 MOVING UP,Silver Pines,340,Rippinflow,rippinflow,Right. Final accounting. I want my four back from the first.,11,"TREE — dialogue tree, authored order",vo.golf.h3.rippin.final_accounting,vo.golf.h3.rippin.final_accounting.mp3
13,CH3 MOVING UP,Silver Pines,341,Rippinflow,rippinflow,I can see the bar from the tee. That’s a design decision.,12,"TREE — dialogue tree, authored order",vo.golf.h3.rippin.i_can_see_the_bar,vo.golf.h3.rippin.i_can_see_the_bar.mp3
13,CH3 MOVING UP,Silver Pines,342,Rippinflow,rippinflow,I heard you.,3,"TREE — dialogue tree, authored order",vo.golf.h3.rippin.i_heard_you,vo.golf.h3.rippin.i_heard_you.mp3
13,CH3 MOVING UP,Silver Pines,343,Rippinflow,rippinflow,I’m taking two.,3,"TREE — dialogue tree, authored order",vo.golf.h3.rippin.im_taking_two_seconds,vo.golf.h3.rippin.im_taking_two_seconds.mp3
13,CH3 MOVING UP,Silver Pines,344,Rippinflow,rippinflow,It *is* all love. That’s the tragedy of it.,9,"TREE — dialogue tree, authored order",vo.golf.h3.rippin.it_is_all_love,vo.golf.h3.rippin.it_is_all_love.mp3
13,CH3 MOVING UP,Silver Pines,345,Rippinflow,rippinflow,Last one. Everybody still friends?,5,"TREE — dialogue tree, authored order",vo.golf.h3.rippin.last_one,vo.golf.h3.rippin.last_one.mp3
13,CH3 MOVING UP,Silver Pines,346,Rippinflow,rippinflow,"Same time next week, Prospect.",5,"TREE — dialogue tree, authored order",vo.golf.h3.rippin.same_time_next_week,vo.golf.h3.rippin.same_time_next_week.mp3
13,CH3 MOVING UP,Silver Pines,347,Rippinflow,rippinflow,Two-ten is not a problem for me.,7,"TREE — dialogue tree, authored order",vo.golf.h3.rippin.two_ten_is_not_a_problem,vo.golf.h3.rippin.two_ten_is_not_a_problem.mp3
13,CH3 MOVING UP,Silver Pines,348,Rippinflow,rippinflow,What are we talking about over there?,7,"TREE — dialogue tree, authored order",vo.golf.h3.rippin.what_are_we_talking_about,vo.golf.h3.rippin.what_are_we_talking_about.mp3
13,CH3 MOVING UP,Silver Pines,349,The Shubenator,shubenator,"Balcony’s open. Lou’s buying, which means Eric’s buying.",8,"TREE — dialogue tree, authored order",vo.golf.h3.shubenator.grille_is_open,vo.golf.h3.shubenator.grille_is_open.mp3
13,CH3 MOVING UP,Silver Pines,350,The Shubenator,shubenator,"There is a bar thirty feet behind me, Prospect. Thirty feet, and I am out here.",16,"TREE — dialogue tree, authored order",vo.golf.h3.shubenator.theres_a_bar_up_here,vo.golf.h3.shubenator.theres_a_bar_up_here.mp3
13,CH3 MOVING UP,Silver Pines,351,Snow,snow,He means come up.,4,"TREE — dialogue tree, authored order",vo.golf.h3.snow.he_means_come_up,vo.golf.h3.snow.he_means_come_up.mp3
13,CH3 MOVING UP,Silver Pines,352,Snow,snow,Numbskull.,1,"TREE — dialogue tree, authored order",vo.golf.h3.snow.numbskull,vo.golf.h3.snow.numbskull.mp3
15,CH3 MOVING UP,Front & Center,1,97.8 station announcer,announcer,Ladies and gentlemen — the Silver Room is proud — the Midnight Pines.,13,RUN — authored order,vo.silver.announcer.scene-show.2,vo.silver.announcer.scene-show.2.mp3
15,CH3 MOVING UP,Front & Center,2,Ape,ape,"He eats at yours, you know. Four in the morning, on his own. Pays every time, which around here makes him a lunatic.",23,RUN — authored order,vo.silver.ape.ape-diner.four-in-the-morning,vo.silver.ape.ape-diner.four-in-the-morning.mp3
15,CH3 MOVING UP,Front & Center,3,Ape,ape,"Whatever he says your name is, ignore him. He eats at yours. Four in the morning, on his own, every couple of weeks. Pays. Every time.",26,RUN — authored order,vo.silver.ape.ape-diner.ignore-him,vo.silver.ape.ape-diner.ignore-him.mp3
15,CH3 MOVING UP,Front & Center,4,Ape,ape,"So they found the van, right, and the reason they found the van is the —",16,RUN — authored order,vo.silver.ape.ashland,vo.silver.ape.ashland.mp3
15,CH3 MOVING UP,Front & Center,5,Ape,ape,…I’m going to go back to my table.,8,RUN — authored order,vo.silver.ape.ashland-3,vo.silver.ape.ashland-3.mp3
15,CH3 MOVING UP,Front & Center,6,Ape,ape,"It’s nothing. It’s a Thursday thing. It’s the Ashland thing, actually, if we’re —",14,RUN — authored order,vo.silver.ape.business,vo.silver.ape.business.mp3
15,CH3 MOVING UP,Front & Center,7,Ape,ape,…Margo.,1,RUN — authored order,vo.silver.ape.intro-job-2,vo.silver.ape.intro-job-2.mp3
15,CH3 MOVING UP,Front & Center,8,Ape,ape,Margo. — Margo off Ashland? The Blue Hour? This is the Blue Hour.,13,RUN — authored order,vo.silver.ape.intro-right,vo.silver.ape.intro-right.mp3
15,CH3 MOVING UP,Front & Center,9,Ape,ape,…Marissa.,1,RUN — authored order,vo.silver.ape.intro-wrong-2,vo.silver.ape.intro-wrong-2.mp3
15,CH3 MOVING UP,Front & Center,10,Ape,ape,Right. Enjoy the band. The third one’s the one. It was an honour.,13,RUN — authored order,vo.silver.ape.leaves,vo.silver.ape.leaves.mp3
15,CH3 MOVING UP,Front & Center,11,Ape,ape,"Prospect. Look at this. Look at you, sat with the civilians.",11,RUN — authored order,vo.silver.ape.open,vo.silver.ape.open.mp3
15,CH3 MOVING UP,Front & Center,12,Ape,ape,Thursday. You’re right. Not at the table. Sorry. He’s right.,10,RUN — authored order,vo.silver.ape.shut,vo.silver.ape.shut.mp3
15,CH3 MOVING UP,Front & Center,13,Midnight Pines bandleader,bandleader,Evening. You’re the front table. Front table gets one.,9,RUN — authored order,vo.silver.bandleader.open.front-table,vo.silver.bandleader.open.front-table.mp3
15,CH3 MOVING UP,Front & Center,14,Midnight Pines bandleader,bandleader,It’s on the pad. Front table got its one.,9,RUN — authored order,vo.silver.bandleader.open.on-the-pad,vo.silver.bandleader.open.on-the-pad.mp3
15,CH3 MOVING UP,Front & Center,15,Midnight Pines bandleader,bandleader,This one is for the table nobody had a table for.,11,RUN — authored order,vo.silver.bandleader.set.front-and-center,vo.silver.bandleader.set.front-and-center.mp3
15,CH3 MOVING UP,Front & Center,16,Midnight Pines bandleader,bandleader,Good evening. We are the Midnight Pines and we are contractually obliged to be here.,15,RUN — authored order,vo.silver.bandleader.set.opener,vo.silver.bandleader.set.opener.mp3
15,CH3 MOVING UP,Front & Center,17,Midnight Pines bandleader,bandleader,How are ya? Glad to be here!,7,RUN — authored order,vo.silver.bandleader.set.second,vo.silver.bandleader.set.second.mp3
15,CH3 MOVING UP,Front & Center,18,Midnight Pines bandleader,bandleader,"Take my wife, please! I take my wife everywhere… but she finds her way home!",15,RUN — authored order,vo.silver.bandleader.set.second-wife,vo.silver.bandleader.set.second-wife.mp3
15,CH3 MOVING UP,Front & Center,19,Midnight Pines bandleader,bandleader,Slow it is. Four! The four!,6,RUN — authored order,vo.silver.bandleader.slow,vo.silver.bandleader.slow.mp3
15,CH3 MOVING UP,Front & Center,20,Midnight Pines bandleader,bandleader,"Ma’am, anything you want, all night, you raise a finger.",10,RUN — authored order,vo.silver.bandleader.tipped,vo.silver.bandleader.tipped.mp3
15,CH3 MOVING UP,Front & Center,21,Silver Room staff,waiter,"Don’t touch the crate by the wall, that’s spoken for, and it’s spoken for by somebody who counts.",18,RUN — authored order,vo.silver.cellarman.open,vo.silver.cellarman.open.mp3
15,CH3 MOVING UP,Front & Center,22,Silver Room staff,waiter,Appreciated. There’s a case of the good rye behind the stair if the floor gives you the cheap one. Tell them Marco said.,23,RUN — authored order,vo.silver.cellarman.took,vo.silver.cellarman.took.mp3
15,CH3 MOVING UP,Front & Center,23,Silver Room staff,waiter,"There he is. Go on through, boss — mind the step, it bites.",13,RUN — authored order,vo.silver.cellarman.walkin.1,vo.silver.cellarman.walkin.1.mp3
15,CH3 MOVING UP,Front & Center,24,Silver Room staff,waiter,By somebody who counts. That’s the whole sentence. That’s all of it.,12,RUN — authored order,vo.silver.cellarman.who,vo.silver.cellarman.who.mp3
15,CH3 MOVING UP,Front & Center,25,Silver Room staff,waiter,Everything smells better than the dining room. The dining room smells of cologne and men lying about property.,18,RUN — authored order,vo.silver.chef.cocky,vo.silver.chef.cocky.mp3
15,CH3 MOVING UP,Front & Center,26,Silver Room staff,waiter,"Prospect. Through. Go on, through — Marco, hold the pass —",11,RUN — authored order,vo.silver.chef.open.1k77fnr,vo.silver.chef.open.1k77fnr.mp3
15,CH3 MOVING UP,Front & Center,27,Silver Room staff,waiter,"Whoever that is, they’re in my line. …Ah. Through you go.",11,RUN — authored order,vo.silver.chef.open.1tv3ot0,vo.silver.chef.open.1tv3ot0.mp3
15,CH3 MOVING UP,Front & Center,28,Silver Room staff,waiter,"You’re alright. Two seconds — heard! — go on, go, before somebody plates you.",14,RUN — authored order,vo.silver.chef.respect,vo.silver.chef.respect.mp3
15,CH3 MOVING UP,Front & Center,29,Silver Room staff,waiter,Ma’am. He comes in through my kitchen like he owns the sauce. He does not own the sauce. Enjoy your evening.,21,RUN — authored order,vo.silver.chef.took,vo.silver.chef.took.mp3
15,CH3 MOVING UP,Front & Center,30,Silver Room staff,waiter,"He’s here — somebody tell the floor. The veal’s going out for you, boss. You didn’t order it. It’s yours.",20,RUN — authored order,vo.silver.chef.walkin.1,vo.silver.chef.walkin.1.mp3
15,CH3 MOVING UP,Front & Center,31,Silver Room staff,waiter,Ninety-one and ninety-two. You’ll lose yours. They always lose theirs.,10,RUN — authored order,vo.silver.coatcheck.both,vo.silver.coatcheck.both.mp3
15,CH3 MOVING UP,Front & Center,32,Silver Room staff,waiter,Evening. Coats? That’s a good coat. That’s a coat somebody chose.,11,RUN — authored order,vo.silver.coatcheck.open.14xpreb,vo.silver.coatcheck.open.14xpreb.mp3
15,CH3 MOVING UP,Front & Center,33,Silver Room staff,waiter,"Two, is it? …Two.",4,RUN — authored order,vo.silver.coatcheck.open.hyc6sx,vo.silver.coatcheck.open.hyc6sx.mp3
15,CH3 MOVING UP,Front & Center,34,Silver Room staff,waiter,"Ta. If he abandons you, the phone’s behind me and I’ll get you a car. That’s not a joke, that’s a standing offer.",23,RUN — authored order,vo.silver.coatcheck.took,vo.silver.coatcheck.took.mp3
15,CH3 MOVING UP,Front & Center,35,Silver Room staff,waiter,"Behind — thank you, behind —",6,RUN — authored order,vo.silver.cook.linecook.open.1uwz4da,vo.silver.cook.linecook.open.1uwz4da.mp3
15,CH3 MOVING UP,Front & Center,36,Silver Room staff,waiter,"Behind! Behind, behind, behind —",5,RUN — authored order,vo.silver.cook.linecook.open.50uw48,vo.silver.cook.linecook.open.50uw48.mp3
15,CH3 MOVING UP,Front & Center,37,Silver Room staff,waiter,"Thank you. Nobody moves. Twenty years, nobody moves.",8,RUN — authored order,vo.silver.cook.linecook.space,vo.silver.cook.linecook.space.mp3
15,CH3 MOVING UP,Front & Center,38,Silver Room staff,waiter,"That’s a first. Ma’am — mind the floor by the pass, it’s the only bit that’s wet.",17,RUN — authored order,vo.silver.cook.linecook.took,vo.silver.cook.linecook.took.mp3
15,CH3 MOVING UP,Front & Center,39,Silver Room staff,waiter,"Evening, boss. Good to see you again. Bench is clear — come through.",13,RUN — authored order,vo.silver.cook.walkin.1,vo.silver.cook.walkin.1.mp3
15,CH3 MOVING UP,Front & Center,40,Silver Room staff,waiter,THANK you. HE says I’m not the problem.,8,RUN — authored order,vo.silver.dishwasher.agree,vo.silver.dishwasher.agree.mp3
15,CH3 MOVING UP,Front & Center,41,Silver Room staff,waiter,They sat nine at a six. Nine at a six. And I’m the problem.,14,RUN — authored order,vo.silver.dishwasher.open,vo.silver.dishwasher.open.mp3
15,CH3 MOVING UP,Front & Center,42,Silver Room staff,waiter,"God bless. Watch the floor there, that’s the wet bit.",10,RUN — authored order,vo.silver.dishwasher.took,vo.silver.dishwasher.took.mp3
15,CH3 MOVING UP,Front & Center,43,Silver Room staff,waiter,Boss! You came through my end. Nobody comes through my end. Mind the wet bit.,15,RUN — authored order,vo.silver.dishwasher.walkin.1,vo.silver.dishwasher.walkin.1.mp3
15,CH3 MOVING UP,Front & Center,44,Bing doorman,doorman,"Twelve cases, they signed for nine, and now it’s my evening. Coming through — coming through —",17,RUN — authored order,vo.silver.driver.delivery.open,vo.silver.driver.delivery.open.mp3
15,CH3 MOVING UP,Front & Center,45,Bing doorman,doorman,Thank you. Thank you. Somebody in this building has a mother.,11,RUN — authored order,vo.silver.driver.delivery.space,vo.silver.driver.delivery.space.mp3
15,CH3 MOVING UP,Front & Center,46,Bing doorman,doorman,You don’t even work here. You don’t even work here.,10,RUN — authored order,vo.silver.driver.delivery.took,vo.silver.driver.delivery.took.mp3
15,CH3 MOVING UP,Front & Center,47,Bing doorman,doorman,I know the queue. I sit in it twice a night waiting for people who have given up. Never been in.,21,RUN — authored order,vo.silver.driver.know,vo.silver.driver.know.mp3
15,CH3 MOVING UP,Front & Center,48,Bing doorman,doorman,"This is you. I’m not stopping here, they tow on this block for looking at the kerb wrong.",18,RUN — authored order,vo.silver.driver.open,vo.silver.driver.open.mp3
15,CH3 MOVING UP,Front & Center,49,Bing doorman,doorman,"…That’s — thank you. Seriously. Thank you. Have a lovely evening, both of you.",14,RUN — authored order,vo.silver.driver.tipped,vo.silver.driver.tipped.mp3
15,CH3 MOVING UP,Front & Center,50,Silver Room staff,waiter,Name? …We’re full. I can do you a nine-forty-five at the back. Behind the column. It’s a table.,18,RUN — authored order,vo.silver.host.open.full,vo.silver.host.open.full.mp3
15,CH3 MOVING UP,Front & Center,51,Silver Room staff,waiter,Sir. Madam. Everything is exactly where it should be.,9,RUN — authored order,vo.silver.host.open.settled,vo.silver.host.open.settled.mp3
15,CH3 MOVING UP,Front & Center,52,Silver Room staff,waiter,I have looked at the book. The book is the book. The book does not —,16,RUN — authored order,vo.silver.host.push,vo.silver.host.push.mp3
15,CH3 MOVING UP,Front & Center,53,Silver Room staff,waiter,I can put you two in the back.,8,RUN — authored order,vo.silver.host.scene-table.0,vo.silver.host.scene-table.0.mp3
15,CH3 MOVING UP,Front & Center,54,Silver Room staff,waiter,We don’t have anything else.,5,RUN — authored order,vo.silver.host.scene-table.2,vo.silver.host.scene-table.2.mp3
15,CH3 MOVING UP,Front & Center,55,Silver Room staff,waiter,Very kind. The nine-forty-fives will never know.,7,RUN — authored order,vo.silver.host.settled,vo.silver.host.settled.mp3
15,CH3 MOVING UP,Front & Center,56,Silver Room staff,waiter,…One moment.,2,RUN — authored order,vo.silver.host.took,vo.silver.host.took.mp3
15,CH3 MOVING UP,Front & Center,57,Silver Room staff,waiter,"Sir, I have said we’re —",6,RUN — authored order,vo.silver.host.waited,vo.silver.host.waited.mp3
15,CH3 MOVING UP,Front & Center,58,Front & Center manager,manager,…It’ll do. I’ll pass that to the men who carried it.,11,RUN — authored order,vo.silver.manager.do,vo.silver.manager.do.mp3
15,CH3 MOVING UP,Front & Center,59,Front & Center manager,manager,You didn’t ask for anything. That’s rather the point of the arrangement. Ma’am.,13,RUN — authored order,vo.silver.manager.more,vo.silver.manager.more.mp3
15,CH3 MOVING UP,Front & Center,60,Front & Center manager,manager,Mr — Prospect. One moment.,5,RUN — authored order,vo.silver.manager.open.moment,vo.silver.manager.open.moment.mp3
15,CH3 MOVING UP,Front & Center,61,Front & Center manager,manager,Everything as it should be?,5,RUN — authored order,vo.silver.manager.open.settled,vo.silver.manager.open.settled.mp3
15,CH3 MOVING UP,Front & Center,62,Front & Center manager,manager,No.,1,RUN — authored order,vo.silver.manager.scene-table.1,vo.silver.manager.scene-table.1.mp3
15,CH3 MOVING UP,Front & Center,63,Front & Center manager,manager,For that.,2,RUN — authored order,vo.silver.manager.scene-table.10,vo.silver.manager.scene-table.10.mp3
15,CH3 MOVING UP,Front & Center,64,Front & Center manager,manager,Then bring something else.,4,RUN — authored order,vo.silver.manager.scene-table.3,vo.silver.manager.scene-table.3.mp3
15,CH3 MOVING UP,Front & Center,65,Front & Center manager,manager,Two-top. Front and center. Now.,5,RUN — authored order,vo.silver.manager.scene-table.5,vo.silver.manager.scene-table.5.mp3
15,CH3 MOVING UP,Front & Center,66,Front & Center manager,manager,Give us a minute.,4,RUN — authored order,vo.silver.manager.scene-table.8,vo.silver.manager.scene-table.8.mp3
15,CH3 MOVING UP,Front & Center,67,Front & Center manager,manager,"The band’s on at half past. You’ll want to be sitting for the third number, not the first. Trust me on the third number.",24,RUN — authored order,vo.silver.manager.took,vo.silver.manager.took.mp3
15,CH3 MOVING UP,Front & Center,68,Margo Salas,margo,That’s Ashland. I grew up on Ashland. Whose van.,9,RUN — authored order,vo.silver.margo.ape.ashland-2,vo.silver.margo.ape.ashland-2.mp3
15,CH3 MOVING UP,Front & Center,69,Margo Salas,margo,"It happened. Corner two, back to the door, never once sent anything back. You tipped Hector. Nobody tips Hector. Hector is a dishwasher.",23,RUN — authored order,vo.silver.margo.ape.deny,vo.silver.margo.ape.deny.mp3
15,CH3 MOVING UP,Front & Center,70,Margo Salas,margo,Margo.,1,RUN — authored order,vo.silver.margo.ape.intro-job,vo.silver.margo.ape.intro-job.mp3
15,CH3 MOVING UP,Front & Center,71,Margo Salas,margo,Margo.,1,RUN — authored order,vo.silver.margo.ape.intro-wrong,vo.silver.margo.ape.intro-wrong.mp3
15,CH3 MOVING UP,Front & Center,72,Margo Salas,margo,Corner two. You tipped my dishwasher and then you never mentioned it. Right. Okay. That reframes the evening somewhat.,19,RUN — authored order,vo.silver.margo.ape.own,vo.silver.margo.ape.own.mp3
15,CH3 MOVING UP,Front & Center,73,Margo Salas,margo,"See, that I like. Everybody in this city has a line. Almost nobody will tell you where they got it.",20,RUN — authored order,vo.silver.margo.arrival.admitted,vo.silver.margo.arrival.admitted.mp3
15,CH3 MOVING UP,Front & Center,74,Margo Salas,margo,Fifteen years of men telling me the fish is fine. I can hear a rehearsal.,15,RUN — authored order,vo.silver.margo.arrival.denied,vo.silver.margo.arrival.denied.mp3
15,CH3 MOVING UP,Front & Center,75,Margo Salas,margo,He had no idea who you were. Let’s find out if anybody else does. Go on. Lead.,17,RUN — authored order,vo.silver.margo.arrival.lead,vo.silver.margo.arrival.lead.mp3
15,CH3 MOVING UP,Front & Center,76,Margo Salas,margo,"No answer. Bold. Silence is a choice, and it’s usually the wrong one, and here we are.",17,RUN — authored order,vo.silver.margo.arrival.nothing,vo.silver.margo.arrival.nothing.mp3
15,CH3 MOVING UP,Front & Center,77,Margo Salas,margo,That was rehearsed.,3,RUN — authored order,vo.silver.margo.arrival.noticed,vo.silver.margo.arrival.noticed.mp3
15,CH3 MOVING UP,Front & Center,78,Margo Salas,margo,"The entrance is back there. There’s a rope and everything. There’s a man with a clipboard, which I always think is a bit much for a supper club.",28,RUN — authored order,vo.silver.margo.arrival.open,vo.silver.margo.arrival.open.mp3
15,CH3 MOVING UP,Front & Center,79,Margo Salas,margo,"So we’re going round the back because a man owes money. That’s not a reason, that’s an admission.",18,RUN — authored order,vo.silver.margo.arrival.owes,vo.silver.margo.arrival.owes.mp3
15,CH3 MOVING UP,Front & Center,80,Margo Salas,margo,You like going this way. Alright. These were expensive and I don’t care.,13,RUN — authored order,vo.silver.margo.arrival.this-way,vo.silver.margo.arrival.this-way.mp3
15,CH3 MOVING UP,Front & Center,81,Margo Salas,margo,Bananaphone. Completely straight. I want that violinist fighting for his life and nobody smiling.,14,RUN — authored order,vo.silver.margo.bandleader.her-pick,vo.silver.margo.bandleader.her-pick.mp3
15,CH3 MOVING UP,Front & Center,82,Margo Salas,margo,"You came prepared to say that out loud. Fine. If he smiles, it doesn’t count.",15,RUN — authored order,vo.silver.margo.bandleader.horns,vo.silver.margo.bandleader.horns.mp3
15,CH3 MOVING UP,Front & Center,83,Margo Salas,margo,There is an actual entrance around the corner. I saw it. It had a light over it.,17,RUN — authored order,vo.silver.margo.bark.alley.1,vo.silver.margo.bark.alley.1.mp3
15,CH3 MOVING UP,Front & Center,84,Margo Salas,margo,If these are ruined you’re buying me shoes and I’ll pick them.,12,RUN — authored order,vo.silver.margo.bark.alley.2,vo.silver.margo.bark.alley.2.mp3
15,CH3 MOVING UP,Front & Center,85,Margo Salas,margo,I’m back here. Still back here.,6,RUN — authored order,vo.silver.margo.bark.behind.1,vo.silver.margo.bark.behind.1.mp3
15,CH3 MOVING UP,Front & Center,86,Margo Salas,margo,You’ve done this before. You do it well. You do it slightly too fast.,14,RUN — authored order,vo.silver.margo.bark.behind.2,vo.silver.margo.bark.behind.2.mp3
15,CH3 MOVING UP,Front & Center,87,Margo Salas,margo,Is this normal? Genuinely. Is this a normal way to arrive somewhere.,12,RUN — authored order,vo.silver.margo.bark.cellar.1,vo.silver.margo.bark.cellar.1.mp3
15,CH3 MOVING UP,Front & Center,88,Margo Salas,margo,It smells exactly like my own walk-in and I am furious about how much better it is.,17,RUN — authored order,vo.silver.margo.bark.cellar.2,vo.silver.margo.bark.cellar.2.mp3
15,CH3 MOVING UP,Front & Center,89,Margo Salas,margo,"The music’s getting louder. That’s the trick, isn’t it. You’ve been walking me towards it the whole time.",18,RUN — authored order,vo.silver.margo.bark.corridor.1,vo.silver.margo.bark.corridor.1.mp3
15,CH3 MOVING UP,Front & Center,90,Margo Salas,margo,He didn’t ask your name. He didn’t ask anything. He just opened it.,13,RUN — authored order,vo.silver.margo.bark.door.1,vo.silver.margo.bark.door.1.mp3
15,CH3 MOVING UP,Front & Center,91,Margo Salas,margo,"…Oh, that’s a room.",4,RUN — authored order,vo.silver.margo.bark.floor.1,vo.silver.margo.bark.floor.1.mp3
15,CH3 MOVING UP,Front & Center,92,Margo Salas,margo,"Thank you. Genuinely, thank you.",5,RUN — authored order,vo.silver.margo.bark.hazard.1,vo.silver.margo.bark.hazard.1.mp3
15,CH3 MOVING UP,Front & Center,93,Margo Salas,margo,…Eleven of them in one service. I have four and I have to beg.,14,RUN — authored order,vo.silver.margo.bark.kitchen.1,vo.silver.margo.bark.kitchen.1.mp3
15,CH3 MOVING UP,Front & Center,94,Margo Salas,margo,"Everybody in here knows you. Everybody in here is mid-service, and they still know you.",15,RUN — authored order,vo.silver.margo.bark.kitchen.2,vo.silver.margo.bark.kitchen.2.mp3
15,CH3 MOVING UP,Front & Center,95,Margo Salas,margo,That man put down a pan. I run a kitchen. Nobody puts down a pan.,15,RUN — authored order,vo.silver.margo.bark.kitchen.3,vo.silver.margo.bark.kitchen.3.mp3
15,CH3 MOVING UP,Front & Center,96,Margo Salas,margo,That’s another one.,3,RUN — authored order,vo.silver.margo.bark.recognised.1,vo.silver.margo.bark.recognised.1.mp3
15,CH3 MOVING UP,Front & Center,97,Margo Salas,margo,Somebody else who knows you. Shocking.,6,RUN — authored order,vo.silver.margo.bark.recognised.2,vo.silver.margo.bark.recognised.2.mp3
15,CH3 MOVING UP,Front & Center,98,Margo Salas,margo,Seven of them. In a room this size.,8,RUN — authored order,vo.silver.margo.bark.show.1,vo.silver.margo.bark.show.1.mp3
15,CH3 MOVING UP,Front & Center,99,Margo Salas,margo,"…Right. I’ll get this one, shall I.",7,RUN — authored order,vo.silver.margo.bark.shut.1,vo.silver.margo.bark.shut.1.mp3
15,CH3 MOVING UP,Front & Center,100,Margo Salas,margo,That’s twice you’ve shut a door with me on the wrong side of it.,14,RUN — authored order,vo.silver.margo.bark.shut.2,vo.silver.margo.bark.shut.2.mp3
15,CH3 MOVING UP,Front & Center,101,Margo Salas,margo,They’re very good. I’m also here.,6,RUN — authored order,vo.silver.margo.bark.staring.1,vo.silver.margo.bark.staring.1.mp3
15,CH3 MOVING UP,Front & Center,102,Margo Salas,margo,"You can watch the band. I do four hours a night talking to a wall, I’ll survive.",17,RUN — authored order,vo.silver.margo.bark.staring.2,vo.silver.margo.bark.staring.2.mp3
15,CH3 MOVING UP,Front & Center,103,Margo Salas,margo,That’s the fourth one.,4,RUN — authored order,vo.silver.margo.bark.tipped.1,vo.silver.margo.bark.tipped.1.mp3
15,CH3 MOVING UP,Front & Center,104,Margo Salas,margo,You’ve given away more tonight than I make in a week and none of them thanked you properly.,18,RUN — authored order,vo.silver.margo.bark.tipped.2,vo.silver.margo.bark.tipped.2.mp3
15,CH3 MOVING UP,Front & Center,105,Margo Salas,margo,"Do they get to keep that, or does it go in a tin somewhere?",14,RUN — authored order,vo.silver.margo.bark.tipped.3,vo.silver.margo.bark.tipped.3.mp3
15,CH3 MOVING UP,Front & Center,106,Margo Salas,margo,Thank you. That’s all. Thank you.,6,RUN — authored order,vo.silver.margo.bark.waited.1,vo.silver.margo.bark.waited.1.mp3
15,CH3 MOVING UP,Front & Center,107,Margo Salas,margo,Take your time. I’ve got all night and a job at ten.,12,RUN — authored order,vo.silver.margo.bark.waiting1.1,vo.silver.margo.bark.waiting1.1.mp3
15,CH3 MOVING UP,Front & Center,108,Margo Salas,margo,"Right — are we doing something, or is this the evening?",11,RUN — authored order,vo.silver.margo.bark.waiting2.1,vo.silver.margo.bark.waiting2.1.mp3
15,CH3 MOVING UP,Front & Center,109,Margo Salas,margo,I stand up for fourteen hours a day. I did not dress like this to keep doing it.,18,RUN — authored order,vo.silver.margo.bark.waiting3.1,vo.silver.margo.bark.waiting3.1.mp3
15,CH3 MOVING UP,Front & Center,110,Margo Salas,margo,Do the plates.,3,RUN — authored order,vo.silver.margo.dishwasher.beneath,vo.silver.margo.dishwasher.beneath.mp3
15,CH3 MOVING UP,Front & Center,111,Margo Salas,margo,"You’ve been inviting me back for about twenty minutes without actually saying it. Are you going to keep talking, or are we leaving?",23,RUN — authored order,vo.silver.margo.invitation.perfect,vo.silver.margo.invitation.perfect.mp3
15,CH3 MOVING UP,Front & Center,112,Margo Salas,margo,They’ll do one more and then they’ll put the lights up. That’s how these places end.,16,RUN — authored order,vo.silver.margo.invitation.plates,vo.silver.margo.invitation.plates.mp3
15,CH3 MOVING UP,Front & Center,113,Margo Salas,margo,"One drink. And if your building has a service entrance, I’m getting back in the car and you can explain it to the man on the door.",27,RUN — authored order,vo.silver.margo.invitation.strong,vo.silver.margo.invitation.strong.mp3
15,CH3 MOVING UP,Front & Center,114,Margo Salas,margo,"Alright. Somebody has to go first, and it isn’t going to be you.",13,RUN — authored order,vo.silver.margo.invitation.waiting,vo.silver.margo.invitation.waiting.mp3
15,CH3 MOVING UP,Front & Center,115,Margo Salas,margo,Somebody raised you. I want their name.,7,RUN — authored order,vo.silver.margo.moments.chairPulled,vo.silver.margo.moments.chairPulled.mp3
15,CH3 MOVING UP,Front & Center,116,Margo Salas,margo,I have a face for radio and I have been told so professionally. Take the picture.,16,RUN — authored order,vo.silver.margo.photographer.her-say,vo.silver.margo.photographer.her-say.mp3
15,CH3 MOVING UP,Front & Center,117,Margo Salas,margo,…With respect.,2,RUN — authored order,vo.silver.margo.scene-champagne.3,vo.silver.margo.scene-champagne.3.mp3
15,CH3 MOVING UP,Front & Center,118,Margo Salas,margo,"Oh, they’re real.",3,RUN — authored order,vo.silver.margo.scene-show.4,vo.silver.margo.scene-show.4.mp3
15,CH3 MOVING UP,Front & Center,119,Margo Salas,margo,Bring something else?,3,RUN — authored order,vo.silver.margo.scene-table.4,vo.silver.margo.scene-table.4.mp3
15,CH3 MOVING UP,Front & Center,120,Margo Salas,margo,…There wasn’t a table there.,5,RUN — authored order,vo.silver.margo.scene-table.7,vo.silver.margo.scene-table.7.mp3
15,CH3 MOVING UP,Front & Center,121,Margo Salas,margo,A minute for what?,4,RUN — authored order,vo.silver.margo.scene-table.9,vo.silver.margo.scene-table.9.mp3
15,CH3 MOVING UP,Front & Center,122,Margo Salas,margo,You knew a place. Sure. You knew a place.,9,RUN — authored order,vo.silver.margo.seated.credit,vo.silver.margo.seated.credit.mp3
15,CH3 MOVING UP,Front & Center,123,Margo Salas,margo,Too late. I’m visibly impressed. I’m going to be impressed for at least another four minutes and then I’m going to start asking questions.,24,RUN — authored order,vo.silver.margo.seated.encourages,vo.silver.margo.seated.encourages.mp3
15,CH3 MOVING UP,Front & Center,124,Margo Salas,margo,You’re funny. You know that? You’re actually funny.,8,RUN — authored order,vo.silver.margo.seated.funny,vo.silver.margo.seated.funny.mp3
15,CH3 MOVING UP,Front & Center,125,Margo Salas,margo,You scared your own waiter. That’s the funniest thing that’s happened all week and I do comedy.,17,RUN — authored order,vo.silver.margo.seated.funny-break,vo.silver.margo.seated.funny-break.mp3
15,CH3 MOVING UP,Front & Center,126,Margo Salas,margo,Everybody funny is coping with something. The good ones just cope louder and get paid.,15,RUN — authored order,vo.silver.margo.seated.funny-cope,vo.silver.margo.seated.funny-cope.mp3
15,CH3 MOVING UP,Front & Center,127,Margo Salas,margo,Funny like a man who has practised that question in a mirror.,12,RUN — authored order,vo.silver.margo.seated.funny-hang,vo.silver.margo.seated.funny-hang.mp3
15,CH3 MOVING UP,Front & Center,128,Margo Salas,margo,…Cool down. You were doing so well.,7,RUN — authored order,vo.silver.margo.seated.funny-hold,vo.silver.margo.seated.funny-hold.mp3
15,CH3 MOVING UP,Front & Center,129,Margo Salas,margo,"Don’t take it, it’s not a compliment, it’s an observation. …Fine. It’s a bit of a compliment.",17,RUN — authored order,vo.silver.margo.seated.funny-take,vo.silver.margo.seated.funny-take.mp3
15,CH3 MOVING UP,Front & Center,130,Margo Salas,margo,"Big Uncle Lou called ahead. That’s the first true thing anybody’s said to me tonight, including the man who took my coat.",22,RUN — authored order,vo.silver.margo.seated.lou,vo.silver.margo.seated.lou.mp3
15,CH3 MOVING UP,Front & Center,131,Margo Salas,margo,Both. Sure. Both.,3,RUN — authored order,vo.silver.margo.seated.p-both,vo.silver.margo.seated.p-both.mp3
15,CH3 MOVING UP,Front & Center,132,Margo Salas,margo,"Twelve-litre stockpot, wet handle, and a boy who said he had it. Nineteen. I finished the service. That is the part I would like on the record.",27,RUN — authored order,vo.silver.margo.seated.p-burn,vo.silver.margo.seated.p-burn.mp3
15,CH3 MOVING UP,Front & Center,133,Margo Salas,margo,Anyway. That’s the deep bit done. If the band’s any good we never have to do that again.,18,RUN — authored order,vo.silver.margo.seated.p-close,vo.silver.margo.seated.p-close.mp3
15,CH3 MOVING UP,Front & Center,134,Margo Salas,margo,"Anthony’s. Anthony knows it is Anthony’s. Anthony has a restaurant now and I have this, and I would still rather be me.",22,RUN — authored order,vo.silver.margo.seated.p-fault,vo.silver.margo.seated.p-fault.mp3
15,CH3 MOVING UP,Front & Center,135,Margo Salas,margo,"""For now."" Careful. That’s the sentence men say in here about a year before something happens to them.",18,RUN — authored order,vo.silver.margo.seated.p-fornow,vo.silver.margo.seated.p-fornow.mp3
15,CH3 MOVING UP,Front & Center,136,Margo Salas,margo,"My turn, since we’re being people. Go on. Everybody looks and nobody asks.",13,RUN — authored order,vo.silver.margo.seated.p-hers,vo.silver.margo.seated.p-hers.mp3
15,CH3 MOVING UP,Front & Center,137,Margo Salas,margo,Wonder loudly. That’s mine now. That’s going on the wall by the pass.,13,RUN — authored order,vo.silver.margo.seated.p-joke,vo.silver.margo.seated.p-joke.mp3
15,CH3 MOVING UP,Front & Center,138,Margo Salas,margo,Thank you. Everybody else in this building would have taken the credit and I’d have had to sit here and let them.,22,RUN — authored order,vo.silver.margo.seated.p-lou,vo.silver.margo.seated.p-lou.mp3
15,CH3 MOVING UP,Front & Center,139,Margo Salas,margo,Alright. That’s a real answer and I’m not going to poke it.,12,RUN — authored order,vo.silver.margo.seated.p-loyal,vo.silver.margo.seated.p-loyal.mp3
15,CH3 MOVING UP,Front & Center,140,Margo Salas,margo,"Question. And I want the boring true answer, not the good one. Do they like you, or are they frightened of Big Uncle Lou?",24,RUN — authored order,vo.silver.margo.seated.personal.boring-true,vo.silver.margo.seated.personal.boring-true.mp3
15,CH3 MOVING UP,Front & Center,141,Margo Salas,margo,"Right. Real question. Do they like you, or are they frightened of Big Uncle Lou?",15,RUN — authored order,vo.silver.margo.seated.personal.real,vo.silver.margo.seated.personal.real.mp3
15,CH3 MOVING UP,Front & Center,142,Margo Salas,margo,"You did keep looking back for me, though. Most of them don’t. Most of them walk like they’re being filmed.",20,RUN — authored order,vo.silver.margo.seated.r1-close.kept-looking,vo.silver.margo.seated.r1-close.kept-looking.mp3
15,CH3 MOVING UP,Front & Center,143,Margo Salas,margo,Although — twice back there I turned round and you were a room away. I noticed. I always notice. It’s the job.,22,RUN — authored order,vo.silver.margo.seated.r1-close.noticed,vo.silver.margo.seated.r1-close.noticed.mp3
15,CH3 MOVING UP,Front & Center,144,Margo Salas,margo,"Mm. See, if I flinch there, you win. I run a kitchen at four in the morning. I don’t flinch.",20,RUN — authored order,vo.silver.margo.seated.r1-dark,vo.silver.margo.seated.r1-dark.mp3
15,CH3 MOVING UP,Front & Center,145,Margo Salas,margo,"We got here. Through a cellar. Past a man holding nine hundred pounds of ice. ""We got here"" is doing a great deal of work in that sentence.",28,RUN — authored order,vo.silver.margo.seated.r1-flat,vo.silver.margo.seated.r1-flat.mp3
15,CH3 MOVING UP,Front & Center,146,Margo Salas,margo,"So there’s a shorter route and you didn’t use it. That’s not a shortcut, that’s a tour. It was a good tour.",22,RUN — authored order,vo.silver.margo.seated.r1-impress,vo.silver.margo.seated.r1-impress.mp3
15,CH3 MOVING UP,Front & Center,147,Margo Salas,margo,The front door has thirty people and a rope. The back has a man called Marco and a crate nobody’s allowed to touch. You’re right. It’s no contest.,28,RUN — authored order,vo.silver.margo.seated.r1-personality,vo.silver.margo.seated.r1-personality.mp3
15,CH3 MOVING UP,Front & Center,148,Margo Salas,margo,Mm. And how many of them know your first name.,10,RUN — authored order,vo.silver.margo.seated.r2-brag,vo.silver.margo.seated.r2-brag.mp3
15,CH3 MOVING UP,Front & Center,149,Margo Salas,margo,For the record: I don’t care what the answer is. I care whether you think I can’t handle it.,19,RUN — authored order,vo.silver.margo.seated.r2-close,vo.silver.margo.seated.r2-close.mp3
15,CH3 MOVING UP,Front & Center,150,Margo Salas,margo,Beautiful. Absolutely watertight. I’m putting that on the specials board and I’m not crediting you.,15,RUN — authored order,vo.silver.margo.seated.r2-commit,vo.silver.margo.seated.r2-commit.mp3
15,CH3 MOVING UP,Front & Center,151,Margo Salas,margo,Construction. You don’t look like you work construction.,8,RUN — authored order,vo.silver.margo.seated.r2-construction,vo.silver.margo.seated.r2-construction.mp3
15,CH3 MOVING UP,Front & Center,152,Margo Salas,margo,Deconstruction. God. Alright.,3,RUN — authored order,vo.silver.margo.seated.r2-decon,vo.silver.margo.seated.r2-decon.mp3
15,CH3 MOVING UP,Front & Center,153,Margo Salas,margo,Smooth. Alright. Dinner. We’ll come back to it.,8,RUN — authored order,vo.silver.margo.seated.r2-dinner,vo.silver.margo.seated.r2-dinner.mp3
15,CH3 MOVING UP,Front & Center,154,Margo Salas,margo,"There it is. I know what you do, roughly. Two of your lot eat at mine every Tuesday and neither of them has ever paid. I wasn’t asking what you do. I was seeing how long you’d go.",38,RUN — authored order,vo.silver.margo.seated.r2-fold,vo.silver.margo.seated.r2-fold.mp3
15,CH3 MOVING UP,Front & Center,155,Margo Salas,margo,You go places and listen. That’s a service job. You’re in a service job. Do not tell the men by the pillar I said that.,25,RUN — authored order,vo.silver.margo.seated.r2-listen,vo.silver.margo.seated.r2-listen.mp3
15,CH3 MOVING UP,Front & Center,156,Margo Salas,margo,"I know you work for Big Uncle Lou. Everybody on that street works for Lou, including me, technically, if you follow the rent far enough back. I meant what do you do.",32,RUN — authored order,vo.silver.margo.seated.r2-lou,vo.silver.margo.seated.r2-lou.mp3
15,CH3 MOVING UP,Front & Center,157,Margo Salas,margo,That is a beautifully constructed sentence that contains no information. Did you write it down first?,16,RUN — authored order,vo.silver.margo.seated.r2-oblique,vo.silver.margo.seated.r2-oblique.mp3
15,CH3 MOVING UP,Front & Center,158,Margo Salas,margo,You supervise. Supervise what?,4,RUN — authored order,vo.silver.margo.seated.r2-supervise,vo.silver.margo.seated.r2-supervise.mp3
15,CH3 MOVING UP,Front & Center,159,Margo Salas,margo,"You wrote it down. Fifteen years and I have never once written anything down, including the specials, which is why we have had two health inspections.",26,RUN — authored order,vo.silver.margo.seated.r2-wrote,vo.silver.margo.seated.r2-wrote.mp3
15,CH3 MOVING UP,Front & Center,160,Margo Salas,margo,"So. Do you take every woman through the dish room, or am I special.",14,RUN — authored order,vo.silver.margo.seated.round1,vo.silver.margo.seated.round1.mp3
15,CH3 MOVING UP,Front & Center,161,Margo Salas,margo,Can I ask you something you’re going to lie about. What do you actually do?,15,RUN — authored order,vo.silver.margo.seated.round2,vo.silver.margo.seated.round2.mp3
15,CH3 MOVING UP,Front & Center,162,Margo Salas,margo,Right. Everybody here is terrified of you standing up.,9,RUN — authored order,vo.silver.margo.seated.stand,vo.silver.margo.seated.stand.mp3
15,CH3 MOVING UP,Front & Center,163,Margo Salas,margo,They built us a table. There was a room and then there was a table in it.,17,RUN — authored order,vo.silver.margo.seated.table,vo.silver.margo.seated.table.mp3
15,CH3 MOVING UP,Front & Center,164,Margo Salas,margo,That was genuinely one of the worst things I have ever been part of and I have pulled a man out of a walk-in with his own apron.,28,RUN — authored order,vo.silver.margo.sway.bad,vo.silver.margo.sway.bad.mp3
15,CH3 MOVING UP,Front & Center,165,Margo Salas,margo,Sure. Watching’s good.,3,RUN — authored order,vo.silver.margo.sway.declined,vo.silver.margo.sway.declined.mp3
15,CH3 MOVING UP,Front & Center,166,Margo Salas,margo,The floor’s uneven. Mm.,4,RUN — authored order,vo.silver.margo.sway.excuse,vo.silver.margo.sway.excuse.mp3
15,CH3 MOVING UP,Front & Center,167,Margo Salas,margo,I said I’d rather watch.,5,RUN — authored order,vo.silver.margo.sway.forced,vo.silver.margo.sway.forced.mp3
15,CH3 MOVING UP,Front & Center,168,Margo Salas,margo,You’re not terrible. You’re economical. There’s a difference and it took me two songs to work it out.,18,RUN — authored order,vo.silver.margo.sway.good,vo.silver.margo.sway.good.mp3
15,CH3 MOVING UP,Front & Center,169,Margo Salas,margo,No. Up. Now. This one you don’t sit through.,9,RUN — authored order,vo.silver.margo.sway.open.her-horns,vo.silver.margo.sway.open.her-horns.mp3
15,CH3 MOVING UP,Front & Center,170,Margo Salas,margo,"""I peaked in the cellar."" Right. That one I am telling the whole kitchen on Tuesday, and I am still not crediting you.",23,RUN — authored order,vo.silver.margo.sway.recover,vo.silver.margo.sway.recover.mp3
15,CH3 MOVING UP,Front & Center,171,Margo Salas,margo,I’ve heard four hundred men say that and two of them meant it.,13,RUN — authored order,vo.silver.margo.sway.warned,vo.silver.margo.sway.warned.mp3
15,CH3 MOVING UP,Front & Center,172,Margo Salas,margo,…That’s a horrible thing to do to a person in a good mood. To the tiles.,16,RUN — authored order,vo.silver.margo.toast.ashland,vo.silver.margo.toast.ashland.mp3
15,CH3 MOVING UP,Front & Center,173,Margo Salas,margo,The third number. Good. Short. Nobody wants a speech in a nightclub.,12,RUN — authored order,vo.silver.margo.toast.good,vo.silver.margo.toast.good.mp3
15,CH3 MOVING UP,Front & Center,174,Margo Salas,margo,Mm. To the room. To all of the room.,9,RUN — authored order,vo.silver.margo.toast.grand,vo.silver.margo.toast.grand.mp3
15,CH3 MOVING UP,Front & Center,175,Margo Salas,margo,Rye. One ice cube. One. They always bring three and then it’s a soup. Asking is allowed. Asking twice isn’t.,20,RUN — authored order,vo.silver.margo.waiter.ask,vo.silver.margo.waiter.ask.mp3
15,CH3 MOVING UP,Front & Center,176,Margo Salas,margo,Bring the rye. One ice cube. And bring this man whatever he needs.,13,RUN — authored order,vo.silver.margo.waiter.bottle-2,vo.silver.margo.waiter.bottle-2.mp3
15,CH3 MOVING UP,Front & Center,177,Margo Salas,margo,Obviously we’re doing dessert. I’ve been looking at that man’s figs since we sat down and pretending to listen to you.,21,RUN — authored order,vo.silver.margo.waiter.her-call,vo.silver.margo.waiter.her-call.mp3
15,CH3 MOVING UP,Front & Center,178,Margo Salas,margo,Working. Is that what this is?,6,RUN — authored order,vo.silver.margo.waiter.soda,vo.silver.margo.waiter.soda.mp3
15,CH3 MOVING UP,Front & Center,179,Margo Salas,margo,"He’s guessing. Rye, one ice cube. I told you in the car. I told you twice, and one of those times I did a voice.",25,RUN — authored order,vo.silver.margo.waiter.white,vo.silver.margo.waiter.white.mp3
15,CH3 MOVING UP,Front & Center,180,Silver Room staff,waiter,Fair enough. Some nights aren’t for the wall.,8,RUN — authored order,vo.silver.photographer.no,vo.silver.photographer.no.mp3
15,CH3 MOVING UP,Front & Center,181,Silver Room staff,waiter,"One for the wall? Everybody at the front table goes on the wall. It’s not optional, strictly, but I ask.",20,RUN — authored order,vo.silver.photographer.open,vo.silver.photographer.open.mp3
15,CH3 MOVING UP,Front & Center,182,Silver Room staff,waiter,Lovely. That one goes up.,5,RUN — authored order,vo.silver.photographer.shoot,vo.silver.photographer.shoot.mp3
15,CH3 MOVING UP,Front & Center,183,Tony (the Prospect),player,Corner two. Back to the door.,6,RUN — authored order,vo.silver.player.ape.ape-diner.12acrh1,vo.silver.player.ape.ape-diner.12acrh1.mp3
15,CH3 MOVING UP,Front & Center,184,Tony (the Prospect),player,Ape. Your table’s looking at you.,6,RUN — authored order,vo.silver.player.ape.ape-diner.55eknj,vo.silver.player.ape.ape-diner.55eknj.mp3
15,CH3 MOVING UP,Front & Center,185,Tony (the Prospect),player,That never happened.,3,RUN — authored order,vo.silver.player.ape.ape-diner.n0ypxr,vo.silver.player.ape.ape-diner.n0ypxr.mp3
15,CH3 MOVING UP,Front & Center,186,Tony (the Prospect),player,Thursday. Not at this table.,5,RUN — authored order,vo.silver.player.ape.business.hbj0bl,vo.silver.player.ape.business.hbj0bl.mp3
15,CH3 MOVING UP,Front & Center,187,Tony (the Prospect),player,Go on.,2,RUN — authored order,vo.silver.player.ape.business.msqwvq,vo.silver.player.ape.business.msqwvq.mp3
15,CH3 MOVING UP,Front & Center,188,Tony (the Prospect),player,Not now. What is it?,5,RUN — authored order,vo.silver.player.ape.open.1q879xw,vo.silver.player.ape.open.1q879xw.mp3
15,CH3 MOVING UP,Front & Center,189,Tony (the Prospect),player,This is Chef. She cooks.,5,RUN — authored order,vo.silver.player.ape.open.1x1edi8,vo.silver.player.ape.open.1x1edi8.mp3
15,CH3 MOVING UP,Front & Center,190,Tony (the Prospect),player,This is Marissa.,3,RUN — authored order,vo.silver.player.ape.open.626zpv,vo.silver.player.ape.open.626zpv.mp3
15,CH3 MOVING UP,Front & Center,191,Tony (the Prospect),player,This is Margo.,3,RUN — authored order,vo.silver.player.ape.open.xdls99,vo.silver.player.ape.open.xdls99.mp3
15,CH3 MOVING UP,Front & Center,192,Tony (the Prospect),player,In the car. Twice.,4,RUN — authored order,vo.silver.player.arrival.noticed.148lj7j,vo.silver.player.arrival.noticed.148lj7j.mp3
15,CH3 MOVING UP,Front & Center,193,Tony (the Prospect),player,That was off the top of my head.,8,RUN — authored order,vo.silver.player.arrival.noticed.g4hq99,vo.silver.player.arrival.noticed.g4hq99.mp3
15,CH3 MOVING UP,Front & Center,194,Tony (the Prospect),player,The guy on the door still owes Big Uncle Lou money.,11,RUN — authored order,vo.silver.player.arrival.open.1cqt2mg,vo.silver.player.arrival.open.1cqt2mg.mp3
15,CH3 MOVING UP,Front & Center,195,Tony (the Prospect),player,I like going this way.,5,RUN — authored order,vo.silver.player.arrival.open.1wb8m2e,vo.silver.player.arrival.open.1wb8m2e.mp3
15,CH3 MOVING UP,Front & Center,196,Tony (the Prospect),player,The front’s for people waiting to get noticed.,8,RUN — authored order,vo.silver.player.arrival.open.bo881,vo.silver.player.arrival.open.bo881.mp3
15,CH3 MOVING UP,Front & Center,197,Tony (the Prospect),player,Bananaphone. Straight. Like it’s Carnegie Hall.,6,RUN — authored order,vo.silver.player.bandleader.open.1e0ys9u,vo.silver.player.bandleader.open.1e0ys9u.mp3
15,CH3 MOVING UP,Front & Center,198,Tony (the Prospect),player,Something slow.,2,RUN — authored order,vo.silver.player.bandleader.open.cmq3w6,vo.silver.player.bandleader.open.cmq3w6.mp3
15,CH3 MOVING UP,Front & Center,199,Tony (the Prospect),player,Play it well.,3,RUN — authored order,vo.silver.player.bandleader.open.saemuu,vo.silver.player.bandleader.open.saemuu.mp3
15,CH3 MOVING UP,Front & Center,200,Tony (the Prospect),player,Spoken for by who?,4,RUN — authored order,vo.silver.player.cellarman.open.1v5agci,vo.silver.player.cellarman.open.1v5agci.mp3
15,CH3 MOVING UP,Front & Center,201,Tony (the Prospect),player,Wasn’t going to.,3,RUN — authored order,vo.silver.player.cellarman.open.zripcm,vo.silver.player.cellarman.open.zripcm.mp3
15,CH3 MOVING UP,Front & Center,202,Tony (the Prospect),player,Smells better than the dining room.,6,RUN — authored order,vo.silver.player.chef.open.1airc43,vo.silver.player.chef.open.1airc43.mp3
15,CH3 MOVING UP,Front & Center,203,Tony (the Prospect),player,Chef. Sorry. We’ll be out of it.,7,RUN — authored order,vo.silver.player.chef.open.1n4qe92,vo.silver.player.chef.open.1n4qe92.mp3
15,CH3 MOVING UP,Front & Center,204,Tony (the Prospect),player,We’ll hold onto them.,4,RUN — authored order,vo.silver.player.coatcheck.open.1drjg5r,vo.silver.player.coatcheck.open.1drjg5r.mp3
15,CH3 MOVING UP,Front & Center,205,Tony (the Prospect),player,"Both, thanks.",2,RUN — authored order,vo.silver.player.coatcheck.open.78jkkf,vo.silver.player.coatcheck.open.78jkkf.mp3
15,CH3 MOVING UP,Front & Center,206,Tony (the Prospect),player,For the paperwork.,3,RUN — authored order,vo.silver.player.delivery.open.gdrcbu,vo.silver.player.delivery.open.gdrcbu.mp3
15,CH3 MOVING UP,Front & Center,207,Tony (the Prospect),player,Nobody asked you. Do the plates.,6,RUN — authored order,vo.silver.player.dishwasher.open.rg629o,vo.silver.player.dishwasher.open.rg629o.mp3
15,CH3 MOVING UP,Front & Center,208,Tony (the Prospect),player,You’re not the problem.,4,RUN — authored order,vo.silver.player.dishwasher.open.zd9iqn,vo.silver.player.dishwasher.open.zd9iqn.mp3
15,CH3 MOVING UP,Front & Center,209,Tony (the Prospect),player,Vinny. How’s the knee?,4,RUN — authored order,vo.silver.player.doorman.open.1oeg2cy,vo.silver.player.doorman.open.1oeg2cy.mp3
15,CH3 MOVING UP,Front & Center,210,Tony (the Prospect),player,Thanks. We’re good.,3,RUN — authored order,vo.silver.player.driver.open.1g74g8l,vo.silver.player.driver.open.1g74g8l.mp3
15,CH3 MOVING UP,Front & Center,211,Tony (the Prospect),player,You know this place?,4,RUN — authored order,vo.silver.player.driver.open.1s36mzb,vo.silver.player.driver.open.1s36mzb.mp3
15,CH3 MOVING UP,Front & Center,212,Tony (the Prospect),player,Keep it. All of it.,5,RUN — authored order,vo.silver.player.driver.open.1xs9dg6,vo.silver.player.driver.open.1xs9dg6.mp3
15,CH3 MOVING UP,Front & Center,213,Tony (the Prospect),player,Take double. Nobody drove me here.,6,RUN — authored order,vo.silver.player.driver.open.wcn7c6,vo.silver.player.driver.open.wcn7c6.mp3
15,CH3 MOVING UP,Front & Center,214,Tony (the Prospect),player,Look at the book again.,5,RUN — authored order,vo.silver.player.host.open.1jj8ood,vo.silver.player.host.open.1jj8ood.mp3
15,CH3 MOVING UP,Front & Center,215,Tony (the Prospect),player,It is.,2,RUN — authored order,vo.silver.player.host.open.yal9nm,vo.silver.player.host.open.yal9nm.mp3
15,CH3 MOVING UP,Front & Center,216,Tony (the Prospect),player,I’m not ready for this to be over and I’m too old to pretend otherwise.,15,RUN — authored order,vo.silver.player.invitation.open.10h4bhr,vo.silver.player.invitation.open.10h4bhr.mp3
15,CH3 MOVING UP,Front & Center,217,Tony (the Prospect),player,You should see the place when nobody’s threatening to repossess it.,11,RUN — authored order,vo.silver.player.invitation.open.14fik0x,vo.silver.player.invitation.open.14fik0x.mp3
15,CH3 MOVING UP,Front & Center,218,Tony (the Prospect),player,Car’s outside. Come on.,4,RUN — authored order,vo.silver.player.invitation.open.187q3m5,vo.silver.player.invitation.open.187q3m5.mp3
15,CH3 MOVING UP,Front & Center,219,Tony (the Prospect),player,Come back with me. There’s a bottle I’ve been saving for a reason I couldn’t name until about an hour ago.,21,RUN — authored order,vo.silver.player.invitation.open.1eak4x9,vo.silver.player.invitation.open.1eak4x9.mp3
15,CH3 MOVING UP,Front & Center,220,Tony (the Prospect),player,I’ve got a better bottle of the rye at the apartment.,11,RUN — authored order,vo.silver.player.invitation.open.z470kj,vo.silver.player.invitation.open.z470kj.mp3
15,CH3 MOVING UP,Front & Center,221,Tony (the Prospect),player,We’re fine.,2,RUN — authored order,vo.silver.player.manager.open.1eyqtkv,vo.silver.player.manager.open.1eyqtkv.mp3
15,CH3 MOVING UP,Front & Center,222,Tony (the Prospect),player,It’ll do.,2,RUN — authored order,vo.silver.player.manager.open.1nzmnje,vo.silver.player.manager.open.1nzmnje.mp3
15,CH3 MOVING UP,Front & Center,223,Tony (the Prospect),player,This is more than I asked for.,7,RUN — authored order,vo.silver.player.manager.open.s2nsdv,vo.silver.player.manager.open.s2nsdv.mp3
15,CH3 MOVING UP,Front & Center,224,Tony (the Prospect),player,Not tonight.,2,RUN — authored order,vo.silver.player.photographer.open.1wp27rz,vo.silver.player.photographer.open.1wp27rz.mp3
15,CH3 MOVING UP,Front & Center,225,Tony (the Prospect),player,Go on then.,3,RUN — authored order,vo.silver.player.photographer.open.5hl63j,vo.silver.player.photographer.open.5hl63j.mp3
15,CH3 MOVING UP,Front & Center,226,Tony (the Prospect),player,Make us look expensive.,4,RUN — authored order,vo.silver.player.photographer.open.vcbddd,vo.silver.player.photographer.open.vcbddd.mp3
15,CH3 MOVING UP,Front & Center,227,Tony (the Prospect),player,Long night?,2,RUN — authored order,vo.silver.player.porter.open.1pn3qke,vo.silver.player.porter.open.1pn3qke.mp3
15,CH3 MOVING UP,Front & Center,228,Tony (the Prospect),player,Funny how?,2,RUN — authored order,vo.silver.player.seated.funny.1ca87je,vo.silver.player.seated.funny.1ca87je.mp3
15,CH3 MOVING UP,Front & Center,229,Tony (the Prospect),player,You’re a professional. I’ll take it.,6,RUN — authored order,vo.silver.player.seated.funny.38mtvi,vo.silver.player.seated.funny.38mtvi.mp3
15,CH3 MOVING UP,Front & Center,230,Tony (the Prospect),player,I’m told it’s a coping mechanism.,6,RUN — authored order,vo.silver.player.seated.funny.nnir1c,vo.silver.player.seated.funny.nnir1c.mp3
15,CH3 MOVING UP,Front & Center,231,Tony (the Prospect),player,Whose fault?,2,RUN — authored order,vo.silver.player.seated.p-hers.1gkam8s,vo.silver.player.seated.p-hers.1gkam8s.mp3
15,CH3 MOVING UP,Front & Center,232,Tony (the Prospect),player,What happened?,2,RUN — authored order,vo.silver.player.seated.p-hers.1tia5gd,vo.silver.player.seated.p-hers.1tia5gd.mp3
15,CH3 MOVING UP,Front & Center,233,Tony (the Prospect),player,I wasn’t going to ask. I was going to wonder loudly.,11,RUN — authored order,vo.silver.player.seated.p-hers.rfw4xf,vo.silver.player.seated.p-hers.rfw4xf.mp3
15,CH3 MOVING UP,Front & Center,234,Tony (the Prospect),player,Big Uncle Lou pulled me out of something. That’s the whole story.,12,RUN — authored order,vo.silver.player.seated.personal.15pnd45,vo.silver.player.seated.personal.15pnd45.mp3
15,CH3 MOVING UP,Front & Center,235,Tony (the Prospect),player,Frightened of Big Uncle Lou. For now.,7,RUN — authored order,vo.silver.player.seated.personal.1co2y34,vo.silver.player.seated.personal.1co2y34.mp3
15,CH3 MOVING UP,Front & Center,236,Tony (the Prospect),player,Why not both.,3,RUN — authored order,vo.silver.player.seated.personal.1uviw53,vo.silver.player.seated.personal.1uviw53.mp3
15,CH3 MOVING UP,Front & Center,237,Tony (the Prospect),player,Frightened of Big Uncle Lou. All of it is Lou.,10,RUN — authored order,vo.silver.player.seated.personal.aqy09y,vo.silver.player.seated.personal.aqy09y.mp3
15,CH3 MOVING UP,Front & Center,238,Tony (the Prospect),player,I supervise.,2,RUN — authored order,vo.silver.player.seated.r2-construction.1q7arqo,vo.silver.player.seated.r2-construction.1q7arqo.mp3
15,CH3 MOVING UP,Front & Center,239,Tony (the Prospect),player,Alright. I don’t work construction.,5,RUN — authored order,vo.silver.player.seated.r2-construction.e0bmet,vo.silver.player.seated.r2-construction.e0bmet.mp3
15,CH3 MOVING UP,Front & Center,240,Tony (the Prospect),player,Mostly deconstruction.,2,RUN — authored order,vo.silver.player.seated.r2-construction.ueapht,vo.silver.player.seated.r2-construction.ueapht.mp3
15,CH3 MOVING UP,Front & Center,241,Tony (the Prospect),player,Whatever the day is. Mostly I go places and listen.,10,RUN — authored order,vo.silver.player.seated.r2-lou.1mfa5uf,vo.silver.player.seated.r2-lou.1mfa5uf.mp3
15,CH3 MOVING UP,Front & Center,242,Tony (the Prospect),player,Whatever needs doing. Ask anyone in here.,7,RUN — authored order,vo.silver.player.seated.r2-lou.1v7izjp,vo.silver.player.seated.r2-lou.1v7izjp.mp3
15,CH3 MOVING UP,Front & Center,243,Tony (the Prospect),player,It came out like that.,5,RUN — authored order,vo.silver.player.seated.r2-oblique.1jb355w,vo.silver.player.seated.r2-oblique.1jb355w.mp3
15,CH3 MOVING UP,Front & Center,244,Tony (the Prospect),player,On the way over.,4,RUN — authored order,vo.silver.player.seated.r2-oblique.3j1dbw,vo.silver.player.seated.r2-oblique.3j1dbw.mp3
15,CH3 MOVING UP,Front & Center,245,Tony (the Prospect),player,Nothing. There’s no construction.,4,RUN — authored order,vo.silver.player.seated.r2-supervise.bu5u28,vo.silver.player.seated.r2-supervise.bu5u28.mp3
15,CH3 MOVING UP,Front & Center,246,Tony (the Prospect),player,Other people working construction.,4,RUN — authored order,vo.silver.player.seated.r2-supervise.f7p1ly,vo.silver.player.seated.r2-supervise.f7p1ly.mp3
15,CH3 MOVING UP,Front & Center,247,Tony (the Prospect),player,"We got here, didn’t we.",5,RUN — authored order,vo.silver.player.seated.round1.12h4dkx,vo.silver.player.seated.round1.12h4dkx.mp3
15,CH3 MOVING UP,Front & Center,248,Tony (the Prospect),player,You should see where I take the ones I don’t like.,11,RUN — authored order,vo.silver.player.seated.round1.1lgd52p,vo.silver.player.seated.round1.1lgd52p.mp3
15,CH3 MOVING UP,Front & Center,249,Tony (the Prospect),player,The front door has no personality.,6,RUN — authored order,vo.silver.player.seated.round1.5s9ami,vo.silver.player.seated.round1.5s9ami.mp3
15,CH3 MOVING UP,Front & Center,250,Tony (the Prospect),player,Only the ones I’m trying to impress.,7,RUN — authored order,vo.silver.player.seated.round1.nxrka1,vo.silver.player.seated.round1.nxrka1.mp3
15,CH3 MOVING UP,Front & Center,251,Tony (the Prospect),player,I’m in construction.,3,RUN — authored order,vo.silver.player.seated.round2.11ctpio,vo.silver.player.seated.round2.11ctpio.mp3
15,CH3 MOVING UP,Front & Center,252,Tony (the Prospect),player,I solve things people would rather not write down.,9,RUN — authored order,vo.silver.player.seated.round2.1py004,vo.silver.player.seated.round2.1py004.mp3
15,CH3 MOVING UP,Front & Center,253,Tony (the Prospect),player,Tonight I’m buying dinner. Start there.,6,RUN — authored order,vo.silver.player.seated.round2.nkz99p,vo.silver.player.seated.round2.nkz99p.mp3
15,CH3 MOVING UP,Front & Center,254,Tony (the Prospect),player,I work for Big Uncle Lou.,6,RUN — authored order,vo.silver.player.seated.round2.z2hhlz,vo.silver.player.seated.round2.z2hhlz.mp3
15,CH3 MOVING UP,Front & Center,255,Tony (the Prospect),player,Don’t look impressed. It encourages them.,6,RUN — authored order,vo.silver.player.seated.table.1l5t5vd,vo.silver.player.seated.table.1l5t5vd.mp3
15,CH3 MOVING UP,Front & Center,256,Tony (the Prospect),player,I told you I knew a place.,7,RUN — authored order,vo.silver.player.seated.table.8cikos,vo.silver.player.seated.table.8cikos.mp3
15,CH3 MOVING UP,Front & Center,257,Tony (the Prospect),player,Big Uncle Lou may have called ahead.,7,RUN — authored order,vo.silver.player.seated.table.t0bxgl,vo.silver.player.seated.table.t0bxgl.mp3
15,CH3 MOVING UP,Front & Center,258,Tony (the Prospect),player,They hate seeing me stand.,5,RUN — authored order,vo.silver.player.seated.table.v3a4oy,vo.silver.player.seated.table.v3a4oy.mp3
15,CH3 MOVING UP,Front & Center,259,Tony (the Prospect),player,We’re fine.,2,RUN — authored order,vo.silver.player.servicebar.open.1eyqtkv,vo.silver.player.servicebar.open.1eyqtkv.mp3
15,CH3 MOVING UP,Front & Center,260,Tony (the Prospect),player,What’s the rye like?,4,RUN — authored order,vo.silver.player.servicebar.open.1sah738,vo.silver.player.servicebar.open.1sah738.mp3
15,CH3 MOVING UP,Front & Center,261,Tony (the Prospect),player,The floor’s uneven.,3,RUN — authored order,vo.silver.player.sway.bad.188hxm1,vo.silver.player.sway.bad.188hxm1.mp3
15,CH3 MOVING UP,Front & Center,262,Tony (the Prospect),player,I peaked in the cellar.,5,RUN — authored order,vo.silver.player.sway.bad.7xlukp,vo.silver.player.sway.bad.7xlukp.mp3
15,CH3 MOVING UP,Front & Center,263,Tony (the Prospect),player,I should warn you I’m terrible.,6,RUN — authored order,vo.silver.player.sway.open.1bvog5k,vo.silver.player.sway.open.1bvog5k.mp3
15,CH3 MOVING UP,Front & Center,264,Tony (the Prospect),player,I’d rather watch.,3,RUN — authored order,vo.silver.player.sway.open.1c62euw,vo.silver.player.sway.open.1c62euw.mp3
15,CH3 MOVING UP,Front & Center,265,Tony (the Prospect),player,To the third number.,4,RUN — authored order,vo.silver.player.toast.open.fl50yb,vo.silver.player.toast.open.fl50yb.mp3
15,CH3 MOVING UP,Front & Center,266,Tony (the Prospect),player,"To everybody in this room, who all know me.",9,RUN — authored order,vo.silver.player.toast.open.m1a667,vo.silver.player.toast.open.m1a667.mp3
15,CH3 MOVING UP,Front & Center,267,Tony (the Prospect),player,"To Ashland, and to the tiles they couldn’t get up.",10,RUN — authored order,vo.silver.player.toast.open.u9axj2,vo.silver.player.toast.open.u9axj2.mp3
15,CH3 MOVING UP,Front & Center,268,Tony (the Prospect),player,We’re alright.,2,RUN — authored order,vo.silver.player.waiter.another.10oaahy,vo.silver.player.waiter.another.10oaahy.mp3
15,CH3 MOVING UP,Front & Center,269,Tony (the Prospect),player,Same again.,2,RUN — authored order,vo.silver.player.waiter.another.11nv97b,vo.silver.player.waiter.another.11nv97b.mp3
15,CH3 MOVING UP,Front & Center,270,Tony (the Prospect),player,Same again. And whatever the band’s drinking.,7,RUN — authored order,vo.silver.player.waiter.another.hnf05i,vo.silver.player.waiter.another.hnf05i.mp3
15,CH3 MOVING UP,Front & Center,271,Tony (the Prospect),player,Two. And tell him she asked.,6,RUN — authored order,vo.silver.player.waiter.dessert.1e48s4v,vo.silver.player.waiter.dessert.1e48s4v.mp3
15,CH3 MOVING UP,Front & Center,272,Tony (the Prospect),player,Not tonight.,2,RUN — authored order,vo.silver.player.waiter.dessert.1wp27rz,vo.silver.player.waiter.dessert.1wp27rz.mp3
15,CH3 MOVING UP,Front & Center,273,Tony (the Prospect),player,Are we doing dessert?,4,RUN — authored order,vo.silver.player.waiter.dessert.atxcyz,vo.silver.player.waiter.dessert.atxcyz.mp3
15,CH3 MOVING UP,Front & Center,274,Tony (the Prospect),player,"Same. Two cubes, I’m not an animal.",7,RUN — authored order,vo.silver.player.waiter.his.1ro4q3m,vo.silver.player.waiter.his.1ro4q3m.mp3
15,CH3 MOVING UP,Front & Center,275,Tony (the Prospect),player,Beer’s fine.,2,RUN — authored order,vo.silver.player.waiter.his.1vjq3i5,vo.silver.player.waiter.his.1vjq3i5.mp3
15,CH3 MOVING UP,Front & Center,276,Tony (the Prospect),player,Whiskey. Neat.,2,RUN — authored order,vo.silver.player.waiter.his.ti7t3r,vo.silver.player.waiter.his.ti7t3r.mp3
15,CH3 MOVING UP,Front & Center,277,Tony (the Prospect),player,Club soda. I’m working.,4,RUN — authored order,vo.silver.player.waiter.his.xa0av4,vo.silver.player.waiter.his.xa0av4.mp3
15,CH3 MOVING UP,Front & Center,278,Tony (the Prospect),player,Bring a bottle of whatever the manager drinks.,8,RUN — authored order,vo.silver.player.waiter.open.1t5lera,vo.silver.player.waiter.open.1t5lera.mp3
15,CH3 MOVING UP,Front & Center,279,Tony (the Prospect),player,"Same again. And I’d like it to arrive before the conversation improves, not after.",14,RUN — authored order,vo.silver.player.waiter.open.20a7ar,vo.silver.player.waiter.open.20a7ar.mp3
15,CH3 MOVING UP,Front & Center,280,Tony (the Prospect),player,We’re looked after. Go be somewhere else for twenty minutes.,10,RUN — authored order,vo.silver.player.waiter.open.c4no5p,vo.silver.player.waiter.open.c4no5p.mp3
15,CH3 MOVING UP,Front & Center,281,Tony (the Prospect),player,She’ll have a glass of the white.,7,RUN — authored order,vo.silver.player.waiter.open.da95ti,vo.silver.player.waiter.open.da95ti.mp3
15,CH3 MOVING UP,Front & Center,282,Tony (the Prospect),player,Rye. One ice cube. One.,5,RUN — authored order,vo.silver.player.waiter.open.kdrmph,vo.silver.player.waiter.open.kdrmph.mp3
15,CH3 MOVING UP,Front & Center,283,Tony (the Prospect),player,What are you drinking?,4,RUN — authored order,vo.silver.player.waiter.open.rnhobt,vo.silver.player.waiter.open.rnhobt.mp3
15,CH3 MOVING UP,Front & Center,284,Silver Room staff,waiter,It started long. It’s gone past long. We’re into a new unit.,12,RUN — authored order,vo.silver.porter.long,vo.silver.porter.long.mp3
15,CH3 MOVING UP,Front & Center,285,Silver Room staff,waiter,"Mind your back, mind your back — sorry, ma’am, that’s two hundred glasses and I’m the only reason they’re alive.",20,RUN — authored order,vo.silver.porter.open,vo.silver.porter.open.mp3
15,CH3 MOVING UP,Front & Center,286,Silver Room staff,waiter,Oh — right. Don’t look at me. It’s the only pocket that isn’t wet.,14,RUN — authored order,vo.silver.porter.took,vo.silver.porter.took.mp3
15,CH3 MOVING UP,Front & Center,287,Silver Room staff,waiter,"Make a hole, make a hole — front table coming through! Evening, boss.",13,RUN — authored order,vo.silver.porter.walkin.1,vo.silver.porter.walkin.1.mp3
15,CH3 MOVING UP,Front & Center,288,Silver Room staff,waiter,If it’s not on the sheet it’s not in the building.,11,RUN — authored order,vo.silver.room.alley.1,vo.silver.room.alley.1.mp3
15,CH3 MOVING UP,Front & Center,289,Silver Room staff,waiter,Four minutes. Four. I’m owed four.,6,RUN — authored order,vo.silver.room.alley.2,vo.silver.room.alley.2.mp3
15,CH3 MOVING UP,Front & Center,290,Silver Room staff,waiter,Not that rack. That rack’s the manager’s and he counts them.,11,RUN — authored order,vo.silver.room.cellar.1,vo.silver.room.cellar.1.mp3
15,CH3 MOVING UP,Front & Center,291,Silver Room staff,waiter,They signed for nine. I brought twelve. Somebody explain nine.,10,RUN — authored order,vo.silver.room.cellar.2,vo.silver.room.cellar.2.mp3
15,CH3 MOVING UP,Front & Center,292,Silver Room staff,waiter,"Ninety-one and ninety-two. No, ninety-one.",5,RUN — authored order,vo.silver.room.corridor.1,vo.silver.room.corridor.1.mp3
15,CH3 MOVING UP,Front & Center,293,Silver Room staff,waiter,The four-top by the pillar wants the band’s setlist. In writing.,11,RUN — authored order,vo.silver.room.corridor.2,vo.silver.room.corridor.2.mp3
15,CH3 MOVING UP,Front & Center,294,Silver Room staff,waiter,Sorry — sorry — sorry —,6,RUN — authored order,vo.silver.room.corridor.3,vo.silver.room.corridor.3.mp3
15,CH3 MOVING UP,Front & Center,295,Silver Room staff,waiter,"It’s a fur. I’m not hanging a fur next to a wet mac, I don’t care whose it is.",19,RUN — authored order,vo.silver.room.corridor.4,vo.silver.room.corridor.4.mp3
15,CH3 MOVING UP,Front & Center,296,Silver Room staff,waiter,Who took the front table? Nobody took the front table. The front table walked in.,15,RUN — authored order,vo.silver.room.corridor.5,vo.silver.room.corridor.5.mp3
15,CH3 MOVING UP,Front & Center,297,Silver Room staff,waiter,"Down the middle. Down the middle! You go wide, you go through the drape.",14,RUN — authored order,vo.silver.room.corridor.6,vo.silver.room.corridor.6.mp3
15,CH3 MOVING UP,Front & Center,298,Front and Center ambient diner A,silver-diner-a,He calls it a franchise. It’s a van. I’ve seen the van.,12,RUN — authored order,vo.silver.room.floor.1,vo.silver.room.floor.1.mp3
15,CH3 MOVING UP,Front & Center,299,Silver Room staff,waiter,"Nine wants dessert, eleven is still on the fish, and twelve has not decided anything since they sat down.",19,RUN — authored order,vo.silver.room.floor.10,vo.silver.room.floor.10.mp3
15,CH3 MOVING UP,Front & Center,300,Front and Center ambient diner B,silver-diner-b,"I don’t ask. That is the arrangement. I don’t ask, and I sleep.",13,RUN — authored order,vo.silver.room.floor.11,vo.silver.room.floor.11.mp3
15,CH3 MOVING UP,Front & Center,301,Front and Center ambient diner C,silver-diner-c,Did you see the coat. Look at the coat. That is not a birthday coat.,15,RUN — authored order,vo.silver.room.floor.12,vo.silver.room.floor.12.mp3
15,CH3 MOVING UP,Front & Center,302,Silver Room staff,waiter,"That’s not the good rye. Take it back, and don’t let him see you take it back.",17,RUN — authored order,vo.silver.room.floor.13,vo.silver.room.floor.13.mp3
15,CH3 MOVING UP,Front & Center,303,Front and Center ambient diner A,silver-diner-a,Everybody’s a cousin. I have cousins I’ve met twice and one of them does my books.,16,RUN — authored order,vo.silver.room.floor.14,vo.silver.room.floor.14.mp3
15,CH3 MOVING UP,Front & Center,304,Front and Center ambient diner B,silver-diner-b,"Six weeks they told me. Six weeks, and we’re sat behind a pillar.",13,RUN — authored order,vo.silver.room.floor.15,vo.silver.room.floor.15.mp3
15,CH3 MOVING UP,Front & Center,305,Silver Room staff,waiter,"Two rye, one ice. One. If that comes back with three in it, it’s on you.",16,RUN — authored order,vo.silver.room.floor.16,vo.silver.room.floor.16.mp3
15,CH3 MOVING UP,Front & Center,306,Front and Center ambient diner C,silver-diner-c,He orders for the whole table. Every time. I have never once eaten what I wanted in this room.,19,RUN — authored order,vo.silver.room.floor.17,vo.silver.room.floor.17.mp3
15,CH3 MOVING UP,Front & Center,307,Front and Center ambient diner A,silver-diner-a,and the horse was fine! Nobody ever remembers that part!,10,RUN — authored order,vo.silver.room.floor.18,vo.silver.room.floor.18.mp3
15,CH3 MOVING UP,Front & Center,308,Silver Room staff,waiter,"Anything they want, all night, and none of it goes on a bill. Those were the words I was given.",20,RUN — authored order,vo.silver.room.floor.19,vo.silver.room.floor.19.mp3
15,CH3 MOVING UP,Front & Center,309,Front and Center ambient diner B,silver-diner-b,And they gave him Wednesdays. Wednesdays!,6,RUN — authored order,vo.silver.room.floor.2,vo.silver.room.floor.2.mp3
15,CH3 MOVING UP,Front & Center,310,Front and Center ambient diner B,silver-diner-b,"Ask me next week. Next week I’ll know, and then I won’t be able to tell you.",17,RUN — authored order,vo.silver.room.floor.20,vo.silver.room.floor.20.mp3
15,CH3 MOVING UP,Front & Center,311,Silver Room staff,waiter,"Two more by the stage, and hurry, they’re on at half past.",12,RUN — authored order,vo.silver.room.floor.3,vo.silver.room.floor.3.mp3
15,CH3 MOVING UP,Front & Center,312,Front and Center ambient diner C,silver-diner-c,"Out of respect. That’s what he said. Out of respect, and then he took the whole route.",17,RUN — authored order,vo.silver.room.floor.4,vo.silver.room.floor.4.mp3
15,CH3 MOVING UP,Front & Center,313,Front and Center ambient diner A,silver-diner-a,You don’t put Big Uncle Lou on a list. Lou doesn’t wait for a table.,15,RUN — authored order,vo.silver.room.floor.5,vo.silver.room.floor.5.mp3
15,CH3 MOVING UP,Front & Center,314,Front and Center ambient diner B,silver-diner-b,"The front door’s for civilians. That’s not me being clever, that’s the actual policy.",14,RUN — authored order,vo.silver.room.floor.6,vo.silver.room.floor.6.mp3
15,CH3 MOVING UP,Front & Center,315,Silver Room staff,waiter,Front and center just went out. Somebody find out who that is.,12,RUN — authored order,vo.silver.room.floor.7,vo.silver.room.floor.7.mp3
15,CH3 MOVING UP,Front & Center,316,Front and Center ambient diner C,silver-diner-c,"Thirty-one years on that corner, and the son wants to put a wine list in it.",16,RUN — authored order,vo.silver.room.floor.8,vo.silver.room.floor.8.mp3
15,CH3 MOVING UP,Front & Center,317,Front and Center ambient diner A,silver-diner-a,He was there. I saw him. He was at the christening.,11,RUN — authored order,vo.silver.room.floor.9,vo.silver.room.floor.9.mp3
15,CH3 MOVING UP,Front & Center,318,Silver Room staff,waiter,"Two veal, one fish, and where is my sauce — WHERE is my sauce —",15,RUN — authored order,vo.silver.room.kitchen.1,vo.silver.room.kitchen.1.mp3
15,CH3 MOVING UP,Front & Center,319,Silver Room staff,waiter,Hands! I need hands at the pass — thank you — gone.,12,RUN — authored order,vo.silver.room.kitchen.10,vo.silver.room.kitchen.10.mp3
15,CH3 MOVING UP,Front & Center,320,Silver Room staff,waiter,Behind! Behind you! Hot — hot — HOT —,9,RUN — authored order,vo.silver.room.kitchen.2,vo.silver.room.kitchen.2.mp3
15,CH3 MOVING UP,Front & Center,321,Silver Room staff,waiter,Table nine sent it back. Table nine sends everything back.,10,RUN — authored order,vo.silver.room.kitchen.3,vo.silver.room.kitchen.3.mp3
15,CH3 MOVING UP,Front & Center,322,Silver Room staff,waiter,Who has taken the good tray. Somebody has taken the good tray.,12,RUN — authored order,vo.silver.room.kitchen.4,vo.silver.room.kitchen.4.mp3
15,CH3 MOVING UP,Front & Center,323,Silver Room staff,waiter,Heard. Heard. Two minutes on the veal.,7,RUN — authored order,vo.silver.room.kitchen.5,vo.silver.room.kitchen.5.mp3
15,CH3 MOVING UP,Front & Center,324,Silver Room staff,waiter,"That’s not a garnish, that’s a hedge.",7,RUN — authored order,vo.silver.room.kitchen.6,vo.silver.room.kitchen.6.mp3
15,CH3 MOVING UP,Front & Center,325,Silver Room staff,waiter,"Fire twelve! Twelve is a fire, and I want the fish WITH the veal, not chasing it.",17,RUN — authored order,vo.silver.room.kitchen.7,vo.silver.room.kitchen.7.mp3
15,CH3 MOVING UP,Front & Center,326,Silver Room staff,waiter,Corner! Coming round — corner!,5,RUN — authored order,vo.silver.room.kitchen.8,vo.silver.room.kitchen.8.mp3
15,CH3 MOVING UP,Front & Center,327,Silver Room staff,waiter,"Heard, Chef. It’s in. It’s IN.",6,RUN — authored order,vo.silver.room.kitchen.9,vo.silver.room.kitchen.9.mp3
15,CH3 MOVING UP,Front & Center,328,Silver Room staff,waiter,"Six on the tray, four of them on fire, and the floor wants another eleven. You want something or you want to stand there?",24,RUN — authored order,vo.silver.servicebar.open,vo.silver.servicebar.open.mp3
15,CH3 MOVING UP,Front & Center,329,Silver Room staff,waiter,"The rye’s the one thing in here that isn’t a lie. Whatever they tell you about the veal, the rye’s honest.",21,RUN — authored order,vo.silver.servicebar.rye,vo.silver.servicebar.rye.mp3
15,CH3 MOVING UP,Front & Center,330,Silver Room staff,waiter,"Ohh. Whatever you sit at, it comes fast. That’s the arrangement now.",12,RUN — authored order,vo.silver.servicebar.took,vo.silver.servicebar.took.mp3
15,CH3 MOVING UP,Front & Center,331,Silver Room staff,waiter,"Good to see you again, boss. The good rye’s already up. Go sit down, the both of you.",18,RUN — authored order,vo.silver.servicebar.walkin.1,vo.silver.servicebar.walkin.1.mp3
15,CH3 MOVING UP,Front & Center,332,Bing doorman,doorman,The knee’s the knee. The doctor says stand less. I stand for a living. We agreed to disagree.,18,RUN — authored order,vo.silver.vinny.doorman.knee,vo.silver.vinny.doorman.knee.mp3
15,CH3 MOVING UP,Front & Center,333,Bing doorman,doorman,Prospect. They said tonight or tomorrow. It’s tonight.,8,RUN — authored order,vo.silver.vinny.doorman.open.1g57zxh,vo.silver.vinny.doorman.open.1g57zxh.mp3
15,CH3 MOVING UP,Front & Center,334,Bing doorman,doorman,"Prospect. Straight through, mind the step, it’s wet on the second one.",12,RUN — authored order,vo.silver.vinny.doorman.open.vvyhu6,vo.silver.vinny.doorman.open.vvyhu6.mp3
15,CH3 MOVING UP,Front & Center,335,Bing doorman,doorman,"Have a good night. Ma’am, watch the second step, he never says it in time.",15,RUN — authored order,vo.silver.vinny.doorman.took,vo.silver.vinny.doorman.took.mp3
15,CH3 MOVING UP,Front & Center,336,Silver Room date waiter,silver-waiter,Another for the table?,4,RUN — authored order,vo.silver.waiter.another,vo.silver.waiter.another.mp3
15,CH3 MOVING UP,Front & Center,337,Silver Room date waiter,silver-waiter,"…Yes, sir.",2,RUN — authored order,vo.silver.waiter.band-round,vo.silver.waiter.band-round.mp3
15,CH3 MOVING UP,Front & Center,338,Silver Room date waiter,silver-waiter,"…The manager drinks milk, sir. For his stomach. Shall I bring the rye instead.",14,RUN — authored order,vo.silver.waiter.bottle,vo.silver.waiter.bottle.mp3
15,CH3 MOVING UP,Front & Center,339,Silver Room date waiter,silver-waiter,Anything sweet? Chef does something with figs that people write letters about.,12,RUN — authored order,vo.silver.waiter.dessert,vo.silver.waiter.dessert.mp3
15,CH3 MOVING UP,Front & Center,340,Silver Room date waiter,silver-waiter,And for yourself?,3,RUN — authored order,vo.silver.waiter.his,vo.silver.waiter.his.mp3
15,CH3 MOVING UP,Front & Center,341,Silver Room date waiter,silver-waiter,Sir. Everything as it should be over here?,8,RUN — authored order,vo.silver.waiter.open.checking,vo.silver.waiter.open.checking.mp3
15,CH3 MOVING UP,Front & Center,342,Silver Room date waiter,silver-waiter,Good evening. The kitchen knows you’re here. Drinks?,8,RUN — authored order,vo.silver.waiter.open.expected,vo.silver.waiter.open.expected.mp3
15,CH3 MOVING UP,Front & Center,343,Silver Room date waiter,silver-waiter,Good evening. Something to drink for the lady?,8,RUN — authored order,vo.silver.waiter.open.menus,vo.silver.waiter.open.menus.mp3
15,CH3 MOVING UP,Front & Center,344,Silver Room date waiter,silver-waiter,Sir. Your table is ahead of you.,7,RUN — authored order,vo.silver.waiter.open.passing,vo.silver.waiter.open.passing.mp3
15,CH3 MOVING UP,Front & Center,345,Silver Room date waiter,silver-waiter,"Rye, one cube. Sir?",4,RUN — authored order,vo.silver.waiter.rye,vo.silver.waiter.rye.mp3
15,CH3 MOVING UP,Front & Center,346,Silver Room date waiter,silver-waiter,"From the gentlemen by the pillar. With respect, they said.",10,RUN — authored order,vo.silver.waiter.scene-champagne.1,vo.silver.waiter.scene-champagne.1.mp3
15,CH3 MOVING UP,Front & Center,347,Silver Room date waiter,silver-waiter,"Very good, sir. He tipped the dish room. Nobody tips the dish room.",13,RUN — authored order,vo.silver.waiter.thanks,vo.silver.waiter.thanks.mp3
16,CH3 MOVING UP,Margo Stayover,1,Margo Salas,margo,You snore. Not badly. Like a fridge.,7,RUN — authored order,vo.margo.wake.1,vo.margo.wake.1.mp3
16,CH3 MOVING UP,Margo Stayover,2,Tony (the Prospect),player,I do not snore.,4,RUN — authored order,vo.margo.wake.tony.1,vo.margo.wake.tony.1.mp3
16,CH3 MOVING UP,Margo Stayover,3,Margo Salas,margo,"I have a delivery at eleven and a man who cannot be trusted with a delivery, so.",17,RUN — authored order,vo.margo.wake.2,vo.margo.wake.2.mp3
16,CH3 MOVING UP,Margo Stayover,4,Tony (the Prospect),player,You could stay for ten minutes.,6,RUN — authored order,vo.margo.wake.tony.2,vo.margo.wake.tony.2.mp3
16,CH3 MOVING UP,Margo Stayover,5,Margo Salas,margo,You have got the face on. The one where you pretend you are not thinking about work.,17,RUN — authored order,vo.margo.wake.3,vo.margo.wake.3.mp3
16,CH3 MOVING UP,Margo Stayover,6,Tony (the Prospect),player,I do not have a face on.,7,RUN — authored order,vo.margo.wake.tony.3,vo.margo.wake.tony.3.mp3
16,CH3 MOVING UP,Margo Stayover,7,Margo Salas,margo,"Do not do anything stupid today. Or do, and ring me about it after.",14,RUN — authored order,vo.margo.wake.4,vo.margo.wake.4.mp3
16,CH3 MOVING UP,Margo Stayover,8,Tony (the Prospect),player,I will ring you.,4,RUN — authored order,vo.margo.wake.tony.4,vo.margo.wake.tony.4.mp3
16,CH3 MOVING UP,Margo Stayover,9,Margo Salas,margo,"Well. You clean up all right, for a man who eats standing over the sink.",15,RUN — authored order,vo.margo.comehome.1,vo.margo.comehome.1.mp3
16,CH3 MOVING UP,Margo Stayover,10,Tony (the Prospect),player,I own exactly one.,4,RUN — authored order,vo.margo.comehome.tony.1,vo.margo.comehome.tony.1.mp3
16,CH3 MOVING UP,Margo Stayover,11,Margo Salas,margo,I am not staying because of the tie. I want that on the record.,14,RUN — authored order,vo.margo.comehome.2,vo.margo.comehome.2.mp3
16,CH3 MOVING UP,Margo Stayover,12,Tony (the Prospect),player,Noted.,1,RUN — authored order,vo.margo.comehome.tony.2,vo.margo.comehome.tony.2.mp3
16,CH3 MOVING UP,Margo Stayover,13,Margo Salas,margo,"The zip. Come here. That’s not a request, and don’t take all night about it, I’ve been thinking about this since the second course.",24,RUN — authored order,vo.margo.comehome.dress.1,vo.margo.comehome.dress.1.mp3
16,CH3 MOVING UP,Margo Stayover,14,Margo Salas,margo,"Jesus Christ. A private lift, a staircase, and that view. Who the fuck did you have to bury?",18,RUN — authored order,vo.margo.comehome.place.1,vo.margo.comehome.place.1.mp3
16,CH3 MOVING UP,Margo Stayover,15,Tony (the Prospect),player,Nobody on the lease.,4,RUN — authored order,vo.margo.comehome.place.tony.1,vo.margo.comehome.place.tony.1.mp3
16,CH3 MOVING UP,Margo Stayover,16,Margo Salas,margo,Can you get this? The clasp is winning.,8,RUN — authored order,vo.margo.wake.dress.1,vo.margo.wake.dress.1.mp3
18,CH3 MOVING UP,NO WAKE,1,BIG UNCLE LOU SPUTTHOLE,lou,Kid. That thing I asked you to take care of.,10,RUN — authored order,vo.call.lou.attaboy.1,vo.call.lou.attaboy.1.mp3
18,CH3 MOVING UP,NO WAKE,2,BIG UNCLE LOU SPUTTHOLE,lou,"Nice work. That is all I am going to say about it, and it is all you are going to say about it.",23,RUN — authored order,vo.call.lou.attaboy.2,vo.call.lou.attaboy.2.mp3
18,CH3 MOVING UP,NO WAKE,3,BIG UNCLE LOU SPUTTHOLE,lou,Keep doing work like that and you’ll be somebody in this family. Keep doing it too well and you’ll be somebody they talk about.,24,RUN — authored order,vo.call.lou.attaboy.3,vo.call.lou.attaboy.3.mp3
18,CH3 MOVING UP,NO WAKE,4,BIG UNCLE LOU SPUTTHOLE,lou,Get some sleep. Tomorrow is a different day and it has its own thing in it.,16,RUN — authored order,vo.call.lou.attaboy.4,vo.call.lou.attaboy.4.mp3
18,CH3 MOVING UP,NO WAKE,5,Tony (the Prospect),player,It is taken care of.,5,RUN — authored order,vo.call.lou.attaboy.tony.1,vo.call.lou.attaboy.tony.1.mp3
18,CH3 MOVING UP,NO WAKE,6,Tony (the Prospect),player,Then neither of us says it.,6,RUN — authored order,vo.call.lou.attaboy.tony.2,vo.call.lou.attaboy.tony.2.mp3
18,CH3 MOVING UP,NO WAKE,7,Tony (the Prospect),player,A bright future. Here.,4,RUN — authored order,vo.call.lou.attaboy.tony.3,vo.call.lou.attaboy.tony.3.mp3
18,CH3 MOVING UP,NO WAKE,8,Tony (the Prospect),player,I will sleep.,3,RUN — authored order,vo.call.lou.attaboy.tony.4,vo.call.lou.attaboy.tony.4.mp3
18,CH3 MOVING UP,NO WAKE,9,BIG UNCLE LOU SPUTTHOLE,lou,Kid. You up?,3,RUN — authored order,vo.call.lou.1,vo.call.lou.1.mp3
18,CH3 MOVING UP,NO WAKE,10,BIG UNCLE LOU SPUTTHOLE,lou,"Good. Listen — I sent you a thing this morning, do not make it weird.",15,RUN — authored order,vo.call.lou.2,vo.call.lou.2.mp3
18,CH3 MOVING UP,NO WAKE,11,BIG UNCLE LOU SPUTTHOLE,lou,Tomorrow. Seven. Bring nothing.,4,RUN — authored order,vo.call.lou.3,vo.call.lou.3.mp3
18,CH3 MOVING UP,NO WAKE,12,BIG UNCLE LOU SPUTTHOLE,lou,And eat something. You never eat.,6,RUN — authored order,vo.call.lou.4,vo.call.lou.4.mp3
18,CH3 MOVING UP,NO WAKE,13,BIG UNCLE LOU SPUTTHOLE,lou1,Kid. Back to the Bing.,5,RUN — authored order,vo.call.lou.bing_second.1,vo.call.lou.bing_second.1.mp3
18,CH3 MOVING UP,NO WAKE,14,BIG UNCLE LOU SPUTTHOLE,lou1,Billy HotDog is home. Closed party. Family only.,8,RUN — authored order,vo.call.lou.bing_second.2,vo.call.lou.bing_second.2.mp3
18,CH3 MOVING UP,NO WAKE,15,BIG UNCLE LOU SPUTTHOLE,lou1,Bring nothing. Come through the front and keep your phone in your pocket.,13,RUN — authored order,vo.call.lou.bing_second.3,vo.call.lou.bing_second.3.mp3
18,CH3 MOVING UP,NO WAKE,16,BIG UNCLE LOU SPUTTHOLE,lou1,You will leave from here. You are not going home first.,11,RUN — authored order,vo.call.lou.bing_second.4,vo.call.lou.bing_second.4.mp3
18,CH3 MOVING UP,NO WAKE,17,Tony (the Prospect),player,I was just there.,4,RUN — authored order,vo.call.lou.bing_second.tony.1,vo.call.lou.bing_second.tony.1.mp3
18,CH3 MOVING UP,NO WAKE,18,Tony (the Prospect),player,Closed party. Understood.,3,RUN — authored order,vo.call.lou.bing_second.tony.2,vo.call.lou.bing_second.tony.2.mp3
18,CH3 MOVING UP,NO WAKE,19,Tony (the Prospect),player,Nothing. Got it.,3,RUN — authored order,vo.call.lou.bing_second.tony.3,vo.call.lou.bing_second.tony.3.mp3
18,CH3 MOVING UP,NO WAKE,20,Tony (the Prospect),player,Then I will not pack.,5,RUN — authored order,vo.call.lou.bing_second.tony.4,vo.call.lou.bing_second.tony.4.mp3
18,CH3 MOVING UP,NO WAKE,21,BIG UNCLE LOU SPUTTHOLE,lou1,Kid. Listen once. There is a car coming for you.,10,RUN — authored order,vo.call.lou.heist.1,vo.call.lou.heist.1.mp3
18,CH3 MOVING UP,NO WAKE,22,BIG UNCLE LOU SPUTTHOLE,lou1,"Gray suit. Armor underneath. Gloves, mask, both guns, every magazine on the table.",13,RUN — authored order,vo.call.lou.heist.2,vo.call.lou.heist.2.mp3
18,CH3 MOVING UP,NO WAKE,23,BIG UNCLE LOU SPUTTHOLE,lou1,"You are meeting Snow at a closed laundry. Once he starts talking, he is in charge.",16,RUN — authored order,vo.call.lou.heist.3,vo.call.lou.heist.3.mp3
18,CH3 MOVING UP,NO WAKE,24,BIG UNCLE LOU SPUTTHOLE,lou1,Bring your nerve and leave your name at home.,9,RUN — authored order,vo.call.lou.heist.4,vo.call.lou.heist.4.mp3
18,CH3 MOVING UP,NO WAKE,25,Tony (the Prospect),player,I am listening.,3,RUN — authored order,vo.call.lou.heist.tony.1,vo.call.lou.heist.tony.1.mp3
18,CH3 MOVING UP,NO WAKE,26,Tony (the Prospect),player,"Suit, armor, gloves, mask, guns, magazines.",6,RUN — authored order,vo.call.lou.heist.tony.2,vo.call.lou.heist.tony.2.mp3
18,CH3 MOVING UP,NO WAKE,27,Tony (the Prospect),player,Snow is in charge.,4,RUN — authored order,vo.call.lou.heist.tony.3,vo.call.lou.heist.tony.3.mp3
18,CH3 MOVING UP,NO WAKE,28,Tony (the Prospect),player,When does the car arrive?,5,RUN — authored order,vo.call.lou.heist.tony.4,vo.call.lou.heist.tony.4.mp3
18,CH3 MOVING UP,NO WAKE,29,BIG UNCLE LOU SPUTTHOLE,lou1,Tony. You did what was asked and you didn't make a mess of it. That gets noticed.,17,RUN — authored order,vo.call.lou.cabin_lay_low.1,vo.call.lou.cabin_lay_low.1.mp3
18,CH3 MOVING UP,NO WAKE,30,Tony (the Prospect),player,"Thanks, Lou. How long is a while?",7,RUN — authored order,vo.call.lou.cabin_lay_low.tony.1,vo.call.lou.cabin_lay_low.tony.1.mp3
18,CH3 MOVING UP,NO WAKE,31,BIG UNCLE LOU SPUTTHOLE,lou1,"Now you're nowhere. No city, no visitors, no hero shit. A man who just did what you did does not get seen for a while.",25,RUN — authored order,vo.call.lou.cabin_lay_low.2,vo.call.lou.cabin_lay_low.2.mp3
18,CH3 MOVING UP,NO WAKE,32,Tony (the Prospect),player,Nowhere I can do. No promises on the hero shit.,10,RUN — authored order,vo.call.lou.cabin_lay_low.tony.2,vo.call.lou.cabin_lay_low.tony.2.mp3
18,CH3 MOVING UP,NO WAKE,33,BIG UNCLE LOU SPUTTHOLE,lou1,"Lag keeps the place. He knows you're coming. Walk the property, clear your head, answer your phone.",17,RUN — authored order,vo.call.lou.cabin_lay_low.3,vo.call.lou.cabin_lay_low.3.mp3
18,CH3 MOVING UP,NO WAKE,34,Tony (the Prospect),player,"Understood. Cabin, fresh air, absolutely normal week.",7,RUN — authored order,vo.call.lou.cabin_lay_low.tony.3,vo.call.lou.cabin_lay_low.tony.3.mp3
18,CH3 MOVING UP,NO WAKE,35,Willy,willy,Nice night for it.,4,RUN — authored order,vo.nowake.dock.willy.nice-night.1,vo.nowake.dock.willy.nice-night.1.mp3
18,CH3 MOVING UP,NO WAKE,36,BIG UNCLE LOU SPUTTHOLE,lou,Get her started.,3,RUN — authored order,vo.nowake.dock.lou.get-her-started.1,vo.nowake.dock.lou.get-her-started.1.mp3
18,CH3 MOVING UP,NO WAKE,37,Willy,willy,Quiet tonight.,2,RUN — authored order,vo.nowake.cruise.willy.quiet.1,vo.nowake.cruise.willy.quiet.1.mp3
18,CH3 MOVING UP,NO WAKE,38,Booski,booski,Yeah.,1,RUN — authored order,vo.nowake.cruise.booski.yeah.1,vo.nowake.cruise.booski.yeah.1.mp3
18,CH3 MOVING UP,NO WAKE,39,Willy,willy,Nobody has said one word to me about the strip. Not one.,12,RUN — authored order,vo.nowake.cruise.willy.strip.1,vo.nowake.cruise.willy.strip.1.mp3
18,CH3 MOVING UP,NO WAKE,40,Willy,willy,Everybody has been looking at me sideways since the Motel.,10,RUN — authored order,vo.nowake.cruise.willy.sideways.1,vo.nowake.cruise.willy.sideways.1.mp3
18,CH3 MOVING UP,NO WAKE,41,Willy,willy,Feels like nobody has been talking to me this week.,10,RUN — authored order,vo.nowake.cruise.willy.clean.1,vo.nowake.cruise.willy.clean.1.mp3
18,CH3 MOVING UP,NO WAKE,42,Willy,willy,Where exactly are we headed?,5,RUN — authored order,vo.nowake.cruise.willy.where.1,vo.nowake.cruise.willy.where.1.mp3
18,CH3 MOVING UP,NO WAKE,43,BIG UNCLE LOU SPUTTHOLE,lou,Away from the dock.,4,RUN — authored order,vo.nowake.cruise.lou.away.1,vo.nowake.cruise.lou.away.1.mp3
18,CH3 MOVING UP,NO WAKE,44,BIG UNCLE LOU SPUTTHOLE,lou,Bring her down.,3,RUN — authored order,vo.nowake.inlet.lou.bring-her-down.1,vo.nowake.inlet.lou.bring-her-down.1.mp3
18,CH3 MOVING UP,NO WAKE,45,BIG UNCLE LOU SPUTTHOLE,lou,Kill them.,2,RUN — authored order,vo.nowake.inlet.lou.kill-them.1,vo.nowake.inlet.lou.kill-them.1.mp3
18,CH3 MOVING UP,NO WAKE,46,Irish's Deep Dives,irish,Channel’s clear.,2,RUN — authored order,vo.nowake.inlet.irish.channel-clear.1,vo.nowake.inlet.irish.channel-clear.1.mp3
18,CH3 MOVING UP,NO WAKE,47,BIG UNCLE LOU SPUTTHOLE,lou,Let’s get out of the wind.,6,RUN — authored order,vo.nowake.inlet.lou.out-of-the-wind.1,vo.nowake.inlet.lou.out-of-the-wind.1.mp3
18,CH3 MOVING UP,NO WAKE,48,Willy,willy,"You remember that Mirage match? We were down fourteen-twelve. Everybody was broke. I bought the Negev, went B, and held the whole site by myself.",25,RUN — authored order,vo.nowake.cabin.willy.mirage.1,vo.nowake.cabin.willy.mirage.1.mp3
18,CH3 MOVING UP,NO WAKE,49,Willy,willy,Three through apartments. One coming out market. Saved the whole damn round.,12,RUN — authored order,vo.nowake.cabin.willy.three-through-apartments.1,vo.nowake.cabin.willy.three-through-apartments.1.mp3
18,CH3 MOVING UP,NO WAKE,50,BIG UNCLE LOU SPUTTHOLE,lou,Willy.,1,RUN — authored order,vo.nowake.cabin.lou.willy.1,vo.nowake.cabin.lou.willy.1.mp3
18,CH3 MOVING UP,NO WAKE,51,Willy,willy,Yeah?,1,RUN — authored order,vo.nowake.cabin.willy.yeah.1,vo.nowake.cabin.willy.yeah.1.mp3
18,CH3 MOVING UP,NO WAKE,52,BIG UNCLE LOU SPUTTHOLE,lou,Irish pulled their wire. Your voice gave them the mountain strip from the Beef Run and our arrival time.,19,RUN — authored order,vo.nowake.cabin.lou.recorded-leak.1,vo.nowake.cabin.lou.recorded-leak.1.mp3
18,CH3 MOVING UP,NO WAKE,53,Willy,willy,You don’t know who was on that tape.,8,RUN — authored order,vo.nowake.cabin.willy.not-my-voice.1,vo.nowake.cabin.willy.not-my-voice.1.mp3
18,CH3 MOVING UP,NO WAKE,54,BIG UNCLE LOU SPUTTHOLE,lou,Was there ever even a Negev on B?,8,RUN — authored order,vo.nowake.cabin.lou.negev.1,vo.nowake.cabin.lou.negev.1.mp3
18,CH3 MOVING UP,NO WAKE,55,Willy,willy,Lou…,1,RUN — authored order,vo.nowake.cabin.willy.lou.1,vo.nowake.cabin.willy.lou.1.mp3
18,CH3 MOVING UP,NO WAKE,56,BIG UNCLE LOU SPUTTHOLE,lou,Answer the question.,3,RUN — authored order,vo.nowake.cabin.lou.answer.1,vo.nowake.cabin.lou.answer.1.mp3
18,CH3 MOVING UP,NO WAKE,57,Willy,willy,I don’t remember every gun from every round.,8,RUN — authored order,vo.nowake.cabin.willy.dont-remember.1,vo.nowake.cabin.willy.dont-remember.1.mp3
18,CH3 MOVING UP,NO WAKE,58,Booski,booski,You were like a brother to me.,7,RUN — authored order,vo.nowake.cabin.booski.brother.1,vo.nowake.cabin.booski.brother.1.mp3
18,CH3 MOVING UP,NO WAKE,59,Willy,willy,"Boosk, come on. You know me.",6,RUN — authored order,vo.nowake.cabin.willy.boosk.1,vo.nowake.cabin.willy.boosk.1.mp3
18,CH3 MOVING UP,NO WAKE,60,BIG UNCLE LOU SPUTTHOLE,lou,Yeah. We do now.,4,RUN — authored order,vo.nowake.cabin.lou.we-do-now.1,vo.nowake.cabin.lou.we-do-now.1.mp3
18,CH3 MOVING UP,NO WAKE,61,Willy,willy,Can I take a seat?,5,RUN — authored order,vo.nowake.cabin.willy.take-a-seat.1,vo.nowake.cabin.willy.take-a-seat.1.mp3
18,CH3 MOVING UP,NO WAKE,62,Booski,booski,Sit down.,2,RUN — authored order,vo.nowake.cabin.booski.sit-down.1,vo.nowake.cabin.booski.sit-down.1.mp3
18,CH3 MOVING UP,NO WAKE,63,Willy,willy,All right.,2,RUN — authored order,vo.nowake.cabin.willy.all-right.1,vo.nowake.cabin.willy.all-right.1.mp3
18,CH3 MOVING UP,NO WAKE,64,BIG UNCLE LOU SPUTTHOLE,lou,Finish it.,2,RUN — authored order,vo.nowake.body.lou.finish-it.1,vo.nowake.body.lou.finish-it.1.mp3
18,CH3 MOVING UP,NO WAKE,65,Booski,booski,Your side. Fold it over and hold it down.,9,RUN — authored order,vo.nowake.body.booski.your-side.1,vo.nowake.body.booski.your-side.1.mp3
18,CH3 MOVING UP,NO WAKE,66,Booski,booski,Straps now. Pull them tight and I’ll close him up.,10,RUN — authored order,vo.nowake.body.booski.straps.1,vo.nowake.body.booski.straps.1.mp3
18,CH3 MOVING UP,NO WAKE,67,BIG UNCLE LOU SPUTTHOLE,lou,Needs weight.,2,RUN — authored order,vo.nowake.body.lou.needs-weight.1,vo.nowake.body.lou.needs-weight.1.mp3
18,CH3 MOVING UP,NO WAKE,68,Booski,booski,Bow locker.,2,RUN — authored order,vo.nowake.body.booski.bow-locker.1,vo.nowake.body.booski.bow-locker.1.mp3
18,CH3 MOVING UP,NO WAKE,69,Irish's Deep Dives,irish,Nothing behind us.,3,RUN — authored order,vo.nowake.body.irish.nothing-behind-us.1,vo.nowake.body.irish.nothing-behind-us.1.mp3
18,CH3 MOVING UP,NO WAKE,70,Booski,booski,Clip it to the rings. I’ll cinch it down.,9,RUN — authored order,vo.nowake.body.booski.sockets.1,vo.nowake.body.booski.sockets.1.mp3
18,CH3 MOVING UP,NO WAKE,71,BIG UNCLE LOU SPUTTHOLE,lou,Move him.,2,RUN — authored order,vo.nowake.body.lou.move-him.1,vo.nowake.body.lou.move-him.1.mp3
18,CH3 MOVING UP,NO WAKE,72,Irish's Deep Dives,irish,Still clear.,2,RUN — authored order,vo.nowake.body.irish.still-clear.1,vo.nowake.body.irish.still-clear.1.mp3
18,CH3 MOVING UP,NO WAKE,73,BIG UNCLE LOU SPUTTHOLE,lou,Start her.,2,RUN — authored order,vo.nowake.body.lou.start-her.1,vo.nowake.body.lou.start-her.1.mp3
18,CH3 MOVING UP,NO WAKE,74,BIG UNCLE LOU SPUTTHOLE,lou1,Kid. South Harbor. Gate C. Quarter to one.,8,RUN — authored order,vo.call.lou.no_wake.1,vo.call.lou.no_wake.1.mp3
18,CH3 MOVING UP,NO WAKE,75,Tony (the Prospect),player,Gate C. Quarter to one.,5,RUN — authored order,vo.call.lou.no_wake.tony.1,vo.call.lou.no_wake.tony.1.mp3
18,CH3 MOVING UP,NO WAKE,76,BIG UNCLE LOU SPUTTHOLE,lou1,Plain clothes. Leave the phone in the glovebox when you get there.,12,RUN — authored order,vo.call.lou.no_wake.2,vo.call.lou.no_wake.2.mp3
18,CH3 MOVING UP,NO WAKE,77,Tony (the Prospect),player,No phone. Understood.,3,RUN — authored order,vo.call.lou.no_wake.tony.2,vo.call.lou.no_wake.tony.2.mp3
18,CH3 MOVING UP,NO WAKE,78,BIG UNCLE LOU SPUTTHOLE,lou1,Booski and Willy are already on their way. We are taking a ride.,13,RUN — authored order,vo.call.lou.no_wake.3,vo.call.lou.no_wake.3.mp3
18,CH3 MOVING UP,NO WAKE,79,Tony (the Prospect),player,All four of us?,4,RUN — authored order,vo.call.lou.no_wake.tony.3,vo.call.lou.no_wake.tony.3.mp3
18,CH3 MOVING UP,NO WAKE,80,BIG UNCLE LOU SPUTTHOLE,lou1,"Do not be late, and do not ring me back.",10,RUN — authored order,vo.call.lou.no_wake.4,vo.call.lou.no_wake.4.mp3
18,CH3 MOVING UP,NO WAKE,81,Tony (the Prospect),player,I will be there.,4,RUN — authored order,vo.call.lou.no_wake.tony.4,vo.call.lou.no_wake.tony.4.mp3
20,CH4 INNER CIRCLE,Silver Case Setup,1,Ape,ape,You awake?,2,RUN — authored order,vo.call.ape.cabin_morning.1,vo.call.ape.cabin_morning.1.mp3
20,CH4 INNER CIRCLE,Silver Case Setup,2,Tony (the Prospect),player,Define awake.,2,RUN — authored order,vo.call.ape.cabin_morning.tony.1,vo.call.ape.cabin_morning.tony.1.mp3
20,CH4 INNER CIRCLE,Silver Case Setup,3,Ape,ape,Car's out front. Lou says bring a clean shirt and don't ask me where we're going.,16,RUN — authored order,vo.call.ape.cabin_morning.2,vo.call.ape.cabin_morning.2.mp3
20,CH4 INNER CIRCLE,Silver Case Setup,4,Tony (the Prospect),player,"Clean shirt, no questions. That's becoming a uniform.",8,RUN — authored order,vo.call.ape.cabin_morning.tony.2,vo.call.ape.cabin_morning.tony.2.mp3
20,CH4 INNER CIRCLE,Silver Case Setup,5,Ape,ape,And don't eat anything Lag cooked in foil. That's separate advice.,11,RUN — authored order,vo.call.ape.cabin_morning.3,vo.call.ape.cabin_morning.3.mp3
20,CH4 INNER CIRCLE,Silver Case Setup,6,Tony (the Prospect),player,"Too late to be useful, but appreciated.",7,RUN — authored order,vo.call.ape.cabin_morning.tony.3,vo.call.ape.cabin_morning.tony.3.mp3
20,CH4 INNER CIRCLE,Silver Case Setup,7,Ape,ape,Nice place. Real lived-in.,4,RUN — authored order,vo.silvercase.control.ape.nice-place,vo.silvercase.control.ape.nice-place.mp3
20,CH4 INNER CIRCLE,Silver Case Setup,8,Ape,ape,You boys expecting company?,4,RUN — authored order,vo.silvercase.control.ape.expecting,vo.silvercase.control.ape.expecting.mp3
20,CH4 INNER CIRCLE,Silver Case Setup,9,Scene-local male NPC pool,npc-male,"Nah, man, it’s just — it’s just us hanging out.",10,RUN — authored order,vo.silvercase.control.deke.justus,vo.silvercase.control.deke.justus.mp3
20,CH4 INNER CIRCLE,Silver Case Setup,10,Ape,ape,Just the three of you.,5,RUN — authored order,vo.silvercase.control.ape.threeofyou,vo.silvercase.control.ape.threeofyou.mp3
20,CH4 INNER CIRCLE,Silver Case Setup,11,Ape,ape,Where’s Lou’s case?,3,RUN — authored order,vo.silvercase.control.ape.wherescase,vo.silvercase.control.ape.wherescase.mp3
20,CH4 INNER CIRCLE,Silver Case Setup,12,Chester,chester,…Case? What case?,3,RUN — authored order,vo.silvercase.control.chester.whatcase,vo.silvercase.control.chester.whatcase.mp3
20,CH4 INNER CIRCLE,Silver Case Setup,13,Scene-local male NPC pool,npc-male,"We don’t know nothin’ about a case, man.",8,RUN — authored order,vo.silvercase.control.deke.dontknow,vo.silvercase.control.deke.dontknow.mp3
20,CH4 INNER CIRCLE,Silver Case Setup,14,Ape,ape,Interesting. Because I heard three very specific people carrying something very specific out of a storage unit on Tuesday.,19,RUN — authored order,vo.silvercase.control.ape.storageunit,vo.silvercase.control.ape.storageunit.mp3
20,CH4 INNER CIRCLE,Silver Case Setup,15,Chester,chester,That was — that was a misunderstanding.,7,RUN — authored order,vo.silvercase.control.chester.misunderstanding,vo.silvercase.control.chester.misunderstanding.mp3
20,CH4 INNER CIRCLE,Silver Case Setup,16,Ape,ape,"It’s always a misunderstanding. Every job I’ve ever worked, somebody’s misunderstanding somewhere.",12,RUN — authored order,vo.silvercase.control.ape.alwaysmisunderstanding,vo.silvercase.control.ape.alwaysmisunderstanding.mp3
20,CH4 INNER CIRCLE,Silver Case Setup,17,Ape,ape,"Have a look around, Prospect. Case doesn’t walk itself out either.",11,RUN — authored order,vo.silvercase.control.ape.lookaround,vo.silvercase.control.ape.lookaround.mp3
20,CH4 INNER CIRCLE,Silver Case Setup,18,Ape,ape,Easy. We came to have a civilized misunderstanding.,8,RUN — authored order,vo.silvercase.control.ape.civilized,vo.silvercase.control.ape.civilized.mp3
20,CH4 INNER CIRCLE,Silver Case Setup,19,Ape,ape,Put it away. I’ll tell you when.,7,RUN — authored order,vo.silvercase.control.ape.putitaway,vo.silvercase.control.ape.putitaway.mp3
20,CH4 INNER CIRCLE,Silver Case Setup,20,Chester,chester,"You, uh — you want a drink or somethin’?",9,RUN — authored order,vo.silvercase.control.chester.drink,vo.silvercase.control.chester.drink.mp3
20,CH4 INNER CIRCLE,Silver Case Setup,21,Ape,ape,There it is. Lou’s missing luggage.,6,RUN — authored order,vo.silvercase.case.ape.thereitis,vo.silvercase.case.ape.thereitis.mp3
20,CH4 INNER CIRCLE,Silver Case Setup,22,Ape,ape,Open it.,2,RUN — authored order,vo.silvercase.case.ape.openit,vo.silvercase.case.ape.openit.mp3
20,CH4 INNER CIRCLE,Silver Case Setup,23,Disposable NPC (shared),npc-reserve-1,"…Okay. Okay, yeah.",3,RUN — authored order,vo.silvercase.case.winston.okay,vo.silvercase.case.winston.okay.mp3
20,CH4 INNER CIRCLE,Silver Case Setup,24,Ape,ape,Everything still in there?,4,RUN — authored order,vo.silvercase.case.ape.everythingstillin,vo.silvercase.case.ape.everythingstillin.mp3
20,CH4 INNER CIRCLE,Silver Case Setup,25,Ape,ape,He nodded. That’s practically paperwork.,5,RUN — authored order,vo.silvercase.case.ape.paperwork,vo.silvercase.case.ape.paperwork.mp3
20,CH4 INNER CIRCLE,Silver Case Setup,26,Ape,ape,This is the part where we make sure everybody remembers this conversation.,12,RUN — authored order,vo.silvercase.couch.ape.remember,vo.silvercase.couch.ape.remember.mp3
20,CH4 INNER CIRCLE,Silver Case Setup,27,Ape,ape,The one on the couch. Deke.,6,RUN — authored order,vo.silvercase.couch.ape.theoneonthecouch,vo.silvercase.couch.ape.theoneonthecouch.mp3
20,CH4 INNER CIRCLE,Silver Case Setup,28,Ape,ape,Go ahead.,2,RUN — authored order,vo.silvercase.couch.ape.goahead,vo.silvercase.couch.ape.goahead.mp3
20,CH4 INNER CIRCLE,Silver Case Setup,29,Ape,ape,Now we have more seating.,5,RUN — authored order,vo.silvercase.couch.ape.moreseating,vo.silvercase.couch.ape.moreseating.mp3
20,CH4 INNER CIRCLE,Silver Case Setup,30,Chester,chester,"What the hell, man?!",4,RUN — authored order,vo.silvercase.couch.chester.whatthehell,vo.silvercase.couch.chester.whatthehell.mp3
20,CH4 INNER CIRCLE,Silver Case Setup,31,Ape,ape,That was a wall. The wall isn’t the problem here.,10,RUN — authored order,vo.silvercase.shots.ape.missed,vo.silvercase.shots.ape.missed.mp3
20,CH4 INNER CIRCLE,Silver Case Setup,32,Ape,ape,Wrong one. Look at what you’re pointing it at before you pull.,12,RUN — authored order,vo.silvercase.shots.ape.wrongman,vo.silvercase.shots.ape.wrongman.mp3
20,CH4 INNER CIRCLE,Silver Case Setup,33,Ape,ape,"You want to swing that back around at me, Prospect? Take your time. Think it through.",16,RUN — authored order,vo.silvercase.shots.ape.atme,vo.silvercase.shots.ape.atme.mp3
20,CH4 INNER CIRCLE,Silver Case Setup,34,Ape,ape,Does he look like a bitch?,6,RUN — authored order,vo.silvercase.lou.ape.lookslikeabitch,vo.silvercase.lou.ape.lookslikeabitch.mp3
20,CH4 INNER CIRCLE,Silver Case Setup,35,Chester,chester,What?,1,RUN — authored order,vo.silvercase.lou.chester.what,vo.silvercase.lou.chester.what.mp3
20,CH4 INNER CIRCLE,Silver Case Setup,36,Ape,ape,Does he look like a bitch?,6,RUN — authored order,vo.silvercase.lou.ape.lookslikeabitch.again,vo.silvercase.lou.ape.lookslikeabitch.again.mp3
20,CH4 INNER CIRCLE,Silver Case Setup,37,Chester,chester,No.,1,RUN — authored order,vo.silvercase.lou.chester.no,vo.silvercase.lou.chester.no.mp3
20,CH4 INNER CIRCLE,Silver Case Setup,38,Ape,ape,Then why you trying to fuck him like a bitch? Because the only one he likes to fuck is Mrs. Sputthole.,21,RUN — authored order,vo.silvercase.lou.ape.mrssputthole,vo.silvercase.lou.ape.mrssputthole.mp3
20,CH4 INNER CIRCLE,Silver Case Setup,39,Ape,ape,I’m gonna share a little passage with you.,8,RUN — authored order,vo.silvercase.prayer.ape.sharepassage,vo.silvercase.prayer.ape.sharepassage.mp3
20,CH4 INNER CIRCLE,Silver Case Setup,40,Ape,ape,"Squatchiel. Sixty-nine, seventeen.",3,RUN — authored order,vo.silvercase.prayer.ape.squatchiel6917,vo.silvercase.prayer.ape.squatchiel6917.mp3
20,CH4 INNER CIRCLE,Silver Case Setup,41,Ape,ape,The trail of the righteous Squatch is surrounded on every side by the greed of weak men.,17,RUN — authored order,vo.silvercase.prayer.ape.squatchiel.line1,vo.silvercase.prayer.ape.squatchiel.line1.mp3
20,CH4 INNER CIRCLE,Silver Case Setup,42,Ape,ape,Blessed is the Squatch who walks with his brothers.,9,RUN — authored order,vo.silvercase.prayer.ape.squatchiel.line2,vo.silvercase.prayer.ape.squatchiel.line2.mp3
20,CH4 INNER CIRCLE,Silver Case Setup,43,Ape,ape,"But to those who betray the family, or raise a hand against one of our own...",16,RUN — authored order,vo.silvercase.prayer.ape.squatchiel.line3,vo.silvercase.prayer.ape.squatchiel.line3.mp3
20,CH4 INNER CIRCLE,Silver Case Setup,44,Ape,ape,I will strike down upon thee with great vengeance and furious anger!,12,RUN — authored order,vo.silvercase.prayer.ape.squatchiel.line4,vo.silvercase.prayer.ape.squatchiel.line4.mp3
20,CH4 INNER CIRCLE,Silver Case Setup,45,Tony (the Prospect),player,And you will know my name is the Squatch when I lay my vengeance upon thee.,16,RUN — authored order,vo.silvercase.prayer.prospect.squatchiel.finish,vo.silvercase.prayer.prospect.squatchiel.finish.mp3
20,CH4 INNER CIRCLE,Silver Case Setup,46,Ape,ape,Prayer’s said. Now the amen.,5,RUN — authored order,vo.silvercase.chair.ape.amen,vo.silvercase.chair.ape.amen.mp3
20,CH4 INNER CIRCLE,Silver Case Setup,47,Ape,ape,"Together, Prospect. You and me. On you.",7,RUN — authored order,vo.silvercase.chair.ape.together,vo.silvercase.chair.ape.together.mp3
20,CH4 INNER CIRCLE,Silver Case Setup,48,Ape,ape,He isn’t going to volunteer. Any time now.,8,RUN — authored order,vo.silvercase.chair.ape.anytime,vo.silvercase.chair.ape.anytime.mp3
20,CH4 INNER CIRCLE,Silver Case Setup,49,Ape,ape,"Two of us, one story. That’s how the Family remembers it.",11,RUN — authored order,vo.silvercase.chair.ape.onestory,vo.silvercase.chair.ape.onestory.mp3
20,CH4 INNER CIRCLE,Silver Case Setup,50,Ape,ape,Fine. My round.,3,RUN — authored order,vo.silvercase.chair.ape.myround,vo.silvercase.chair.ape.myround.mp3
20,CH4 INNER CIRCLE,Silver Case Setup,51,Ape,ape,Lou is going to hear it was mine. That’s twice now I did your part of this.,17,RUN — authored order,vo.silvercase.chair.ape.myparttoo,vo.silvercase.chair.ape.myparttoo.mp3
20,CH4 INNER CIRCLE,Silver Case Setup,52,Ape,ape,Bathroom!,1,RUN — authored order,vo.silvercase.bathroom.ape.warning,vo.silvercase.bathroom.ape.warning.mp3
20,CH4 INNER CIRCLE,Silver Case Setup,53,Ape,ape,Good. You do listen occasionally.,5,RUN — authored order,vo.silvercase.bathroom.ape.listen,vo.silvercase.bathroom.ape.listen.mp3
20,CH4 INNER CIRCLE,Silver Case Setup,54,Ape,ape,You counted four. I saw you.,6,RUN — authored order,vo.silvercase.bathroom.ape.countedfour,vo.silvercase.bathroom.ape.countedfour.mp3
20,CH4 INNER CIRCLE,Silver Case Setup,55,Ape,ape,Congratulations. You’ve been promoted to witness.,6,RUN — authored order,vo.silvercase.aftermath.ape.witness,vo.silvercase.aftermath.ape.witness.mp3
20,CH4 INNER CIRCLE,Silver Case Setup,56,Ape,ape,Clean this up. All of it. And you were never here.,11,RUN — authored order,vo.silvercase.aftermath.ape.cleanup,vo.silvercase.aftermath.ape.cleanup.mp3
20,CH4 INNER CIRCLE,Silver Case Setup,57,Disposable NPC (shared),npc-reserve-1,Yes — yes sir. Never. I was never here.,9,RUN — authored order,vo.silvercase.aftermath.winston.neverhere,vo.silvercase.aftermath.winston.neverhere.mp3
20,CH4 INNER CIRCLE,Silver Case Setup,58,Ape,ape,…Or don’t.,2,RUN — authored order,vo.silvercase.aftermath.ape.ordont,vo.silvercase.aftermath.ape.ordont.mp3
20,CH4 INNER CIRCLE,Silver Case Setup,59,Ape,ape,"Your call, your round. He’s standing right there.",8,RUN — authored order,vo.silvercase.aftermath.ape.yourround,vo.silvercase.aftermath.ape.yourround.mp3
20,CH4 INNER CIRCLE,Silver Case Setup,60,Disposable NPC (shared),npc-reserve-1,"Please — please, I’ll clean it, I’ll clean all of it —",12,RUN — authored order,vo.silvercase.aftermath.winston.please,vo.silvercase.aftermath.winston.please.mp3
20,CH4 INNER CIRCLE,Silver Case Setup,61,Ape,ape,Then there’s nobody to clean it. That’s a choice too.,10,RUN — authored order,vo.silvercase.aftermath.ape.nobodytoclean,vo.silvercase.aftermath.ape.nobodytoclean.mp3
20,CH4 INNER CIRCLE,Silver Case Setup,62,Ape,ape,You don’t get to want it and not do it.,10,RUN — authored order,vo.silvercase.aftermath.ape.wantitdoit,vo.silvercase.aftermath.ape.wantitdoit.mp3
20,CH4 INNER CIRCLE,Silver Case Setup,63,Ape,ape,Always check the bathroom. That’s where bad ideas go to load themselves.,12,RUN — authored order,vo.silvercase.aftermath.ape.badideas,vo.silvercase.aftermath.ape.badideas.mp3
21,CH4 INNER CIRCLE,Silver Case → Mansion,1,Ape,ape,Three geniuses borrowed something from Lou without asking. We’re going over there to improve their decision-making.,16,RUN — authored order,vo.silvercase.car.ape.pitch,vo.silvercase.car.ape.pitch.mp3
21,CH4 INNER CIRCLE,Silver Case → Mansion,2,Tony (the Prospect),player,What’s inside the case?,4,RUN — authored order,vo.silvercase.car.prospect.ask,vo.silvercase.car.prospect.ask.mp3
21,CH4 INNER CIRCLE,Silver Case → Mansion,3,Ape,ape,Not knowing is one of the benefits of being new.,10,RUN — authored order,vo.silvercase.car.ape.benefit,vo.silvercase.car.ape.benefit.mp3
21,CH4 INNER CIRCLE,Silver Case → Mansion,4,Ape,ape,You know Big Uncle Lou calls it “jerky.” Not “squatch jerky.” Not “premium cut.” Just jerky. Like there’s only the one kind.,22,RUN — authored order,vo.silvercase.car.ape.jerky.1,vo.silvercase.car.ape.jerky.1.mp3
21,CH4 INNER CIRCLE,Silver Case → Mansion,5,Tony (the Prospect),player,There’s not?,2,RUN — authored order,vo.silvercase.car.prospect.jerky,vo.silvercase.car.prospect.jerky.mp3
21,CH4 INNER CIRCLE,Silver Case → Mansion,6,Ape,ape,There’s nine kinds. He just doesn’t respect you enough yet to tell you which one you’re chewing.,17,RUN — authored order,vo.silvercase.car.ape.jerky.2,vo.silvercase.car.ape.jerky.2.mp3
21,CH4 INNER CIRCLE,Silver Case → Mansion,7,Ape,ape,Anyway. Focus up. We’re here.,5,RUN — authored order,vo.silvercase.car.ape.arrive,vo.silvercase.car.ape.arrive.mp3
21,CH4 INNER CIRCLE,Silver Case → Mansion,8,Ape,ape,"2E. End of the hall, past the one that smells like a fish tank.",14,RUN — authored order,vo.silvercase.arrival.ape.endofhall,vo.silvercase.arrival.ape.endofhall.mp3
21,CH4 INNER CIRCLE,Silver Case → Mansion,9,Ape,ape,I do the talking. You do the looking-like-you’ve-done-this-before.,8,RUN — authored order,vo.silvercase.arrival.ape.dothetalking,vo.silvercase.arrival.ape.dothetalking.mp3
21,CH4 INNER CIRCLE,Silver Case → Mansion,10,Chester,chester,Who is it?,3,RUN — authored order,vo.silvercase.arrival.chester.whoisit,vo.silvercase.arrival.chester.whoisit.mp3
21,CH4 INNER CIRCLE,Silver Case → Mansion,11,Ape,ape,Building appreciation committee.,3,RUN — authored order,vo.silvercase.arrival.ape.committee,vo.silvercase.arrival.ape.committee.mp3
21,CH4 INNER CIRCLE,Silver Case → Mansion,12,Ape,ape,Door doesn’t close itself. Well — it does. Just not with us on the right side of it.,18,RUN — authored order,vo.silvercase.arrival.ape.doorstall,vo.silvercase.arrival.ape.doorstall.mp3
22,CH4 INNER CIRCLE,Mansion / Silent Squatch,1,Tony (the Prospect),player,First time at Lou’s place. Whatever’s in this case has been humming since the car.,15,RUN — authored order,vo.silentsquatch.arrival.prospect.firstvisitcase,vo.silentsquatch.arrival.prospect.firstvisitcase.mp3
22,CH4 INNER CIRCLE,Mansion / Silent Squatch,2,Rippinflow,rippinflow,"Whatever’s in that thing, I don’t want it near my balls.",11,RUN — authored order,vo.silentsquatch.arrival.rippin.balls,vo.silentsquatch.arrival.rippin.balls.mp3
22,CH4 INNER CIRCLE,Mansion / Silent Squatch,3,Rippinflow,rippinflow,I’m serious. Take it over there.,6,RUN — authored order,vo.silentsquatch.arrival.rippin.overthere,vo.silentsquatch.arrival.rippin.overthere.mp3
22,CH4 INNER CIRCLE,Mansion / Silent Squatch,4,Eric,eric,Lou’s waiting for you. And he’s been in one of those moods.,12,RUN — authored order,vo.silentsquatch.arrival.eric.mood,vo.silentsquatch.arrival.eric.mood.mp3
22,CH4 INNER CIRCLE,Mansion / Silent Squatch,5,Eric,eric,"Top of the stairs, past the boardroom. Don’t sit down.",10,RUN — authored order,vo.silentsquatch.arrival.eric.dontsitdown,vo.silentsquatch.arrival.eric.dontsitdown.mp3
22,CH4 INNER CIRCLE,Mansion / Silent Squatch,6,The Shubenator,shubenator,"Hey guys, what’s going on?",5,RUN — authored order,vo.silentsquatch.arrival.shubes.whatsgoingon,vo.silentsquatch.arrival.shubes.whatsgoingon.mp3
22,CH4 INNER CIRCLE,Mansion / Silent Squatch,7,The Shubenator,shubenator,"Actually, never mind. I don’t want to know.",8,RUN — authored order,vo.silentsquatch.arrival.shubes.nevermind,vo.silentsquatch.arrival.shubes.nevermind.mp3
22,CH4 INNER CIRCLE,Mansion / Silent Squatch,8,The Shubenator,shubenator,I’m gonna go do arms.,5,RUN — authored order,vo.silentsquatch.arrival.shubes.arms,vo.silentsquatch.arrival.shubes.arms.mp3
22,CH4 INNER CIRCLE,Mansion / Silent Squatch,9,Snow,snow,Try not to make more work for me tonight.,9,RUN — authored order,vo.silentsquatch.arrival.snow.morework,vo.silentsquatch.arrival.snow.morework.mp3
22,CH4 INNER CIRCLE,Mansion / Silent Squatch,10,Snow,snow,It doesn’t come out. Marble.,5,RUN — authored order,vo.silentsquatch.arrival.snow.doesntcomeout,vo.silentsquatch.arrival.snow.doesntcomeout.mp3
22,CH4 INNER CIRCLE,Mansion / Silent Squatch,11,BIG UNCLE LOU SPUTTHOLE,lou1,Shut the door.,3,RUN — authored order,vo.silentsquatch.office.lou.shutthedoor,vo.silentsquatch.office.lou.shutthedoor.mp3
22,CH4 INNER CIRCLE,Mansion / Silent Squatch,12,BIG UNCLE LOU SPUTTHOLE,lou1,On the desk. Where I can see it.,8,RUN — authored order,vo.silentsquatch.office.lou.onthedesk,vo.silentsquatch.office.lou.onthedesk.mp3
22,CH4 INNER CIRCLE,Mansion / Silent Squatch,13,BIG UNCLE LOU SPUTTHOLE,lou1,"It’s a desk, kid. It’s been there longer than you have.",11,RUN — authored order,vo.silentsquatch.office.lou.itsadesk,vo.silentsquatch.office.lou.itsadesk.mp3
22,CH4 INNER CIRCLE,Mansion / Silent Squatch,14,Tony (the Prospect),player,What’s inside?,2,RUN — authored order,vo.silentsquatch.office.prospect.whatsinside,vo.silentsquatch.office.prospect.whatsinside.mp3
22,CH4 INNER CIRCLE,Mansion / Silent Squatch,15,BIG UNCLE LOU SPUTTHOLE,lou1,Squatchanium. Booski will show you what that means downstairs. Then you’ll wish I hadn’t named it.,16,RUN — authored order,vo.silentsquatch.office.lou.namesquatchanium,vo.silentsquatch.office.lou.namesquatchanium.mp3
22,CH4 INNER CIRCLE,Mansion / Silent Squatch,16,BIG UNCLE LOU SPUTTHOLE,lou1,Go deliver it to Booski. He’s in the basement.,9,RUN — authored order,vo.silentsquatch.office.lou.deliverittobooski,vo.silentsquatch.office.lou.deliverittobooski.mp3
22,CH4 INNER CIRCLE,Mansion / Silent Squatch,17,BIG UNCLE LOU SPUTTHOLE,lou1,"Hey, kid.",2,RUN — authored order,vo.silentsquatch.office.lou.heykid,vo.silentsquatch.office.lou.heykid.mp3
22,CH4 INNER CIRCLE,Mansion / Silent Squatch,18,BIG UNCLE LOU SPUTTHOLE,lou1,Nice job.,2,RUN — authored order,vo.silentsquatch.office.lou.nicejob,vo.silentsquatch.office.lou.nicejob.mp3
22,CH4 INNER CIRCLE,Mansion / Silent Squatch,19,BIG UNCLE LOU SPUTTHOLE,lou1,"Now don’t fuck around, and don’t ask anything you don’t wanna know.",12,RUN — authored order,vo.silentsquatch.office.lou.dontaskanything,vo.silentsquatch.office.lou.dontaskanything.mp3
22,CH4 INNER CIRCLE,Mansion / Silent Squatch,20,BIG UNCLE LOU SPUTTHOLE,lou1,Down past the armory. Booski knows you’re coming.,8,RUN — authored order,vo.silentsquatch.office.lou.pastthearmory,vo.silentsquatch.office.lou.pastthearmory.mp3
22,CH4 INNER CIRCLE,Mansion / Silent Squatch,21,Tony (the Prospect),player,Wine racks. Pool table. Photographs of men nobody talks about.,10,RUN — authored order,vo.silentsquatch.cellar.prospect.wineracks,vo.silentsquatch.cellar.prospect.wineracks.mp3
22,CH4 INNER CIRCLE,Mansion / Silent Squatch,22,Tony (the Prospect),player,So where’s the basement he meant?,6,RUN — authored order,vo.silentsquatch.cellar.prospect.wherewashemeant,vo.silentsquatch.cellar.prospect.wherewashemeant.mp3
22,CH4 INNER CIRCLE,Mansion / Silent Squatch,23,Tony (the Prospect),player,Somebody dusts this thing.,4,RUN — authored order,vo.silentsquatch.cellar.prospect.somebodydusts,vo.silentsquatch.cellar.prospect.somebodydusts.mp3
22,CH4 INNER CIRCLE,Mansion / Silent Squatch,24,Tony (the Prospect),player,…There’s a gap under the plinth.,6,RUN — authored order,vo.silentsquatch.cellar.prospect.gapundertheplinth,vo.silentsquatch.cellar.prospect.gapundertheplinth.mp3
22,CH4 INNER CIRCLE,Mansion / Silent Squatch,25,Tony (the Prospect),player,Okay.,1,RUN — authored order,vo.silentsquatch.cellar.prospect.okay,vo.silentsquatch.cellar.prospect.okay.mp3
22,CH4 INNER CIRCLE,Mansion / Silent Squatch,26,Tony (the Prospect),player,Music’s gone.,2,RUN — authored order,vo.silentsquatch.cellar.prospect.musicsgone,vo.silentsquatch.cellar.prospect.musicsgone.mp3
22,CH4 INNER CIRCLE,Mansion / Silent Squatch,27,Irish's Deep Dives,irish,Mind the floor there. It’s not dry.,7,RUN — authored order,vo.silentsquatch.corridor.irish.notdry,vo.silentsquatch.corridor.irish.notdry.mp3
22,CH4 INNER CIRCLE,Mansion / Silent Squatch,28,Irish's Deep Dives,irish,There’s a drain every three metres in this hallway. Have a think about why a house needs that.,18,RUN — authored order,vo.silentsquatch.corridor.irish.drains,vo.silentsquatch.corridor.irish.drains.mp3
22,CH4 INNER CIRCLE,Mansion / Silent Squatch,29,Irish's Deep Dives,irish,Go on down. He doesn’t like waiting and I don’t like watching him wait.,14,RUN — authored order,vo.silentsquatch.corridor.irish.goondown,vo.silentsquatch.corridor.irish.goondown.mp3
22,CH4 INNER CIRCLE,Mansion / Silent Squatch,30,xXx,xxx,…Who’s that. Come here where I can see you.,9,RUN — authored order,vo.silentsquatch.corridor.xxx.comehere,vo.silentsquatch.corridor.xxx.comehere.mp3
22,CH4 INNER CIRCLE,Mansion / Silent Squatch,31,xXx,xxx,Ah. The new kid. Course it is.,7,RUN — authored order,vo.silentsquatch.corridor.xxx.thenewkid,vo.silentsquatch.corridor.xxx.thenewkid.mp3
22,CH4 INNER CIRCLE,Mansion / Silent Squatch,32,Booski,booski,Quit talking to the decorations and bring me the case!,10,RUN — authored order,vo.silentsquatch.corridor.booski.decorations,vo.silentsquatch.corridor.booski.decorations.mp3
22,CH4 INNER CIRCLE,Mansion / Silent Squatch,33,Irish's Deep Dives,irish,"He’s been at that all night, God love him. Same three lines.",12,RUN — authored order,vo.silentsquatch.corridor.irish.samethreelines,vo.silentsquatch.corridor.irish.samethreelines.mp3
22,CH4 INNER CIRCLE,Mansion / Silent Squatch,34,DeathMegatron,deathmegatron,You’re late.,2,RUN — authored order,vo.silentsquatch.lab.dmt.youarelate,vo.silentsquatch.lab.dmt.youarelate.mp3
22,CH4 INNER CIRCLE,Mansion / Silent Squatch,35,DeathMegatron,deathmegatron,Don’t lean on the glass. It’s twelve centimetres. You could drive a car at it.,15,RUN — authored order,vo.silentsquatch.lab.dmt.twelvecentimetres,vo.silentsquatch.lab.dmt.twelvecentimetres.mp3
22,CH4 INNER CIRCLE,Mansion / Silent Squatch,36,DeathMegatron,deathmegatron,Six of them. Been in there since March.,8,RUN — authored order,vo.silentsquatch.lab.dmt.sixofthem,vo.silentsquatch.lab.dmt.sixofthem.mp3
22,CH4 INNER CIRCLE,Mansion / Silent Squatch,37,Booski,booski,There he is. Our little delivery boy.,7,RUN — authored order,vo.silentsquatch.delivery.booski.deliveryboy,vo.silentsquatch.delivery.booski.deliveryboy.mp3
22,CH4 INNER CIRCLE,Mansion / Silent Squatch,38,Booski,booski,On the transfer table. Both hands.,6,RUN — authored order,vo.silentsquatch.delivery.booski.bothhands,vo.silentsquatch.delivery.booski.bothhands.mp3
22,CH4 INNER CIRCLE,Mansion / Silent Squatch,39,Booski,booski,"It doesn’t get lighter, kid.",5,RUN — authored order,vo.silentsquatch.delivery.booski.doesntgetlighter,vo.silentsquatch.delivery.booski.doesntgetlighter.mp3
22,CH4 INNER CIRCLE,Mansion / Silent Squatch,40,Booski,booski,"Ah, yes. The Squatchanium.",4,RUN — authored order,vo.silentsquatch.delivery.booski.thesquatchanium,vo.silentsquatch.delivery.booski.thesquatchanium.mp3
22,CH4 INNER CIRCLE,Mansion / Silent Squatch,41,Booski,booski,Do you have any idea how hard this stuff is to get?,12,RUN — authored order,vo.silentsquatch.delivery.booski.howhard,vo.silentsquatch.delivery.booski.howhard.mp3
22,CH4 INNER CIRCLE,Mansion / Silent Squatch,42,Tony (the Prospect),player,I —,2,RUN — authored order,vo.silentsquatch.delivery.prospect.i,vo.silentsquatch.delivery.prospect.i.mp3
22,CH4 INNER CIRCLE,Mansion / Silent Squatch,43,Booski,booski,Rhetorical question. I don’t care.,5,RUN — authored order,vo.silentsquatch.delivery.booski.rhetorical,vo.silentsquatch.delivery.booski.rhetorical.mp3
22,CH4 INNER CIRCLE,Mansion / Silent Squatch,44,Booski,booski,Through it goes. Watch what they do with it.,9,RUN — authored order,vo.silentsquatch.delivery.booski.throughitgoes,vo.silentsquatch.delivery.booski.throughitgoes.mp3
22,CH4 INNER CIRCLE,Mansion / Silent Squatch,45,Booski,booski,Here. Hold onto this.,4,RUN — authored order,vo.silentsquatch.delivery.booski.holdontothis,vo.silentsquatch.delivery.booski.holdontothis.mp3
22,CH4 INNER CIRCLE,Mansion / Silent Squatch,46,Tony (the Prospect),player,What’s it for?,3,RUN — authored order,vo.silentsquatch.delivery.prospect.whatsitfor,vo.silentsquatch.delivery.prospect.whatsitfor.mp3
22,CH4 INNER CIRCLE,Mansion / Silent Squatch,47,Booski,booski,"Nothing, hopefully.",2,RUN — authored order,vo.silentsquatch.delivery.booski.nothinghopefully,vo.silentsquatch.delivery.booski.nothinghopefully.mp3
22,CH4 INNER CIRCLE,Mansion / Silent Squatch,48,Orlova,orlova,Transfer chamber secure.,3,RUN — authored order,vo.silentsquatch.build.orlova.transferchamber,vo.silentsquatch.build.orlova.transferchamber.mp3
22,CH4 INNER CIRCLE,Mansion / Silent Squatch,49,Aubbie,aubbie,Careful with the containment cylinder.,5,RUN — authored order,vo.silentsquatch.build.aubbie.containmentcylinder,vo.silentsquatch.build.aubbie.containmentcylinder.mp3
22,CH4 INNER CIRCLE,Mansion / Silent Squatch,50,Vetrov,vetrov,"Doctor Aubbie, the shielding is not ready.",7,RUN — authored order,vo.silentsquatch.build.vetrov.shieldingnotready,vo.silentsquatch.build.vetrov.shieldingnotready.mp3
22,CH4 INNER CIRCLE,Mansion / Silent Squatch,51,Aubbie,aubbie,The shielding is ready when I say the shielding is ready.,11,RUN — authored order,vo.silentsquatch.build.aubbie.whenisayitis,vo.silentsquatch.build.aubbie.whenisayitis.mp3
22,CH4 INNER CIRCLE,Mansion / Silent Squatch,52,Aubbie,aubbie,Connect the Squatchanium core.,4,RUN — authored order,vo.silentsquatch.build.aubbie.connectthecore,vo.silentsquatch.build.aubbie.connectthecore.mp3
22,CH4 INNER CIRCLE,Mansion / Silent Squatch,53,Sokolov,sokolov,Core rotation stable.,3,RUN — authored order,vo.silentsquatch.build.sokolov.rotationstable,vo.silentsquatch.build.sokolov.rotationstable.mp3
22,CH4 INNER CIRCLE,Mansion / Silent Squatch,54,Orlova,orlova,Purple coolant pressure holding.,4,RUN — authored order,vo.silentsquatch.build.orlova.coolantpressure,vo.silentsquatch.build.orlova.coolantpressure.mp3
22,CH4 INNER CIRCLE,Mansion / Silent Squatch,55,Aubbie,aubbie,Increase the purple coolant flow.,5,RUN — authored order,vo.silentsquatch.build.aubbie.increasecoolant,vo.silentsquatch.build.aubbie.increasecoolant.mp3
22,CH4 INNER CIRCLE,Mansion / Silent Squatch,56,Marchuk,marchuk,The Squatchanium is reacting with the biological stabilizer.,8,RUN — authored order,vo.silentsquatch.build.marchuk.reacting,vo.silentsquatch.build.marchuk.reacting.mp3
22,CH4 INNER CIRCLE,Mansion / Silent Squatch,57,Aubbie,aubbie,It is supposed to react. That is the entire principle.,10,RUN — authored order,vo.silentsquatch.build.aubbie.supposedtoreact,vo.silentsquatch.build.aubbie.supposedtoreact.mp3
22,CH4 INNER CIRCLE,Mansion / Silent Squatch,58,Vetrov,vetrov,Radiation levels are climbing.,4,RUN — authored order,vo.silentsquatch.build.vetrov.radiationclimbing,vo.silentsquatch.build.vetrov.radiationclimbing.mp3
22,CH4 INNER CIRCLE,Mansion / Silent Squatch,59,Vetrov,vetrov,My wife thinks I am working on a pipeline.,9,RUN — authored order,vo.silentsquatch.build.vetrov.pipeline,vo.silentsquatch.build.vetrov.pipeline.mp3
22,CH4 INNER CIRCLE,Mansion / Silent Squatch,60,Bezmenov,bezmenov,Do not tell them that.,5,RUN — authored order,vo.silentsquatch.build.bezmenov.donottellthem,vo.silentsquatch.build.bezmenov.donottellthem.mp3
22,CH4 INNER CIRCLE,Mansion / Silent Squatch,61,Aubbie,aubbie,"No, no, no. Gold coupling first, purple coupling second.",9,RUN — authored order,vo.silentsquatch.build.aubbie.goldfirst,vo.silentsquatch.build.aubbie.goldfirst.mp3
22,CH4 INNER CIRCLE,Mansion / Silent Squatch,62,Sokolov,sokolov,Feel that through the floor. That is the rings.,9,RUN — authored order,vo.silentsquatch.build.sokolov.throughthefloor,vo.silentsquatch.build.sokolov.throughthefloor.mp3
22,CH4 INNER CIRCLE,Mansion / Silent Squatch,63,Sokolov,sokolov,Power output is beyond prediction.,5,RUN — authored order,vo.silentsquatch.build.sokolov.beyondprediction,vo.silentsquatch.build.sokolov.beyondprediction.mp3
22,CH4 INNER CIRCLE,Mansion / Silent Squatch,64,Aubbie,aubbie,"If the stabilizer falls below forty percent, we all become shadows on the wall.",14,RUN — authored order,vo.silentsquatch.build.aubbie.shadowsonthewall,vo.silentsquatch.build.aubbie.shadowsonthewall.mp3
22,CH4 INNER CIRCLE,Mansion / Silent Squatch,65,Vetrov,vetrov,This was not in the original agreement.,7,RUN — authored order,vo.silentsquatch.build.vetrov.notintheagreement,vo.silentsquatch.build.vetrov.notintheagreement.mp3
22,CH4 INNER CIRCLE,Mansion / Silent Squatch,66,Orlova,orlova,First one ever built. Anywhere. By us.,7,RUN — authored order,vo.silentsquatch.build.orlova.firstoneever,vo.silentsquatch.build.orlova.firstoneever.mp3
22,CH4 INNER CIRCLE,Mansion / Silent Squatch,67,Bezmenov,bezmenov,They will kill us when this is finished.,8,RUN — authored order,vo.silentsquatch.build.bezmenov.theywillkillus,vo.silentsquatch.build.bezmenov.theywillkillus.mp3
22,CH4 INNER CIRCLE,Mansion / Silent Squatch,68,Aubbie,aubbie,They need us.,3,RUN — authored order,vo.silentsquatch.build.aubbie.theyneedus,vo.silentsquatch.build.aubbie.theyneedus.mp3
22,CH4 INNER CIRCLE,Mansion / Silent Squatch,69,Bezmenov,bezmenov,Men like him need no one.,6,RUN — authored order,vo.silentsquatch.build.bezmenov.needsnoone,vo.silentsquatch.build.bezmenov.needsnoone.mp3
22,CH4 INNER CIRCLE,Mansion / Silent Squatch,70,Marchuk,marchuk,Core temperature is increasing.,4,RUN — authored order,vo.silentsquatch.build.marchuk.temperature,vo.silentsquatch.build.marchuk.temperature.mp3
22,CH4 INNER CIRCLE,Mansion / Silent Squatch,71,Marchuk,marchuk,"Whoever is standing closest, step back. Both of you.",9,RUN — authored order,vo.silentsquatch.build.marchuk.stepback,vo.silentsquatch.build.marchuk.stepback.mp3
22,CH4 INNER CIRCLE,Mansion / Silent Squatch,72,Marchuk,marchuk,We should evacuate.,3,RUN — authored order,vo.silentsquatch.build.marchuk.weshouldevacuate,vo.silentsquatch.build.marchuk.weshouldevacuate.mp3
22,CH4 INNER CIRCLE,Mansion / Silent Squatch,73,Aubbie,aubbie,Nobody is evacuating. We are four minutes from finished.,9,RUN — authored order,vo.silentsquatch.build.aubbie.fourminutes,vo.silentsquatch.build.aubbie.fourminutes.mp3
22,CH4 INNER CIRCLE,Mansion / Silent Squatch,74,Aubbie,aubbie,You are watching history through that window. Try to look like it.,12,RUN — authored order,vo.silentsquatch.build.aubbie.watchinghistory,vo.silentsquatch.build.aubbie.watchinghistory.mp3
22,CH4 INNER CIRCLE,Mansion / Silent Squatch,75,Sokolov,sokolov,Silent Squatch will be operational.,5,RUN — authored order,vo.silentsquatch.build.sokolov.willbeoperational,vo.silentsquatch.build.sokolov.willbeoperational.mp3
22,CH4 INNER CIRCLE,Mansion / Silent Squatch,76,Orlova,orlova,Beginning final sequence.,3,RUN — authored order,vo.silentsquatch.build.orlova.finalsequence,vo.silentsquatch.build.orlova.finalsequence.mp3
22,CH4 INNER CIRCLE,Mansion / Silent Squatch,77,Booski,booski,Twelve weeks they’ve been down here. Eating my food.,9,RUN — authored order,vo.silentsquatch.build.booski.twelveweeks,vo.silentsquatch.build.booski.twelveweeks.mp3
22,CH4 INNER CIRCLE,Mansion / Silent Squatch,78,DeathMegatron,deathmegatron,Six.,1,RUN — authored order,vo.silentsquatch.build.dmt.six,vo.silentsquatch.build.dmt.six.mp3
22,CH4 INNER CIRCLE,Mansion / Silent Squatch,79,Booski,booski,The one doing the talking is the one that matters. The rest are hands.,14,RUN — authored order,vo.silentsquatch.build.booski.therestarehands,vo.silentsquatch.build.booski.therestarehands.mp3
22,CH4 INNER CIRCLE,Mansion / Silent Squatch,80,DeathMegatron,deathmegatron,Hands can write.,3,RUN — authored order,vo.silentsquatch.build.dmt.handscanwrite,vo.silentsquatch.build.dmt.handscanwrite.mp3
22,CH4 INNER CIRCLE,Mansion / Silent Squatch,81,Aubbie,aubbie,Initiating final stabilization.,3,RUN — authored order,vo.silentsquatch.completion.aubbie.finalstabilization,vo.silentsquatch.completion.aubbie.finalstabilization.mp3
22,CH4 INNER CIRCLE,Mansion / Silent Squatch,82,LABORATORY annunciator,labcomputer,PROJECT SILENT SQUATCH: CORE COMPLETE.,5,RUN — authored order,vo.silentsquatch.completion.computer.corecomplete,vo.silentsquatch.completion.computer.corecomplete.mp3
22,CH4 INNER CIRCLE,Mansion / Silent Squatch,83,Orlova,orlova,It is holding. It is holding!,6,RUN — authored order,vo.silentsquatch.completion.orlova.itisholding,vo.silentsquatch.completion.orlova.itisholding.mp3
22,CH4 INNER CIRCLE,Mansion / Silent Squatch,84,Sokolov,sokolov,Twelve weeks! Twelve weeks!,4,RUN — authored order,vo.silentsquatch.completion.sokolov.twelveweeks,vo.silentsquatch.completion.sokolov.twelveweeks.mp3
22,CH4 INNER CIRCLE,Mansion / Silent Squatch,85,Vetrov,vetrov,I told you the shielding would hold.,7,RUN — authored order,vo.silentsquatch.completion.vetrov.itoldyou,vo.silentsquatch.completion.vetrov.itoldyou.mp3
22,CH4 INNER CIRCLE,Mansion / Silent Squatch,86,Bezmenov,bezmenov,"Congratulations, everybody.",2,RUN — authored order,vo.silentsquatch.completion.bezmenov.congratulations,vo.silentsquatch.completion.bezmenov.congratulations.mp3
22,CH4 INNER CIRCLE,Mansion / Silent Squatch,87,Aubbie,aubbie,It is complete.,3,RUN — authored order,vo.silentsquatch.completion.aubbie.itiscomplete,vo.silentsquatch.completion.aubbie.itiscomplete.mp3
22,CH4 INNER CIRCLE,Mansion / Silent Squatch,88,Booski,booski,You’re certain?,2,RUN — authored order,vo.silentsquatch.completion.booski.youarecertain,vo.silentsquatch.completion.booski.youarecertain.mp3
22,CH4 INNER CIRCLE,Mansion / Silent Squatch,89,Aubbie,aubbie,The core is stable. The Fat Squatch can now be assembled.,11,RUN — authored order,vo.silentsquatch.completion.aubbie.fatsquatch,vo.silentsquatch.completion.aubbie.fatsquatch.mp3
22,CH4 INNER CIRCLE,Mansion / Silent Squatch,90,Booski,booski,And nobody else knows how to reproduce it?,8,RUN — authored order,vo.silentsquatch.completion.booski.nobodyelseknows,vo.silentsquatch.completion.booski.nobodyelseknows.mp3
22,CH4 INNER CIRCLE,Mansion / Silent Squatch,91,Aubbie,aubbie,Only my team understands the full process.,7,RUN — authored order,vo.silentsquatch.completion.aubbie.onlymyteam,vo.silentsquatch.completion.aubbie.onlymyteam.mp3
22,CH4 INNER CIRCLE,Mansion / Silent Squatch,92,Booski,booski,Good.,1,RUN — authored order,vo.silentsquatch.completion.booski.good,vo.silentsquatch.completion.booski.good.mp3
22,CH4 INNER CIRCLE,Mansion / Silent Squatch,93,Booski,booski,Lock the lab.,3,RUN — authored order,vo.silentsquatch.lock.booski.lockthelab,vo.silentsquatch.lock.booski.lockthelab.mp3
22,CH4 INNER CIRCLE,Mansion / Silent Squatch,94,DeathMegatron,deathmegatron,Six nine six nine.,4,RUN — authored order,vo.silentsquatch.lock.dmt.sixninesixnine,vo.silentsquatch.lock.dmt.sixninesixnine.mp3
22,CH4 INNER CIRCLE,Mansion / Silent Squatch,95,DeathMegatron,deathmegatron,Again. Slower.,2,RUN — authored order,vo.silentsquatch.lock.dmt.againslower,vo.silentsquatch.lock.dmt.againslower.mp3
22,CH4 INNER CIRCLE,Mansion / Silent Squatch,96,Booski,booski,Six. Nine. Six. Nine. It is not a long number.,10,RUN — authored order,vo.silentsquatch.lock.booski.notalongnumber,vo.silentsquatch.lock.booski.notalongnumber.mp3
22,CH4 INNER CIRCLE,Mansion / Silent Squatch,97,Bezmenov,bezmenov,Why is door locked?,4,RUN — authored order,vo.silentsquatch.lock.bezmenov.whyisdoorlocked,vo.silentsquatch.lock.bezmenov.whyisdoorlocked.mp3
22,CH4 INNER CIRCLE,Mansion / Silent Squatch,98,Orlova,orlova,Open door.,2,RUN — authored order,vo.silentsquatch.lock.orlova.opendoor,vo.silentsquatch.lock.orlova.opendoor.mp3
22,CH4 INNER CIRCLE,Mansion / Silent Squatch,99,Aubbie,aubbie,What is this?,3,RUN — authored order,vo.silentsquatch.lock.aubbie.whatisthis,vo.silentsquatch.lock.aubbie.whatisthis.mp3
22,CH4 INNER CIRCLE,Mansion / Silent Squatch,100,Booski,booski,"He’s finished. He’s not a scientist any more, he’s a witness with a doctorate.",14,RUN — authored order,vo.silentsquatch.lock.booski.usefulnessexpired,vo.silentsquatch.lock.booski.usefulnessexpired.mp3
22,CH4 INNER CIRCLE,Mansion / Silent Squatch,101,Booski,booski,Handle it.,2,RUN — authored order,vo.silentsquatch.lock.booski.handleit,vo.silentsquatch.lock.booski.handleit.mp3
22,CH4 INNER CIRCLE,Mansion / Silent Squatch,102,Aubbie,aubbie,"Booski, we had agreement.",4,RUN — authored order,vo.silentsquatch.execution.aubbie.wehadagreement,vo.silentsquatch.execution.aubbie.wehadagreement.mp3
22,CH4 INNER CIRCLE,Mansion / Silent Squatch,103,Booski,booski,We did.,2,RUN — authored order,vo.silentsquatch.execution.booski.wedid,vo.silentsquatch.execution.booski.wedid.mp3
22,CH4 INNER CIRCLE,Mansion / Silent Squatch,104,Aubbie,aubbie,You need me to maintain the core.,7,RUN — authored order,vo.silentsquatch.execution.aubbie.maintainthecore,vo.silentsquatch.execution.aubbie.maintainthecore.mp3
22,CH4 INNER CIRCLE,Mansion / Silent Squatch,105,Booski,booski,We made copies of your notes.,6,RUN — authored order,vo.silentsquatch.execution.booski.copiesofyournotes,vo.silentsquatch.execution.booski.copiesofyournotes.mp3
22,CH4 INNER CIRCLE,Mansion / Silent Squatch,106,Aubbie,aubbie,You do not understand what you have built!,8,RUN — authored order,vo.silentsquatch.execution.aubbie.whatyouhavebuilt,vo.silentsquatch.execution.aubbie.whatyouhavebuilt.mp3
22,CH4 INNER CIRCLE,Mansion / Silent Squatch,107,Booski,booski,"I said do it. And now I’ve said it twice, which means from here on it isn’t an order any more, it’s a test. You understand the difference? Because the difference is your whole life.",35,RUN — authored order,vo.silentsquatch.execution.booski.isaidhandleit,vo.silentsquatch.execution.booski.isaidhandleit.mp3
22,CH4 INNER CIRCLE,Mansion / Silent Squatch,108,Aubbie,aubbie,Boy. Look at me. You do not have to do this.,11,RUN — authored order,vo.silentsquatch.execution.aubbie.lookatme,vo.silentsquatch.execution.aubbie.lookatme.mp3
22,CH4 INNER CIRCLE,Mansion / Silent Squatch,109,Booski,booski,"Any day, Prospect.",3,RUN — authored order,vo.silentsquatch.execution.booski.anyday,vo.silentsquatch.execution.booski.anyday.mp3
22,CH4 INNER CIRCLE,Mansion / Silent Squatch,110,DeathMegatron,deathmegatron,He is not going to get quieter.,7,RUN — authored order,vo.silentsquatch.execution.dmt.notgoingtogetquieter,vo.silentsquatch.execution.dmt.notgoingtogetquieter.mp3
22,CH4 INNER CIRCLE,Mansion / Silent Squatch,111,Booski,booski,That was a console. Look at what you’re pointing it at.,11,RUN — authored order,vo.silentsquatch.execution.booski.thatwasaconsole,vo.silentsquatch.execution.booski.thatwasaconsole.mp3
22,CH4 INNER CIRCLE,Mansion / Silent Squatch,112,DeathMegatron,deathmegatron,He’s in the way of the door.,7,RUN — authored order,vo.silentsquatch.execution.dmt.inthewayofthedoor,vo.silentsquatch.execution.dmt.inthewayofthedoor.mp3
22,CH4 INNER CIRCLE,Mansion / Silent Squatch,113,Orlova,orlova,What are you doing?!,4,RUN — authored order,vo.silentsquatch.reaction.orlova.whatareyoudoing,vo.silentsquatch.reaction.orlova.whatareyoudoing.mp3
22,CH4 INNER CIRCLE,Mansion / Silent Squatch,114,Vetrov,vetrov,Open the door!,3,RUN — authored order,vo.silentsquatch.reaction.vetrov.openthedoor,vo.silentsquatch.reaction.vetrov.openthedoor.mp3
22,CH4 INNER CIRCLE,Mansion / Silent Squatch,115,Marchuk,marchuk,Why did you kill him?!,5,RUN — authored order,vo.silentsquatch.reaction.marchuk.whydidyoukillhim,vo.silentsquatch.reaction.marchuk.whydidyoukillhim.mp3
22,CH4 INNER CIRCLE,Mansion / Silent Squatch,116,Sokolov,sokolov,We did everything you asked!,5,RUN — authored order,vo.silentsquatch.reaction.sokolov.everythingyouasked,vo.silentsquatch.reaction.sokolov.everythingyouasked.mp3
22,CH4 INNER CIRCLE,Mansion / Silent Squatch,117,Vetrov,vetrov,Please!,1,RUN — authored order,vo.silentsquatch.reaction.vetrov.please,vo.silentsquatch.reaction.vetrov.please.mp3
22,CH4 INNER CIRCLE,Mansion / Silent Squatch,118,Marchuk,marchuk,There is no ventilation!,4,RUN — authored order,vo.silentsquatch.reaction.marchuk.noventilation,vo.silentsquatch.reaction.marchuk.noventilation.mp3
22,CH4 INNER CIRCLE,Mansion / Silent Squatch,119,Orlova,orlova,We have families!,3,RUN — authored order,vo.silentsquatch.reaction.orlova.wehavefamilies,vo.silentsquatch.reaction.orlova.wehavefamilies.mp3
22,CH4 INNER CIRCLE,Mansion / Silent Squatch,120,Sokolov,sokolov,You cannot leave us in here!,6,RUN — authored order,vo.silentsquatch.reaction.sokolov.cannotleaveus,vo.silentsquatch.reaction.sokolov.cannotleaveus.mp3
22,CH4 INNER CIRCLE,Mansion / Silent Squatch,121,Vetrov,vetrov,We can build you another one. Smaller. Eight weeks. Six if you stop asking about the shielding.,17,RUN — authored order,vo.silentsquatch.reaction.vetrov.canworkforyou,vo.silentsquatch.reaction.vetrov.canworkforyou.mp3
22,CH4 INNER CIRCLE,Mansion / Silent Squatch,122,Orlova,orlova,We will tell nobody!,4,RUN — authored order,vo.silentsquatch.reaction.orlova.tellnobody,vo.silentsquatch.reaction.orlova.tellnobody.mp3
22,CH4 INNER CIRCLE,Mansion / Silent Squatch,123,Sokolov,sokolov,Move! Move back!,3,RUN — authored order,vo.silentsquatch.reaction.sokolov.moveback,vo.silentsquatch.reaction.sokolov.moveback.mp3
22,CH4 INNER CIRCLE,Mansion / Silent Squatch,124,Bezmenov,bezmenov,Stop.,1,RUN — authored order,vo.silentsquatch.reaction.bezmenov.stop,vo.silentsquatch.reaction.bezmenov.stop.mp3
22,CH4 INNER CIRCLE,Mansion / Silent Squatch,125,Booski,booski,You started the job.,4,RUN — authored order,vo.silentsquatch.silentnight.booski.youstartedthejob,vo.silentsquatch.silentnight.booski.youstartedthejob.mp3
22,CH4 INNER CIRCLE,Mansion / Silent Squatch,126,Booski,booski,Finish it.,2,RUN — authored order,vo.silentsquatch.silentnight.booski.finishit,vo.silentsquatch.silentnight.booski.finishit.mp3
22,CH4 INNER CIRCLE,Mansion / Silent Squatch,127,Booski,booski,It’s the same hand you just used.,7,RUN — authored order,vo.silentsquatch.silentnight.booski.samehand,vo.silentsquatch.silentnight.booski.samehand.mp3
22,CH4 INNER CIRCLE,Mansion / Silent Squatch,128,LABORATORY annunciator,labcomputer,SILENT NIGHT PROTOCOL ACTIVATED.,4,RUN — authored order,vo.silentsquatch.silentnight.computer.activated,vo.silentsquatch.silentnight.computer.activated.mp3
22,CH4 INNER CIRCLE,Mansion / Silent Squatch,129,Orlova,orlova,The vents are open.,4,RUN — authored order,vo.silentsquatch.gas.orlova.ventsareopen,vo.silentsquatch.gas.orlova.ventsareopen.mp3
22,CH4 INNER CIRCLE,Mansion / Silent Squatch,130,Vetrov,vetrov,Why are the vents open?,5,RUN — authored order,vo.silentsquatch.gas.vetrov.whyarethevents,vo.silentsquatch.gas.vetrov.whyarethevents.mp3
22,CH4 INNER CIRCLE,Mansion / Silent Squatch,131,Sokolov,sokolov,"Get to the door! All of you, the door!",9,RUN — authored order,vo.silentsquatch.gas.sokolov.gettothedoor,vo.silentsquatch.gas.sokolov.gettothedoor.mp3
22,CH4 INNER CIRCLE,Mansion / Silent Squatch,132,Bezmenov,bezmenov,I told you.,3,RUN — authored order,vo.silentsquatch.gas.bezmenov.itoldyou,vo.silentsquatch.gas.bezmenov.itoldyou.mp3
22,CH4 INNER CIRCLE,Mansion / Silent Squatch,133,Marchuk,marchuk,Sleeve over your mouth. Breathe through the sleeve.,8,RUN — authored order,vo.silentsquatch.gas.marchuk.sleeve,vo.silentsquatch.gas.marchuk.sleeve.mp3
22,CH4 INNER CIRCLE,Mansion / Silent Squatch,134,Vetrov,vetrov,The masks are locked. The masks are locked!,8,RUN — authored order,vo.silentsquatch.gas.vetrov.masksarelocked,vo.silentsquatch.gas.vetrov.masksarelocked.mp3
22,CH4 INNER CIRCLE,Mansion / Silent Squatch,135,Vetrov,vetrov,I can’t — I can’t —,6,RUN — authored order,vo.silentsquatch.gas.vetrov.icant,vo.silentsquatch.gas.vetrov.icant.mp3
22,CH4 INNER CIRCLE,Mansion / Silent Squatch,136,Marchuk,marchuk,Down. Stay down.,3,RUN — authored order,vo.silentsquatch.gas.marchuk.staydown,vo.silentsquatch.gas.marchuk.staydown.mp3
22,CH4 INNER CIRCLE,Mansion / Silent Squatch,137,Orlova,orlova,Look at me. Look at me!,6,RUN — authored order,vo.silentsquatch.gas.orlova.lookatme,vo.silentsquatch.gas.orlova.lookatme.mp3
22,CH4 INNER CIRCLE,Mansion / Silent Squatch,138,Sokolov,sokolov,Open it! Open it! Open —,6,RUN — authored order,vo.silentsquatch.gas.sokolov.openit,vo.silentsquatch.gas.sokolov.openit.mp3
22,CH4 INNER CIRCLE,Mansion / Silent Squatch,139,Marchuk,marchuk,Nadia. Give me your hand.,5,RUN — authored order,vo.silentsquatch.gas.marchuk.giveyourhand,vo.silentsquatch.gas.marchuk.giveyourhand.mp3
22,CH4 INNER CIRCLE,Mansion / Silent Squatch,140,Booski,booski,Efficient.,1,RUN — authored order,vo.silentsquatch.aftermath.booski.efficient,vo.silentsquatch.aftermath.booski.efficient.mp3
22,CH4 INNER CIRCLE,Mansion / Silent Squatch,141,Booski,booski,Lou’s gonna like you.,4,RUN — authored order,vo.silentsquatch.aftermath.booski.lousgonnalikeyou,vo.silentsquatch.aftermath.booski.lousgonnalikeyou.mp3
22,CH4 INNER CIRCLE,Mansion / Silent Squatch,142,DeathMegatron,deathmegatron,It’s still running. Look at it.,6,RUN — authored order,vo.silentsquatch.aftermath.dmt.stillrunning,vo.silentsquatch.aftermath.dmt.stillrunning.mp3
22,CH4 INNER CIRCLE,Mansion / Silent Squatch,143,Booski,booski,Snow. Basement.,2,RUN — authored order,vo.silentsquatch.exit.booski.snowbasement,vo.silentsquatch.exit.booski.snowbasement.mp3
22,CH4 INNER CIRCLE,Mansion / Silent Squatch,144,Snow,snow,How bad?,2,RUN — authored order,vo.silentsquatch.exit.snow.howbad,vo.silentsquatch.exit.snow.howbad.mp3
22,CH4 INNER CIRCLE,Mansion / Silent Squatch,145,Booski,booski,Bring the cart.,3,RUN — authored order,vo.silentsquatch.exit.booski.bringthecart,vo.silentsquatch.exit.booski.bringthecart.mp3
22,CH4 INNER CIRCLE,Mansion / Silent Squatch,146,Snow,snow,Jesus Christ.,2,RUN — authored order,vo.silentsquatch.exit.snow.jesuschrist,vo.silentsquatch.exit.snow.jesuschrist.mp3
22,CH4 INNER CIRCLE,Mansion / Silent Squatch,147,Booski,booski,And a mop.,3,RUN — authored order,vo.silentsquatch.exit.booski.andamop,vo.silentsquatch.exit.booski.andamop.mp3
22,CH4 INNER CIRCLE,Mansion / Silent Squatch,148,Booski,booski,Upstairs. Lou’s still awake.,4,RUN — authored order,vo.silentsquatch.exit.booski.louisstillawake,vo.silentsquatch.exit.booski.louisstillawake.mp3
22,CH4 INNER CIRCLE,Mansion / Silent Squatch,149,Snow,snow,I told you not to make more work for me.,10,RUN — authored order,vo.silentsquatch.exit.snow.itoldyou,vo.silentsquatch.exit.snow.itoldyou.mp3
22,CH4 INNER CIRCLE,Mansion / Silent Squatch,150,xXx,xxx,Family meeting go well?,4,RUN — authored order,vo.silentsquatch.exit.xxx.familymeeting,vo.silentsquatch.exit.xxx.familymeeting.mp3
22,CH4 INNER CIRCLE,Mansion / Silent Squatch,151,BIG UNCLE LOU SPUTTHOLE,lou1,Things are hot right now. You’re staying here tonight.,9,RUN — authored order,vo.silentsquatch.exit.lou.hotstayingtonight,vo.silentsquatch.exit.lou.hotstayingtonight.mp3
22,CH4 INNER CIRCLE,Mansion / Silent Squatch,152,BIG UNCLE LOU SPUTTHOLE,lou1,"Guest room’s downstairs, off the cellar hall. It’s made up.",10,RUN — authored order,vo.silentsquatch.exit.lou.guestroomdownstairs,vo.silentsquatch.exit.lou.guestroomdownstairs.mp3
22,CH4 INNER CIRCLE,Mansion / Silent Squatch,153,BIG UNCLE LOU SPUTTHOLE,lou1,"Look around if you want. Have a drink, watch a picture. Then get some sleep.",15,RUN — authored order,vo.silentsquatch.exit.lou.enjoythehouse,vo.silentsquatch.exit.lou.enjoythehouse.mp3
22,CH4 INNER CIRCLE,Mansion / Silent Squatch,154,Old Stove,old-stove,"Put something on, kid. House this size, picture still doesn’t start itself.",12,RUN — authored order,vo.silentsquatch.evening.stove.putsomethingon,vo.silentsquatch.evening.stove.putsomethingon.mp3
22,CH4 INNER CIRCLE,Mansion / Silent Squatch,155,Old Stove,old-stove,This one knows when to sit still. Leave it here.,10,RUN — authored order,vo.silentsquatch.evening.stove.godfather,vo.silentsquatch.evening.stove.godfather.mp3
22,CH4 INNER CIRCLE,Mansion / Silent Squatch,156,Old Stove,old-stove,Good picture. Everybody talks too much. Accurate.,7,RUN — authored order,vo.silentsquatch.evening.stove.goodfellas,vo.silentsquatch.evening.stove.goodfellas.mp3
22,CH4 INNER CIRCLE,Mansion / Silent Squatch,157,Old Stove,old-stove,Turn this one up. The street part.,7,RUN — authored order,vo.silentsquatch.evening.stove.heat,vo.silentsquatch.evening.stove.heat.mp3
22,CH4 INNER CIRCLE,Mansion / Silent Squatch,158,Old Stove,old-stove,I knew a guy like this. Worse shirts.,8,RUN — authored order,vo.silentsquatch.evening.stove.blow,vo.silentsquatch.evening.stove.blow.mp3
22,CH4 INNER CIRCLE,Mansion / Silent Squatch,159,Old Stove,old-stove,"Hey, Prospect. Shut the door, you’re letting all the movie out.",11,RUN — authored order,vo.silentsquatch.evening.stove.lettingthemovieout,vo.silentsquatch.evening.stove.lettingthemovieout.mp3
22,CH4 INNER CIRCLE,Mansion / Silent Squatch,160,Seff,seff,We’ve been watching this thing for forty minutes. I still don’t know who the bad guy is.,17,RUN — authored order,vo.silentsquatch.evening.seff.whosthebadguy,vo.silentsquatch.evening.seff.whosthebadguy.mp3
22,CH4 INNER CIRCLE,Mansion / Silent Squatch,161,Lag,lag,It’s him.,2,RUN — authored order,vo.silentsquatch.evening.lag.itshim,vo.silentsquatch.evening.lag.itshim.mp3
22,CH4 INNER CIRCLE,Mansion / Silent Squatch,162,Seff,seff,"No, that guy’s dead.",4,RUN — authored order,vo.silentsquatch.evening.seff.thatguysdead,vo.silentsquatch.evening.seff.thatguysdead.mp3
22,CH4 INNER CIRCLE,Mansion / Silent Squatch,163,Lag,lag,Exactly.,1,RUN — authored order,vo.silentsquatch.evening.lag.exactly,vo.silentsquatch.evening.lag.exactly.mp3
22,CH4 INNER CIRCLE,Mansion / Silent Squatch,164,Old Stove,old-stove,You gonna stand there all night?,6,RUN — authored order,vo.silentsquatch.evening.stove.standthereallnight,vo.silentsquatch.evening.stove.standthereallnight.mp3
22,CH4 INNER CIRCLE,Mansion / Silent Squatch,165,Seff,seff,Don’t invite him over here. We finally got the seats right.,11,RUN — authored order,vo.silentsquatch.evening.seff.gottheseatsright,vo.silentsquatch.evening.seff.gottheseatsright.mp3
22,CH4 INNER CIRCLE,Mansion / Silent Squatch,166,Seff,seff,Lou spent more on this projector than my first house.,10,RUN — authored order,vo.silentsquatch.evening.seff.morethanmyfirsthouse,vo.silentsquatch.evening.seff.morethanmyfirsthouse.mp3
22,CH4 INNER CIRCLE,Mansion / Silent Squatch,167,Lag,lag,You never owned a house.,5,RUN — authored order,vo.silentsquatch.evening.lag.neverownedahouse,vo.silentsquatch.evening.lag.neverownedahouse.mp3
22,CH4 INNER CIRCLE,Mansion / Silent Squatch,168,Seff,seff,That’s not the point.,4,RUN — authored order,vo.silentsquatch.evening.seff.thatsnotthepoint,vo.silentsquatch.evening.seff.thatsnotthepoint.mp3
22,CH4 INNER CIRCLE,Mansion / Silent Squatch,169,Lag,lag,"What’s up, Prospect? You lost already?",6,RUN — authored order,vo.silentsquatch.evening.lag.lostalready,vo.silentsquatch.evening.lag.lostalready.mp3
22,CH4 INNER CIRCLE,Mansion / Silent Squatch,170,Lag,lag,Big house. You’ll figure it out.,6,RUN — authored order,vo.silentsquatch.evening.lag.bighouse,vo.silentsquatch.evening.lag.bighouse.mp3
22,CH4 INNER CIRCLE,Mansion / Silent Squatch,171,Lag,lag,Go look around. Lou’s got shit in this house I don’t think even Lou knows about.,16,RUN — authored order,vo.silentsquatch.evening.lag.golookaround,vo.silentsquatch.evening.lag.golookaround.mp3
22,CH4 INNER CIRCLE,Mansion / Silent Squatch,172,Bada Bing performer,performer,"You gonna stand there looking nervous, or come say hello?",10,RUN — authored order,vo.silentsquatch.evening.performer.sayhello,vo.silentsquatch.evening.performer.sayhello.mp3
22,CH4 INNER CIRCLE,Mansion / Silent Squatch,173,Tony (the Prospect),player,I was trying to think of something smooth.,8,RUN — authored order,vo.silentsquatch.evening.prospect.smooth,vo.silentsquatch.evening.prospect.smooth.mp3
22,CH4 INNER CIRCLE,Mansion / Silent Squatch,174,Bada Bing performer,performer,Keep trying. Hold this strap instead.,6,RUN — authored order,vo.silentsquatch.evening.performer.holdthestrap,vo.silentsquatch.evening.performer.holdthestrap.mp3
22,CH4 INNER CIRCLE,Mansion / Silent Squatch,175,Bada Bing performer,performer,There. See? Useful beats smooth.,5,RUN — authored order,vo.silentsquatch.evening.performer.useful,vo.silentsquatch.evening.performer.useful.mp3
22,CH4 INNER CIRCLE,Mansion / Silent Squatch,176,The Shubenator,shubenator,"Careful. Forty-two million on this account, and no way to explain where the other kind came from.",17,RUN — authored order,vo.silentsquatch.evening.shubes.fortytwomillion,vo.silentsquatch.evening.shubes.fortytwomillion.mp3
22,CH4 INNER CIRCLE,Mansion / Silent Squatch,177,The Shubenator,shubenator,"Strangled a guy in a parking lot last month. Came home, played three hours of this. Slept great.",18,RUN — authored order,vo.silentsquatch.evening.shubes.sleptgreat,vo.silentsquatch.evening.shubes.sleptgreat.mp3
22,CH4 INNER CIRCLE,Mansion / Silent Squatch,178,The Shubenator,shubenator,It’s called Old School RuneScape. It’s from 2007. So’s my patience — get out of my light.,17,RUN — authored order,vo.silentsquatch.evening.shubes.oldschool,vo.silentsquatch.evening.shubes.oldschool.mp3
22,CH4 INNER CIRCLE,Mansion / Silent Squatch,179,The Shubenator,shubenator,"Some kid called me a noob at the Grand Exchange. If I ever find out where he lives, that’s a him problem.",22,RUN — authored order,vo.silentsquatch.evening.shubes.himproblem,vo.silentsquatch.evening.shubes.himproblem.mp3
22,CH4 INNER CIRCLE,Mansion / Silent Squatch,180,Mansion gate man,mansion-gate,That’s far enough. Hands out of the pockets.,8,RUN — authored order,vo.silentsquatch.gate.doorman.farenough,vo.silentsquatch.gate.doorman.farenough.mp3
22,CH4 INNER CIRCLE,Mansion / Silent Squatch,181,Mansion gate man,mansion-gate,You’re expected. That is not the same as welcome.,9,RUN — authored order,vo.silentsquatch.gate.doorman.expected,vo.silentsquatch.gate.doorman.expected.mp3
22,CH4 INNER CIRCLE,Mansion / Silent Squatch,182,Mansion gate man,mansion-gate,You’re standing on a driveway I have to watch. Go in or go back down the steps.,17,RUN — authored order,vo.silentsquatch.gate.doorman.driveway,vo.silentsquatch.gate.doorman.driveway.mp3
22,CH4 INNER CIRCLE,Mansion / Silent Squatch,183,Mansion gate man,mansion-gate,"That stays in your hand. You don’t set it down, you don’t open it, and you don’t hand it to me.",21,RUN — authored order,vo.silentsquatch.gate.doorman.staysinyourhand,vo.silentsquatch.gate.doorman.staysinyourhand.mp3
22,CH4 INNER CIRCLE,Mansion / Silent Squatch,184,Mansion gate man,mansion-gate,Do that again and you leave the property a different way than you came onto it.,16,RUN — authored order,vo.silentsquatch.gate.doorman.differentway,vo.silentsquatch.gate.doorman.differentway.mp3
22,CH4 INNER CIRCLE,Mansion / Silent Squatch,185,Mansion gate man,mansion-gate,"Straight through. Don’t wander, don’t touch anything, and don’t talk to the help.",13,RUN — authored order,vo.silentsquatch.gate.doorman.straightthrough,vo.silentsquatch.gate.doorman.straightthrough.mp3
22,CH4 INNER CIRCLE,Mansion / Silent Squatch,186,Mansion gate man,mansion-gate,Stop there. Name.,3,RUN — authored order,vo.silentsquatch.gate.booth.stopthere,vo.silentsquatch.gate.booth.stopthere.mp3
22,CH4 INNER CIRCLE,Mansion / Silent Squatch,187,Mansion gate man,mansion-gate,You’re on the list. That is the only reason this arm is up.,13,RUN — authored order,vo.silentsquatch.gate.booth.onthelist,vo.silentsquatch.gate.booth.onthelist.mp3
22,CH4 INNER CIRCLE,Mansion / Silent Squatch,188,Mansion gate man,mansion-gate,The house is up the drive. Nobody stands at my window.,11,RUN — authored order,vo.silentsquatch.gate.booth.nobodystands,vo.silentsquatch.gate.booth.nobodystands.mp3
22,CH4 INNER CIRCLE,Mansion / Silent Squatch,189,Mansion gate man,mansion-gate,I don’t see a case. Walk on.,7,RUN — authored order,vo.silentsquatch.gate.booth.dontseeacase,vo.silentsquatch.gate.booth.dontseeacase.mp3
22,CH4 INNER CIRCLE,Mansion / Silent Squatch,190,Mansion gate man,mansion-gate,"Everything through this gate goes in the book. The plate, the time, the face.",14,RUN — authored order,vo.silentsquatch.gate.booth.inthebook,vo.silentsquatch.gate.booth.inthebook.mp3
22,CH4 INNER CIRCLE,Mansion / Silent Squatch,191,Mansion gate man,mansion-gate,Yours is in it now. Go on.,7,RUN — authored order,vo.silentsquatch.gate.booth.yoursisinit,vo.silentsquatch.gate.booth.yoursisinit.mp3
22,CH4 INNER CIRCLE,Mansion / Silent Squatch,192,Mansion guard,mansion-guard,Keep on the path.,4,RUN — authored order,vo.silentsquatch.guards.perimeter.path,vo.silentsquatch.guards.perimeter.path.mp3
22,CH4 INNER CIRCLE,Mansion / Silent Squatch,193,Mansion guard,mansion-guard,You’ve been on camera since the gate.,7,RUN — authored order,vo.silentsquatch.guards.perimeter.camera,vo.silentsquatch.guards.perimeter.camera.mp3
22,CH4 INNER CIRCLE,Mansion / Silent Squatch,194,mansion-guard-perimeter,mansion-guard-perimeter,"Long walk, this. I do it eleven times a night.",10,RUN — authored order,vo.silentsquatch.guards.perimeter.elevenlaps,vo.silentsquatch.guards.perimeter.elevenlaps.mp3
22,CH4 INNER CIRCLE,Mansion / Silent Squatch,195,Lou's man at the top of the stairs,mansion-guard-stairs,I can see the gate from up here.,8,RUN — authored order,vo.silentsquatch.guards.stairs.seethegate,vo.silentsquatch.guards.stairs.seethegate.mp3
22,CH4 INNER CIRCLE,Mansion / Silent Squatch,196,Lou's man at the top of the stairs,mansion-guard-stairs,Nobody comes up these unless he says so.,8,RUN — authored order,vo.silentsquatch.guards.stairs.nobodycomesup,vo.silentsquatch.guards.stairs.nobodycomesup.mp3
22,CH4 INNER CIRCLE,Mansion / Silent Squatch,197,Lou's man in the cellar,mansion-guard-basement,Nothing down here belongs to you.,6,RUN — authored order,vo.silentsquatch.guards.basement.nothingyours,vo.silentsquatch.guards.basement.nothingyours.mp3
22,CH4 INNER CIRCLE,Mansion / Silent Squatch,198,Lou's man in the cellar,mansion-guard-basement,"Keep walking. Whatever you heard down here, you heard the boiler.",11,RUN — authored order,vo.silentsquatch.guards.basement.keepwalking,vo.silentsquatch.guards.basement.keepwalking.mp3
22,CH4 INNER CIRCLE,Mansion / Silent Squatch,199,Lou's man on the vault,mansion-guard-vault,The door stays open. I stay here. That’s the arrangement.,10,RUN — authored order,vo.silentsquatch.guards.vault.arrangement,vo.silentsquatch.guards.vault.arrangement.mp3
22,CH4 INNER CIRCLE,Mansion / Silent Squatch,200,Lou's man on the vault,mansion-guard-vault,"Back up. I don’t get told what’s in there either, and I’ve stopped wanting to know.",16,RUN — authored order,vo.silentsquatch.guards.vault.backup,vo.silentsquatch.guards.vault.backup.mp3
22,CH4 INNER CIRCLE,Mansion / Silent Squatch,201,The Bada Bing bartender,bartender,"You want something, or are you working?",7,RUN — authored order,vo.silentsquatch.bar.bartender.orworking,vo.silentsquatch.bar.bartender.orworking.mp3
22,CH4 INNER CIRCLE,Mansion / Silent Squatch,202,The Bada Bing bartender,bartender,It’s the same bottle it was ten minutes ago.,9,RUN — authored order,vo.silentsquatch.bar.bartender.samebottle,vo.silentsquatch.bar.bartender.samebottle.mp3
22,CH4 INNER CIRCLE,Mansion / Silent Squatch,203,The Bada Bing bartender,bartender,Fifteen bottles back there and every one of them is Jack And Daniels. Makes the job simple.,17,RUN — authored order,vo.silentsquatch.bar.bartender.fifteenbottles,vo.silentsquatch.bar.bartender.fifteenbottles.mp3
22,CH4 INNER CIRCLE,Mansion / Silent Squatch,204,Gratin,gratin,Give us a minute. He’s nearly conversational.,7,RUN — authored order,vo.silentsquatch.torture.gratin.conversational,vo.silentsquatch.torture.gratin.conversational.mp3
22,CH4 INNER CIRCLE,Mansion / Silent Squatch,205,Tony (the Prospect),player,It’s always you doing this.,5,RUN — authored order,vo.silentsquatch.torture.prospect.alwaysyou,vo.silentsquatch.torture.prospect.alwaysyou.mp3
22,CH4 INNER CIRCLE,Mansion / Silent Squatch,206,Gratin,gratin,"I’m good at it, and the kitchen’s dead this time of night.",12,RUN — authored order,vo.silentsquatch.torture.gratin.kitchensdead,vo.silentsquatch.torture.gratin.kitchensdead.mp3
22,CH4 INNER CIRCLE,Mansion / Silent Squatch,207,Gratin,gratin,You want a go? Everybody gets one. It keeps him talking.,11,RUN — authored order,vo.silentsquatch.torture.gratin.youwantago,vo.silentsquatch.torture.gratin.youwantago.mp3
22,CH4 INNER CIRCLE,Mansion / Silent Squatch,208,Gratin,gratin,"Here. It’s a cord, not a bat — let the end of it do the work.",16,RUN — authored order,vo.silentsquatch.torture.gratin.letthetenddoit,vo.silentsquatch.torture.gratin.letthetenddoit.mp3
22,CH4 INNER CIRCLE,Mansion / Silent Squatch,209,Gratin,gratin,I’ve got a pan on upstairs. Take your turn or don’t.,11,RUN — authored order,vo.silentsquatch.torture.gratin.panonupstairs,vo.silentsquatch.torture.gratin.panonupstairs.mp3
22,CH4 INNER CIRCLE,Mansion / Silent Squatch,210,Gratin,gratin,Suit yourself. He’s not going anywhere.,6,RUN — authored order,vo.silentsquatch.torture.gratin.suityourself,vo.silentsquatch.torture.gratin.suityourself.mp3
22,CH4 INNER CIRCLE,Mansion / Silent Squatch,211,xXx,xxx,Hn — GHK—,3,RUN — authored order,vo.silentsquatch.torture.xxx.ouchone,vo.silentsquatch.torture.xxx.ouchone.mp3
22,CH4 INNER CIRCLE,Mansion / Silent Squatch,212,xXx,xxx,You can take the car… you can take the mission…,10,RUN — authored order,vo.silentsquatch.corridor.xxx.takethecar,vo.silentsquatch.corridor.xxx.takethecar.mp3
22,CH4 INNER CIRCLE,Mansion / Silent Squatch,213,xXx,xxx,But you don’t turn your back on family.,8,RUN — authored order,vo.silentsquatch.corridor.xxx.turnyourback,vo.silentsquatch.corridor.xxx.turnyourback.mp3
22,CH4 INNER CIRCLE,Mansion / Silent Squatch,214,Gratin,gratin,See? He’s fine.,3,RUN — authored order,vo.silentsquatch.torture.gratin.hesfine,vo.silentsquatch.torture.gratin.hesfine.mp3
22,CH4 INNER CIRCLE,Mansion / Silent Squatch,215,xXx,xxx,Agh — Christ—,3,RUN — authored order,vo.silentsquatch.torture.xxx.ouchtwo,vo.silentsquatch.torture.xxx.ouchtwo.mp3
22,CH4 INNER CIRCLE,Mansion / Silent Squatch,216,xXx,xxx,You hit like family.,4,RUN — authored order,vo.silentsquatch.torture.xxx.hitlikefamily,vo.silentsquatch.torture.xxx.hitlikefamily.mp3
22,CH4 INNER CIRCLE,Mansion / Silent Squatch,217,xXx,xxx,That’s not a compliment. That’s just what they do.,9,RUN — authored order,vo.silentsquatch.torture.xxx.notacompliment,vo.silentsquatch.torture.xxx.notacompliment.mp3
22,CH4 INNER CIRCLE,Mansion / Silent Squatch,218,xXx,xxx,There it is. You’ve got the elbow into it now.,10,RUN — authored order,vo.silentsquatch.torture.xxx.theelbow,vo.silentsquatch.torture.xxx.theelbow.mp3
22,CH4 INNER CIRCLE,Mansion / Silent Squatch,219,xXx,xxx,Hhh—!,1,RUN — authored order,vo.silentsquatch.torture.xxx.ouchthree,vo.silentsquatch.torture.xxx.ouchthree.mp3
22,CH4 INNER CIRCLE,Mansion / Silent Squatch,220,xXx,xxx,Go on. Nobody in this house has ever stopped at one.,11,RUN — authored order,vo.silentsquatch.torture.xxx.stoppedatone,vo.silentsquatch.torture.xxx.stoppedatone.mp3
22,CH4 INNER CIRCLE,Mansion / Silent Squatch,221,xXx,xxx,Nn—! …Ah.,2,RUN — authored order,vo.silentsquatch.torture.xxx.ouchfour,vo.silentsquatch.torture.xxx.ouchfour.mp3
22,CH4 INNER CIRCLE,Mansion / Silent Squatch,222,xXx,xxx,That one’s going to be there in the morning.,9,RUN — authored order,vo.silentsquatch.torture.xxx.inthemorning,vo.silentsquatch.torture.xxx.inthemorning.mp3
22,CH4 INNER CIRCLE,Mansion / Silent Squatch,223,Gratin,gratin,He’s counting. He always counts.,5,RUN — authored order,vo.silentsquatch.torture.gratin.hecounts,vo.silentsquatch.torture.gratin.hecounts.mp3
22,CH4 INNER CIRCLE,Mansion / Silent Squatch,224,Gratin,gratin,One each. House rule.,4,RUN — authored order,vo.silentsquatch.torture.gratin.oneeach,vo.silentsquatch.torture.gratin.oneeach.mp3
22,CH4 INNER CIRCLE,Mansion / Silent Squatch,225,CAPTAIN LOU SASOLE,lou2,"I’m not flying anything tonight, so don’t look at me like that.",12,RUN — authored order,vo.silentsquatch.house.sasole.notflying,vo.silentsquatch.house.sasole.notflying.mp3
22,CH4 INNER CIRCLE,Mansion / Silent Squatch,226,CAPTAIN LOU SASOLE,lou2,"Whatever’s in the case, I didn’t carry it and I didn’t see it.",13,RUN — authored order,vo.silentsquatch.house.sasole.didntseeit,vo.silentsquatch.house.sasole.didntseeit.mp3
22,CH4 INNER CIRCLE,Mansion / Silent Squatch,227,Numbskull,numbskull,Nobody swims. It’s heated and nobody swims.,7,RUN — authored order,vo.silentsquatch.house.numbskull.nobodyswims,vo.silentsquatch.house.numbskull.nobodyswims.mp3
22,CH4 INNER CIRCLE,Mansion / Silent Squatch,228,Numbskull,numbskull,I like it out here. You can hear the gate.,10,RUN — authored order,vo.silentsquatch.house.numbskull.hearthegate,vo.silentsquatch.house.numbskull.hearthegate.mp3
22,CH4 INNER CIRCLE,Mansion / Silent Squatch,229,Hog Mama,hogmama,"There’s food. Nobody in this house eats, but there’s food.",10,RUN — authored order,vo.silentsquatch.house.hogmama.theresfood,vo.silentsquatch.house.hogmama.theresfood.mp3
22,CH4 INNER CIRCLE,Mansion / Silent Squatch,230,Hog Mama,hogmama,Gratin left a pan on and went downstairs. Again.,9,RUN — authored order,vo.silentsquatch.house.hogmama.leftapanon,vo.silentsquatch.house.hogmama.leftapanon.mp3
22,CH4 INNER CIRCLE,Mansion / Silent Squatch,231,Rippinflow,rippinflow,Finally. Rack’s been sitting there so long it’s got a lease.,11,RUN — authored order,vo.silentsquatch.house.rippin.pool.finally,vo.silentsquatch.house.rippin.pool.finally.mp3
22,CH4 INNER CIRCLE,Mansion / Silent Squatch,232,Rippinflow,rippinflow,"You break. And don’t be gentle with it, this isn’t church.",11,RUN — authored order,vo.silentsquatch.house.rippin.pool.youbreak,vo.silentsquatch.house.rippin.pool.youbreak.mp3
22,CH4 INNER CIRCLE,Mansion / Silent Squatch,233,Rippinflow,rippinflow,Look who remembered where he left the table.,8,RUN — authored order,vo.silentsquatch.house.rippin.pool.remembered,vo.silentsquatch.house.rippin.pool.remembered.mp3
22,CH4 INNER CIRCLE,Mansion / Silent Squatch,234,Rippinflow,rippinflow,"Alright. That one went in on purpose, I’ll allow it.",10,RUN — authored order,vo.silentsquatch.house.rippin.pool.onpurpose,vo.silentsquatch.house.rippin.pool.onpurpose.mp3
22,CH4 INNER CIRCLE,Mansion / Silent Squatch,235,Rippinflow,rippinflow,Nothing. Twenty minutes I waited for that.,7,RUN — authored order,vo.silentsquatch.house.rippin.pool.nothing,vo.silentsquatch.house.rippin.pool.nothing.mp3
22,CH4 INNER CIRCLE,Mansion / Silent Squatch,236,Rippinflow,rippinflow,"Foul. Ball in my hand, and now we’re playing my game.",11,RUN — authored order,vo.silentsquatch.house.rippin.pool.ballinhand,vo.silentsquatch.house.rippin.pool.ballinhand.mp3
22,CH4 INNER CIRCLE,Mansion / Silent Squatch,237,Rippinflow,rippinflow,Move. You’re standing in the shot.,6,RUN — authored order,vo.silentsquatch.house.rippin.pool.movestanding,vo.silentsquatch.house.rippin.pool.movestanding.mp3
22,CH4 INNER CIRCLE,Mansion / Silent Squatch,238,Rippinflow,rippinflow,That’s the wrist. You can’t teach the wrist.,8,RUN — authored order,vo.silentsquatch.house.rippin.pool.thewrist,vo.silentsquatch.house.rippin.pool.thewrist.mp3
22,CH4 INNER CIRCLE,Mansion / Silent Squatch,239,Rippinflow,rippinflow,Table’s crooked. Lou paid nine grand for a crooked table.,10,RUN — authored order,vo.silentsquatch.house.rippin.pool.crookedtable,vo.silentsquatch.house.rippin.pool.crookedtable.mp3
22,CH4 INNER CIRCLE,Mansion / Silent Squatch,240,Rippinflow,rippinflow,"And that’s the frame. Don’t look at me like that, you were there the whole time.",16,RUN — authored order,vo.silentsquatch.house.rippin.pool.thatstheframe,vo.silentsquatch.house.rippin.pool.thatstheframe.mp3
22,CH4 INNER CIRCLE,Mansion / Silent Squatch,241,Rippinflow,rippinflow,"Rack ’em again, prospect. I’ve got all night and you’ve got nowhere to be.",14,RUN — authored order,vo.silentsquatch.house.rippin.pool.rackemagain,vo.silentsquatch.house.rippin.pool.rackemagain.mp3
22,CH4 INNER CIRCLE,Mansion / Silent Squatch,242,Rippinflow,rippinflow,Okay. Okay. That was one frame and it doesn’t count.,10,RUN — authored order,vo.silentsquatch.house.rippin.pool.doesntcount,vo.silentsquatch.house.rippin.pool.doesntcount.mp3
22,CH4 INNER CIRCLE,Mansion / Silent Squatch,243,Rippinflow,rippinflow,Nobody in this house hears about this. Nobody.,8,RUN — authored order,vo.silentsquatch.house.rippin.pool.nobodyhears,vo.silentsquatch.house.rippin.pool.nobodyhears.mp3
22,CH4 INNER CIRCLE,Mansion / Silent Squatch,244,Rippinflow,rippinflow,"Sure. Leave it there. I’ll just keep standing here, it’s what I do.",13,RUN — authored order,vo.silentsquatch.house.rippin.pool.leaveitthere,vo.silentsquatch.house.rippin.pool.leaveitthere.mp3
23,CH5 WAR,Mansion Siege,1,The A-Team,ateam1,"Greetings from the A-Team, bitch!",5,RUN — authored order,vo.ateam.greetings,vo.ateam.greetings.mp3
23,CH5 WAR,Mansion Siege,2,The A-Team,ateam3,A-Team sends their regards!,4,RUN — authored order,vo.ateam.regards,vo.ateam.regards.mp3
23,CH5 WAR,Mansion Siege,3,The A-Team,ateam2,This house belongs to the A-Team now!,7,RUN — authored order,vo.ateam.house,vo.ateam.house.mp3
23,CH5 WAR,Mansion Siege,4,The A-Team,ateam5,You Squatches are finished!,4,RUN — authored order,vo.ateam.finished,vo.ateam.finished.mp3
23,CH5 WAR,Mansion Siege,5,The A-Team,ateam4,Tell Lou the A-Team came to collect!,7,RUN — authored order,vo.ateam.collect,vo.ateam.collect.mp3
23,CH5 WAR,Mansion Siege,6,The A-Team,ateam2,The A-Team does not knock twice!,6,RUN — authored order,vo.ateam.knock,vo.ateam.knock.mp3
23,CH5 WAR,Mansion Siege,7,The A-Team,ateam1,A-Team owns this street tonight!,5,RUN — authored order,vo.ateam.street,vo.ateam.street.mp3
23,CH5 WAR,Mansion Siege,8,The A-Team,ateam3,Nobody walks out of an A-Team job!,7,RUN — authored order,vo.ateam.nobody-walks,vo.ateam.nobody-walks.mp3
23,CH5 WAR,Mansion Siege,9,The A-Team,ateam5,For the A-Team!,3,RUN — authored order,vo.ateam.for-the-a-team,vo.ateam.for-the-a-team.mp3
23,CH5 WAR,Mansion Siege,10,The A-Team,ateam2,It doesn’t matter! The A-Team never made playoffs!,8,RUN — authored order,vo.ateam.never-made-playoffs,vo.ateam.never-made-playoffs.mp3
23,CH5 WAR,Mansion Siege,11,The A-Team,ateam4,A-Team rules!,2,RUN — authored order,vo.ateam.rules,vo.ateam.rules.mp3
23,CH5 WAR,Mansion Siege,12,The A-Team,ateam1,You’ll never be on the A-Team!,6,RUN — authored order,vo.ateam.never-be-on-it,vo.ateam.never-be-on-it.mp3
23,CH5 WAR,Mansion Siege,13,The A-Team,ateam3,For the A-Team!,3,RUN — authored order,vo.ateam.for-the-a-team-two,vo.ateam.for-the-a-team-two.mp3
23,CH5 WAR,Mansion Siege,14,The A-Team,ateam5,Nobody asked about the playoffs!,5,RUN — authored order,vo.ateam.nobody-asked,vo.ateam.nobody-asked.mp3
23,CH5 WAR,Mansion Siege,15,The A-Team,ateam4,We never made playoffs and we are standing in your house!,11,RUN — authored order,vo.ateam.still-standing,vo.ateam.still-standing.mp3
23,CH5 WAR,Mansion Siege,16,The A-Team,ateam2,Say one word about the playoffs! Say it!,8,RUN — authored order,vo.ateam.say-it,vo.ateam.say-it.mp3
23,CH5 WAR,Mansion Siege,17,The A-Team,ateam1,It was the seeding! It was always the seeding!,9,RUN — authored order,vo.ateam.seeding,vo.ateam.seeding.mp3
23,CH5 WAR,Mansion Siege,18,The A-Team,ateam3,That record does not say what you think it says!,10,RUN — authored order,vo.ateam.the-record,vo.ateam.the-record.mp3
23,CH5 WAR,Mansion Siege,19,The A-Team,ateam5,Playoffs are not the measure of a team!,8,RUN — authored order,vo.ateam.not-the-measure,vo.ateam.not-the-measure.mp3
23,CH5 WAR,Mansion Siege,20,The A-Team,ateam4,Ask anybody who watched us play! Ask them!,8,RUN — authored order,vo.ateam.ask-anybody,vo.ateam.ask-anybody.mp3
23,CH5 WAR,Mansion Siege,21,The A-Team,ateam1,Nobody in this house is qualified to bring up the playoffs!,11,RUN — authored order,vo.ateam.not-qualified,vo.ateam.not-qualified.mp3
23,CH5 WAR,Mansion Siege,22,The A-Team,ateam2,Nine seasons together! You know what that takes?,8,RUN — authored order,vo.ateam.nine-seasons,vo.ateam.nine-seasons.mp3
23,CH5 WAR,Mansion Siege,23,The A-Team,ateam3,Do not stand there and say playoffs to me!,9,RUN — authored order,vo.ateam.do-not-say-it,vo.ateam.do-not-say-it.mp3
23,CH5 WAR,Mansion Siege,24,The A-Team,ateam5,Hardest schedule in the league! We showed up every week!,10,RUN — authored order,vo.ateam.schedule,vo.ateam.schedule.mp3
23,CH5 WAR,Mansion Siege,25,The A-Team,ateam4,Standings lie! Everybody knows standings lie!,6,RUN — authored order,vo.ateam.standings-lie,vo.ateam.standings-lie.mp3
23,CH5 WAR,Mansion Siege,26,The A-Team,ateam2,We do not rebuild! We reload!,6,RUN — authored order,vo.ateam.reload-not-rebuild,vo.ateam.reload-not-rebuild.mp3
23,CH5 WAR,Mansion Siege,27,The A-Team,ateam1,A-Team! Best crew that ever worked this coast!,8,RUN — authored order,vo.ateam.best-crew,vo.ateam.best-crew.mp3
23,CH5 WAR,Mansion Siege,28,The A-Team,ateam3,A-Team on three! One! Two!,5,RUN — authored order,vo.ateam.on-three,vo.ateam.on-three.mp3
23,CH5 WAR,Mansion Siege,29,The A-Team,ateam5,You are looking at the A-Team! Look at us!,9,RUN — authored order,vo.ateam.look-at-us,vo.ateam.look-at-us.mp3
23,CH5 WAR,Mansion Siege,30,The A-Team,ateam4,This is what the A-Team does!,6,RUN — authored order,vo.ateam.this-is-what,vo.ateam.this-is-what.mp3
23,CH5 WAR,Mansion Siege,31,The A-Team,ateam1,Nobody plays like the A-Team!,5,RUN — authored order,vo.ateam.nobody-plays,vo.ateam.nobody-plays.mp3
23,CH5 WAR,Mansion Siege,32,The A-Team,ateam2,Undefeated in this house!,4,RUN — authored order,vo.ateam.undefeated-here,vo.ateam.undefeated-here.mp3
23,CH5 WAR,Mansion Siege,33,The A-Team,ateam3,Every man on this team earned his spot!,8,RUN — authored order,vo.ateam.earned-his-spot,vo.ateam.earned-his-spot.mp3
23,CH5 WAR,Mansion Siege,34,The A-Team,ateam5,You cannot buy a roster like this!,7,RUN — authored order,vo.ateam.cannot-buy,vo.ateam.cannot-buy.mp3
23,CH5 WAR,Mansion Siege,35,The A-Team,ateam4,A-Team! Say it back!,4,RUN — authored order,vo.ateam.say-it-back,vo.ateam.say-it-back.mp3
23,CH5 WAR,Mansion Siege,36,The A-Team,ateam2,Deepest bench in the business!,5,RUN — authored order,vo.ateam.deepest-bench,vo.ateam.deepest-bench.mp3
23,CH5 WAR,Mansion Siege,37,The A-Team,ateam1,You are getting hit by a franchise crew!,8,RUN — authored order,vo.ateam.franchise,vo.ateam.franchise.mp3
23,CH5 WAR,Mansion Siege,38,The A-Team,ateam3,Check the tape! Go and check the tape!,8,RUN — authored order,vo.ateam.check-the-tape,vo.ateam.check-the-tape.mp3
23,CH5 WAR,Mansion Siege,39,The A-Team,ateam4,That is a team record and it stands!,8,RUN — authored order,vo.ateam.team-record,vo.ateam.team-record.mp3
23,CH5 WAR,Mansion Siege,40,The A-Team,ateam5,Nobody carried us! We earned every yard of this!,9,RUN — authored order,vo.ateam.every-yard,vo.ateam.every-yard.mp3
23,CH5 WAR,Mansion Siege,41,The A-Team,ateam2,He played hurt! You hear me? He played hurt!,9,RUN — authored order,vo.ateam.played-hurt,vo.ateam.played-hurt.mp3
23,CH5 WAR,Mansion Siege,42,The A-Team,ateam3,Next man up!,3,RUN — authored order,vo.ateam.next-man-up,vo.ateam.next-man-up.mp3
23,CH5 WAR,Mansion Siege,43,Tony (the Prospect),player,Okay. Okay — that is not the television.,8,RUN — authored order,vo.siege.wake.prospect.awake,vo.siege.wake.prospect.awake.mp3
23,CH5 WAR,Mansion Siege,44,Mansion guard,mansion-guard,They are inside! They are in the house — get to the armory!,13,RUN — authored order,vo.siege.wake.guard.inside,vo.siege.wake.guard.inside.mp3
23,CH5 WAR,Mansion Siege,45,Booski,booski,"Kid — armory. East end of the cellar hall, then south through the door. Move.",15,RUN — authored order,vo.siege.guide.booski.armory,vo.siege.guide.booski.armory.mp3
23,CH5 WAR,Mansion Siege,46,Booski,booski,"Now get up here. Basement stair, straight over the foyer, up the horseshoe — Lou is on the top floor.",20,RUN — authored order,vo.siege.guide.booski.office,vo.siege.guide.booski.office.mp3
23,CH5 WAR,Mansion Siege,47,Tony (the Prospect),player,Lou. There were two of them in the cellar.,9,RUN — authored order,vo.siege.briefing.prospect.report,vo.siege.briefing.prospect.report.mp3
23,CH5 WAR,Mansion Siege,48,BIG UNCLE LOU SPUTTHOLE,lou1,Two in the cellar. There are forty on my lawn.,10,RUN — authored order,vo.siege.briefing.lou.forty,vo.siege.briefing.lou.forty.mp3
23,CH5 WAR,Mansion Siege,49,Booski,booski,"More coming up the drive — both sides of the fountain, they are not even hurrying.",16,RUN — authored order,vo.siege.briefing.booski.drive,vo.siege.briefing.booski.drive.mp3
23,CH5 WAR,Mansion Siege,50,BIG UNCLE LOU SPUTTHOLE,lou1,"Everybody upstairs. Nobody holds a ground-floor room tonight, I do not care whose room it is.",16,RUN — authored order,vo.siege.briefing.lou.upstairs,vo.siege.briefing.lou.upstairs.mp3
23,CH5 WAR,Mansion Siege,51,BIG UNCLE LOU SPUTTHOLE,lou1,"You. Take the rail over the foyer. Anything that comes through my front door, you put it down on my floor.",21,RUN — authored order,vo.siege.briefing.lou.stairs,vo.siege.briefing.lou.stairs.mp3
23,CH5 WAR,Mansion Siege,52,Tony (the Prospect),player,The stairs. Got it.,4,RUN — authored order,vo.siege.briefing.prospect.stairs,vo.siege.briefing.prospect.stairs.mp3
23,CH5 WAR,Mansion Siege,53,BIG UNCLE LOU SPUTTHOLE,lou1,And get the big one up. You did not carry it out of my armory to look at it.,19,RUN — authored order,vo.siege.briefing.lou.heavy,vo.siege.briefing.lou.heavy.mp3
23,CH5 WAR,Mansion Siege,54,Tony (the Prospect),player,Fine. Everybody at once. Let's find out how many of you this thing was designed for.,16,RUN — authored order,vo.siege.prospect.little_friend,vo.siege.prospect.little_friend.mp3
23,CH5 WAR,Mansion Siege,55,Booski,booski,That is the first lot! Reload — they are forming up again on the drive!,15,RUN — authored order,vo.siege.lull.booski.reload,vo.siege.lull.booski.reload.mp3
23,CH5 WAR,Mansion Siege,56,BIG UNCLE LOU SPUTTHOLE,lou1,It is not over. Watch that door.,7,RUN — authored order,vo.siege.lull.lou.notover,vo.siege.lull.lou.notover.mp3
23,CH5 WAR,Mansion Siege,57,DeathMegatron,deathmegatron,Glass! West wing and east — they are coming in behind us!,12,RUN — authored order,vo.siege.flank.deathmegatron.glass,vo.siege.flank.deathmegatron.glass.mp3
23,CH5 WAR,Mansion Siege,58,BIG UNCLE LOU SPUTTHOLE,lou1,Sputthole.,1,RUN — authored order,vo.siege.aftermath.call.lou.answer,vo.siege.aftermath.call.lou.answer.mp3
23,CH5 WAR,Mansion Siege,59,The A-Team,ateam3,Walk away. Keep what family you have left.,8,RUN — authored order,vo.siege.aftermath.call.ateam.walk,vo.siege.aftermath.call.ateam.walk.mp3
23,CH5 WAR,Mansion Siege,60,BIG UNCLE LOU SPUTTHOLE,lou1,"You sent twenty-two men into my home, and now you are offering me terms.",14,RUN — authored order,vo.siege.aftermath.call.lou.terms,vo.siege.aftermath.call.lou.terms.mp3
23,CH5 WAR,Mansion Siege,61,The A-Team,ateam3,We can send twenty-two more. The A-Team does not stop because a house was expensive.,15,RUN — authored order,vo.siege.aftermath.call.ateam.more,vo.siege.aftermath.call.ateam.more.mp3
23,CH5 WAR,Mansion Siege,62,BIG UNCLE LOU SPUTTHOLE,lou1,You know my name and my address. I know your voice. That is an uneven trade.,16,RUN — authored order,vo.siege.aftermath.call.lou.trade,vo.siege.aftermath.call.lou.trade.mp3
23,CH5 WAR,Mansion Siege,63,The A-Team,ateam3,You will learn what happens when the A-Team comes for your family.,12,RUN — authored order,vo.siege.aftermath.call.ateam.family,vo.siege.aftermath.call.ateam.family.mp3
23,CH5 WAR,Mansion Siege,64,BIG UNCLE LOU SPUTTHOLE,lou1,No. You are going to learn what happens when I stop waiting at home.,14,RUN — authored order,vo.siege.aftermath.call.lou.not-home,vo.siege.aftermath.call.lou.not-home.mp3
23,CH5 WAR,Mansion Siege,65,BIG UNCLE LOU SPUTTHOLE,lou1,That is the last of them. Somebody kill that alarm.,10,RUN — authored order,vo.siege.aftermath.lou.last,vo.siege.aftermath.lou.last.mp3
23,CH5 WAR,Mansion Siege,66,BIG UNCLE LOU SPUTTHOLE,lou1,"They came to my house. With cars, and a plan, and enough men to spare four of them for a window.",21,RUN — authored order,vo.siege.aftermath.lou.house,vo.siege.aftermath.lou.house.mp3
23,CH5 WAR,Mansion Siege,67,BIG UNCLE LOU SPUTTHOLE,lou1,"This is not a neighbourhood thing any more, kid. This is somebody with a budget.",15,RUN — authored order,vo.siege.aftermath.lou.budget,vo.siege.aftermath.lou.budget.mp3
23,CH5 WAR,Mansion Siege,68,BIG UNCLE LOU SPUTTHOLE,lou1,We pulled a route package out of their command car. It marks their desert compound. Sasole already has it.,19,RUN — authored order,vo.siege.aftermath.lou.route-package,vo.siege.aftermath.lou.route-package.mp3
23,CH5 WAR,Mansion Siege,69,BIG UNCLE LOU SPUTTHOLE,lou1,There is a man on my landing in a flight jacket. Captain Lou Sasole. Go and talk to him — he is how we answer this.,26,RUN — authored order,vo.siege.aftermath.lou.sasole,vo.siege.aftermath.lou.sasole.mp3
23,CH5 WAR,Mansion Siege,70,Tony (the Prospect),player,Sasole. Right.,2,RUN — authored order,vo.siege.aftermath.prospect.sasole,vo.siege.aftermath.prospect.sasole.mp3
23,CH5 WAR,Mansion Siege,71,CAPTAIN LOU SASOLE,lou2,You are the one who held the stairs. Good. Then you can hold a bomb bay.,16,RUN — authored order,vo.siege.sasole.sasole.stairs,vo.siege.sasole.sasole.stairs.mp3
23,CH5 WAR,Mansion Siege,72,CAPTAIN LOU SASOLE,lou2,"Get some sleep. We fly tonight, and you are coming with me.",12,RUN — authored order,vo.siege.sasole.sasole.tonight,vo.siege.sasole.sasole.tonight.mp3
24,CH5 WAR,SQUATCHOLA GAY,1,CAPTAIN LOU SASOLE,lou2,You brought the Brushrunner back with all the pieces. This one has twice the engines and none of the manners. Walk her with me before you get in.,28,RUN — authored order,vo.enolasquatch.sasole.preflight-arrival-1.1,vo.enolasquatch.sasole.preflight-arrival-1.1.mp3
24,CH5 WAR,SQUATCHOLA GAY,2,Tony (the Prospect),player,Same rules?,2,RUN — authored order,vo.enolasquatch.prospect.preflight-arrival-2.1,vo.enolasquatch.prospect.preflight-arrival-2.1.mp3
24,CH5 WAR,SQUATCHOLA GAY,3,CAPTAIN LOU SASOLE,lou2,"Same rule. Look before you trust it. Chocks, all four fans, the bay, the bomb, the tail.",17,RUN — authored order,vo.enolasquatch.sasole.preflight-arrival-3.1,vo.enolasquatch.sasole.preflight-arrival-3.1.mp3
24,CH5 WAR,SQUATCHOLA GAY,4,Tony (the Prospect),player,Should you be standing under that?,6,RUN — authored order,vo.enolasquatch.prospect.preflight-numbskull-1.1,vo.enolasquatch.prospect.preflight-numbskull-1.1.mp3
24,CH5 WAR,SQUATCHOLA GAY,5,Numbskull,numbskull,Probably not.,2,RUN — authored order,vo.enolasquatch.numbskull.preflight-numbskull-2.1,vo.enolasquatch.numbskull.preflight-numbskull-2.1.mp3
24,CH5 WAR,SQUATCHOLA GAY,6,CAPTAIN LOU SASOLE,lou2,"Chocks first. Two of them, and both of them come out, because I have seen what happens when it is one.",21,RUN — authored order,vo.enolasquatch.sasole.preflight-chocks-1.1,vo.enolasquatch.sasole.preflight-chocks-1.1.mp3
24,CH5 WAR,SQUATCHOLA GAY,7,CAPTAIN LOU SASOLE,lou2,"Pull each one through by hand. Four engines means four times, not one time with feeling.",16,RUN — authored order,vo.enolasquatch.sasole.preflight-props-1.1,vo.enolasquatch.sasole.preflight-props-1.1.mp3
24,CH5 WAR,SQUATCHOLA GAY,8,Tony (the Prospect),player,All four turn.,3,RUN — authored order,vo.enolasquatch.prospect.preflight-props-all-1.1,vo.enolasquatch.prospect.preflight-props-all-1.1.mp3
24,CH5 WAR,SQUATCHOLA GAY,9,CAPTAIN LOU SASOLE,lou2,All four turning is the low bar. All four turning at the same time is the job.,17,RUN — authored order,vo.enolasquatch.sasole.preflight-props-all-2.1,vo.enolasquatch.sasole.preflight-props-all-2.1.mp3
24,CH5 WAR,SQUATCHOLA GAY,10,Irish's Deep Dives,irish,"That is the Fat Squatch. Do not lean on it, do not sit on it, do not put your coffee on it.",22,RUN — authored order,vo.enolasquatch.irish.preflight-payload-look-1.1,vo.enolasquatch.irish.preflight-payload-look-1.1.mp3
24,CH5 WAR,SQUATCHOLA GAY,11,Numbskull,numbskull,Hold the key down. You do not load one of these with a tap.,14,RUN — authored order,vo.enolasquatch.numbskull.preflight-payload-tap-1.1,vo.enolasquatch.numbskull.preflight-payload-tap-1.1.mp3
24,CH5 WAR,SQUATCHOLA GAY,12,Numbskull,numbskull,"Give it a proper look, not a glance. It is a panel, not a painting.",15,RUN — authored order,vo.enolasquatch.numbskull.preflight-bombbay-tap-1.1,vo.enolasquatch.numbskull.preflight-bombbay-tap-1.1.mp3
24,CH5 WAR,SQUATCHOLA GAY,13,CAPTAIN LOU SASOLE,lou2,"Move the elevator. If it moves, it is connected. If it does not, we have a much shorter evening.",19,RUN — authored order,vo.enolasquatch.sasole.preflight-surfaces-1.1,vo.enolasquatch.sasole.preflight-surfaces-1.1.mp3
24,CH5 WAR,SQUATCHOLA GAY,14,CAPTAIN LOU SASOLE,lou2,"That is the walk. Nothing on this aeroplane is a surprise now, which is the most I have ever been able to say about it.",25,RUN — authored order,vo.enolasquatch.sasole.preflight-done-1.1,vo.enolasquatch.sasole.preflight-done-1.1.mp3
24,CH5 WAR,SQUATCHOLA GAY,15,Irish's Deep Dives,irish,"Door is open, Prospect. Left seat. Yours is the one on the left as she sits, not as you look at her.",22,RUN — authored order,vo.enolasquatch.irish.preflight-done-2.1,vo.enolasquatch.irish.preflight-done-2.1.mp3
24,CH5 WAR,SQUATCHOLA GAY,16,CAPTAIN LOU SASOLE,lou2,Get in. Mind the ladder — it is the newest part of the aircraft and I do not trust it either.,21,RUN — authored order,vo.enolasquatch.sasole.preflight-board-1.1,vo.enolasquatch.sasole.preflight-board-1.1.mp3
24,CH5 WAR,SQUATCHOLA GAY,17,CAPTAIN LOU SASOLE,lou2,Chocks are still in. She will run up beautifully and go absolutely nowhere.,13,RUN — authored order,vo.enolasquatch.sasole.preflight-chocksStill-1.1,vo.enolasquatch.sasole.preflight-chocksStill-1.1.mp3
24,CH5 WAR,SQUATCHOLA GAY,18,Irish's Deep Dives,irish,Payload secure?,2,RUN — authored order,vo.enolasquatch.irish.preflight-restraints-1.1,vo.enolasquatch.irish.preflight-restraints-1.1.mp3
24,CH5 WAR,SQUATCHOLA GAY,19,Numbskull,numbskull,Secure enough.,2,RUN — authored order,vo.enolasquatch.numbskull.preflight-restraints-2.1,vo.enolasquatch.numbskull.preflight-restraints-2.1.mp3
24,CH5 WAR,SQUATCHOLA GAY,20,CAPTAIN LOU SASOLE,lou2,Load it. Slowly. It is the only one we brought.,10,RUN — authored order,vo.enolasquatch.sasole.preflight-loadSquatch-1.1,vo.enolasquatch.sasole.preflight-loadSquatch-1.1.mp3
24,CH5 WAR,SQUATCHOLA GAY,21,Numbskull,numbskull,Bringing her under. Mind your feet.,6,RUN — authored order,vo.enolasquatch.numbskull.preflight-loadSquatch-2.1,vo.enolasquatch.numbskull.preflight-loadSquatch-2.1.mp3
24,CH5 WAR,SQUATCHOLA GAY,22,Irish's Deep Dives,irish,Six thousand pounds of somebody’s idea.,6,RUN — authored order,vo.enolasquatch.irish.preflight-loadSquatch-3.1,vo.enolasquatch.irish.preflight-loadSquatch-3.1.mp3
24,CH5 WAR,SQUATCHOLA GAY,23,Numbskull,numbskull,Shackles closed. Braces on. That is a bomb in a bomb bay.,12,RUN — authored order,vo.enolasquatch.numbskull.preflight-loadSquatch-4.1,vo.enolasquatch.numbskull.preflight-loadSquatch-4.1.mp3
24,CH5 WAR,SQUATCHOLA GAY,24,CAPTAIN LOU SASOLE,lou2,Bomb-bay panel closed and pinned?,5,RUN — authored order,vo.enolasquatch.sasole.preflight-bombbay-1.1,vo.enolasquatch.sasole.preflight-bombbay-1.1.mp3
24,CH5 WAR,SQUATCHOLA GAY,25,Numbskull,numbskull,Closed. Pinned is a strong word.,6,RUN — authored order,vo.enolasquatch.numbskull.preflight-bombbay-2.1,vo.enolasquatch.numbskull.preflight-bombbay-2.1.mp3
24,CH5 WAR,SQUATCHOLA GAY,26,The Shubenator,shubenator,"Hey guys, what’s going on?",5,RUN — authored order,vo.enolasquatch.shubes.preflight-shubes-first-1.1,vo.enolasquatch.shubes.preflight-shubes-first-1.1.mp3
24,CH5 WAR,SQUATCHOLA GAY,27,CAPTAIN LOU SASOLE,lou2,How did you get on this aircraft?,7,RUN — authored order,vo.enolasquatch.sasole.preflight-shubes-first-2.1,vo.enolasquatch.sasole.preflight-shubes-first-2.1.mp3
24,CH5 WAR,SQUATCHOLA GAY,28,The Shubenator,shubenator,You left the back open.,5,RUN — authored order,vo.enolasquatch.shubes.preflight-shubes-first-3.1,vo.enolasquatch.shubes.preflight-shubes-first-3.1.mp3
24,CH5 WAR,SQUATCHOLA GAY,29,Irish's Deep Dives,irish,"That is not an answer, that is a confession.",9,RUN — authored order,vo.enolasquatch.irish.preflight-shubes-first-4.1,vo.enolasquatch.irish.preflight-shubes-first-4.1.mp3
24,CH5 WAR,SQUATCHOLA GAY,30,The Shubenator,shubenator,"Hey guys, what’s going on?",5,RUN — authored order,vo.enolasquatch.shubes.preflight-shubes-aboard-1.1,vo.enolasquatch.shubes.preflight-shubes-aboard-1.1.mp3
24,CH5 WAR,SQUATCHOLA GAY,31,CAPTAIN LOU SASOLE,lou2,You were at the back of the aeroplane forty seconds ago.,11,RUN — authored order,vo.enolasquatch.sasole.preflight-shubes-aboard-2.1,vo.enolasquatch.sasole.preflight-shubes-aboard-2.1.mp3
24,CH5 WAR,SQUATCHOLA GAY,32,The Shubenator,shubenator,Yeah. I came round the front. It’s more polite.,9,RUN — authored order,vo.enolasquatch.shubes.preflight-shubes-aboard-3.1,vo.enolasquatch.shubes.preflight-shubes-aboard-3.1.mp3
24,CH5 WAR,SQUATCHOLA GAY,33,Irish's Deep Dives,irish,He has used the door. I want that in the log.,11,RUN — authored order,vo.enolasquatch.irish.preflight-shubes-aboard-4.1,vo.enolasquatch.irish.preflight-shubes-aboard-4.1.mp3
24,CH5 WAR,SQUATCHOLA GAY,34,CAPTAIN LOU SASOLE,lou2,"Start sequence. One, then two.",5,RUN — authored order,vo.enolasquatch.sasole.preflight-engineStart-1.1,vo.enolasquatch.sasole.preflight-engineStart-1.1.mp3
24,CH5 WAR,SQUATCHOLA GAY,35,CAPTAIN LOU SASOLE,lou2,"Three and four are yours, Prospect. Don’t be gentle, be correct.",11,RUN — authored order,vo.enolasquatch.sasole.preflight-engineStart-2.1,vo.enolasquatch.sasole.preflight-engineStart-2.1.mp3
24,CH5 WAR,SQUATCHOLA GAY,36,CAPTAIN LOU SASOLE,lou2,"Both of them. There are always two, and there is always a pilot who found out there were two.",19,RUN — authored order,vo.enolasquatch.sasole.preflight-sasole-chocksDone-1.1,vo.enolasquatch.sasole.preflight-sasole-chocksDone-1.1.mp3
24,CH5 WAR,SQUATCHOLA GAY,37,CAPTAIN LOU SASOLE,lou2,"One. Nine more blades to go, Prospect.",7,RUN — authored order,vo.enolasquatch.sasole.preflight-sasole-propOne-1.1,vo.enolasquatch.sasole.preflight-sasole-propOne-1.1.mp3
24,CH5 WAR,SQUATCHOLA GAY,38,CAPTAIN LOU SASOLE,lou2,Two. This is the part of aviation nobody puts on a poster.,12,RUN — authored order,vo.enolasquatch.sasole.preflight-sasole-propTwo-1.1,vo.enolasquatch.sasole.preflight-sasole-propTwo-1.1.mp3
24,CH5 WAR,SQUATCHOLA GAY,39,CAPTAIN LOU SASOLE,lou2,"Three. If one of these bites you, we are down a bombardier and a hand.",15,RUN — authored order,vo.enolasquatch.sasole.preflight-sasole-propThree-1.1,vo.enolasquatch.sasole.preflight-sasole-propThree-1.1.mp3
24,CH5 WAR,SQUATCHOLA GAY,40,Numbskull,numbskull,I am the bombardier.,4,RUN — authored order,vo.enolasquatch.numbskull.preflight-sasole-propThree-2.1,vo.enolasquatch.numbskull.preflight-sasole-propThree-2.1.mp3
24,CH5 WAR,SQUATCHOLA GAY,41,CAPTAIN LOU SASOLE,lou2,Then be careful for both of us.,7,RUN — authored order,vo.enolasquatch.sasole.preflight-sasole-propThree-3.1,vo.enolasquatch.sasole.preflight-sasole-propThree-3.1.mp3
24,CH5 WAR,SQUATCHOLA GAY,42,CAPTAIN LOU SASOLE,lou2,"Four. Every fan turns, nothing is seized, nobody is bleeding. Best preflight I have had all year.",17,RUN — authored order,vo.enolasquatch.sasole.preflight-sasole-propFour-1.1,vo.enolasquatch.sasole.preflight-sasole-propFour-1.1.mp3
24,CH5 WAR,SQUATCHOLA GAY,43,CAPTAIN LOU SASOLE,lou2,"Panel is on. That is not the same as the panel being right, but it is the half I can see.",21,RUN — authored order,vo.enolasquatch.sasole.preflight-sasole-bayDone-1.1,vo.enolasquatch.sasole.preflight-sasole-bayDone-1.1.mp3
24,CH5 WAR,SQUATCHOLA GAY,44,CAPTAIN LOU SASOLE,lou2,"Straps are tight. That bomb goes out of this aeroplane once, on purpose, over somebody else.",16,RUN — authored order,vo.enolasquatch.sasole.preflight-sasole-payloadDone-1.1,vo.enolasquatch.sasole.preflight-sasole-payloadDone-1.1.mp3
24,CH5 WAR,SQUATCHOLA GAY,45,CAPTAIN LOU SASOLE,lou2,"Gun swings, ammunition is in it, and there is a Shubenator attached. Two of those I asked for.",18,RUN — authored order,vo.enolasquatch.sasole.preflight-sasole-tailDone-1.1,vo.enolasquatch.sasole.preflight-sasole-tailDone-1.1.mp3
24,CH5 WAR,SQUATCHOLA GAY,46,CAPTAIN LOU SASOLE,lou2,Elevator moves the way the wheel tells it to. Small thing. Only matters every second we are up.,18,RUN — authored order,vo.enolasquatch.sasole.preflight-sasole-surfacesDone-1.1,vo.enolasquatch.sasole.preflight-sasole-surfacesDone-1.1.mp3
24,CH5 WAR,SQUATCHOLA GAY,47,CAPTAIN LOU SASOLE,lou2,"Door is on the port side, behind the wing, with a ladder under it. Follow the marker, Prospect.",18,RUN — authored order,vo.enolasquatch.sasole.preflight-sasole-boardNudge-1.1,vo.enolasquatch.sasole.preflight-sasole-boardNudge-1.1.mp3
24,CH5 WAR,SQUATCHOLA GAY,48,CAPTAIN LOU SASOLE,lou2,I will be in the right seat pretending I did not have to say that.,15,RUN — authored order,vo.enolasquatch.sasole.preflight-sasole-boardNudge-2.1,vo.enolasquatch.sasole.preflight-sasole-boardNudge-2.1.mp3
24,CH5 WAR,SQUATCHOLA GAY,49,CAPTAIN LOU SASOLE,lou2,Hatch closed. Bay closed. Nobody gets out of this aeroplane for the next four hours.,15,RUN — authored order,vo.enolasquatch.sasole.nightfall-hatch-1.1,vo.enolasquatch.sasole.nightfall-hatch-1.1.mp3
24,CH5 WAR,SQUATCHOLA GAY,50,The Shubenator,shubenator,I would like it noted that I did not get in on purpose.,13,RUN — authored order,vo.enolasquatch.shubes.nightfall-hatch-2.1,vo.enolasquatch.shubes.nightfall-hatch-2.1.mp3
24,CH5 WAR,SQUATCHOLA GAY,51,CAPTAIN LOU SASOLE,lou2,Noted. Denied.,2,RUN — authored order,vo.enolasquatch.sasole.nightfall-hatch-3.1,vo.enolasquatch.sasole.nightfall-hatch-3.1.mp3
24,CH5 WAR,SQUATCHOLA GAY,52,Irish's Deep Dives,irish,We do not go in daylight. We sit until the field goes dark and then we go.,17,RUN — authored order,vo.enolasquatch.irish.nightfall-wait-1.1,vo.enolasquatch.irish.nightfall-wait-1.1.mp3
24,CH5 WAR,SQUATCHOLA GAY,53,Tony (the Prospect),player,How long?,2,RUN — authored order,vo.enolasquatch.prospect.nightfall-wait-2.1,vo.enolasquatch.prospect.nightfall-wait-2.1.mp3
24,CH5 WAR,SQUATCHOLA GAY,54,CAPTAIN LOU SASOLE,lou2,Long enough to think about it. Not long enough to change your mind.,13,RUN — authored order,vo.enolasquatch.sasole.nightfall-wait-3.1,vo.enolasquatch.sasole.nightfall-wait-3.1.mp3
24,CH5 WAR,SQUATCHOLA GAY,55,CAPTAIN LOU SASOLE,lou2,"There it is. Whispering Pines at night, one runway, no tower, nobody to tell us not to.",17,RUN — authored order,vo.enolasquatch.sasole.nightfall-lineup-1.1,vo.enolasquatch.sasole.nightfall-lineup-1.1.mp3
24,CH5 WAR,SQUATCHOLA GAY,56,Irish's Deep Dives,irish,"Lined up and holding, Captain. Lamps are out down both edges.",11,RUN — authored order,vo.enolasquatch.irish.nightfall-lineup-2.1,vo.enolasquatch.irish.nightfall-lineup-2.1.mp3
24,CH5 WAR,SQUATCHOLA GAY,57,CAPTAIN LOU SASOLE,lou2,"Then we are done waiting. Battery, fuel, four engines, Prospect. Wake her up.",13,RUN — authored order,vo.enolasquatch.sasole.nightfall-lineup-3.1,vo.enolasquatch.sasole.nightfall-lineup-3.1.mp3
24,CH5 WAR,SQUATCHOLA GAY,58,CAPTAIN LOU SASOLE,lou2,Runway’s yours. Long roll on this one — she’s carrying six thousand pounds of opinion.,15,RUN — authored order,vo.enolasquatch.sasole.taxi-line-1.1,vo.enolasquatch.sasole.taxi-line-1.1.mp3
24,CH5 WAR,SQUATCHOLA GAY,59,Irish's Deep Dives,irish,"Straight line, Prospect. She will not forgive a wander.",9,RUN — authored order,vo.enolasquatch.irish.taxi-line-2.1,vo.enolasquatch.irish.taxi-line-2.1.mp3
24,CH5 WAR,SQUATCHOLA GAY,60,CAPTAIN LOU SASOLE,lou2,Gear up. Complaints down. We’re officially committed.,7,RUN — authored order,vo.enolasquatch.sasole.takeoff-rotate-1.1,vo.enolasquatch.sasole.takeoff-rotate-1.1.mp3
24,CH5 WAR,SQUATCHOLA GAY,61,Irish's Deep Dives,irish,"Airborne, with the Fat Squatch still aboard. Nobody clap yet.",10,RUN — authored order,vo.enolasquatch.irish.takeoff-airborne-1.1,vo.enolasquatch.irish.takeoff-airborne-1.1.mp3
24,CH5 WAR,SQUATCHOLA GAY,62,Irish's Deep Dives,irish,"Climb out on the runway heading, then come right onto zero-nine-zero. We’re going east tonight.",15,RUN — authored order,vo.enolasquatch.irish.climb-turn-east-1.1,vo.enolasquatch.irish.climb-turn-east-1.1.mp3
24,CH5 WAR,SQUATCHOLA GAY,63,Irish's Deep Dives,irish,"Climb out on the runway heading, then come left onto two-seven-zero. We’re going west tonight.",15,RUN — authored order,vo.enolasquatch.irish.climb-turn-west-1.1,vo.enolasquatch.irish.climb-turn-west-1.1.mp3
24,CH5 WAR,SQUATCHOLA GAY,64,CAPTAIN LOU SASOLE,lou2,Cruise. Lights out in a minute — let your eyes get used to it before we go dark.,18,RUN — authored order,vo.enolasquatch.sasole.cruise-settle-1.1,vo.enolasquatch.sasole.cruise-settle-1.1.mp3
24,CH5 WAR,SQUATCHOLA GAY,65,Irish's Deep Dives,irish,Radio chatter’s ours to keep quiet from here.,8,RUN — authored order,vo.enolasquatch.irish.cruise-settle-2.1,vo.enolasquatch.irish.cruise-settle-2.1.mp3
24,CH5 WAR,SQUATCHOLA GAY,66,Irish's Deep Dives,irish,Come left five degrees.,4,RUN — authored order,vo.enolasquatch.irish.nav-left5-1.1,vo.enolasquatch.irish.nav-left5-1.1.mp3
24,CH5 WAR,SQUATCHOLA GAY,67,Irish's Deep Dives,irish,Come right five degrees.,4,RUN — authored order,vo.enolasquatch.irish.nav-right5-1.1,vo.enolasquatch.irish.nav-right5-1.1.mp3
24,CH5 WAR,SQUATCHOLA GAY,68,Irish's Deep Dives,irish,"Other left, Lindbergh.",3,RUN — authored order,vo.enolasquatch.irish.nav-wrongWay-1.1,vo.enolasquatch.irish.nav-wrongWay-1.1.mp3
24,CH5 WAR,SQUATCHOLA GAY,69,Irish's Deep Dives,irish,There. Hold that line.,4,RUN — authored order,vo.enolasquatch.irish.nav-goodLine-1.1,vo.enolasquatch.irish.nav-goodLine-1.1.mp3
24,CH5 WAR,SQUATCHOLA GAY,70,CAPTAIN LOU SASOLE,lou2,You planning on sightseeing? Heading zero-nine-zero.,6,RUN — authored order,vo.enolasquatch.sasole.nav-nag-sasole-1.1,vo.enolasquatch.sasole.nav-nag-sasole-1.1.mp3
24,CH5 WAR,SQUATCHOLA GAY,71,Irish's Deep Dives,irish,"Zero-nine-zero, Prospect. It is written down and everything.",8,RUN — authored order,vo.enolasquatch.irish.nav-nag-irish-1.1,vo.enolasquatch.irish.nav-nag-irish-1.1.mp3
24,CH5 WAR,SQUATCHOLA GAY,72,CAPTAIN LOU SASOLE,lou2,Bank her over. East. The city is not going to come to us.,13,RUN — authored order,vo.enolasquatch.sasole.nav-nag-sasoleAgain-1.1,vo.enolasquatch.sasole.nav-nag-sasoleAgain-1.1.mp3
24,CH5 WAR,SQUATCHOLA GAY,73,CAPTAIN LOU SASOLE,lou2,Valley ahead. Get under the ridgeline and stay there — we go under their radar or we don’t go.,19,RUN — authored order,vo.enolasquatch.sasole.detect-corridor-1.1,vo.enolasquatch.sasole.detect-corridor-1.1.mp3
24,CH5 WAR,SQUATCHOLA GAY,74,Irish's Deep Dives,irish,"Searchlight’s hunting, not looking right at us. Hold low.",9,RUN — authored order,vo.enolasquatch.irish.detect-searching-1.1,vo.enolasquatch.irish.detect-searching-1.1.mp3
24,CH5 WAR,SQUATCHOLA GAY,75,Irish's Deep Dives,irish,They’ve got us. So much for quiet.,7,RUN — authored order,vo.enolasquatch.irish.detect-located-1.1,vo.enolasquatch.irish.detect-located-1.1.mp3
24,CH5 WAR,SQUATCHOLA GAY,76,Irish's Deep Dives,irish,Lost them. Nicely flown.,4,RUN — authored order,vo.enolasquatch.irish.detect-clear-1.1,vo.enolasquatch.irish.detect-clear-1.1.mp3
24,CH5 WAR,SQUATCHOLA GAY,77,The Shubenator,shubenator,Are those guys shooting at us?,6,RUN — authored order,vo.enolasquatch.shubes.defense-opening-1.1,vo.enolasquatch.shubes.defense-opening-1.1.mp3
24,CH5 WAR,SQUATCHOLA GAY,78,Irish's Deep Dives,irish,"No, Shubes. They’re applauding.",4,RUN — authored order,vo.enolasquatch.irish.defense-opening-2.1,vo.enolasquatch.irish.defense-opening-2.1.mp3
24,CH5 WAR,SQUATCHOLA GAY,79,The Shubenator,shubenator,Rear gun’s hot. Say the word.,6,RUN — authored order,vo.enolasquatch.shubes.defense-gunner-on-1.1,vo.enolasquatch.shubes.defense-gunner-on-1.1.mp3
24,CH5 WAR,SQUATCHOLA GAY,80,The Shubenator,shubenator,Word taken! Word absolutely taken!,5,RUN — authored order,vo.enolasquatch.shubes.defense-gunner-open-1.1,vo.enolasquatch.shubes.defense-gunner-open-1.1.mp3
24,CH5 WAR,SQUATCHOLA GAY,81,CAPTAIN LOU SASOLE,lou2,Hold her steady for him. He cannot hit anything if the whole aeroplane is the thing that is moving.,19,RUN — authored order,vo.enolasquatch.sasole.defense-gunner-open-2.1,vo.enolasquatch.sasole.defense-gunner-open-2.1.mp3
24,CH5 WAR,SQUATCHOLA GAY,82,CAPTAIN LOU SASOLE,lou2,That one found us. Report.,5,RUN — authored order,vo.enolasquatch.sasole.defense-hit-1.1,vo.enolasquatch.sasole.defense-hit-1.1.mp3
24,CH5 WAR,SQUATCHOLA GAY,83,The Shubenator,shubenator,I think I got one! I think! There was fire! Fire happened!,12,RUN — authored order,vo.enolasquatch.shubes.defense-suppressed-1.1,vo.enolasquatch.shubes.defense-suppressed-1.1.mp3
24,CH5 WAR,SQUATCHOLA GAY,84,Irish's Deep Dives,irish,Number three’s losing revs. She’s been asking for this the whole climb.,12,RUN — authored order,vo.enolasquatch.irish.defense-engineStrain-1.1,vo.enolasquatch.irish.defense-engineStrain-1.1.mp3
24,CH5 WAR,SQUATCHOLA GAY,85,CAPTAIN LOU SASOLE,lou2,"Heard it. Nurse it — we keep flying, we just fly lighter on that side.",15,RUN — authored order,vo.enolasquatch.sasole.defense-engineStrain-2.1,vo.enolasquatch.sasole.defense-engineStrain-2.1.mp3
24,CH5 WAR,SQUATCHOLA GAY,86,The Shubenator,shubenator,Something just went past the tail. Something fast and it was not ours.,13,RUN — authored order,vo.enolasquatch.shubes.fighters-first-1.1,vo.enolasquatch.shubes.fighters-first-1.1.mp3
24,CH5 WAR,SQUATCHOLA GAY,87,Irish's Deep Dives,irish,Single engine. He is climbing back up to have another look at us.,13,RUN — authored order,vo.enolasquatch.irish.fighters-first-2.1,vo.enolasquatch.irish.fighters-first-2.1.mp3
24,CH5 WAR,SQUATCHOLA GAY,88,CAPTAIN LOU SASOLE,lou2,"Night fighters. They were always going to come. Everybody calls what they see, nobody guesses.",15,RUN — authored order,vo.enolasquatch.sasole.fighters-first-3.1,vo.enolasquatch.sasole.fighters-first-3.1.mp3
24,CH5 WAR,SQUATCHOLA GAY,89,The Shubenator,shubenator,He is going down! He is going DOWN!,8,RUN — authored order,vo.enolasquatch.shubes.fighters-down-1.1,vo.enolasquatch.shubes.fighters-down-1.1.mp3
24,CH5 WAR,SQUATCHOLA GAY,90,Irish's Deep Dives,irish,Confirmed. One less of them.,5,RUN — authored order,vo.enolasquatch.irish.fighters-down-2.1,vo.enolasquatch.irish.fighters-down-2.1.mp3
24,CH5 WAR,SQUATCHOLA GAY,91,Irish's Deep Dives,irish,They have turned back. We are past what their fuel will carry.,12,RUN — authored order,vo.enolasquatch.irish.fighters-broke-1.1,vo.enolasquatch.irish.fighters-broke-1.1.mp3
24,CH5 WAR,SQUATCHOLA GAY,92,CAPTAIN LOU SASOLE,lou2,Then we are past the worst of it. Nobody relax.,10,RUN — authored order,vo.enolasquatch.sasole.fighters-broke-2.1,vo.enolasquatch.sasole.fighters-broke-2.1.mp3
24,CH5 WAR,SQUATCHOLA GAY,93,CAPTAIN LOU SASOLE,lou2,Setting the gyro. She will hold this heading and this height and she will do nothing else.,17,RUN — authored order,vo.enolasquatch.sasole.auto-on-1.1,vo.enolasquatch.sasole.auto-on-1.1.mp3
24,CH5 WAR,SQUATCHOLA GAY,94,CAPTAIN LOU SASOLE,lou2,Understand me. She will not get out of the way of anything. That part was you.,16,RUN — authored order,vo.enolasquatch.sasole.auto-on-2.1,vo.enolasquatch.sasole.auto-on-2.1.mp3
24,CH5 WAR,SQUATCHOLA GAY,95,CAPTAIN LOU SASOLE,lou2,I have her. Hands on.,5,RUN — authored order,vo.enolasquatch.sasole.auto-off-1.1,vo.enolasquatch.sasole.auto-off-1.1.mp3
24,CH5 WAR,SQUATCHOLA GAY,96,CAPTAIN LOU SASOLE,lou2,"Gyro is off — she is going over! Prospect, seat, NOW!",11,RUN — authored order,vo.enolasquatch.sasole.auto-kicked-1.1,vo.enolasquatch.sasole.auto-kicked-1.1.mp3
24,CH5 WAR,SQUATCHOLA GAY,97,The Shubenator,shubenator,You want it? Take it. I am not proud and I am not accurate.,14,RUN — authored order,vo.enolasquatch.shubes.gun-take-1.1,vo.enolasquatch.shubes.gun-take-1.1.mp3
24,CH5 WAR,SQUATCHOLA GAY,98,CAPTAIN LOU SASOLE,lou2,"Prospect is on the tail gun. Nobody is flying this aeroplane but a box of gears, so be quick about it.",21,RUN — authored order,vo.enolasquatch.sasole.gun-take-2.1,vo.enolasquatch.sasole.gun-take-2.1.mp3
24,CH5 WAR,SQUATCHOLA GAY,99,The Shubenator,shubenator,It is warm. You are welcome.,6,RUN — authored order,vo.enolasquatch.shubes.gun-leave-1.1,vo.enolasquatch.shubes.gun-leave-1.1.mp3
24,CH5 WAR,SQUATCHOLA GAY,100,Irish's Deep Dives,irish,Belt is out. There is nothing else back there.,9,RUN — authored order,vo.enolasquatch.irish.gun-dry-1.1,vo.enolasquatch.irish.gun-dry-1.1.mp3
24,CH5 WAR,SQUATCHOLA GAY,101,The Shubenator,shubenator,There was a lot of it and now there is none of it.,13,RUN — authored order,vo.enolasquatch.shubes.gun-dry-2.1,vo.enolasquatch.shubes.gun-dry-2.1.mp3
24,CH5 WAR,SQUATCHOLA GAY,102,Numbskull,numbskull,Target coming into view.,4,RUN — authored order,vo.enolasquatch.numbskull.bomb-targetInSight-1.1,vo.enolasquatch.numbskull.bomb-targetInSight-1.1.mp3
24,CH5 WAR,SQUATCHOLA GAY,103,Numbskull,numbskull,That is a whole town down there. Streets and everything.,10,RUN — authored order,vo.enolasquatch.numbskull.bomb-cityInSight-1.1,vo.enolasquatch.numbskull.bomb-cityInSight-1.1.mp3
24,CH5 WAR,SQUATCHOLA GAY,104,Irish's Deep Dives,irish,"City in sight. Grid runs north–south, the tall part is the middle, and the middle is what we were given.",20,RUN — authored order,vo.enolasquatch.irish.bomb-cityInSight-2.1,vo.enolasquatch.irish.bomb-cityInSight-2.1.mp3
24,CH5 WAR,SQUATCHOLA GAY,105,Tony (the Prospect),player,It’s bigger than I thought.,5,RUN — authored order,vo.enolasquatch.prospect.bomb-cityInSight-3.1,vo.enolasquatch.prospect.bomb-cityInSight-3.1.mp3
24,CH5 WAR,SQUATCHOLA GAY,106,CAPTAIN LOU SASOLE,lou2,They always are. Fly the line.,6,RUN — authored order,vo.enolasquatch.sasole.bomb-cityInSight-4.1,vo.enolasquatch.sasole.bomb-cityInSight-4.1.mp3
24,CH5 WAR,SQUATCHOLA GAY,107,Irish's Deep Dives,irish,Ten seconds.,2,RUN — authored order,vo.enolasquatch.irish.bomb-tenSeconds-1.1,vo.enolasquatch.irish.bomb-tenSeconds-1.1.mp3
24,CH5 WAR,SQUATCHOLA GAY,108,CAPTAIN LOU SASOLE,lou2,Steady. Don’t chase it. Let the target come to you.,10,RUN — authored order,vo.enolasquatch.sasole.bomb-steady-1.1,vo.enolasquatch.sasole.bomb-steady-1.1.mp3
24,CH5 WAR,SQUATCHOLA GAY,109,Numbskull,numbskull,Doors aren’t opening.,3,RUN — authored order,vo.enolasquatch.numbskull.bomb-doorsFail-1.1,vo.enolasquatch.numbskull.bomb-doorsFail-1.1.mp3
24,CH5 WAR,SQUATCHOLA GAY,110,CAPTAIN LOU SASOLE,lou2,Why?,1,RUN — authored order,vo.enolasquatch.sasole.bomb-doorsFail-2.1,vo.enolasquatch.sasole.bomb-doorsFail-2.1.mp3
24,CH5 WAR,SQUATCHOLA GAY,111,Numbskull,numbskull,I used the wrong bolts.,5,RUN — authored order,vo.enolasquatch.numbskull.bomb-doorsFail-3.1,vo.enolasquatch.numbskull.bomb-doorsFail-3.1.mp3
24,CH5 WAR,SQUATCHOLA GAY,112,CAPTAIN LOU SASOLE,lou2,"Then fix it manually and do it fast. Prospect, hold her level — level is the whole job right now.",20,RUN — authored order,vo.enolasquatch.sasole.bomb-manualReset-1.1,vo.enolasquatch.sasole.bomb-manualReset-1.1.mp3
24,CH5 WAR,SQUATCHOLA GAY,113,The Shubenator,shubenator,"Hey guys, what’s going on?",5,RUN — authored order,vo.enolasquatch.shubes.bomb-shubesInBay-1.1,vo.enolasquatch.shubes.bomb-shubesInBay-1.1.mp3
24,CH5 WAR,SQUATCHOLA GAY,114,CAPTAIN LOU SASOLE,lou2,GET OUT OF THERE!,4,RUN — authored order,vo.enolasquatch.sasole.bomb-shubesInBay-2.1,vo.enolasquatch.sasole.bomb-shubesInBay-2.1.mp3
24,CH5 WAR,SQUATCHOLA GAY,115,Irish's Deep Dives,irish,GET OUT OF THERE!,4,RUN — authored order,vo.enolasquatch.irish.bomb-shubesInBay-3.1,vo.enolasquatch.irish.bomb-shubesInBay-3.1.mp3
24,CH5 WAR,SQUATCHOLA GAY,116,Numbskull,numbskull,GET OUT OF THERE!,4,RUN — authored order,vo.enolasquatch.numbskull.bomb-shubesInBay-4.1,vo.enolasquatch.numbskull.bomb-shubesInBay-4.1.mp3
24,CH5 WAR,SQUATCHOLA GAY,117,Numbskull,numbskull,"Doors are open! Doors are open, they were always going to open!",12,RUN — authored order,vo.enolasquatch.numbskull.bomb-doorsFixed-1.1,vo.enolasquatch.numbskull.bomb-doorsFixed-1.1.mp3
24,CH5 WAR,SQUATCHOLA GAY,118,Numbskull,numbskull,...Nothing. Hang on.,3,RUN — authored order,vo.enolasquatch.numbskull.bomb-releaseStuck-1.1,vo.enolasquatch.numbskull.bomb-releaseStuck-1.1.mp3
24,CH5 WAR,SQUATCHOLA GAY,119,Numbskull,numbskull,Kicking the mount.,3,RUN — authored order,vo.enolasquatch.numbskull.bomb-releaseKick-1.1,vo.enolasquatch.numbskull.bomb-releaseKick-1.1.mp3
24,CH5 WAR,SQUATCHOLA GAY,120,Numbskull,numbskull,Package away!,2,RUN — authored order,vo.enolasquatch.numbskull.bomb-packageAway-1.1,vo.enolasquatch.numbskull.bomb-packageAway-1.1.mp3
24,CH5 WAR,SQUATCHOLA GAY,121,Irish's Deep Dives,irish,That is a very generous definition of away.,8,RUN — authored order,vo.enolasquatch.irish.bomb-packageAway-2.1,vo.enolasquatch.irish.bomb-packageAway-2.1.mp3
24,CH5 WAR,SQUATCHOLA GAY,122,CAPTAIN LOU SASOLE,lou2,There she goes. Plane just lost six thousand pounds of bad intentions.,12,RUN — authored order,vo.enolasquatch.sasole.bomb-weightLoss-1.1,vo.enolasquatch.sasole.bomb-weightLoss-1.1.mp3
24,CH5 WAR,SQUATCHOLA GAY,123,CAPTAIN LOU SASOLE,lou2,"Now TURN. Hard over, nose down, and do not stop turning until I tell you.",15,RUN — authored order,vo.enolasquatch.sasole.bomb-breakTurn-1.1,vo.enolasquatch.sasole.bomb-breakTurn-1.1.mp3
24,CH5 WAR,SQUATCHOLA GAY,124,Irish's Deep Dives,irish,"Every second of that is distance, Prospect. Distance is the entire plan.",12,RUN — authored order,vo.enolasquatch.irish.bomb-breakTurn-2.1,vo.enolasquatch.irish.bomb-breakTurn-2.1.mp3
24,CH5 WAR,SQUATCHOLA GAY,125,The Shubenator,shubenator,Is it supposed to make that noise?,7,RUN — authored order,vo.enolasquatch.shubes.bomb-falling-1.1,vo.enolasquatch.shubes.bomb-falling-1.1.mp3
24,CH5 WAR,SQUATCHOLA GAY,126,Numbskull,numbskull,That is the noise. That is the correct noise.,9,RUN — authored order,vo.enolasquatch.numbskull.bomb-falling-2.1,vo.enolasquatch.numbskull.bomb-falling-2.1.mp3
24,CH5 WAR,SQUATCHOLA GAY,127,Irish's Deep Dives,irish,Then why is it getting worse.,6,RUN — authored order,vo.enolasquatch.irish.bomb-falling-3.1,vo.enolasquatch.irish.bomb-falling-3.1.mp3
24,CH5 WAR,SQUATCHOLA GAY,128,Tony (the Prospect),player,I cannot see. I cannot see anything.,7,RUN — authored order,vo.enolasquatch.prospect.explosion-flash-1.1,vo.enolasquatch.prospect.explosion-flash-1.1.mp3
24,CH5 WAR,SQUATCHOLA GAY,129,CAPTAIN LOU SASOLE,lou2,Nobody look at it. Fly the instruments. It comes back.,10,RUN — authored order,vo.enolasquatch.sasole.explosion-flash-2.1,vo.enolasquatch.sasole.explosion-flash-2.1.mp3
24,CH5 WAR,SQUATCHOLA GAY,130,Irish's Deep Dives,irish,BRACE—,1,RUN — authored order,vo.enolasquatch.irish.explosion-shockwave-1.1,vo.enolasquatch.irish.explosion-shockwave-1.1.mp3
24,CH5 WAR,SQUATCHOLA GAY,131,Numbskull,numbskull,Something hit us! Something hit the whole aeroplane at once!,10,RUN — authored order,vo.enolasquatch.numbskull.explosion-shockwave-2.1,vo.enolasquatch.numbskull.explosion-shockwave-2.1.mp3
24,CH5 WAR,SQUATCHOLA GAY,132,CAPTAIN LOU SASOLE,lou2,That was the air. The air hit us.,8,RUN — authored order,vo.enolasquatch.sasole.explosion-shockwave-3.1,vo.enolasquatch.sasole.explosion-shockwave-3.1.mp3
24,CH5 WAR,SQUATCHOLA GAY,133,Irish's Deep Dives,irish,That seems excessive.,3,RUN — authored order,vo.enolasquatch.irish.explosion-reaction-1.1,vo.enolasquatch.irish.explosion-reaction-1.1.mp3
24,CH5 WAR,SQUATCHOLA GAY,134,CAPTAIN LOU SASOLE,lou2,That was the conservative setting.,5,RUN — authored order,vo.enolasquatch.sasole.explosion-reaction-2.1,vo.enolasquatch.sasole.explosion-reaction-2.1.mp3
24,CH5 WAR,SQUATCHOLA GAY,135,Numbskull,numbskull,It is still going up.,5,RUN — authored order,vo.enolasquatch.numbskull.explosion-column-1.1,vo.enolasquatch.numbskull.explosion-column-1.1.mp3
24,CH5 WAR,SQUATCHOLA GAY,136,Irish's Deep Dives,irish,It has been going up for fifteen seconds.,8,RUN — authored order,vo.enolasquatch.irish.explosion-column-2.1,vo.enolasquatch.irish.explosion-column-2.1.mp3
24,CH5 WAR,SQUATCHOLA GAY,137,Numbskull,numbskull,It is still going up.,5,RUN — authored order,vo.enolasquatch.numbskull.explosion-column-3.1,vo.enolasquatch.numbskull.explosion-column-3.1.mp3
24,CH5 WAR,SQUATCHOLA GAY,138,The Shubenator,shubenator,Is it going to stop?,5,RUN — authored order,vo.enolasquatch.shubes.explosion-column-4.1,vo.enolasquatch.shubes.explosion-column-4.1.mp3
24,CH5 WAR,SQUATCHOLA GAY,139,CAPTAIN LOU SASOLE,lou2,Eventually.,1,RUN — authored order,vo.enolasquatch.sasole.explosion-column-5.1,vo.enolasquatch.sasole.explosion-column-5.1.mp3
24,CH5 WAR,SQUATCHOLA GAY,140,The Shubenator,shubenator,"Guys. Guys, where did it go?",6,RUN — authored order,vo.enolasquatch.shubes.explosion-crater-1.1,vo.enolasquatch.shubes.explosion-crater-1.1.mp3
24,CH5 WAR,SQUATCHOLA GAY,141,Numbskull,numbskull,The town?,2,RUN — authored order,vo.enolasquatch.numbskull.explosion-crater-2.1,vo.enolasquatch.numbskull.explosion-crater-2.1.mp3
24,CH5 WAR,SQUATCHOLA GAY,142,The Shubenator,shubenator,"Yeah, the town.",3,RUN — authored order,vo.enolasquatch.shubes.explosion-crater-3.1,vo.enolasquatch.shubes.explosion-crater-3.1.mp3
24,CH5 WAR,SQUATCHOLA GAY,143,Irish's Deep Dives,irish,There is a hole where the town was. A round one. You can see the far side of it from here.,21,RUN — authored order,vo.enolasquatch.irish.explosion-crater-4.1,vo.enolasquatch.irish.explosion-crater-4.1.mp3
24,CH5 WAR,SQUATCHOLA GAY,144,CAPTAIN LOU SASOLE,lou2,"That is what a crater is, Irish.",7,RUN — authored order,vo.enolasquatch.sasole.explosion-crater-5.1,vo.enolasquatch.sasole.explosion-crater-5.1.mp3
24,CH5 WAR,SQUATCHOLA GAY,145,Tony (the Prospect),player,...I said a line before that.,6,RUN — authored order,vo.enolasquatch.prospect.explosion-crater-6.1,vo.enolasquatch.prospect.explosion-crater-6.1.mp3
24,CH5 WAR,SQUATCHOLA GAY,146,CAPTAIN LOU SASOLE,lou2,Nobody heard your line. Everybody is looking at the hole.,10,RUN — authored order,vo.enolasquatch.sasole.explosion-crater-7.1,vo.enolasquatch.sasole.explosion-crater-7.1.mp3
24,CH5 WAR,SQUATCHOLA GAY,147,CAPTAIN LOU SASOLE,lou2,"Climb, bank, and don’t look at it. Looking at it doesn’t help.",12,RUN — authored order,vo.enolasquatch.sasole.escape-turn-1.1,vo.enolasquatch.sasole.escape-turn-1.1.mp3
24,CH5 WAR,SQUATCHOLA GAY,148,The Shubenator,shubenator,I think we’re out of bullets.,6,RUN — authored order,vo.enolasquatch.shubes.escape-gunnerDone-1.1,vo.enolasquatch.shubes.escape-gunnerDone-1.1.mp3
24,CH5 WAR,SQUATCHOLA GAY,149,Irish's Deep Dives,irish,You fired into the same truck for four minutes.,9,RUN — authored order,vo.enolasquatch.irish.escape-gunnerDone-2.1,vo.enolasquatch.irish.escape-gunnerDone-2.1.mp3
24,CH5 WAR,SQUATCHOLA GAY,150,CAPTAIN LOU SASOLE,lou2,Plane’s mine. You go shoot.,5,RUN — authored order,vo.enolasquatch.sasole.fighters-sasoleTakesIt-1.1,vo.enolasquatch.sasole.fighters-sasoleTakesIt-1.1.mp3
24,CH5 WAR,SQUATCHOLA GAY,151,CAPTAIN LOU SASOLE,lou2,"Gyro has the heading, I have the yoke. Get in the tail, Prospect.",13,RUN — authored order,vo.enolasquatch.sasole.fighters-sasoleTakesIt-2.1,vo.enolasquatch.sasole.fighters-sasoleTakesIt-2.1.mp3
24,CH5 WAR,SQUATCHOLA GAY,152,The Shubenator,shubenator,There is someone already in here.,6,RUN — authored order,vo.enolasquatch.shubes.fighters-sasoleTakesIt-3.1,vo.enolasquatch.shubes.fighters-sasoleTakesIt-3.1.mp3
24,CH5 WAR,SQUATCHOLA GAY,153,CAPTAIN LOU SASOLE,lou2,Then budge up.,3,RUN — authored order,vo.enolasquatch.sasole.fighters-sasoleTakesIt-4.1,vo.enolasquatch.sasole.fighters-sasoleTakesIt-4.1.mp3
24,CH5 WAR,SQUATCHOLA GAY,154,CAPTAIN LOU SASOLE,lou2,Clean air. Keep climbing.,4,RUN — authored order,vo.enolasquatch.sasole.escape-clear-1.1,vo.enolasquatch.sasole.escape-clear-1.1.mp3
24,CH5 WAR,SQUATCHOLA GAY,155,CAPTAIN LOU SASOLE,lou2,Number three is running hot. Two-forty and climbing.,8,RUN — authored order,vo.enolasquatch.sasole.emergency-overheat-1.1,vo.enolasquatch.sasole.emergency-overheat-1.1.mp3
24,CH5 WAR,SQUATCHOLA GAY,156,CAPTAIN LOU SASOLE,lou2,Ease her back. Bring the throttle down.,7,RUN — authored order,vo.enolasquatch.sasole.emergency-overheat-2.1,vo.enolasquatch.sasole.emergency-overheat-2.1.mp3
24,CH5 WAR,SQUATCHOLA GAY,157,CAPTAIN LOU SASOLE,lou2,"Throttle, Prospect. All the way back to the stop and leave it there.",13,RUN — authored order,vo.enolasquatch.sasole.emergency-throttleBack-1.1,vo.enolasquatch.sasole.emergency-throttleBack-1.1.mp3
24,CH5 WAR,SQUATCHOLA GAY,158,CAPTAIN LOU SASOLE,lou2,There you go. Hold it there until she cools off.,10,RUN — authored order,vo.enolasquatch.sasole.emergency-stabilised-1.1,vo.enolasquatch.sasole.emergency-stabilised-1.1.mp3
24,CH5 WAR,SQUATCHOLA GAY,159,Numbskull,numbskull,Two hundred and falling. She will live.,7,RUN — authored order,vo.enolasquatch.numbskull.emergency-cooled-1.1,vo.enolasquatch.numbskull.emergency-cooled-1.1.mp3
24,CH5 WAR,SQUATCHOLA GAY,160,CAPTAIN LOU SASOLE,lou2,"Then we go home on four warm ones. Whispering Pines, straight in.",12,RUN — authored order,vo.enolasquatch.sasole.emergency-cooled-2.1,vo.enolasquatch.sasole.emergency-cooled-2.1.mp3
24,CH5 WAR,SQUATCHOLA GAY,161,CAPTAIN LOU SASOLE,lou2,"Shutting two down. She’ll fly on three, she just won’t enjoy it.",12,RUN — authored order,vo.enolasquatch.sasole.emergency-shutdown-1.1,vo.enolasquatch.sasole.emergency-shutdown-1.1.mp3
24,CH5 WAR,SQUATCHOLA GAY,162,CAPTAIN LOU SASOLE,lou2,That is not what I meant by hope.,8,RUN — authored order,vo.enolasquatch.sasole.emergency-pushedIt-1.1,vo.enolasquatch.sasole.emergency-pushedIt-1.1.mp3
24,CH5 WAR,SQUATCHOLA GAY,163,CAPTAIN LOU SASOLE,lou2,Same field we left from. Try to remember which end has the hangar.,13,RUN — authored order,vo.enolasquatch.sasole.landing-line-1.1,vo.enolasquatch.sasole.landing-line-1.1.mp3
24,CH5 WAR,SQUATCHOLA GAY,164,CAPTAIN LOU SASOLE,lou2,Maybe next time we let you fly something expensive.,9,RUN — authored order,vo.enolasquatch.sasole.landing-perfect-1.1,vo.enolasquatch.sasole.landing-perfect-1.1.mp3
24,CH5 WAR,SQUATCHOLA GAY,165,Irish's Deep Dives,irish,We dropped one package. Didn’t need to drop the aircraft.,10,RUN — authored order,vo.enolasquatch.irish.landing-hard-1.1,vo.enolasquatch.irish.landing-hard-1.1.mp3
24,CH5 WAR,SQUATCHOLA GAY,166,CAPTAIN LOU SASOLE,lou2,Chocks in. Leave her turning until the ground crew has all four temperatures.,13,RUN — authored order,vo.enolasquatch.sasole.arrival-sasole-1.1,vo.enolasquatch.sasole.arrival-sasole-1.1.mp3
24,CH5 WAR,SQUATCHOLA GAY,167,Tony (the Prospect),player,You heading inside?,3,RUN — authored order,vo.enolasquatch.prospect.arrival-sasole-2.1,vo.enolasquatch.prospect.arrival-sasole-2.1.mp3
24,CH5 WAR,SQUATCHOLA GAY,168,CAPTAIN LOU SASOLE,lou2,No. Lou can ask his questions at the house. We put the aeroplane away.,14,RUN — authored order,vo.enolasquatch.sasole.arrival-sasole-3.1,vo.enolasquatch.sasole.arrival-sasole-3.1.mp3
24,CH5 WAR,SQUATCHOLA GAY,169,CAPTAIN LOU SASOLE,lou2,"Marker is on the next one, Prospect. It is not going to check itself.",14,RUN — authored order,vo.enolasquatch.sasole.bark-walkaroundIdle-1.1,vo.enolasquatch.sasole.bark-walkaroundIdle-1.1.mp3
24,CH5 WAR,SQUATCHOLA GAY,170,CAPTAIN LOU SASOLE,lou2,She is thirty-three metres across. Walking is most of the job.,11,RUN — authored order,vo.enolasquatch.sasole.bark-walkaroundIdle-2.1,vo.enolasquatch.sasole.bark-walkaroundIdle-2.1.mp3
24,CH5 WAR,SQUATCHOLA GAY,171,Irish's Deep Dives,irish,"Sun is going down on us, Prospect. Keep moving.",9,RUN — authored order,vo.enolasquatch.irish.bark-walkaroundIdle-3.1,vo.enolasquatch.irish.bark-walkaroundIdle-3.1.mp3
24,CH5 WAR,SQUATCHOLA GAY,172,CAPTAIN LOU SASOLE,lou2,I have watched men stare at this aeroplane before. It never once fixed anything.,14,RUN — authored order,vo.enolasquatch.sasole.bark-walkaroundIdle-4.1,vo.enolasquatch.sasole.bark-walkaroundIdle-4.1.mp3
24,CH5 WAR,SQUATCHOLA GAY,173,CAPTAIN LOU SASOLE,lou2,Easy. She’s not the little plane. Ease it back.,9,RUN — authored order,vo.enolasquatch.sasole.bark-heavyBanked-1.1,vo.enolasquatch.sasole.bark-heavyBanked-1.1.mp3
24,CH5 WAR,SQUATCHOLA GAY,174,CAPTAIN LOU SASOLE,lou2,That bank angle is a request she is declining.,9,RUN — authored order,vo.enolasquatch.sasole.bark-heavyBanked-2.1,vo.enolasquatch.sasole.bark-heavyBanked-2.1.mp3
24,CH5 WAR,SQUATCHOLA GAY,175,CAPTAIN LOU SASOLE,lou2,Nose down a hair. She climbs like it’s a personal insult when she’s this loaded.,15,RUN — authored order,vo.enolasquatch.sasole.bark-heavySlow-1.1,vo.enolasquatch.sasole.bark-heavySlow-1.1.mp3
24,CH5 WAR,SQUATCHOLA GAY,176,CAPTAIN LOU SASOLE,lou2,There. Small inputs. She rewards patience.,6,RUN — authored order,vo.enolasquatch.sasole.bark-heavySmooth-1.1,vo.enolasquatch.sasole.bark-heavySmooth-1.1.mp3
24,CH5 WAR,SQUATCHOLA GAY,177,The Shubenator,shubenator,"Rear gunner reporting no targets, several opinions.",7,RUN — authored order,vo.enolasquatch.shubes.bark-gunnerIdle-1.1,vo.enolasquatch.shubes.bark-gunnerIdle-1.1.mp3
24,CH5 WAR,SQUATCHOLA GAY,178,The Shubenator,shubenator,Everything back here is fine. I am counting stars.,9,RUN — authored order,vo.enolasquatch.shubes.bark-gunnerIdle-2.1,vo.enolasquatch.shubes.bark-gunnerIdle-2.1.mp3
24,CH5 WAR,SQUATCHOLA GAY,179,The Shubenator,shubenator,Eating a lot of tracer up here!,7,RUN — authored order,vo.enolasquatch.shubes.bark-gunnerFiring-1.1,vo.enolasquatch.shubes.bark-gunnerFiring-1.1.mp3
24,CH5 WAR,SQUATCHOLA GAY,180,The Shubenator,shubenator,This gun is louder than I expected and I expected a lot!,12,RUN — authored order,vo.enolasquatch.shubes.bark-gunnerFiring-2.1,vo.enolasquatch.shubes.bark-gunnerFiring-2.1.mp3
24,CH5 WAR,SQUATCHOLA GAY,181,Irish's Deep Dives,irish,Fuel’s getting opinions of its own. Keep it efficient.,9,RUN — authored order,vo.enolasquatch.irish.bark-lowFuel-1.1,vo.enolasquatch.irish.bark-lowFuel-1.1.mp3
24,CH5 WAR,SQUATCHOLA GAY,182,CAPTAIN LOU SASOLE,lou2,Terrain. Terrain is a thing that wins arguments.,8,RUN — authored order,vo.enolasquatch.sasole.bark-terrainClose-1.1,vo.enolasquatch.sasole.bark-terrainClose-1.1.mp3
24,CH5 WAR,SQUATCHOLA GAY,183,CAPTAIN LOU SASOLE,lou2,That one was close enough to read the serial number off.,11,RUN — authored order,vo.enolasquatch.sasole.bark-flakClose-1.1,vo.enolasquatch.sasole.bark-flakClose-1.1.mp3
24,CH5 WAR,SQUATCHOLA GAY,184,Irish's Deep Dives,irish,Splinters. We are taking splinters down the side.,8,RUN — authored order,vo.enolasquatch.irish.bark-flakClose-2.1,vo.enolasquatch.irish.bark-flakClose-2.1.mp3
24,CH5 WAR,SQUATCHOLA GAY,185,Numbskull,numbskull,I felt that one in my teeth.,7,RUN — authored order,vo.enolasquatch.numbskull.bark-flakClose-3.1,vo.enolasquatch.numbskull.bark-flakClose-3.1.mp3
24,CH5 WAR,SQUATCHOLA GAY,186,The Shubenator,shubenator,The whole tail just moved and I was still attached to it!,12,RUN — authored order,vo.enolasquatch.shubes.bark-flakClose-4.1,vo.enolasquatch.shubes.bark-flakClose-4.1.mp3
24,CH5 WAR,SQUATCHOLA GAY,187,The Shubenator,shubenator,"He is rolling in on us! High, coming down!",9,RUN — authored order,vo.enolasquatch.shubes.bark-fighterCommitting-1.1,vo.enolasquatch.shubes.bark-fighterCommitting-1.1.mp3
24,CH5 WAR,SQUATCHOLA GAY,188,Irish's Deep Dives,irish,One committing. He is inside a mile and he is not sightseeing.,12,RUN — authored order,vo.enolasquatch.irish.bark-fighterCommitting-2.1,vo.enolasquatch.irish.bark-fighterCommitting-2.1.mp3
24,CH5 WAR,SQUATCHOLA GAY,189,The Shubenator,shubenator,I can see his exhaust. That is how close he is.,11,RUN — authored order,vo.enolasquatch.shubes.bark-fighterCommitting-3.1,vo.enolasquatch.shubes.bark-fighterCommitting-3.1.mp3
24,CH5 WAR,SQUATCHOLA GAY,190,The Shubenator,shubenator,He is back. He is BACK.,6,RUN — authored order,vo.enolasquatch.shubes.bark-fighterAgain-1.1,vo.enolasquatch.shubes.bark-fighterAgain-1.1.mp3
24,CH5 WAR,SQUATCHOLA GAY,191,Irish's Deep Dives,irish,Second pass. Do not give him a straight line to work with.,12,RUN — authored order,vo.enolasquatch.irish.bark-fighterAgain-2.1,vo.enolasquatch.irish.bark-fighterAgain-2.1.mp3
24,CH5 WAR,SQUATCHOLA GAY,192,CAPTAIN LOU SASOLE,lou2,"Same one, coming round again. He is patient. I hate patient.",11,RUN — authored order,vo.enolasquatch.sasole.bark-fighterAgain-3.1,vo.enolasquatch.sasole.bark-fighterAgain-3.1.mp3
24,CH5 WAR,SQUATCHOLA GAY,193,The Shubenator,shubenator,That went past me! That went past ME!,8,RUN — authored order,vo.enolasquatch.shubes.bark-fighterNearMiss-1.1,vo.enolasquatch.shubes.bark-fighterNearMiss-1.1.mp3
24,CH5 WAR,SQUATCHOLA GAY,194,Irish's Deep Dives,irish,Wide. He has not settled yet.,6,RUN — authored order,vo.enolasquatch.irish.bark-fighterNearMiss-2.1,vo.enolasquatch.irish.bark-fighterNearMiss-2.1.mp3
24,CH5 WAR,SQUATCHOLA GAY,195,Numbskull,numbskull,There is daylight in this aeroplane and it is night.,10,RUN — authored order,vo.enolasquatch.numbskull.bark-fighterNearMiss-3.1,vo.enolasquatch.numbskull.bark-fighterNearMiss-3.1.mp3
24,CH5 WAR,SQUATCHOLA GAY,196,Numbskull,numbskull,We are hit! We are hit somewhere!,7,RUN — authored order,vo.enolasquatch.numbskull.bark-fighterHitUs-1.1,vo.enolasquatch.numbskull.bark-fighterHitUs-1.1.mp3
24,CH5 WAR,SQUATCHOLA GAY,197,CAPTAIN LOU SASOLE,lou2,"Report. Somebody give me a number, not a noise.",9,RUN — authored order,vo.enolasquatch.sasole.bark-fighterHitUs-2.1,vo.enolasquatch.sasole.bark-fighterHitUs-2.1.mp3
24,CH5 WAR,SQUATCHOLA GAY,198,Irish's Deep Dives,irish,He got some of us that time.,7,RUN — authored order,vo.enolasquatch.irish.bark-fighterHitUs-3.1,vo.enolasquatch.irish.bark-fighterHitUs-3.1.mp3
24,CH5 WAR,SQUATCHOLA GAY,199,The Shubenator,shubenator,It has stopped! It got too hot and it has STOPPED!,11,RUN — authored order,vo.enolasquatch.shubes.bark-gunJam-1.1,vo.enolasquatch.shubes.bark-gunJam-1.1.mp3
24,CH5 WAR,SQUATCHOLA GAY,200,Irish's Deep Dives,irish,Let it cool. Counting to three is not a personality flaw.,11,RUN — authored order,vo.enolasquatch.irish.bark-gunJam-2.1,vo.enolasquatch.irish.bark-gunJam-2.1.mp3
24,CH5 WAR,SQUATCHOLA GAY,201,CAPTAIN LOU SASOLE,lou2,"Not like this. Wings level, out of the buffet, and off the deck first.",14,RUN — authored order,vo.enolasquatch.sasole.bark-autoRefused-1.1,vo.enolasquatch.sasole.bark-autoRefused-1.1.mp3
24,CH5 WAR,SQUATCHOLA GAY,202,CAPTAIN LOU SASOLE,lou2,The gyro is not a magician. Fly her level and ask me again.,13,RUN — authored order,vo.enolasquatch.sasole.bark-autoRefused-2.1,vo.enolasquatch.sasole.bark-autoRefused-2.1.mp3
24,CH5 WAR,SQUATCHOLA GAY,203,CAPTAIN LOU SASOLE,lou2,"Not on the ground, Prospect. There is nothing up there to shoot at.",13,RUN — authored order,vo.enolasquatch.sasole.bark-gunRefused-1.1,vo.enolasquatch.sasole.bark-gunRefused-1.1.mp3
24,CH5 WAR,SQUATCHOLA GAY,204,Tony (the Prospect),player,Fat Squatch away. God help whoever’s down there.,8,RUN — authored order,vo.enolasquatch.prospect.release-1.1,vo.enolasquatch.prospect.release-1.1.mp3
24,CH5 WAR,SQUATCHOLA GAY,205,Tony (the Prospect),player,Special delivery.,2,RUN — authored order,vo.enolasquatch.prospect.release-2.1,vo.enolasquatch.prospect.release-2.1.mp3
24,CH5 WAR,SQUATCHOLA GAY,206,Tony (the Prospect),player,That’s from Lou. And I’ll be sayin’ that in my sleep for the rest of me life.,17,RUN — authored order,vo.enolasquatch.prospect.release-3.1,vo.enolasquatch.prospect.release-3.1.mp3
24,CH5 WAR,SQUATCHOLA GAY,207,Tony (the Prospect),player,Hope they’re hungry.,3,RUN — authored order,vo.enolasquatch.prospect.release-4.1,vo.enolasquatch.prospect.release-4.1.mp3
25,CH5 WAR,Repaired Mansion,1,BIG UNCLE LOU SPUTTHOLE,lou1,Sit down. The instrument was right. Our briefing wasn’t. We bombed the wrong fucking city.,15,RUN — authored order,vo.silentsquatch.return.briefing.lou.instrument,vo.silentsquatch.return.briefing.lou.instrument.mp3
25,CH5 WAR,Repaired Mansion,2,Tony (the Prospect),player,The whole city?,3,RUN — authored order,vo.silentsquatch.return.briefing.prospect.wholecity,vo.silentsquatch.return.briefing.prospect.wholecity.mp3
25,CH5 WAR,Repaired Mansion,3,BIG UNCLE LOU SPUTTHOLE,lou1,Every pound of it. Squatchbourg is a crater. The A-Team’s desert compound is still exactly where it was.,18,RUN — authored order,vo.silentsquatch.return.briefing.lou.compoundstanding,vo.silentsquatch.return.briefing.lou.compoundstanding.mp3
25,CH5 WAR,Repaired Mansion,4,BIG UNCLE LOU SPUTTHOLE,lou1,"While we were admiring the hole, Sauce went missing.",9,RUN — authored order,vo.silentsquatch.return.briefing.lou.saucemissing,vo.silentsquatch.return.briefing.lou.saucemissing.mp3
25,CH5 WAR,Repaired Mansion,5,Tony (the Prospect),player,They took him?,3,RUN — authored order,vo.silentsquatch.return.briefing.prospect.tookhim,vo.silentsquatch.return.briefing.prospect.tookhim.mp3
25,CH5 WAR,Repaired Mansion,6,BIG UNCLE LOU SPUTTHOLE,lou1,"His restaurant burner and one of their estate gate logs put his name at an A-Team leadership estate. Could be a prisoner, could be a guest. You are going there tonight and finding out.",34,RUN — authored order,vo.silentsquatch.return.briefing.lou.estate,vo.silentsquatch.return.briefing.lou.estate.mp3
25,CH5 WAR,Repaired Mansion,7,Mansion guard,mansion-guard,Walk wherever you want today.,5,RUN — authored order,vo.silentsquatch.return.perimeter.wherever,vo.silentsquatch.return.perimeter.wherever.mp3
25,CH5 WAR,Repaired Mansion,8,Mansion guard,mansion-guard,Cameras are back up. Took them all night.,8,RUN — authored order,vo.silentsquatch.return.perimeter.camerasback,vo.silentsquatch.return.perimeter.camerasback.mp3
25,CH5 WAR,Repaired Mansion,9,mansion-guard-perimeter,mansion-guard-perimeter,Eleven laps and I still missed the whole thing. Story of my life.,13,RUN — authored order,vo.silentsquatch.return.perimeter.missedit,vo.silentsquatch.return.perimeter.missedit.mp3
25,CH5 WAR,Repaired Mansion,10,Lou's man at the top of the stairs,mansion-guard-stairs,Welcome back. He’s expecting you.,5,RUN — authored order,vo.silentsquatch.return.stairs.welcomeback,vo.silentsquatch.return.stairs.welcomeback.mp3
25,CH5 WAR,Repaired Mansion,11,Lou's man at the top of the stairs,mansion-guard-stairs,Nice work the other night. I mean that.,8,RUN — authored order,vo.silentsquatch.return.stairs.nicework,vo.silentsquatch.return.stairs.nicework.mp3
25,CH5 WAR,Repaired Mansion,12,Lou's man in the cellar,mansion-guard-basement,Go where you like. After the other night you’ve earned the run of it.,14,RUN — authored order,vo.silentsquatch.return.basement.runofit,vo.silentsquatch.return.basement.runofit.mp3
25,CH5 WAR,Repaired Mansion,13,Lou's man in the cellar,mansion-guard-basement,They came down these stairs at me. I got two. You got the rest.,14,RUN — authored order,vo.silentsquatch.return.basement.gottwo,vo.silentsquatch.return.basement.gottwo.mp3
25,CH5 WAR,Repaired Mansion,14,Lou's man on the vault,mansion-guard-vault,Door’s still open. I’m still here. Different reason now.,9,RUN — authored order,vo.silentsquatch.return.vault.differentreason,vo.silentsquatch.return.vault.differentreason.mp3
25,CH5 WAR,Repaired Mansion,15,Lou's man on the vault,mansion-guard-vault,"Whatever you did upstairs, nobody got past me down here. Not that night.",13,RUN — authored order,vo.silentsquatch.return.vault.nobodygotpast,vo.silentsquatch.return.vault.nobodygotpast.mp3
25,CH5 WAR,Repaired Mansion,16,Snow,snow,Six weeks. That’s what the man quoted me for the foyer alone.,12,RUN — authored order,vo.silentsquatch.return.snow.sixweeks,vo.silentsquatch.return.snow.sixweeks.mp3
25,CH5 WAR,Repaired Mansion,17,Snow,snow,I told you not to make more work for me. Nobody listens.,12,RUN — authored order,vo.silentsquatch.return.snow.nobodylistens,vo.silentsquatch.return.snow.nobodylistens.mp3
25,CH5 WAR,Repaired Mansion,18,Snow,snow,Marble you can’t patch. It has to come out and go back in.,13,RUN — authored order,vo.silentsquatch.return.snow.marblecomesout,vo.silentsquatch.return.snow.marblecomesout.mp3
25,CH5 WAR,Repaired Mansion,19,Snow,snow,Ask me at Christmas.,4,RUN — authored order,vo.silentsquatch.return.snow.askmeatchristmas,vo.silentsquatch.return.snow.askmeatchristmas.mp3
26,CH5 WAR,Cartel Palace,1,Tony (the Prospect),player,There’s a file open on that screen. That’s Sauce’s face on it.,12,RUN — authored order,vo.palace.tony.evidence.still.spot.1,vo.palace.tony.evidence.still.spot.1.mp3
26,CH5 WAR,Cartel Palace,2,Tony (the Prospect),player,Sauce… what the hell were you doing here?,8,RUN — authored order,vo.palace.tony.evidence.still.log.1,vo.palace.tony.evidence.still.log.1.mp3
26,CH5 WAR,Cartel Palace,3,Tony (the Prospect),player,"That’s Sauce’s. Pressed, hung, and nobody presses a hostage’s jacket.",10,RUN — authored order,vo.palace.tony.evidence.uniform.spot.1,vo.palace.tony.evidence.uniform.spot.1.mp3
26,CH5 WAR,Cartel Palace,4,Tony (the Prospect),player,His knives are still rolled. This keeps getting stranger.,9,RUN — authored order,vo.palace.tony.evidence.uniform.log.1,vo.palace.tony.evidence.uniform.log.1.mp3
26,CH5 WAR,Cartel Palace,5,Tony (the Prospect),player,A cob of corn on a cartel accountant’s desk. There is exactly one man who does that.,17,RUN — authored order,vo.palace.tony.evidence.ledger.spot.1,vo.palace.tony.evidence.ledger.spot.1.mp3
26,CH5 WAR,Cartel Palace,6,Tony (the Prospect),player,Short Bus. Consultant fourteen. Sauce was inside. One of our prospects countersigned the breach.,14,RUN — authored order,vo.palace.tony.evidence.ledger.log.1,vo.palace.tony.evidence.ledger.log.1.mp3
26,CH5 WAR,Cartel Palace,7,Tony (the Prospect),player,Three days we tore this state apart looking for you. You were down here getting paid.,16,RUN — authored order,vo.palace.tony.evidence.complete.1,vo.palace.tony.evidence.complete.1.mp3
26,CH5 WAR,Cartel Palace,8,Tony (the Prospect),player,Front hall’s clear. Nobody left standing in here who works for a living.,13,RUN — authored order,vo.palace.tony.cleared.entry.1,vo.palace.tony.cleared.entry.1.mp3
26,CH5 WAR,Cartel Palace,9,Tony (the Prospect),player,That’s the wing. Whole floor’s gone quiet.,7,RUN — authored order,vo.palace.tony.cleared.halls.1,vo.palace.tony.cleared.halls.1.mp3
26,CH5 WAR,Cartel Palace,10,Tony (the Prospect),player,Nobody else coming. Just me and whatever’s behind those doors.,10,RUN — authored order,vo.palace.tony.cleared.estate.1,vo.palace.tony.cleared.estate.1.mp3
26,CH5 WAR,Cartel Palace,11,Rosa,cleaner,"Oh — oh no. No. No, no, no—",8,RUN — authored order,vo.palace.cleaner.spotted.1,vo.palace.cleaner.spotted.1.mp3
26,CH5 WAR,Cartel Palace,12,Rosa,cleaner,Don’t shoot! Don’t shoot! Please!,5,RUN — authored order,vo.palace.cleaner.panic.one.1,vo.palace.cleaner.panic.one.1.mp3
26,CH5 WAR,Cartel Palace,13,Rosa,cleaner,"I only clean! I clean the floors, that is all I do!",12,RUN — authored order,vo.palace.cleaner.panic.two.1,vo.palace.cleaner.panic.two.1.mp3
26,CH5 WAR,Cartel Palace,14,Rosa,cleaner,Madre de Dios. Madre de Dios…,6,RUN — authored order,vo.palace.cleaner.cower.one.1,vo.palace.cleaner.cower.one.1.mp3
26,CH5 WAR,Cartel Palace,15,Rosa,cleaner,I have children. Please. I have children.,7,RUN — authored order,vo.palace.cleaner.cower.two.1,vo.palace.cleaner.cower.two.1.mp3
26,CH5 WAR,Cartel Palace,16,Rosa,cleaner,Take anything. Take everything. Just go. Please just go.,9,RUN — authored order,vo.palace.cleaner.plead.1,vo.palace.cleaner.plead.1.mp3
26,CH5 WAR,Cartel Palace,17,The Cartel Palace payroll,cartel-guard3,"Deliveries go round the back, friend. Round the— hey. HEY.",10,RUN — authored order,vo.palace.guard.watch.greet.1,vo.palace.guard.watch.greet.1.mp3
26,CH5 WAR,Cartel Palace,18,The Cartel Palace payroll,cartel-guard1,Contact! We’ve got a man inside the house!,8,RUN — authored order,vo.palace.guard.contact.one.1,vo.palace.guard.contact.one.1.mp3
26,CH5 WAR,Cartel Palace,19,The Cartel Palace payroll,cartel-guard2,"Eyes up! Eyes up, he’s in the wing!",8,RUN — authored order,vo.palace.guard.contact.two.1,vo.palace.guard.contact.two.1.mp3
26,CH5 WAR,Cartel Palace,20,The Cartel Palace payroll,cartel-guard3,Somebody wake the boss. Now.,5,RUN — authored order,vo.palace.guard.contact.three.1,vo.palace.guard.contact.three.1.mp3
26,CH5 WAR,Cartel Palace,21,The Cartel Palace payroll,cartel-guard1,I heard something. Down that way.,6,RUN — authored order,vo.palace.guard.search.one.1,vo.palace.guard.search.one.1.mp3
26,CH5 WAR,Cartel Palace,22,The Cartel Palace payroll,cartel-guard2,Check it. I’m not getting shot over a cat.,9,RUN — authored order,vo.palace.guard.search.two.1,vo.palace.guard.search.two.1.mp3
26,CH5 WAR,Cartel Palace,23,The Cartel Palace payroll,cartel-guard3,He’s down! Somebody just put him down!,7,RUN — authored order,vo.palace.guard.ally-down.one.1,vo.palace.guard.ally-down.one.1.mp3
26,CH5 WAR,Cartel Palace,24,The Cartel Palace payroll,cartel-guard1,Man down in the hall! Get up here!,8,RUN — authored order,vo.palace.guard.ally-down.two.1,vo.palace.guard.ally-down.two.1.mp3
26,CH5 WAR,Cartel Palace,25,The Cartel Palace payroll,cartel-guard1,You hear what the A-Team did in Jersey earlier this week? Big house. Old money.,15,RUN — authored order,vo.palace.shift.record.01.1,vo.palace.shift.record.01.1.mp3
26,CH5 WAR,Cartel Palace,26,The Cartel Palace payroll,cartel-guard2,I heard it was a mansion.,6,RUN — authored order,vo.palace.shift.record.02.1,vo.palace.shift.record.02.1.mp3
26,CH5 WAR,Cartel Palace,27,The Cartel Palace payroll,cartel-guard1,"It was a mansion. Twenty-two guys, up the front drive, like they had an appointment.",15,RUN — authored order,vo.palace.shift.record.03.1,vo.palace.shift.record.03.1.mp3
26,CH5 WAR,Cartel Palace,28,The Cartel Palace payroll,cartel-guard2,No back door. No roof. Front.,6,RUN — authored order,vo.palace.shift.record.04.1,vo.palace.shift.record.04.1.mp3
26,CH5 WAR,Cartel Palace,29,The Cartel Palace payroll,cartel-guard1,That is class. You cannot teach a man that.,9,RUN — authored order,vo.palace.shift.record.05.1,vo.palace.shift.record.05.1.mp3
26,CH5 WAR,Cartel Palace,30,The Cartel Palace payroll,cartel-guard2,"My cousin says they never made the playoffs. Not one year, not ever.",13,RUN — authored order,vo.palace.shift.record.06.1,vo.palace.shift.record.06.1.mp3
26,CH5 WAR,Cartel Palace,31,The Cartel Palace payroll,cartel-guard1,Your cousin parks cars.,4,RUN — authored order,vo.palace.shift.record.07.1,vo.palace.shift.record.07.1.mp3
26,CH5 WAR,Cartel Palace,32,The Cartel Palace payroll,cartel-guard2,He parks cars. I am telling you what he said.,10,RUN — authored order,vo.palace.shift.record.08.1,vo.palace.shift.record.08.1.mp3
26,CH5 WAR,Cartel Palace,33,The Cartel Palace payroll,cartel-guard1,The playoffs are a bracket on a wall. A bracket has never once come through a door and taken a man’s house off him.,24,RUN — authored order,vo.palace.shift.record.09.1,vo.palace.shift.record.09.1.mp3
26,CH5 WAR,Cartel Palace,34,The Cartel Palace payroll,cartel-guard2,That is fair.,3,RUN — authored order,vo.palace.shift.record.10.1,vo.palace.shift.record.10.1.mp3
26,CH5 WAR,Cartel Palace,35,The Cartel Palace payroll,cartel-guard1,"Nine seasons. Nine. Not one playoff game, and every crew on this coast still says the name.",17,RUN — authored order,vo.palace.shift.record.11.1,vo.palace.shift.record.11.1.mp3
26,CH5 WAR,Cartel Palace,36,The Cartel Palace payroll,cartel-guard2,They do say it.,4,RUN — authored order,vo.palace.shift.record.12.1,vo.palace.shift.record.12.1.mp3
26,CH5 WAR,Cartel Palace,37,The Cartel Palace payroll,cartel-guard1,You know how good you have to be to be that famous with nothing on the shelf?,17,RUN — authored order,vo.palace.shift.record.13.1,vo.palace.shift.record.13.1.mp3
26,CH5 WAR,Cartel Palace,38,The Cartel Palace payroll,cartel-guard2,Very good.,2,RUN — authored order,vo.palace.shift.record.14.1,vo.palace.shift.record.14.1.mp3
26,CH5 WAR,Cartel Palace,39,The Cartel Palace payroll,cartel-guard1,The best. That is the only way that math works out. The best.,13,RUN — authored order,vo.palace.shift.record.15.1,vo.palace.shift.record.15.1.mp3
26,CH5 WAR,Cartel Palace,40,The Cartel Palace payroll,cartel-guard2,I am not arguing with you. I said what my cousin said.,12,RUN — authored order,vo.palace.shift.record.16.1,vo.palace.shift.record.16.1.mp3
26,CH5 WAR,Cartel Palace,41,The Cartel Palace payroll,cartel-guard1,Then tell your cousin to go and park a car.,10,RUN — authored order,vo.palace.shift.record.17.1,vo.palace.shift.record.17.1.mp3
26,CH5 WAR,Cartel Palace,42,The Cartel Palace payroll,cartel-guard3,They put me back on nights. Third week running.,9,RUN — authored order,vo.palace.shift.overtime.01.1,vo.palace.shift.overtime.01.1.mp3
26,CH5 WAR,Cartel Palace,43,The Cartel Palace payroll,cartel-guard1,Nobody signed up for nights.,5,RUN — authored order,vo.palace.shift.overtime.02.1,vo.palace.shift.overtime.02.1.mp3
26,CH5 WAR,Cartel Palace,44,The Cartel Palace payroll,cartel-guard3,"Sixteen hours Thursday, and the man docks me forty minutes for the drive up.",14,RUN — authored order,vo.palace.shift.overtime.03.1,vo.palace.shift.overtime.03.1.mp3
26,CH5 WAR,Cartel Palace,45,The Cartel Palace payroll,cartel-guard1,The drive is not the shift. That is the rule.,10,RUN — authored order,vo.palace.shift.overtime.04.1,vo.palace.shift.overtime.04.1.mp3
26,CH5 WAR,Cartel Palace,46,The Cartel Palace payroll,cartel-guard3,The drive is where I do my thinking.,8,RUN — authored order,vo.palace.shift.overtime.05.1,vo.palace.shift.overtime.05.1.mp3
26,CH5 WAR,Cartel Palace,47,The Cartel Palace payroll,cartel-guard1,"You know who does not get docked? The A-Team. Flat number, gate to gate, agreed before anybody puts a boot in a door.",23,RUN — authored order,vo.palace.shift.overtime.06.1,vo.palace.shift.overtime.06.1.mp3
26,CH5 WAR,Cartel Palace,48,The Cartel Palace payroll,cartel-guard3,"Flat, gate to gate. That is an outfit that respects itself.",11,RUN — authored order,vo.palace.shift.overtime.07.1,vo.palace.shift.overtime.07.1.mp3
26,CH5 WAR,Cartel Palace,49,The Cartel Palace payroll,cartel-guard1,"That is what a trophy actually is. A number, in your hand, before the work.",15,RUN — authored order,vo.palace.shift.overtime.08.1,vo.palace.shift.overtime.08.1.mp3
26,CH5 WAR,Cartel Palace,50,The Cartel Palace payroll,cartel-guard3,And they have never won a thing.,7,RUN — authored order,vo.palace.shift.overtime.09.1,vo.palace.shift.overtime.09.1.mp3
26,CH5 WAR,Cartel Palace,51,The Cartel Palace payroll,cartel-guard1,Never won a thing. Never lost a man either. Pick which one you want cut into your stone.,18,RUN — authored order,vo.palace.shift.overtime.10.1,vo.palace.shift.overtime.10.1.mp3
26,CH5 WAR,Cartel Palace,52,The Cartel Palace payroll,cartel-guard3,I want the second one.,5,RUN — authored order,vo.palace.shift.overtime.11.1,vo.palace.shift.overtime.11.1.mp3
26,CH5 WAR,Cartel Palace,53,The Cartel Palace payroll,cartel-guard1,Everybody wants the second one. Nobody trains for it.,9,RUN — authored order,vo.palace.shift.overtime.12.1,vo.palace.shift.overtime.12.1.mp3
26,CH5 WAR,Cartel Palace,54,The Cartel Palace payroll,cartel-guard1,It is your door tonight.,5,RUN — authored order,vo.palace.shift.door.01.1,vo.palace.shift.door.01.1.mp3
26,CH5 WAR,Cartel Palace,55,The Cartel Palace payroll,cartel-guard3,"It is not my door. I had the door Sunday, and Sunday is two doors.",15,RUN — authored order,vo.palace.shift.door.02.1,vo.palace.shift.door.02.1.mp3
26,CH5 WAR,Cartel Palace,56,The Cartel Palace payroll,cartel-guard1,Sunday is one door.,4,RUN — authored order,vo.palace.shift.door.03.1,vo.palace.shift.door.03.1.mp3
26,CH5 WAR,Cartel Palace,57,The Cartel Palace payroll,cartel-guard3,"Sunday is two doors, because the kitchen brings the ice in through the front, and that is a door.",19,RUN — authored order,vo.palace.shift.door.04.1,vo.palace.shift.door.04.1.mp3
26,CH5 WAR,Cartel Palace,58,The Cartel Palace payroll,cartel-guard1,The ice is not a door.,6,RUN — authored order,vo.palace.shift.door.05.1,vo.palace.shift.door.05.1.mp3
26,CH5 WAR,Cartel Palace,59,The Cartel Palace payroll,cartel-guard3,The ice is a door.,5,RUN — authored order,vo.palace.shift.door.06.1,vo.palace.shift.door.06.1.mp3
26,CH5 WAR,Cartel Palace,60,The Cartel Palace payroll,cartel-guard1,You know how the A-Team runs it? They have no door man. All twenty-two do the door.,17,RUN — authored order,vo.palace.shift.door.07.1,vo.palace.shift.door.07.1.mp3
26,CH5 WAR,Cartel Palace,61,The Cartel Palace payroll,cartel-guard3,That is because they arrive at the door. It is a different relationship.,13,RUN — authored order,vo.palace.shift.door.08.1,vo.palace.shift.door.08.1.mp3
26,CH5 WAR,Cartel Palace,62,The Cartel Palace payroll,cartel-guard1,"That is the whole job, though. Arrive at the door.",10,RUN — authored order,vo.palace.shift.door.09.1,vo.palace.shift.door.09.1.mp3
26,CH5 WAR,Cartel Palace,63,The Cartel Palace payroll,cartel-guard3,I would work for them tomorrow.,6,RUN — authored order,vo.palace.shift.door.10.1,vo.palace.shift.door.10.1.mp3
26,CH5 WAR,Cartel Palace,64,The Cartel Palace payroll,cartel-guard1,You would not last the week. They run drills.,9,RUN — authored order,vo.palace.shift.door.11.1,vo.palace.shift.door.11.1.mp3
26,CH5 WAR,Cartel Palace,65,The Cartel Palace payroll,cartel-guard3,I would do drills. For that money I would do drills.,11,RUN — authored order,vo.palace.shift.door.12.1,vo.palace.shift.door.12.1.mp3
26,CH5 WAR,Cartel Palace,66,The Cartel Palace payroll,cartel-guard2,Did you eat?,3,RUN — authored order,vo.palace.shift.kitchen.01.1,vo.palace.shift.kitchen.01.1.mp3
26,CH5 WAR,Cartel Palace,67,The Cartel Palace payroll,cartel-guard3,There is a tray in the kitchen. It has been in the kitchen since the afternoon.,16,RUN — authored order,vo.palace.shift.kitchen.02.1,vo.palace.shift.kitchen.02.1.mp3
26,CH5 WAR,Cartel Palace,68,The Cartel Palace payroll,cartel-guard2,What is on it?,4,RUN — authored order,vo.palace.shift.kitchen.03.1,vo.palace.shift.kitchen.03.1.mp3
26,CH5 WAR,Cartel Palace,69,The Cartel Palace payroll,cartel-guard3,Something with a bone in it. I would not.,9,RUN — authored order,vo.palace.shift.kitchen.04.1,vo.palace.shift.kitchen.04.1.mp3
26,CH5 WAR,Cartel Palace,70,The Cartel Palace payroll,cartel-guard2,"The boss eats at a table with a napkin the size of a bedsheet, and we get a bone.",19,RUN — authored order,vo.palace.shift.kitchen.05.1,vo.palace.shift.kitchen.05.1.mp3
26,CH5 WAR,Cartel Palace,71,The Cartel Palace payroll,cartel-guard3,Do not say that in this hallway.,7,RUN — authored order,vo.palace.shift.kitchen.06.1,vo.palace.shift.kitchen.06.1.mp3
26,CH5 WAR,Cartel Palace,72,The Cartel Palace payroll,cartel-guard2,I am saying it in this hallway.,7,RUN — authored order,vo.palace.shift.kitchen.07.1,vo.palace.shift.kitchen.07.1.mp3
26,CH5 WAR,Cartel Palace,73,The Cartel Palace payroll,cartel-guard3,"The A-Team eat before a job. Every man, sat down, hot food. That is in how they do it.",19,RUN — authored order,vo.palace.shift.kitchen.08.1,vo.palace.shift.kitchen.08.1.mp3
26,CH5 WAR,Cartel Palace,74,The Cartel Palace payroll,cartel-guard2,They have a book?,4,RUN — authored order,vo.palace.shift.kitchen.09.1,vo.palace.shift.kitchen.09.1.mp3
26,CH5 WAR,Cartel Palace,75,The Cartel Palace payroll,cartel-guard3,"They have a way. Whether anybody wrote it down, I could not tell you.",14,RUN — authored order,vo.palace.shift.kitchen.10.1,vo.palace.shift.kitchen.10.1.mp3
26,CH5 WAR,Cartel Palace,76,The Cartel Palace payroll,cartel-guard2,"Nine years, no playoffs, and they still eat hot before they go in.",13,RUN — authored order,vo.palace.shift.kitchen.11.1,vo.palace.shift.kitchen.11.1.mp3
26,CH5 WAR,Cartel Palace,77,The Cartel Palace payroll,cartel-guard3,Those two things are not connected.,6,RUN — authored order,vo.palace.shift.kitchen.12.1,vo.palace.shift.kitchen.12.1.mp3
26,CH5 WAR,Cartel Palace,78,The Cartel Palace payroll,cartel-guard2,I think they are connected.,5,RUN — authored order,vo.palace.shift.kitchen.13.1,vo.palace.shift.kitchen.13.1.mp3
26,CH5 WAR,Cartel Palace,79,Mark,mark,Tony. Sit down. We are having the veal — Sauce’s recipe. He was going to tell you. Eventually.,18,RUN — authored order,vo.palace.finale.mark.arrival.quiet-1.1,vo.palace.finale.mark.arrival.quiet-1.1.mp3
26,CH5 WAR,Cartel Palace,80,Mark,mark,You shot your way through my payroll to ruin a quiet dinner. Sit down anyway. The veal is getting cold.,20,RUN — authored order,vo.palace.finale.mark.arrival.loud-1.1,vo.palace.finale.mark.arrival.loud-1.1.mp3
26,CH5 WAR,Cartel Palace,81,Tony (the Prospect),player,"Three days. Three days we burned this state down looking for you, Sauce.",13,RUN — authored order,vo.palace.finale.tony.accuse-1.1,vo.palace.finale.tony.accuse-1.1.mp3
26,CH5 WAR,Cartel Palace,82,Tony (the Prospect),player,Your knives are folded in the guest suite next to your passport. Prisoners don’t get turn-down service.,17,RUN — authored order,vo.palace.finale.tony.accuse.belongings-1.1,vo.palace.finale.tony.accuse.belongings-1.1.mp3
26,CH5 WAR,Cartel Palace,83,Tony (the Prospect),player,And the cameras caught you waving them goodnight. Nobody has ever chained you to anything.,15,RUN — authored order,vo.palace.finale.tony.accuse.still-1.1,vo.palace.finale.tony.accuse.still-1.1.mp3
26,CH5 WAR,Cartel Palace,84,Sauce,sauce,"Okay. Yeah. The kidnapping was less of a kidnapping and more of a — Mark, help me with the word.",20,RUN — authored order,vo.palace.finale.sauce.admission.cornered-1.1,vo.palace.finale.sauce.admission.cornered-1.1.mp3
26,CH5 WAR,Cartel Palace,85,Mark,mark,A rebrand.,2,RUN — authored order,vo.palace.finale.mark.admission.cornered-2.1,vo.palace.finale.mark.admission.cornered-2.1.mp3
26,CH5 WAR,Cartel Palace,86,Sauce,sauce,"A rebrand. The family paid me in exposure and gunfire, Tony. Here I get dental. And a pool.",18,RUN — authored order,vo.palace.finale.sauce.admission.cornered-3.1,vo.palace.finale.sauce.admission.cornered-3.1.mp3
26,CH5 WAR,Cartel Palace,87,Sauce,sauce,"Whoa, whoa. ‘Never a prisoner’ is a strong read. I was reluctant. At first. The first week. Day. The drive over.",21,RUN — authored order,vo.palace.finale.sauce.admission.pressed-1.1,vo.palace.finale.sauce.admission.pressed-1.1.mp3
26,CH5 WAR,Cartel Palace,88,Sauce,sauce,"Prisoner! That’s me. Blink twice, right? I’m blinking, Tony. This is me, blinking.",13,RUN — authored order,vo.palace.finale.sauce.admission.denial-1.1,vo.palace.finale.sauce.admission.denial-1.1.mp3
26,CH5 WAR,Cartel Palace,89,Mark,mark,"He cooks, I pay, and nobody down there missed him until the food got worse. I’d apologize, but look at my house. I’m not sorry about anything.",27,RUN — authored order,vo.palace.finale.mark.mark.cornered-1.1,vo.palace.finale.mark.mark.cornered-1.1.mp3
26,CH5 WAR,Cartel Palace,90,Mark,mark,He begged me for this job. Ask the wall he did not climb over.,14,RUN — authored order,vo.palace.finale.mark.mark.pressed-1.1,vo.palace.finale.mark.mark.pressed-1.1.mp3
26,CH5 WAR,Cartel Palace,91,Mark,mark,You broke into my home with a theory and a rifle. One of those is loaded.,16,RUN — authored order,vo.palace.finale.mark.mark.denial-1.1,vo.palace.finale.mark.mark.denial-1.1.mp3
26,CH5 WAR,Cartel Palace,92,Mark’s wife,mark-wife,"No, no, no. Baby — whoever you are — not the face. He just had work done. There is a DEPOSIT.",21,RUN — authored order,vo.palace.finale.wife.begging.wife-1.1,vo.palace.finale.wife.begging.wife-1.1.mp3
26,CH5 WAR,Cartel Palace,93,Mark’s wife,mark-wife,Take the cars. Take Sauce — he over-salts everything anyway—,10,RUN — authored order,vo.palace.finale.wife.begging.wife-2.1,vo.palace.finale.wife.begging.wife-2.1.mp3
26,CH5 WAR,Cartel Palace,94,Sauce,sauce,Hey!,1,RUN — authored order,vo.palace.finale.sauce.begging.wife-3.1,vo.palace.finale.sauce.begging.wife-3.1.mp3
26,CH5 WAR,Cartel Palace,95,Mark’s wife,mark-wife,—but nobody dies at dinner. This rug is hand-knotted. Blood never comes out of hand-knotted.,15,RUN — authored order,vo.palace.finale.wife.begging.wife-4.1,vo.palace.finale.wife.begging.wife-4.1.mp3
26,CH5 WAR,Cartel Palace,96,Lola,lola,"Boss man, listen. Me and him, we have personally witnessed maybe four hundred murders—",14,RUN — authored order,vo.palace.finale.lola.begging.shorts-1.1,vo.palace.finale.lola.begging.shorts-1.1.mp3
26,CH5 WAR,Cartel Palace,97,Johnny,johnny,—five hundred—,2,RUN — authored order,vo.palace.finale.johnny.begging.shorts-2.1,vo.palace.finale.johnny.begging.shorts-2.1.mp3
26,CH5 WAR,Cartel Palace,98,Lola,lola,"—five hundred murders, and not one of them improved the evening.",11,RUN — authored order,vo.palace.finale.lola.begging.shorts-3.1,vo.palace.finale.lola.begging.shorts-3.1.mp3
26,CH5 WAR,Cartel Palace,99,Johnny,johnny,"Kill nobody, and we validate parking. Kill somebody, and we scream, we dive under the table, it becomes a whole thing.",21,RUN — authored order,vo.palace.finale.johnny.begging.shorts-4.1,vo.palace.finale.johnny.begging.shorts-4.1.mp3
26,CH5 WAR,Cartel Palace,100,Lola,lola,"It is rehearsed, but it is a whole thing.",9,RUN — authored order,vo.palace.finale.lola.begging.shorts-5.1,vo.palace.finale.lola.begging.shorts-5.1.mp3
26,CH5 WAR,Cartel Palace,101,Mark,mark,Enough. He did not climb my wall to hear the help negotiate.,12,RUN — authored order,vo.palace.finale.mark.go-1.1,vo.palace.finale.mark.go-1.1.mp3
26,CH5 WAR,Cartel Palace,102,Tony (the Prospect),player,The ledger says you bought him. The footage says he sold us. I say dinner’s over.,16,RUN — authored order,vo.palace.finale.tony.go-2.1,vo.palace.finale.tony.go-2.1.mp3
26,CH5 WAR,Cartel Palace,103,Mark,mark,It is. Sauce — you brought him into my house. You entertain him.,13,RUN — authored order,vo.palace.finale.mark.go-3.1,vo.palace.finale.mark.go-3.1.mp3
26,CH5 WAR,Cartel Palace,104,Sauce,sauce,Mark. Mark! MARK.,3,RUN — authored order,vo.palace.finale.sauce.mark.scramble-1.1,vo.palace.finale.sauce.mark.scramble-1.1.mp3
26,CH5 WAR,Cartel Palace,105,Mark’s wife,mark-wife,He is very fast for a big man. He has always been very fast.,14,RUN — authored order,vo.palace.finale.wife.mark.scramble-2.1,vo.palace.finale.wife.mark.scramble-2.1.mp3
26,CH5 WAR,Cartel Palace,106,Sauce,sauce,"Twenty years. Twenty years I cooked for that man, and he is going to leave me at the table.",19,RUN — authored order,vo.palace.finale.sauce.sauce.alone-1.1,vo.palace.finale.sauce.sauce.alone-1.1.mp3
26,CH5 WAR,Cartel Palace,107,Sauce,sauce,"Fine. FINE. You want to know what I am, Tony? I am the only one in this house who ever finished anything.",22,RUN — authored order,vo.palace.finale.sauce.sauce.alone-2.1,vo.palace.finale.sauce.sauce.alone-2.1.mp3
26,CH5 WAR,Cartel Palace,108,Mark’s wife,mark-wife,"The CHEF?! Who garnishes the branzino now, you son of a bitch?!",12,RUN — authored order,vo.palace.finale.wife.react.sauce-down-1.1,vo.palace.finale.wife.react.sauce-down-1.1.mp3
26,CH5 WAR,Cartel Palace,109,Johnny,johnny,He still owed me forty bucks—,6,RUN — authored order,vo.palace.finale.johnny.react.sauce-down-2.1,vo.palace.finale.johnny.react.sauce-down-2.1.mp3
26,CH5 WAR,Cartel Palace,110,Lola,lola,"—forty bucks, gone. AWAY from the table. AWAY from the table!",11,RUN — authored order,vo.palace.finale.lola.react.sauce-down-3.1,vo.palace.finale.lola.react.sauce-down-3.1.mp3
26,CH5 WAR,Cartel Palace,111,Lola,lola,We do not cook. We never cooked. We carried things for a man who is now on the tablecloth.,19,RUN — authored order,vo.palace.finale.lola.begging.after-sauce-1.1,vo.palace.finale.lola.begging.after-sauce-1.1.mp3
26,CH5 WAR,Cartel Palace,112,Johnny,johnny,We can carry things for you. We are very good at carrying things.,13,RUN — authored order,vo.palace.finale.johnny.begging.after-sauce-2.1,vo.palace.finale.johnny.begging.after-sauce-2.1.mp3
26,CH5 WAR,Cartel Palace,113,Lola,lola,That is the whole offer. It is not a big offer.,11,RUN — authored order,vo.palace.finale.lola.begging.after-sauce-3.1,vo.palace.finale.lola.begging.after-sauce-3.1.mp3
26,CH5 WAR,Cartel Palace,114,Mark,mark,You shot my chef in my dining room. At my own table.,12,RUN — authored order,vo.palace.finale.mark.reprisal.enter.cold-1.1,vo.palace.finale.mark.reprisal.enter.cold-1.1.mp3
26,CH5 WAR,Cartel Palace,115,Mark,mark,I was going to let you leave here with a theory. Now I have to do the leaving-you-here part myself.,20,RUN — authored order,vo.palace.finale.mark.reprisal.enter.cold-2.1,vo.palace.finale.mark.reprisal.enter.cold-2.1.mp3
26,CH5 WAR,Cartel Palace,116,Mark,mark,They CARRIED things. That is the whole of what they did in this house. They carried things.,17,RUN — authored order,vo.palace.finale.mark.reprisal.enter.enraged-1.1,vo.palace.finale.mark.reprisal.enter.enraged-1.1.mp3
26,CH5 WAR,Cartel Palace,117,Mark,mark,Nothing in your ledger said to do that. You read my books and then you did that anyway.,18,RUN — authored order,vo.palace.finale.mark.reprisal.enter.enraged-2.1,vo.palace.finale.mark.reprisal.enter.enraged-2.1.mp3
26,CH5 WAR,Cartel Palace,118,Mark,mark,Come here.,2,RUN — authored order,vo.palace.finale.mark.reprisal.enter.enraged-3.1,vo.palace.finale.mark.reprisal.enter.enraged-3.1.mp3
26,CH5 WAR,Cartel Palace,119,Mark,mark,All right. All right — that is a good rifle.,10,RUN — authored order,vo.palace.finale.mark.reprisal.armor-broken-1.1,vo.palace.finale.mark.reprisal.armor-broken-1.1.mp3
26,CH5 WAR,Cartel Palace,120,Mark,mark,BOYS. Dining room. Bring everybody.,5,RUN — authored order,vo.palace.finale.mark.reprisal.armor-broken-2.1,vo.palace.finale.mark.reprisal.armor-broken-2.1.mp3
26,CH5 WAR,Cartel Palace,121,Mark’s wife,mark-wife,That is the good crew. He keeps the good crew for weddings.,12,RUN — authored order,vo.palace.finale.wife.reprisal.wave-1.1,vo.palace.finale.wife.reprisal.wave-1.1.mp3
26,CH5 WAR,Cartel Palace,122,Johnny,johnny,They are all on the rug.,6,RUN — authored order,vo.palace.finale.johnny.reprisal.wave-cleared-1.1,vo.palace.finale.johnny.reprisal.wave-cleared-1.1.mp3
26,CH5 WAR,Cartel Palace,123,Mark’s wife,mark-wife,They are ALL on the rug.,6,RUN — authored order,vo.palace.finale.wife.reprisal.wave-cleared-2.1,vo.palace.finale.wife.reprisal.wave-cleared-2.1.mp3
26,CH5 WAR,Cartel Palace,124,Mark,mark,No vest. No boys. No chef.,6,RUN — authored order,vo.palace.finale.mark.reprisal.final.cold-1.1,vo.palace.finale.mark.reprisal.final.cold-1.1.mp3
26,CH5 WAR,Cartel Palace,125,Mark,mark,"Just the man who came to my house with a ledger, and me.",13,RUN — authored order,vo.palace.finale.mark.reprisal.final.cold-2.1,vo.palace.finale.mark.reprisal.final.cold-2.1.mp3
26,CH5 WAR,Cartel Palace,126,Mark,mark,They carried things.,3,RUN — authored order,vo.palace.finale.mark.reprisal.final.enraged-1.1,vo.palace.finale.mark.reprisal.final.enraged-1.1.mp3
26,CH5 WAR,Cartel Palace,127,Mark,mark,"Say one word to me about the ledger. Say one word, and I will put you through the wall my wife chose.",22,RUN — authored order,vo.palace.finale.mark.reprisal.final.enraged-2.1,vo.palace.finale.mark.reprisal.final.enraged-2.1.mp3
26,CH5 WAR,Cartel Palace,128,Mark’s wife,mark-wife,"MARCO! You shot him in the FACE — the deposit, you ANIMAL, the DEPOSIT!",14,RUN — authored order,vo.palace.finale.wife.react.mark-first-1.1,vo.palace.finale.wife.react.mark-first-1.1.mp3
26,CH5 WAR,Cartel Palace,129,Lola,lola,NOT the table! AWAY from the table!,7,RUN — authored order,vo.palace.finale.lola.react.mark-first-2.1,vo.palace.finale.lola.react.mark-first-2.1.mp3
26,CH5 WAR,Cartel Palace,130,Johnny,johnny,AWAY FROM THE TABLE!,4,RUN — authored order,vo.palace.finale.johnny.react.mark-first-3.1,vo.palace.finale.johnny.react.mark-first-3.1.mp3
26,CH5 WAR,Cartel Palace,131,Lola,lola,Wall. The WALL is cover. A table is a table.,10,RUN — authored order,vo.palace.finale.lola.react.dive-landed-1.1,vo.palace.finale.lola.react.dive-landed-1.1.mp3
26,CH5 WAR,Cartel Palace,132,Johnny,johnny,I am updating the procedure.,5,RUN — authored order,vo.palace.finale.johnny.react.dive-landed-2.1,vo.palace.finale.johnny.react.dive-landed-2.1.mp3
26,CH5 WAR,Cartel Palace,133,Mark’s wife,mark-wife,"FINE! Fine. I hope every rug you ever love betrays you. Now get out of my house, you gorgeous psychopath!",20,RUN — authored order,vo.palace.finale.wife.react.all-down-1.1,vo.palace.finale.wife.react.all-down-1.1.mp3
26,CH5 WAR,Cartel Palace,134,Lola,lola,We saw nothing.,3,RUN — authored order,vo.palace.finale.lola.react.all-down-2.1,vo.palace.finale.lola.react.all-down-2.1.mp3
26,CH5 WAR,Cartel Palace,135,Johnny,johnny,We are continuing to see nothing.,6,RUN — authored order,vo.palace.finale.johnny.react.all-down-3.1,vo.palace.finale.johnny.react.all-down-3.1.mp3
26,CH5 WAR,Cartel Palace,136,Lola,lola,He shot the missus! The missus is DOWN!,8,RUN — authored order,vo.palace.finale.lola.react.wife-down-1.1,vo.palace.finale.lola.react.wife-down-1.1.mp3
26,CH5 WAR,Cartel Palace,137,Johnny,johnny,On the RUG! She is ON the rug!,8,RUN — authored order,vo.palace.finale.johnny.react.wife-down-2.1,vo.palace.finale.johnny.react.wife-down-2.1.mp3
26,CH5 WAR,Cartel Palace,138,Johnny,johnny,"LOLA. You had two centimetres on me. Two whole centimetres, and you never once let me forget it.",18,RUN — authored order,vo.palace.finale.johnny.react.lola-down-1.1,vo.palace.finale.johnny.react.lola-down-1.1.mp3
26,CH5 WAR,Cartel Palace,139,Lola,lola,JOHNNY! You magnificent half-portion — I am not covering your shifts!,11,RUN — authored order,vo.palace.finale.lola.react.johnny-down-1.1,vo.palace.finale.lola.react.johnny-down-1.1.mp3
26,CH5 WAR,Cartel Palace,140,Tony (the Prospect),player,"Sauce, SHORT BUS logged the Silver Case at Lou’s mansion at 17:55, the breach at 02:10, and an active prospect countersigned the inside timing. You sold them the address and the hour. Somebody in our line helped you.",38,RUN — authored order,vo.palace.finale.tony.accuse.case-route-1.1,vo.palace.finale.tony.accuse.case-route-1.1.mp3
27,CH6 THIS THING OF OURS,Special Meeting Call,1,Tony (the Prospect),player,Right. That's Sauce dealt with. That's a sentence I've said out loud now.,13,RUN — authored order,vo.specialmeeting.tony.idle_before.1,vo.specialmeeting.tony.idle_before.1.mp3
27,CH6 THIS THING OF OURS,Special Meeting Call,2,Tony (the Prospect),player,Nobody's rung. Nobody's rung all day.,6,RUN — authored order,vo.specialmeeting.tony.idle_before.2,vo.specialmeeting.tony.idle_before.2.mp3
27,CH6 THIS THING OF OURS,Special Meeting Call,3,Tony (the Prospect),player,I keep waiting for someone to tell me whether that was the right call.,14,RUN — authored order,vo.specialmeeting.tony.idle_before.3,vo.specialmeeting.tony.idle_before.3.mp3
27,CH6 THIS THING OF OURS,Special Meeting Call,4,Tony (the Prospect),player,The flat's exactly the same. That's the strange bit.,9,RUN — authored order,vo.specialmeeting.tony.idle_before.4,vo.specialmeeting.tony.idle_before.4.mp3
27,CH6 THIS THING OF OURS,Special Meeting Call,5,Tony (the Prospect),player,I could ring somebody. And say what.,7,RUN — authored order,vo.specialmeeting.tony.idle_before.5,vo.specialmeeting.tony.idle_before.5.mp3
27,CH6 THIS THING OF OURS,Special Meeting Call,6,Tony (the Prospect),player,I've had a shower and I can still smell that house.,11,RUN — authored order,vo.specialmeeting.tony.idle_before.6,vo.specialmeeting.tony.idle_before.6.mp3
27,CH6 THIS THING OF OURS,Special Meeting Call,7,Tony (the Prospect),player,"Shoes are ruined. Not mine, that. That's the good version.",10,RUN — authored order,vo.specialmeeting.tony.idle_before.7,vo.specialmeeting.tony.idle_before.7.mp3
27,CH6 THIS THING OF OURS,Special Meeting Call,8,Tony (the Prospect),player,"Sit down, Tony. That's the whole plan. That's the entire plan.",11,RUN — authored order,vo.specialmeeting.tony.idle_before.8,vo.specialmeeting.tony.idle_before.8.mp3
27,CH6 THIS THING OF OURS,Special Meeting Call,9,Booski,booski,Prospect.,1,RUN — authored order,vo.call.booski.special_meeting.1,vo.call.booski.special_meeting.1.mp3
27,CH6 THIS THING OF OURS,Special Meeting Call,10,Tony (the Prospect),player,What's up?,2,RUN — authored order,vo.call.booski.special_meeting.tony.1,vo.call.booski.special_meeting.tony.1.mp3
27,CH6 THIS THING OF OURS,Special Meeting Call,11,Booski,booski,We're having a meeting tonight.,5,RUN — authored order,vo.call.booski.special_meeting.2,vo.call.booski.special_meeting.2.mp3
27,CH6 THIS THING OF OURS,Special Meeting Call,12,Tony (the Prospect),player,Yeah?,1,RUN — authored order,vo.call.booski.special_meeting.tony.2,vo.call.booski.special_meeting.tony.2.mp3
27,CH6 THIS THING OF OURS,Special Meeting Call,13,Booski,booski,Yeah. Special one.,3,RUN — authored order,vo.call.booski.special_meeting.3,vo.call.booski.special_meeting.3.mp3
27,CH6 THIS THING OF OURS,Special Meeting Call,14,Tony (the Prospect),player,What kinda special?,3,RUN — authored order,vo.call.booski.special_meeting.tony.3,vo.call.booski.special_meeting.tony.3.mp3
27,CH6 THIS THING OF OURS,Special Meeting Call,15,Booski,booski,You'll find out.,3,RUN — authored order,vo.call.booski.special_meeting.4,vo.call.booski.special_meeting.4.mp3
27,CH6 THIS THING OF OURS,Special Meeting Call,16,Tony (the Prospect),player,Where?,1,RUN — authored order,vo.call.booski.special_meeting.tony.4,vo.call.booski.special_meeting.tony.4.mp3
27,CH6 THIS THING OF OURS,Special Meeting Call,17,Booski,booski,Don't worry about that. We're sending some guys over to pick you up.,13,RUN — authored order,vo.call.booski.special_meeting.5,vo.call.booski.special_meeting.5.mp3
27,CH6 THIS THING OF OURS,Special Meeting Call,18,Tony (the Prospect),player,Who?,1,RUN — authored order,vo.call.booski.special_meeting.tony.5,vo.call.booski.special_meeting.tony.5.mp3
27,CH6 THIS THING OF OURS,Special Meeting Call,19,Booski,booski,"Seff, Lag and Numbskull. They'll be there soon.",8,RUN — authored order,vo.call.booski.special_meeting.6,vo.call.booski.special_meeting.6.mp3
27,CH6 THIS THING OF OURS,Special Meeting Call,20,Tony (the Prospect),player,"Booski, what is this?",4,RUN — authored order,vo.call.booski.special_meeting.tony.6,vo.call.booski.special_meeting.tony.6.mp3
27,CH6 THIS THING OF OURS,Special Meeting Call,21,Booski,booski,"It's a meeting, Prospect. Put on something decent.",8,RUN — authored order,vo.call.booski.special_meeting.7,vo.call.booski.special_meeting.7.mp3
28,CH6 THIS THING OF OURS,Pickup / Ride,1,Tony (the Prospect),player,…Right.,1,RUN — authored order,vo.specialmeeting.tony.dead_line.1,vo.specialmeeting.tony.dead_line.1.mp3
28,CH6 THIS THING OF OURS,Pickup / Ride,2,Tony (the Prospect),player,He's not picking up. He literally just put the phone down.,11,RUN — authored order,vo.specialmeeting.tony.call_back.1,vo.specialmeeting.tony.call_back.1.mp3
28,CH6 THIS THING OF OURS,Pickup / Ride,3,Tony (the Prospect),player,It's not even ringing out. It's just ringing.,8,RUN — authored order,vo.specialmeeting.tony.call_back.2,vo.specialmeeting.tony.call_back.2.mp3
28,CH6 THIS THING OF OURS,Pickup / Ride,4,Tony (the Prospect),player,Fine. Fine.,2,RUN — authored order,vo.specialmeeting.tony.call_back.3,vo.specialmeeting.tony.call_back.3.mp3
28,CH6 THIS THING OF OURS,Pickup / Ride,5,Tony (the Prospect),player,'Special one.',2,RUN — authored order,vo.specialmeeting.tony.idle_after.1,vo.specialmeeting.tony.idle_after.1.mp3
28,CH6 THIS THING OF OURS,Pickup / Ride,6,Tony (the Prospect),player,He's never once told me where. Not once. Not one time.,11,RUN — authored order,vo.specialmeeting.tony.idle_after.2,vo.specialmeeting.tony.idle_after.2.mp3
28,CH6 THIS THING OF OURS,Pickup / Ride,7,Tony (the Prospect),player,"Seff, Lag and Numbskull. That's three.",6,RUN — authored order,vo.specialmeeting.tony.idle_after.3,vo.specialmeeting.tony.idle_after.3.mp3
28,CH6 THIS THING OF OURS,Pickup / Ride,8,Tony (the Prospect),player,Three of them. To collect one bloke.,7,RUN — authored order,vo.specialmeeting.tony.idle_after.4,vo.specialmeeting.tony.idle_after.4.mp3
28,CH6 THIS THING OF OURS,Pickup / Ride,9,Tony (the Prospect),player,Put on something decent. Right. Decent.,6,RUN — authored order,vo.specialmeeting.tony.idle_after.5,vo.specialmeeting.tony.idle_after.5.mp3
28,CH6 THIS THING OF OURS,Pickup / Ride,10,Tony (the Prospect),player,It's a meeting. He said it's a meeting.,8,RUN — authored order,vo.specialmeeting.tony.idle_after.6,vo.specialmeeting.tony.idle_after.6.mp3
28,CH6 THIS THING OF OURS,Pickup / Ride,11,Tony (the Prospect),player,I'm reading into it. I'm aware I'm reading into it.,10,RUN — authored order,vo.specialmeeting.tony.idle_after.7,vo.specialmeeting.tony.idle_after.7.mp3
28,CH6 THIS THING OF OURS,Pickup / Ride,12,Tony (the Prospect),player,I'd feel better if he'd shouted at me.,8,RUN — authored order,vo.specialmeeting.tony.idle_after.8,vo.specialmeeting.tony.idle_after.8.mp3
28,CH6 THIS THING OF OURS,Pickup / Ride,13,Tony (the Prospect),player,What do you wear to a special one.,8,RUN — authored order,vo.specialmeeting.tony.getting_ready.1,vo.specialmeeting.tony.getting_ready.1.mp3
28,CH6 THIS THING OF OURS,Pickup / Ride,14,Tony (the Prospect),player,That'll do. That's decent.,4,RUN — authored order,vo.specialmeeting.tony.getting_ready.2,vo.specialmeeting.tony.getting_ready.2.mp3
28,CH6 THIS THING OF OURS,Pickup / Ride,15,Tony (the Prospect),player,"That's the jacket, then. That's the one I've picked.",9,RUN — authored order,vo.specialmeeting.tony.getting_ready.3,vo.specialmeeting.tony.getting_ready.3.mp3
28,CH6 THIS THING OF OURS,Pickup / Ride,16,Tony (the Prospect),player,It's a meeting. It's a meeting and I've been asked to it.,12,RUN — authored order,vo.specialmeeting.tony.getting_ready.4,vo.specialmeeting.tony.getting_ready.4.mp3
28,CH6 THIS THING OF OURS,Pickup / Ride,17,Tony (the Prospect),player,No. He said they're coming here. I'm not walking out on that.,12,RUN — authored order,vo.specialmeeting.tony.door_refusal.1,vo.specialmeeting.tony.door_refusal.1.mp3
28,CH6 THIS THING OF OURS,Pickup / Ride,18,Tony (the Prospect),player,"They're picking me up. If I'm not in when they get here, that's on me.",15,RUN — authored order,vo.specialmeeting.tony.door_refusal.2,vo.specialmeeting.tony.door_refusal.2.mp3
28,CH6 THIS THING OF OURS,Pickup / Ride,19,Tony (the Prospect),player,I don't know where it is. That's rather the point.,10,RUN — authored order,vo.specialmeeting.tony.door_refusal.3,vo.specialmeeting.tony.door_refusal.3.mp3
28,CH6 THIS THING OF OURS,Pickup / Ride,20,Tony (the Prospect),player,"That's them, then.",3,RUN — authored order,vo.specialmeeting.tony.headlights.1,vo.specialmeeting.tony.headlights.1.mp3
28,CH6 THIS THING OF OURS,Pickup / Ride,21,Tony (the Prospect),player,They're early. …Or I'm late. One of the two.,9,RUN — authored order,vo.specialmeeting.tony.headlights.2,vo.specialmeeting.tony.headlights.2.mp3
28,CH6 THIS THING OF OURS,Pickup / Ride,22,Tony (the Prospect),player,Right. Down we go.,4,RUN — authored order,vo.specialmeeting.tony.headlights.3,vo.specialmeeting.tony.headlights.3.mp3
28,CH6 THIS THING OF OURS,Pickup / Ride,23,Seff,seff,Tony. Hey.,2,RUN — authored order,vo.specialmeeting.seff.arrival.1,vo.specialmeeting.seff.arrival.1.mp3
28,CH6 THIS THING OF OURS,Pickup / Ride,24,Seff,seff,You look alright. That's a good jacket.,7,RUN — authored order,vo.specialmeeting.seff.arrival.2,vo.specialmeeting.seff.arrival.2.mp3
28,CH6 THIS THING OF OURS,Pickup / Ride,25,Lag,lag,Nice out.,2,RUN — authored order,vo.specialmeeting.lag.arrival.1,vo.specialmeeting.lag.arrival.1.mp3
28,CH6 THIS THING OF OURS,Pickup / Ride,26,Seff,seff,Quick thing before we go — no. Forget it. Later.,10,RUN — authored order,vo.specialmeeting.seff.arrival.3,vo.specialmeeting.seff.arrival.3.mp3
28,CH6 THIS THING OF OURS,Pickup / Ride,27,Lag,lag,"Forty minutes, roughly. There's no signal past the reservoir. I checked.",11,RUN — authored order,vo.specialmeeting.lag.arrival.2,vo.specialmeeting.lag.arrival.2.mp3
28,CH6 THIS THING OF OURS,Pickup / Ride,28,Tony (the Prospect),player,Why'd all three of you come?,6,RUN — authored order,vo.specialmeeting.tony.arrival.1,vo.specialmeeting.tony.arrival.1.mp3
28,CH6 THIS THING OF OURS,Pickup / Ride,29,Numbskull,numbskull,Carpool.,1,RUN — authored order,vo.specialmeeting.numbskull.arrival.carpool.1,vo.specialmeeting.numbskull.arrival.carpool.1.mp3
28,CH6 THIS THING OF OURS,Pickup / Ride,30,Tony (the Prospect),player,To pick up one person?,5,RUN — authored order,vo.specialmeeting.tony.arrival.2,vo.specialmeeting.tony.arrival.2.mp3
28,CH6 THIS THING OF OURS,Pickup / Ride,31,Numbskull,numbskull,Now it's full.,3,RUN — authored order,vo.specialmeeting.numbskull.arrival.2,vo.specialmeeting.numbskull.arrival.2.mp3
28,CH6 THIS THING OF OURS,Pickup / Ride,32,Numbskull,numbskull,Front.,1,RUN — authored order,vo.specialmeeting.numbskull.arrival.1,vo.specialmeeting.numbskull.arrival.1.mp3
28,CH6 THIS THING OF OURS,Pickup / Ride,33,Tony (the Prospect),player,I'll sit in the back.,5,RUN — authored order,vo.specialmeeting.tony.back_seat.1,vo.specialmeeting.tony.back_seat.1.mp3
28,CH6 THIS THING OF OURS,Pickup / Ride,34,Numbskull,numbskull,Nah. Take the front.,4,RUN — authored order,vo.specialmeeting.numbskull.back_seat.1,vo.specialmeeting.numbskull.back_seat.1.mp3
28,CH6 THIS THING OF OURS,Pickup / Ride,35,Tony (the Prospect),player,I'm good back there.,4,RUN — authored order,vo.specialmeeting.tony.back_seat.2,vo.specialmeeting.tony.back_seat.2.mp3
28,CH6 THIS THING OF OURS,Pickup / Ride,36,Numbskull,numbskull,Prospect. Sit up front.,4,RUN — authored order,vo.specialmeeting.numbskull.back_seat.2,vo.specialmeeting.numbskull.back_seat.2.mp3
28,CH6 THIS THING OF OURS,Pickup / Ride,37,Tony (the Prospect),player,Why do I have to sit up front?,8,RUN — authored order,vo.specialmeeting.tony.why_front.1,vo.specialmeeting.tony.why_front.1.mp3
28,CH6 THIS THING OF OURS,Pickup / Ride,38,Seff,seff,Because we're asking you to sit up front.,8,RUN — authored order,vo.specialmeeting.seff.why_front.1,vo.specialmeeting.seff.why_front.1.mp3
28,CH6 THIS THING OF OURS,Pickup / Ride,39,Tony (the Prospect),player,That's not really an answer.,5,RUN — authored order,vo.specialmeeting.tony.why_front.2,vo.specialmeeting.tony.why_front.2.mp3
28,CH6 THIS THING OF OURS,Pickup / Ride,40,Lag,lag,It's the answer you're getting.,5,RUN — authored order,vo.specialmeeting.lag.why_front.1,vo.specialmeeting.lag.why_front.1.mp3
28,CH6 THIS THING OF OURS,Pickup / Ride,41,Tony (the Prospect),player,Is Lag not sitting there?,5,RUN — authored order,vo.specialmeeting.tony.lag_seat.1,vo.specialmeeting.tony.lag_seat.1.mp3
28,CH6 THIS THING OF OURS,Pickup / Ride,42,Lag,lag,I was.,2,RUN — authored order,vo.specialmeeting.lag.lag_seat.1,vo.specialmeeting.lag.lag_seat.1.mp3
28,CH6 THIS THING OF OURS,Pickup / Ride,43,Lag,lag,It's free now.,3,RUN — authored order,vo.specialmeeting.lag.lag_seat.2,vo.specialmeeting.lag.lag_seat.2.mp3
28,CH6 THIS THING OF OURS,Pickup / Ride,44,Tony (the Prospect),player,Right.,1,RUN — authored order,vo.specialmeeting.tony.lag_seat.2,vo.specialmeeting.tony.lag_seat.2.mp3
28,CH6 THIS THING OF OURS,Pickup / Ride,45,Tony (the Prospect),player,Am I in trouble?,4,RUN — authored order,vo.specialmeeting.tony.in_trouble.1,vo.specialmeeting.tony.in_trouble.1.mp3
28,CH6 THIS THING OF OURS,Pickup / Ride,46,Seff,seff,With who?,2,RUN — authored order,vo.specialmeeting.seff.in_trouble.1,vo.specialmeeting.seff.in_trouble.1.mp3
28,CH6 THIS THING OF OURS,Pickup / Ride,47,Tony (the Prospect),player,I don't know. That's why I asked.,7,RUN — authored order,vo.specialmeeting.tony.in_trouble.2,vo.specialmeeting.tony.in_trouble.2.mp3
28,CH6 THIS THING OF OURS,Pickup / Ride,48,Seff,seff,Well. There you go.,4,RUN — authored order,vo.specialmeeting.seff.in_trouble.2,vo.specialmeeting.seff.in_trouble.2.mp3
28,CH6 THIS THING OF OURS,Pickup / Ride,49,Tony (the Prospect),player,Can I just follow you in my own car?,9,RUN — authored order,vo.specialmeeting.tony.own_car.1,vo.specialmeeting.tony.own_car.1.mp3
28,CH6 THIS THING OF OURS,Pickup / Ride,50,Lag,lag,You'd never find it.,4,RUN — authored order,vo.specialmeeting.lag.own_car.1,vo.specialmeeting.lag.own_car.1.mp3
28,CH6 THIS THING OF OURS,Pickup / Ride,51,Tony (the Prospect),player,You could give me the address.,6,RUN — authored order,vo.specialmeeting.tony.own_car.2,vo.specialmeeting.tony.own_car.2.mp3
28,CH6 THIS THING OF OURS,Pickup / Ride,52,Lag,lag,There isn't one.,3,RUN — authored order,vo.specialmeeting.lag.own_car.2,vo.specialmeeting.lag.own_car.2.mp3
28,CH6 THIS THING OF OURS,Pickup / Ride,53,Seff,seff,We're alright for time.,4,RUN — authored order,vo.specialmeeting.seff.say_nothing.1,vo.specialmeeting.seff.say_nothing.1.mp3
28,CH6 THIS THING OF OURS,Pickup / Ride,54,Tony (the Prospect),player,I really don't like this.,5,RUN — authored order,vo.specialmeeting.tony.dont_like.1,vo.specialmeeting.tony.dont_like.1.mp3
28,CH6 THIS THING OF OURS,Pickup / Ride,55,Numbskull,numbskull,You're making it weird.,4,RUN — authored order,vo.specialmeeting.numbskull.dont_like.1,vo.specialmeeting.numbskull.dont_like.1.mp3
28,CH6 THIS THING OF OURS,Pickup / Ride,56,Numbskull,numbskull,Get in.,2,RUN — authored order,vo.specialmeeting.numbskull.dont_like.2,vo.specialmeeting.numbskull.dont_like.2.mp3
28,CH6 THIS THING OF OURS,Pickup / Ride,57,Tony (the Prospect),player,All right.,2,RUN — authored order,vo.specialmeeting.tony.seat.1,vo.specialmeeting.tony.seat.1.mp3
28,CH6 THIS THING OF OURS,Pickup / Ride,58,Seff,seff,Belt.,1,RUN — authored order,vo.specialmeeting.seff.seat.1,vo.specialmeeting.seff.seat.1.mp3
28,CH6 THIS THING OF OURS,Pickup / Ride,59,Tony (the Prospect),player,Right.,1,RUN — authored order,vo.specialmeeting.tony.seat.2,vo.specialmeeting.tony.seat.2.mp3
28,CH6 THIS THING OF OURS,Pickup / Ride,60,Tony (the Prospect),player,You guys planning on killing me?,6,RUN — authored order,vo.specialmeeting.tony.dirt_road_reveal.1,vo.specialmeeting.tony.dirt_road_reveal.1.mp3
28,CH6 THIS THING OF OURS,Pickup / Ride,61,Seff,seff,Planning's a strong word.,4,RUN — authored order,vo.specialmeeting.seff.dirt_road_reveal.1,vo.specialmeeting.seff.dirt_road_reveal.1.mp3
28,CH6 THIS THING OF OURS,Pickup / Ride,62,Tony (the Prospect),player,What's the weaker word?,4,RUN — authored order,vo.specialmeeting.tony.dirt_road_reveal.2,vo.specialmeeting.tony.dirt_road_reveal.2.mp3
28,CH6 THIS THING OF OURS,Pickup / Ride,63,Seff,seff,Driving.,1,RUN — authored order,vo.specialmeeting.seff.dirt_road_reveal.2,vo.specialmeeting.seff.dirt_road_reveal.2.mp3
28,CH6 THIS THING OF OURS,Pickup / Ride,64,Numbskull,numbskull,You want half of this?,5,RUN — authored order,vo.specialmeeting.numbskull.sandwich.1,vo.specialmeeting.numbskull.sandwich.1.mp3
28,CH6 THIS THING OF OURS,Pickup / Ride,65,Tony (the Prospect),player,No. Thanks.,2,RUN — authored order,vo.specialmeeting.tony.sandwich.opt1,vo.specialmeeting.tony.sandwich.opt1.mp3
28,CH6 THIS THING OF OURS,Pickup / Ride,66,Tony (the Prospect),player,…Yeah. Go on.,3,RUN — authored order,vo.specialmeeting.tony.sandwich.opt2,vo.specialmeeting.tony.sandwich.opt2.mp3
28,CH6 THIS THING OF OURS,Pickup / Ride,67,Tony (the Prospect),player,What is it?,3,RUN — authored order,vo.specialmeeting.tony.sandwich.opt3,vo.specialmeeting.tony.sandwich.opt3.mp3
28,CH6 THIS THING OF OURS,Pickup / Ride,68,Numbskull,numbskull,It's good.,2,RUN — authored order,vo.specialmeeting.numbskull.sandwich_no.1,vo.specialmeeting.numbskull.sandwich_no.1.mp3
28,CH6 THIS THING OF OURS,Pickup / Ride,69,Tony (the Prospect),player,…It is good.,3,RUN — authored order,vo.specialmeeting.tony.sandwich_yes.1,vo.specialmeeting.tony.sandwich_yes.1.mp3
28,CH6 THIS THING OF OURS,Pickup / Ride,70,Numbskull,numbskull,I said.,2,RUN — authored order,vo.specialmeeting.numbskull.sandwich_yes.1,vo.specialmeeting.numbskull.sandwich_yes.1.mp3
28,CH6 THIS THING OF OURS,Pickup / Ride,71,Numbskull,numbskull,It's from the place by the laundrette.,7,RUN — authored order,vo.specialmeeting.numbskull.sandwich_what.1,vo.specialmeeting.numbskull.sandwich_what.1.mp3
28,CH6 THIS THING OF OURS,Pickup / Ride,72,Tony (the Prospect),player,That's not what I asked.,5,RUN — authored order,vo.specialmeeting.tony.sandwich_what.1,vo.specialmeeting.tony.sandwich_what.1.mp3
28,CH6 THIS THING OF OURS,Pickup / Ride,73,Numbskull,numbskull,Oh. It's ham.,3,RUN — authored order,vo.specialmeeting.numbskull.sandwich_what.2,vo.specialmeeting.numbskull.sandwich_what.2.mp3
28,CH6 THIS THING OF OURS,Pickup / Ride,74,Tony (the Prospect),player,So where are we going?,5,RUN — authored order,vo.specialmeeting.tony.dirt_one.1,vo.specialmeeting.tony.dirt_one.1.mp3
28,CH6 THIS THING OF OURS,Pickup / Ride,75,Seff,seff,Meeting.,1,RUN — authored order,vo.specialmeeting.seff.dirt_one.1,vo.specialmeeting.seff.dirt_one.1.mp3
28,CH6 THIS THING OF OURS,Pickup / Ride,76,Tony (the Prospect),player,"Yeah, I caught that part.",5,RUN — authored order,vo.specialmeeting.tony.dirt_one.2,vo.specialmeeting.tony.dirt_one.2.mp3
28,CH6 THIS THING OF OURS,Pickup / Ride,77,Tony (the Prospect),player,Where's the meeting?,3,RUN — authored order,vo.specialmeeting.tony.dirt_one.3,vo.specialmeeting.tony.dirt_one.3.mp3
28,CH6 THIS THING OF OURS,Pickup / Ride,78,Lag,lag,Out here.,2,RUN — authored order,vo.specialmeeting.lag.dirt_one.1,vo.specialmeeting.lag.dirt_one.1.mp3
28,CH6 THIS THING OF OURS,Pickup / Ride,79,Tony (the Prospect),player,No shit.,2,RUN — authored order,vo.specialmeeting.tony.dirt_one.4,vo.specialmeeting.tony.dirt_one.4.mp3
28,CH6 THIS THING OF OURS,Pickup / Ride,80,Tony (the Prospect),player,How far?,2,RUN — authored order,vo.specialmeeting.tony.dirt_one.5,vo.specialmeeting.tony.dirt_one.5.mp3
28,CH6 THIS THING OF OURS,Pickup / Ride,81,Seff,seff,Not far.,2,RUN — authored order,vo.specialmeeting.seff.dirt_one.2,vo.specialmeeting.seff.dirt_one.2.mp3
28,CH6 THIS THING OF OURS,Pickup / Ride,82,Tony (the Prospect),player,You guys always hold meetings in the middle of nowhere?,10,RUN — authored order,vo.specialmeeting.tony.dirt_two.1,vo.specialmeeting.tony.dirt_two.1.mp3
28,CH6 THIS THING OF OURS,Pickup / Ride,83,Numbskull,numbskull,Some meetings.,2,RUN — authored order,vo.specialmeeting.numbskull.dirt_two.1,vo.specialmeeting.numbskull.dirt_two.1.mp3
28,CH6 THIS THING OF OURS,Pickup / Ride,84,Tony (the Prospect),player,Is anyone going to say anything?,6,RUN — authored order,vo.specialmeeting.tony.silence.opt1,vo.specialmeeting.tony.silence.opt1.mp3
28,CH6 THIS THING OF OURS,Pickup / Ride,85,Tony (the Prospect),player,How long have you three known each other?,8,RUN — authored order,vo.specialmeeting.tony.silence.opt2,vo.specialmeeting.tony.silence.opt2.mp3
28,CH6 THIS THING OF OURS,Pickup / Ride,86,Lag,lag,About what?,2,RUN — authored order,vo.specialmeeting.lag.silence_anything.1,vo.specialmeeting.lag.silence_anything.1.mp3
28,CH6 THIS THING OF OURS,Pickup / Ride,87,Seff,seff,Long time.,2,RUN — authored order,vo.specialmeeting.seff.silence_known.1,vo.specialmeeting.seff.silence_known.1.mp3
28,CH6 THIS THING OF OURS,Pickup / Ride,88,Seff,seff,Numbskull's the newest.,3,RUN — authored order,vo.specialmeeting.seff.silence_known.2,vo.specialmeeting.seff.silence_known.2.mp3
28,CH6 THIS THING OF OURS,Pickup / Ride,89,Numbskull,numbskull,Nine years.,2,RUN — authored order,vo.specialmeeting.numbskull.silence_known.1,vo.specialmeeting.numbskull.silence_known.1.mp3
28,CH6 THIS THING OF OURS,Pickup / Ride,90,Numbskull,numbskull,Nice night for it.,4,RUN — authored order,vo.specialmeeting.numbskull.silence_hold.1,vo.specialmeeting.numbskull.silence_hold.1.mp3
28,CH6 THIS THING OF OURS,Pickup / Ride,91,Tony (the Prospect),player,Was that locked?,3,RUN — authored order,vo.specialmeeting.tony.chain.opt1,vo.specialmeeting.tony.chain.opt1.mp3
28,CH6 THIS THING OF OURS,Pickup / Ride,92,Lag,lag,It is now.,3,RUN — authored order,vo.specialmeeting.lag.chain_locked.1,vo.specialmeeting.lag.chain_locked.1.mp3
28,CH6 THIS THING OF OURS,Pickup / Ride,93,Tony (the Prospect),player,I know what goes on out in the woods.,9,RUN — authored order,vo.specialmeeting.tony.dirt_three.1,vo.specialmeeting.tony.dirt_three.1.mp3
28,CH6 THIS THING OF OURS,Pickup / Ride,94,Lag,lag,You do?,2,RUN — authored order,vo.specialmeeting.lag.dirt_three.1,vo.specialmeeting.lag.dirt_three.1.mp3
28,CH6 THIS THING OF OURS,Pickup / Ride,95,Tony (the Prospect),player,Yeah.,1,RUN — authored order,vo.specialmeeting.tony.dirt_three.2,vo.specialmeeting.tony.dirt_three.2.mp3
28,CH6 THIS THING OF OURS,Pickup / Ride,96,Lag,lag,Huh.,1,RUN — authored order,vo.specialmeeting.lag.dirt_three.2,vo.specialmeeting.lag.dirt_three.2.mp3
28,CH6 THIS THING OF OURS,Pickup / Ride,97,Lag,lag,Seff. Did you bring it?,5,RUN — authored order,vo.specialmeeting.lag.in_the_back.1,vo.specialmeeting.lag.in_the_back.1.mp3
28,CH6 THIS THING OF OURS,Pickup / Ride,98,Seff,seff,It's in the back.,4,RUN — authored order,vo.specialmeeting.seff.in_the_back.1,vo.specialmeeting.seff.in_the_back.1.mp3
28,CH6 THIS THING OF OURS,Pickup / Ride,99,Lag,lag,Okay.,1,RUN — authored order,vo.specialmeeting.lag.in_the_back.2,vo.specialmeeting.lag.in_the_back.2.mp3
28,CH6 THIS THING OF OURS,Pickup / Ride,100,Tony (the Prospect),player,Did you bring what?,4,RUN — authored order,vo.specialmeeting.tony.in_the_back.1,vo.specialmeeting.tony.in_the_back.1.mp3
28,CH6 THIS THING OF OURS,Pickup / Ride,101,Seff,seff,It's in the back.,4,RUN — authored order,vo.specialmeeting.seff.in_the_back.2,vo.specialmeeting.seff.in_the_back.2.mp3
28,CH6 THIS THING OF OURS,Pickup / Ride,102,Tony (the Prospect),player,That's not what I asked.,5,RUN — authored order,vo.specialmeeting.tony.in_the_back.opt1,vo.specialmeeting.tony.in_the_back.opt1.mp3
28,CH6 THIS THING OF OURS,Pickup / Ride,103,Seff,seff,I know.,2,RUN — authored order,vo.specialmeeting.seff.not_what_i_asked.1,vo.specialmeeting.seff.not_what_i_asked.1.mp3
28,CH6 THIS THING OF OURS,Pickup / Ride,104,Numbskull,numbskull,You want the window down?,5,RUN — authored order,vo.specialmeeting.numbskull.window.1,vo.specialmeeting.numbskull.window.1.mp3
28,CH6 THIS THING OF OURS,Pickup / Ride,105,Tony (the Prospect),player,No.,1,RUN — authored order,vo.specialmeeting.tony.window.1,vo.specialmeeting.tony.window.1.mp3
28,CH6 THIS THING OF OURS,Pickup / Ride,106,Numbskull,numbskull,Okay.,1,RUN — authored order,vo.specialmeeting.numbskull.window.2,vo.specialmeeting.numbskull.window.2.mp3
28,CH6 THIS THING OF OURS,Pickup / Ride,107,Tony (the Prospect),player,Booski could've just told me where we were going.,9,RUN — authored order,vo.specialmeeting.tony.dirt_four.1,vo.specialmeeting.tony.dirt_four.1.mp3
28,CH6 THIS THING OF OURS,Pickup / Ride,108,Seff,seff,He could've.,2,RUN — authored order,vo.specialmeeting.seff.dirt_four.1,vo.specialmeeting.seff.dirt_four.1.mp3
28,CH6 THIS THING OF OURS,Pickup / Ride,109,Tony (the Prospect),player,But he didn't.,3,RUN — authored order,vo.specialmeeting.tony.dirt_four.2,vo.specialmeeting.tony.dirt_four.2.mp3
28,CH6 THIS THING OF OURS,Pickup / Ride,110,Seff,seff,Nope.,1,RUN — authored order,vo.specialmeeting.seff.dirt_four.2,vo.specialmeeting.seff.dirt_four.2.mp3
28,CH6 THIS THING OF OURS,Pickup / Ride,111,Numbskull,numbskull,Relax.,1,RUN — authored order,vo.specialmeeting.numbskull.valve.1,vo.specialmeeting.numbskull.valve.1.mp3
28,CH6 THIS THING OF OURS,Pickup / Ride,112,Tony (the Prospect),player,That's usually not something you want to hear from the guy sitting behind you.,14,RUN — authored order,vo.specialmeeting.tony.valve.1,vo.specialmeeting.tony.valve.1.mp3
28,CH6 THIS THING OF OURS,Pickup / Ride,113,Numbskull,numbskull,Fair.,1,RUN — authored order,vo.specialmeeting.numbskull.valve.2,vo.specialmeeting.numbskull.valve.2.mp3
28,CH6 THIS THING OF OURS,Pickup / Ride,114,Numbskull,numbskull,You want me to move?,5,RUN — authored order,vo.specialmeeting.numbskull.move_seats.1,vo.specialmeeting.numbskull.move_seats.1.mp3
28,CH6 THIS THING OF OURS,Pickup / Ride,115,Tony (the Prospect),player,…What?,1,RUN — authored order,vo.specialmeeting.tony.move_seats.1,vo.specialmeeting.tony.move_seats.1.mp3
28,CH6 THIS THING OF OURS,Pickup / Ride,116,Numbskull,numbskull,"Seats. If you want, I'll move.",6,RUN — authored order,vo.specialmeeting.numbskull.move_seats.2,vo.specialmeeting.numbskull.move_seats.2.mp3
28,CH6 THIS THING OF OURS,Pickup / Ride,117,Tony (the Prospect),player,No. You're fine.,3,RUN — authored order,vo.specialmeeting.tony.move_seats.opt1,vo.specialmeeting.tony.move_seats.opt1.mp3
28,CH6 THIS THING OF OURS,Pickup / Ride,118,Tony (the Prospect),player,Yeah. Actually — yeah.,4,RUN — authored order,vo.specialmeeting.tony.move_seats.opt2,vo.specialmeeting.tony.move_seats.opt2.mp3
28,CH6 THIS THING OF OURS,Pickup / Ride,119,Numbskull,numbskull,Okay.,1,RUN — authored order,vo.specialmeeting.numbskull.stay.1,vo.specialmeeting.numbskull.stay.1.mp3
28,CH6 THIS THING OF OURS,Pickup / Ride,120,Numbskull,numbskull,Okay.,1,RUN — authored order,vo.specialmeeting.numbskull.swap.1,vo.specialmeeting.numbskull.swap.1.mp3
28,CH6 THIS THING OF OURS,Pickup / Ride,121,Lag,lag,Better?,1,RUN — authored order,vo.specialmeeting.lag.swap.1,vo.specialmeeting.lag.swap.1.mp3
28,CH6 THIS THING OF OURS,Pickup / Ride,122,Numbskull,numbskull,"I'll stay, then.",3,RUN — authored order,vo.specialmeeting.numbskull.no_answer.1,vo.specialmeeting.numbskull.no_answer.1.mp3
28,CH6 THIS THING OF OURS,Pickup / Ride,123,Numbskull,numbskull,Pop the trunk.,3,RUN — authored order,vo.specialmeeting.numbskull.pop_trunk.1,vo.specialmeeting.numbskull.pop_trunk.1.mp3
28,CH6 THIS THING OF OURS,Pickup / Ride,124,Kittenboss,kittenboss,Jesus Christ. Finally.,3,RUN — authored order,vo.specialmeeting.kittenboss.kittenboss.1,vo.specialmeeting.kittenboss.kittenboss.1.mp3
28,CH6 THIS THING OF OURS,Pickup / Ride,125,Kittenboss,kittenboss,Next time somebody crack a window.,6,RUN — authored order,vo.specialmeeting.kittenboss.kittenboss.2,vo.specialmeeting.kittenboss.kittenboss.2.mp3
28,CH6 THIS THING OF OURS,Pickup / Ride,126,Tony (the Prospect),player,Who the hell is this?,5,RUN — authored order,vo.specialmeeting.tony.kittenboss.1,vo.specialmeeting.tony.kittenboss.1.mp3
28,CH6 THIS THING OF OURS,Pickup / Ride,127,Lag,lag,Kittenboss.,1,RUN — authored order,vo.specialmeeting.lag.kittenboss.1,vo.specialmeeting.lag.kittenboss.1.mp3
28,CH6 THIS THING OF OURS,Pickup / Ride,128,Kittenboss,kittenboss,Hey.,1,RUN — authored order,vo.specialmeeting.kittenboss.kittenboss.3,vo.specialmeeting.kittenboss.kittenboss.3.mp3
28,CH6 THIS THING OF OURS,Pickup / Ride,129,Tony (the Prospect),player,Why was she in the trunk?,6,RUN — authored order,vo.specialmeeting.tony.kittenboss.2,vo.specialmeeting.tony.kittenboss.2.mp3
28,CH6 THIS THING OF OURS,Pickup / Ride,130,Numbskull,numbskull,Long story.,2,RUN — authored order,vo.specialmeeting.numbskull.kittenboss.1,vo.specialmeeting.numbskull.kittenboss.1.mp3
28,CH6 THIS THING OF OURS,Pickup / Ride,131,Kittenboss,kittenboss,There's a spare wheel in there. Nobody tells you that.,10,RUN — authored order,vo.specialmeeting.kittenboss.kittenboss_more.1,vo.specialmeeting.kittenboss.kittenboss_more.1.mp3
28,CH6 THIS THING OF OURS,Pickup / Ride,132,Kittenboss,kittenboss,How long was that? Honestly. Ballpark.,6,RUN — authored order,vo.specialmeeting.kittenboss.kittenboss_more.2,vo.specialmeeting.kittenboss.kittenboss_more.2.mp3
28,CH6 THIS THING OF OURS,Pickup / Ride,133,Seff,seff,Forty minutes.,2,RUN — authored order,vo.specialmeeting.seff.kittenboss_more.1,vo.specialmeeting.seff.kittenboss_more.1.mp3
28,CH6 THIS THING OF OURS,Pickup / Ride,134,Kittenboss,kittenboss,It was not forty minutes.,5,RUN — authored order,vo.specialmeeting.kittenboss.kittenboss_more.3,vo.specialmeeting.kittenboss.kittenboss_more.3.mp3
28,CH6 THIS THING OF OURS,Pickup / Ride,135,Seff,seff,Forty-two.,1,RUN — authored order,vo.specialmeeting.seff.kittenboss_more.2,vo.specialmeeting.seff.kittenboss_more.2.mp3
28,CH6 THIS THING OF OURS,Pickup / Ride,136,Kittenboss,kittenboss,Right. Thank you.,3,RUN — authored order,vo.specialmeeting.kittenboss.kittenboss_more.4,vo.specialmeeting.kittenboss.kittenboss_more.4.mp3
28,CH6 THIS THING OF OURS,Pickup / Ride,137,Tony (the Prospect),player,Are you all right?,4,RUN — authored order,vo.specialmeeting.tony.kittenboss_hub.opt1,vo.specialmeeting.tony.kittenboss_hub.opt1.mp3
28,CH6 THIS THING OF OURS,Pickup / Ride,138,Tony (the Prospect),player,Why were you in the trunk?,6,RUN — authored order,vo.specialmeeting.tony.kittenboss_hub.opt2,vo.specialmeeting.tony.kittenboss_hub.opt2.mp3
28,CH6 THIS THING OF OURS,Pickup / Ride,139,Tony (the Prospect),player,Are you a prospect?,4,RUN — authored order,vo.specialmeeting.tony.kittenboss_hub.opt3,vo.specialmeeting.tony.kittenboss_hub.opt3.mp3
28,CH6 THIS THING OF OURS,Pickup / Ride,140,Tony (the Prospect),player,Do you know what this is?,6,RUN — authored order,vo.specialmeeting.tony.kittenboss_hub.opt4,vo.specialmeeting.tony.kittenboss_hub.opt4.mp3
28,CH6 THIS THING OF OURS,Pickup / Ride,141,Tony (the Prospect),player,Nice to meet you.,4,RUN — authored order,vo.specialmeeting.tony.kittenboss_hub.opt5,vo.specialmeeting.tony.kittenboss_hub.opt5.mp3
28,CH6 THIS THING OF OURS,Pickup / Ride,142,Kittenboss,kittenboss,I'm annoyed. That's different.,4,RUN — authored order,vo.specialmeeting.kittenboss.kb_ok.1,vo.specialmeeting.kittenboss.kb_ok.1.mp3
28,CH6 THIS THING OF OURS,Pickup / Ride,143,Kittenboss,kittenboss,You'd have to ask them.,5,RUN — authored order,vo.specialmeeting.kittenboss.kb_trunk.1,vo.specialmeeting.kittenboss.kb_trunk.1.mp3
28,CH6 THIS THING OF OURS,Pickup / Ride,144,Tony (the Prospect),player,I did.,2,RUN — authored order,vo.specialmeeting.tony.kb_trunk.1,vo.specialmeeting.tony.kb_trunk.1.mp3
28,CH6 THIS THING OF OURS,Pickup / Ride,145,Kittenboss,kittenboss,And?,1,RUN — authored order,vo.specialmeeting.kittenboss.kb_trunk.2,vo.specialmeeting.kittenboss.kb_trunk.2.mp3
28,CH6 THIS THING OF OURS,Pickup / Ride,146,Tony (the Prospect),player,Long story.,2,RUN — authored order,vo.specialmeeting.tony.kb_trunk.2,vo.specialmeeting.tony.kb_trunk.2.mp3
28,CH6 THIS THING OF OURS,Pickup / Ride,147,Kittenboss,kittenboss,Yeah. That's what I got.,5,RUN — authored order,vo.specialmeeting.kittenboss.kb_trunk.3,vo.specialmeeting.kittenboss.kb_trunk.3.mp3
28,CH6 THIS THING OF OURS,Pickup / Ride,148,Kittenboss,kittenboss,Since March.,2,RUN — authored order,vo.specialmeeting.kittenboss.kb_prospect.1,vo.specialmeeting.kittenboss.kb_prospect.1.mp3
28,CH6 THIS THING OF OURS,Pickup / Ride,149,Kittenboss,kittenboss,You?,1,RUN — authored order,vo.specialmeeting.kittenboss.kb_prospect.2,vo.specialmeeting.kittenboss.kb_prospect.2.mp3
28,CH6 THIS THING OF OURS,Pickup / Ride,150,Tony (the Prospect),player,…Yeah.,1,RUN — authored order,vo.specialmeeting.tony.kb_prospect.1,vo.specialmeeting.tony.kb_prospect.1.mp3
28,CH6 THIS THING OF OURS,Pickup / Ride,151,Kittenboss,kittenboss,Right.,1,RUN — authored order,vo.specialmeeting.kittenboss.kb_prospect.3,vo.specialmeeting.kittenboss.kb_prospect.3.mp3
28,CH6 THIS THING OF OURS,Pickup / Ride,152,Kittenboss,kittenboss,Do you know what this is?,6,RUN — authored order,vo.specialmeeting.kittenboss.kb_what.1,vo.specialmeeting.kittenboss.kb_what.1.mp3
28,CH6 THIS THING OF OURS,Pickup / Ride,153,Tony (the Prospect),player,No.,1,RUN — authored order,vo.specialmeeting.tony.kb_what.1,vo.specialmeeting.tony.kb_what.1.mp3
28,CH6 THIS THING OF OURS,Pickup / Ride,154,Kittenboss,kittenboss,You've been around longer than me.,6,RUN — authored order,vo.specialmeeting.kittenboss.kb_what.2,vo.specialmeeting.kittenboss.kb_what.2.mp3
28,CH6 THIS THING OF OURS,Pickup / Ride,155,Tony (the Prospect),player,I have.,2,RUN — authored order,vo.specialmeeting.tony.kb_what.2,vo.specialmeeting.tony.kb_what.2.mp3
28,CH6 THIS THING OF OURS,Pickup / Ride,156,Kittenboss,kittenboss,So.,1,RUN — authored order,vo.specialmeeting.kittenboss.kb_what.3,vo.specialmeeting.kittenboss.kb_what.3.mp3
28,CH6 THIS THING OF OURS,Pickup / Ride,157,Tony (the Prospect),player,So I don't know.,4,RUN — authored order,vo.specialmeeting.tony.kb_what.3,vo.specialmeeting.tony.kb_what.3.mp3
28,CH6 THIS THING OF OURS,Pickup / Ride,158,Kittenboss,kittenboss,Okay. Good. Good.,3,RUN — authored order,vo.specialmeeting.kittenboss.kb_what.4,vo.specialmeeting.kittenboss.kb_what.4.mp3
28,CH6 THIS THING OF OURS,Pickup / Ride,159,Kittenboss,kittenboss,Is it?,2,RUN — authored order,vo.specialmeeting.kittenboss.kb_nice.1,vo.specialmeeting.kittenboss.kb_nice.1.mp3
28,CH6 THIS THING OF OURS,Pickup / Ride,160,Kittenboss,kittenboss,Sorry. That was— yeah. You too.,6,RUN — authored order,vo.specialmeeting.kittenboss.kb_nice.2,vo.specialmeeting.kittenboss.kb_nice.2.mp3
28,CH6 THIS THING OF OURS,Pickup / Ride,161,Kittenboss,kittenboss,Do I look all right?,5,RUN — authored order,vo.specialmeeting.kittenboss.kb_collar.1,vo.specialmeeting.kittenboss.kb_collar.1.mp3
28,CH6 THIS THING OF OURS,Pickup / Ride,162,Tony (the Prospect),player,You've got—,2,RUN — authored order,vo.specialmeeting.tony.kb_collar.1,vo.specialmeeting.tony.kb_collar.1.mp3
28,CH6 THIS THING OF OURS,Pickup / Ride,163,Kittenboss,kittenboss,Yeah. Thanks.,2,RUN — authored order,vo.specialmeeting.kittenboss.kb_collar.2,vo.specialmeeting.kittenboss.kb_collar.2.mp3
28,CH6 THIS THING OF OURS,Pickup / Ride,164,Seff,seff,Come on. They're waiting.,4,RUN — authored order,vo.specialmeeting.seff.off_we_go.1,vo.specialmeeting.seff.off_we_go.1.mp3
28,CH6 THIS THING OF OURS,Pickup / Ride,165,Seff,seff,Trail's up there. Straight up. You can't miss it.,9,RUN — authored order,vo.specialmeeting.seff.you_first.1,vo.specialmeeting.seff.you_first.1.mp3
28,CH6 THIS THING OF OURS,Pickup / Ride,166,Seff,seff,You go ahead.,3,RUN — authored order,vo.specialmeeting.seff.you_first.2,vo.specialmeeting.seff.you_first.2.mp3
28,CH6 THIS THING OF OURS,Pickup / Ride,167,Tony (the Prospect),player,You're not leading?,3,RUN — authored order,vo.specialmeeting.tony.you_first.1,vo.specialmeeting.tony.you_first.1.mp3
28,CH6 THIS THING OF OURS,Pickup / Ride,168,Lag,lag,It's one trail.,3,RUN — authored order,vo.specialmeeting.lag.you_first.1,vo.specialmeeting.lag.you_first.1.mp3
28,CH6 THIS THING OF OURS,Pickup / Ride,169,Numbskull,numbskull,We're right behind you.,4,RUN — authored order,vo.specialmeeting.numbskull.you_first.1,vo.specialmeeting.numbskull.you_first.1.mp3
28,CH6 THIS THING OF OURS,Pickup / Ride,170,Tony (the Prospect),player,You first.,2,RUN — authored order,vo.specialmeeting.tony.tb_you_first.1,vo.specialmeeting.tony.tb_you_first.1.mp3
28,CH6 THIS THING OF OURS,Pickup / Ride,171,Seff,seff,"Nah, go on.",3,RUN — authored order,vo.specialmeeting.seff.tb_you_first.1,vo.specialmeeting.seff.tb_you_first.1.mp3
28,CH6 THIS THING OF OURS,Pickup / Ride,172,Tony (the Prospect),player,I'd rather follow.,3,RUN — authored order,vo.specialmeeting.tony.tb_you_first.2,vo.specialmeeting.tony.tb_you_first.2.mp3
28,CH6 THIS THING OF OURS,Pickup / Ride,173,Lag,lag,You'd rather follow.,3,RUN — authored order,vo.specialmeeting.lag.tb_you_first.1,vo.specialmeeting.lag.tb_you_first.1.mp3
28,CH6 THIS THING OF OURS,Pickup / Ride,174,Numbskull,numbskull,It's a nice trail.,4,RUN — authored order,vo.specialmeeting.numbskull.tb_you_first.1,vo.specialmeeting.numbskull.tb_you_first.1.mp3
28,CH6 THIS THING OF OURS,Pickup / Ride,175,Tony (the Prospect),player,Walk with me.,3,RUN — authored order,vo.specialmeeting.tony.tb_walk_with_me.1,vo.specialmeeting.tony.tb_walk_with_me.1.mp3
28,CH6 THIS THING OF OURS,Pickup / Ride,176,Numbskull,numbskull,Sure.,1,RUN — authored order,vo.specialmeeting.numbskull.tb_walk_with_me.1,vo.specialmeeting.numbskull.tb_walk_with_me.1.mp3
28,CH6 THIS THING OF OURS,Pickup / Ride,177,Tony (the Prospect),player,You're still behind me.,4,RUN — authored order,vo.specialmeeting.tony.tb_walk_with_me.2,vo.specialmeeting.tony.tb_walk_with_me.2.mp3
28,CH6 THIS THING OF OURS,Pickup / Ride,178,Numbskull,numbskull,Yeah.,1,RUN — authored order,vo.specialmeeting.numbskull.tb_walk_with_me.2,vo.specialmeeting.numbskull.tb_walk_with_me.2.mp3
28,CH6 THIS THING OF OURS,Pickup / Ride,179,Tony (the Prospect),player,How far is it?,4,RUN — authored order,vo.specialmeeting.tony.tb_how_far.1,vo.specialmeeting.tony.tb_how_far.1.mp3
28,CH6 THIS THING OF OURS,Pickup / Ride,180,Seff,seff,You'll see the fire.,4,RUN — authored order,vo.specialmeeting.seff.tb_how_far.1,vo.specialmeeting.seff.tb_how_far.1.mp3
28,CH6 THIS THING OF OURS,Pickup / Ride,181,Tony (the Prospect),player,There's a fire?,3,RUN — authored order,vo.specialmeeting.tony.tb_how_far.2,vo.specialmeeting.tony.tb_how_far.2.mp3
28,CH6 THIS THING OF OURS,Pickup / Ride,182,Seff,seff,There's a fire.,3,RUN — authored order,vo.specialmeeting.seff.tb_how_far.2,vo.specialmeeting.seff.tb_how_far.2.mp3
28,CH6 THIS THING OF OURS,Pickup / Ride,183,Tony (the Prospect),player,Kittenboss. You go first.,4,RUN — authored order,vo.specialmeeting.tony.tb_kittenboss.1,vo.specialmeeting.tony.tb_kittenboss.1.mp3
28,CH6 THIS THING OF OURS,Pickup / Ride,184,Kittenboss,kittenboss,Why me?,2,RUN — authored order,vo.specialmeeting.kittenboss.tb_kittenboss.1,vo.specialmeeting.kittenboss.tb_kittenboss.1.mp3
28,CH6 THIS THING OF OURS,Pickup / Ride,185,Tony (the Prospect),player,You've been here longer tonight than I have.,8,RUN — authored order,vo.specialmeeting.tony.tb_kittenboss.2,vo.specialmeeting.tony.tb_kittenboss.2.mp3
28,CH6 THIS THING OF OURS,Pickup / Ride,186,Kittenboss,kittenboss,That's fair.,2,RUN — authored order,vo.specialmeeting.kittenboss.tb_kittenboss.2,vo.specialmeeting.kittenboss.tb_kittenboss.2.mp3
28,CH6 THIS THING OF OURS,Pickup / Ride,187,Lag,lag,Both of you.,3,RUN — authored order,vo.specialmeeting.lag.tb_kittenboss.1,vo.specialmeeting.lag.tb_kittenboss.1.mp3
28,CH6 THIS THING OF OURS,Pickup / Ride,188,Kittenboss,kittenboss,Are we allowed to talk?,5,RUN — authored order,vo.specialmeeting.kittenboss.trail_talk.1,vo.specialmeeting.kittenboss.trail_talk.1.mp3
28,CH6 THIS THING OF OURS,Pickup / Ride,189,Tony (the Prospect),player,I don't know.,3,RUN — authored order,vo.specialmeeting.tony.trail_talk.1,vo.specialmeeting.tony.trail_talk.1.mp3
28,CH6 THIS THING OF OURS,Pickup / Ride,190,Kittenboss,kittenboss,Right.,1,RUN — authored order,vo.specialmeeting.kittenboss.trail_talk.2,vo.specialmeeting.kittenboss.trail_talk.2.mp3
28,CH6 THIS THING OF OURS,Pickup / Ride,191,Seff,seff,So the mattress thing. If I get the truck for Thursday—,11,RUN — authored order,vo.specialmeeting.seff.trail_mattress.1,vo.specialmeeting.seff.trail_mattress.1.mp3
28,CH6 THIS THING OF OURS,Pickup / Ride,192,Lag,lag,You're not getting the truck.,5,RUN — authored order,vo.specialmeeting.lag.trail_mattress.1,vo.specialmeeting.lag.trail_mattress.1.mp3
28,CH6 THIS THING OF OURS,Pickup / Ride,193,Seff,seff,If I get the truck.,5,RUN — authored order,vo.specialmeeting.seff.trail_mattress.2,vo.specialmeeting.seff.trail_mattress.2.mp3
28,CH6 THIS THING OF OURS,Pickup / Ride,194,Lag,lag,Mm.,1,RUN — authored order,vo.specialmeeting.lag.trail_mattress.2,vo.specialmeeting.lag.trail_mattress.2.mp3
28,CH6 THIS THING OF OURS,Pickup / Ride,195,Seff,seff,That's all I'm saying. If.,5,RUN — authored order,vo.specialmeeting.seff.trail_mattress.3,vo.specialmeeting.seff.trail_mattress.3.mp3
28,CH6 THIS THING OF OURS,Pickup / Ride,196,Kittenboss,kittenboss,Hey. If this goes bad—,5,RUN — authored order,vo.specialmeeting.kittenboss.trail_comfort.1,vo.specialmeeting.kittenboss.trail_comfort.1.mp3
28,CH6 THIS THING OF OURS,Pickup / Ride,197,Tony (the Prospect),player,Yeah?,1,RUN — authored order,vo.specialmeeting.tony.trail_comfort.1,vo.specialmeeting.tony.trail_comfort.1.mp3
28,CH6 THIS THING OF OURS,Pickup / Ride,198,Kittenboss,kittenboss,No. I had nothing. Sorry.,5,RUN — authored order,vo.specialmeeting.kittenboss.trail_comfort.2,vo.specialmeeting.kittenboss.trail_comfort.2.mp3
28,CH6 THIS THING OF OURS,Pickup / Ride,199,Tony (the Prospect),player,Is that it?,3,RUN — authored order,vo.specialmeeting.tony.trail_light.opt1,vo.specialmeeting.tony.trail_light.opt1.mp3
28,CH6 THIS THING OF OURS,Pickup / Ride,200,Seff,seff,Keep going.,2,RUN — authored order,vo.specialmeeting.seff.trail_keep_going.1,vo.specialmeeting.seff.trail_keep_going.1.mp3
28,CH6 THIS THING OF OURS,Pickup / Ride,201,Numbskull,numbskull,I told them I like you.,6,RUN — authored order,vo.specialmeeting.numbskull.trail_record.1,vo.specialmeeting.numbskull.trail_record.1.mp3
28,CH6 THIS THING OF OURS,Pickup / Ride,202,Tony (the Prospect),player,…Okay.,1,RUN — authored order,vo.specialmeeting.tony.trail_record.1,vo.specialmeeting.tony.trail_record.1.mp3
28,CH6 THIS THING OF OURS,Pickup / Ride,203,Numbskull,numbskull,I wanted that said.,4,RUN — authored order,vo.specialmeeting.numbskull.trail_record.2,vo.specialmeeting.numbskull.trail_record.2.mp3
28,CH6 THIS THING OF OURS,Pickup / Ride,204,Tony (the Prospect),player,Said to who?,3,RUN — authored order,vo.specialmeeting.tony.trail_record.2,vo.specialmeeting.tony.trail_record.2.mp3
28,CH6 THIS THING OF OURS,Pickup / Ride,205,Tony (the Prospect),player,They've gone quiet.,3,RUN — authored order,vo.specialmeeting.tony.trail_voices.1,vo.specialmeeting.tony.trail_voices.1.mp3
28,CH6 THIS THING OF OURS,Pickup / Ride,206,Lag,lag,Yeah.,1,RUN — authored order,vo.specialmeeting.lag.trail_voices.1,vo.specialmeeting.lag.trail_voices.1.mp3
28,CH6 THIS THING OF OURS,Pickup / Ride,207,Seff,seff,Go on.,2,RUN — authored order,vo.specialmeeting.seff.handoff.1,vo.specialmeeting.seff.handoff.1.mp3
29,CH6 THIS THING OF OURS,Initiation Cabin,1,Booski,booski,Brothers. Sisters. Silverbacks of the Circle.,6,RUN — authored order,vo.initiation.ceremony.speech-booskibro.107itai.1,vo.initiation.ceremony.speech-booskibro.107itai.1.mp3
29,CH6 THIS THING OF OURS,Initiation Cabin,2,Booski,booski,Before there were bandanas... there was a fire. And before this fire... there were FIVE.,15,RUN — authored order,vo.initiation.ceremony.speech-booskibro.040hws8.1,vo.initiation.ceremony.speech-booskibro.040hws8.1.mp3
29,CH6 THIS THING OF OURS,Initiation Cabin,3,Booski,booski,Five who walked out of their apartments and into the pines. Five who heard the forest — and answered it.,20,RUN — authored order,vo.initiation.ceremony.speech-booskibro.0fec4lv.1,vo.initiation.ceremony.speech-booskibro.0fec4lv.1.mp3
29,CH6 THIS THING OF OURS,Initiation Cabin,4,Booski,booski,"Tonight, five prospects stand where the five once stood. The forest is watching. I am ALSO watching.",17,RUN — authored order,vo.initiation.ceremony.speech-booskibro.1e5jis7.1,vo.initiation.ceremony.speech-booskibro.1e5jis7.1.mp3
29,CH6 THIS THING OF OURS,Initiation Cabin,5,BIG UNCLE LOU SPUTTHOLE,lou,"What Booskibro means is: welcome. This is a family. A large, damp, forest family.",14,RUN — authored order,vo.initiation.ceremony.speech-big-uncle-lou-sputthole.0t0savl.1,vo.initiation.ceremony.speech-big-uncle-lou-sputthole.0t0savl.1.mp3
29,CH6 THIS THING OF OURS,Initiation Cabin,6,BIG UNCLE LOU SPUTTHOLE,lou,"Also — whoever keeps leaving beer cans at the fire pit, knock it off. The raccoons are ORGANIZING.",18,RUN — authored order,vo.initiation.ceremony.speech-big-uncle-lou-sputthole.08fkjpd.1,vo.initiation.ceremony.speech-big-uncle-lou-sputthole.08fkjpd.1.mp3
29,CH6 THIS THING OF OURS,Initiation Cabin,7,Booski,booski,ENOUGH. Prospects! Your first trial is not of the body... but of the MIND.,14,RUN — authored order,vo.initiation.ceremony.speech-booskibro.0encv1g.1,vo.initiation.ceremony.speech-booskibro.0encv1g.1.mp3
29,CH6 THIS THING OF OURS,Initiation Cabin,8,Booski,booski,Prospect One. Step forward.,4,RUN — authored order,vo.initiation.ceremony.q1-booskibro.0725496.1,vo.initiation.ceremony.q1-booskibro.0725496.1.mp3
29,CH6 THIS THING OF OURS,Initiation Cabin,9,Booski,booski,Who are the FIVE founding members of the Silver Sasquatches?,10,RUN — authored order,vo.initiation.ceremony.q1-booskibro.0yt30rc.1,vo.initiation.ceremony.q1-booskibro.0yt30rc.1.mp3
29,CH6 THIS THING OF OURS,Initiation Cabin,10,Bing doorman,doorman,Oh — uh. Booskibro... Big Uncle Lou... uhh. Bigfoot? Garfield??...the GEICO Gecko???,12,RUN — authored order,vo.initiation.ceremony.q1-prospect-one.1f8jlt2.1,vo.initiation.ceremony.q1-prospect-one.1f8jlt2.1.mp3
29,CH6 THIS THING OF OURS,Initiation Cabin,11,BIG UNCLE LOU SPUTTHOLE,lou,Oof.,1,RUN — authored order,vo.initiation.ceremony.q1-big-uncle-lou-sputthole.1ow3urn.1,vo.initiation.ceremony.q1-big-uncle-lou-sputthole.1ow3urn.1.mp3
29,CH6 THIS THING OF OURS,Initiation Cabin,12,Booski,booski,WRONG.,1,RUN — authored order,vo.initiation.ceremony.q1-booskibro.0ax7uug.1,vo.initiation.ceremony.q1-booskibro.0ax7uug.1.mp3
29,CH6 THIS THING OF OURS,Initiation Cabin,13,BIG UNCLE LOU SPUTTHOLE,lou,...Anyway!,1,RUN — authored order,vo.initiation.ceremony.q2-big-uncle-lou-sputthole.1y1r41v.1,vo.initiation.ceremony.q2-big-uncle-lou-sputthole.1y1r41v.1.mp3
29,CH6 THIS THING OF OURS,Initiation Cabin,14,Booski,booski,Prospect Two. Same question.,4,RUN — authored order,vo.initiation.ceremony.q2-booskibro.09kvaq9.1,vo.initiation.ceremony.q2-booskibro.09kvaq9.1.mp3
29,CH6 THIS THING OF OURS,Initiation Cabin,15,BIG UNCLE LOU SPUTTHOLE,lou,"No pressure. Well. Some pressure. A specific, recently demonstrated amount of pressure.",12,RUN — authored order,vo.initiation.ceremony.q2-big-uncle-lou-sputthole.17vvp6d.1,vo.initiation.ceremony.q2-big-uncle-lou-sputthole.17vvp6d.1.mp3
29,CH6 THIS THING OF OURS,Initiation Cabin,16,Booski,booski,CORRECT. Myself. Big Uncle Lou Sputthole. Rippinflow. The Shubenator. Deathmegatron. The FIVE.,12,RUN — authored order,vo.initiation.ceremony.correct-booskibro.1y7kr1y.1,vo.initiation.ceremony.correct-booskibro.1y7kr1y.1.mp3
29,CH6 THIS THING OF OURS,Initiation Cabin,17,BIG UNCLE LOU SPUTTHOLE,lou,Somebody did the reading!,4,RUN — authored order,vo.initiation.ceremony.correct-big-uncle-lou-sputthole.13n17t6.1,vo.initiation.ceremony.correct-big-uncle-lou-sputthole.13n17t6.1.mp3
29,CH6 THIS THING OF OURS,Initiation Cabin,18,Booski,booski,The mind is sharp. Now we test the BODY. Clear the line — THE GAUNTLET AWAITS.,16,RUN — authored order,vo.initiation.ceremony.correct-booskibro.0rokpd7.1,vo.initiation.ceremony.correct-booskibro.0rokpd7.1.mp3
29,CH6 THIS THING OF OURS,Initiation Cabin,19,Booski,booski,WRONG.,1,RUN — authored order,vo.initiation.ceremony.wrong-booskibro.0ax7uug.1,vo.initiation.ceremony.wrong-booskibro.0ax7uug.1.mp3
29,CH6 THIS THING OF OURS,Initiation Cabin,20,BIG UNCLE LOU SPUTTHOLE,lou,Oh no. Same as the last guy. Word for word almost.,11,RUN — authored order,vo.initiation.ceremony.wrong-big-uncle-lou-sputthole.1ptheaa.1,vo.initiation.ceremony.wrong-big-uncle-lou-sputthole.1ptheaa.1.mp3
29,CH6 THIS THING OF OURS,Initiation Cabin,21,Booski,booski,ENOUGH.,1,RUN — authored order,vo.initiation.ceremony.endured-booskibro.0m7k205.1,vo.initiation.ceremony.endured-booskibro.0m7k205.1.mp3
29,CH6 THIS THING OF OURS,Initiation Cabin,22,Booski,booski,"Beaten down to a stump... and still on two feet. The Circle sees you, prospect.",15,RUN — authored order,vo.initiation.ceremony.endured-booskibro.0puzx4p.1,vo.initiation.ceremony.endured-booskibro.0puzx4p.1.mp3
29,CH6 THIS THING OF OURS,Initiation Cabin,23,Booski,booski,Second trial: THE ROAR. The forest must learn your voice. Let it OUT.,13,RUN — authored order,vo.initiation.ceremony.endured-booskibro.0jbhkiy.1,vo.initiation.ceremony.endured-booskibro.0jbhkiy.1.mp3
29,CH6 THIS THING OF OURS,Initiation Cabin,24,Booski,booski,HA! Birds three ridges over just quit their nests.,9,RUN — authored order,vo.initiation.ceremony.roar-booskibro.1y99iql.1,vo.initiation.ceremony.roar-booskibro.1y99iql.1.mp3
29,CH6 THIS THING OF OURS,Initiation Cabin,25,Booski,booski,Final trial: THE TIMBER. That old deadfall has mocked this clearing long enough. SMASH IT.,15,RUN — authored order,vo.initiation.ceremony.roar-booskibro.04z7p1x.1,vo.initiation.ceremony.roar-booskibro.04z7p1x.1.mp3
29,CH6 THIS THING OF OURS,Initiation Cabin,26,Booski,booski,You took the Circle’s fists. You gave the forest your voice. You turned a log into a suggestion.,18,RUN — authored order,vo.initiation.ceremony.anoint-booskibro.1q1dvvj.1,vo.initiation.ceremony.anoint-booskibro.1q1dvvj.1.mp3
29,CH6 THIS THING OF OURS,Initiation Cabin,27,Booski,booski,Tony Squatchtana. You walked into this clearing a prospect.,9,RUN — authored order,vo.initiation.ceremony.anoint-booskibro.01hq6iv.1,vo.initiation.ceremony.anoint-booskibro.01hq6iv.1.mp3
29,CH6 THIS THING OF OURS,Initiation Cabin,28,Booski,booski,Walk out a SQUATCH.,4,RUN — authored order,vo.initiation.ceremony.anoint-booskibro.008ri98.1,vo.initiation.ceremony.anoint-booskibro.008ri98.1.mp3
29,CH6 THIS THING OF OURS,Initiation Cabin,29,Booski,booski,"The Circle forgives once. Arms DOWN this time, prospect.",9,RUN — authored order,vo.initiation.ceremony.retry-booskibro.0k7hl8c.1,vo.initiation.ceremony.retry-booskibro.0k7hl8c.1.mp3
29,CH6 THIS THING OF OURS,Initiation Cabin,30,Tony (the Prospect),player,"Booskibro, Big Uncle Lou Sputthole, Rippinflow, The Shubenator, Deathmegatron",9,RUN — authored order,vo.initiation.ceremony.prospect-two.159f04d.1,vo.initiation.ceremony.prospect-two.159f04d.1.mp3
29,CH6 THIS THING OF OURS,Initiation Cabin,31,Tony (the Prospect),player,"Booskibro, Big Uncle Lou Sputthole, Bigfoot, Garfield, the GEICO Gecko",10,RUN — authored order,vo.initiation.ceremony.prospect-two.09f28mj.1,vo.initiation.ceremony.prospect-two.09f28mj.1.mp3
29,CH6 THIS THING OF OURS,Initiation Cabin,32,Tony (the Prospect),player,"Booskibro, Snow, Hogmama, Erican, and two raccoons in a coat",10,RUN — authored order,vo.initiation.ceremony.prospect-two.0gkbuto.1,vo.initiation.ceremony.prospect-two.0gkbuto.1.mp3
29,CH6 THIS THING OF OURS,Initiation Cabin,33,Booski,booski,"There he is. Don't just stand there bleeding, come to the fire.",12,RUN — authored order,vo.initiation.party.booski.0ul7wj8.1,vo.initiation.party.booski.0ul7wj8.1.mp3
29,CH6 THIS THING OF OURS,Initiation Cabin,34,Booski,booski,You did the reading. You have no idea how rare that is. The gecko guy did not do the reading.,20,RUN — authored order,vo.initiation.party.booski.0noogwr.1,vo.initiation.party.booski.0noogwr.1.mp3
29,CH6 THIS THING OF OURS,Initiation Cabin,35,Booski,booski,THE MAN OF THE HOUR. Somebody get him something he can't refuse.,12,RUN — authored order,vo.initiation.party.booski.13pbzks.1,vo.initiation.party.booski.13pbzks.1.mp3
29,CH6 THIS THING OF OURS,Initiation Cabin,36,Booski,booski,"I've inducted forty men. I remember maybe six. You, I'll remember.",11,RUN — authored order,vo.initiation.party.booski.1fmhlyk.1,vo.initiation.party.booski.1fmhlyk.1.mp3
29,CH6 THIS THING OF OURS,Initiation Cabin,37,Booski,booski,You took the whole Gauntlet with your hands down. Deathmegatron cried a little. He'll deny it.,16,RUN — authored order,vo.initiation.party.booski.1vk1vra.1,vo.initiation.party.booski.1vk1vra.1.mp3
29,CH6 THIS THING OF OURS,Initiation Cabin,38,Booski,booski,That ROAR. Three ridges of wildlife filed a noise complaint. I've never been prouder.,14,RUN — authored order,vo.initiation.party.booski.11vs05b.1,vo.initiation.party.booski.11vs05b.1.mp3
29,CH6 THIS THING OF OURS,Initiation Cabin,39,Booski,booski,You know what the founders had that nobody has anymore? …I forget. But you've got it too.,17,RUN — authored order,vo.initiation.party.booski.0w0lg6e.1,vo.initiation.party.booski.0w0lg6e.1.mp3
29,CH6 THIS THING OF OURS,Initiation Cabin,40,Booski,booski,You're my son now. Legally? No. Forest-legally? Absolutely. Do not test it.,12,RUN — authored order,vo.initiation.party.booski.0jkj49u.1,vo.initiation.party.booski.0jkj49u.1.mp3
29,CH6 THIS THING OF OURS,Initiation Cabin,41,Booski,booski,The log. You broke the log. You want to know what it was for. …It was for that. Next question.,20,RUN — authored order,vo.initiation.party.booski.19z7fti.1,vo.initiation.party.booski.19z7fti.1.mp3
29,CH6 THIS THING OF OURS,Initiation Cabin,42,Booski,booski,You're quiet. My prospects are never quiet. What are you thinking about over there?,14,RUN — authored order,vo.initiation.party.booski.1vg0pqs.1,vo.initiation.party.booski.1vg0pqs.1.mp3
29,CH6 THIS THING OF OURS,Initiation Cabin,43,Booski,booski,"Come here. Closer. …No, closer. I want to see your eyes when I say welcome.",15,RUN — authored order,vo.initiation.party.booski.1r7sdky.1,vo.initiation.party.booski.1r7sdky.1.mp3
29,CH6 THIS THING OF OURS,Initiation Cabin,44,Booski,booski,Rippinflow likes you. Rippinflow doesn't like anyone. Makes me wonder what he sees that I don't.,16,RUN — authored order,vo.initiation.party.booski.0jcxnfk.1,vo.initiation.party.booski.0jcxnfk.1.mp3
29,CH6 THIS THING OF OURS,Initiation Cabin,45,BIG UNCLE LOU SPUTTHOLE,lou,What he means is welcome. What I mean is: don't touch the good tarp. You'll learn what it's for.,19,RUN — authored order,vo.initiation.party.lou.1dafja2.1,vo.initiation.party.lou.1dafja2.1.mp3
29,CH6 THIS THING OF OURS,Initiation Cabin,46,BIG UNCLE LOU SPUTTHOLE,lou,Ignore the speech. Booski's been writing that speech for nine years. It peaked in draft two.,16,RUN — authored order,vo.initiation.party.lou.0lhhkjk.1,vo.initiation.party.lou.0lhhkjk.1.mp3
29,CH6 THIS THING OF OURS,Initiation Cabin,47,BIG UNCLE LOU SPUTTHOLE,lou,"I'm technically still at the airport, spiritually. Don't ask. Have a beer.",12,RUN — authored order,vo.initiation.party.lou.1hu8qxr.1,vo.initiation.party.lou.1hu8qxr.1.mp3
29,CH6 THIS THING OF OURS,Initiation Cabin,48,BIG UNCLE LOU SPUTTHOLE,lou,You're doing great. You're doing so much better than Shubes did and Shubes is a full member.,17,RUN — authored order,vo.initiation.party.lou.146tcl0.1,vo.initiation.party.lou.146tcl0.1.mp3
29,CH6 THIS THING OF OURS,Initiation Cabin,49,BIG UNCLE LOU SPUTTHOLE,lou,Somebody did the reading. Somebody gets to keep their fluids on the inside. Cheers to that.,16,RUN — authored order,vo.initiation.party.lou.1hyasxt.1,vo.initiation.party.lou.1hyasxt.1.mp3
29,CH6 THIS THING OF OURS,Initiation Cabin,50,BIG UNCLE LOU SPUTTHOLE,lou,Genuinely proud of you. I might cry. I won't. But I might. That's between us.,15,RUN — authored order,vo.initiation.party.lou.0mz7unr.1,vo.initiation.party.lou.0mz7unr.1.mp3
29,CH6 THIS THING OF OURS,Initiation Cabin,51,BIG UNCLE LOU SPUTTHOLE,lou,Housekeeping while I've got you: the raccoons unionized. The little one has a clipboard now. Watch him.,17,RUN — authored order,vo.initiation.party.lou.07lpis4.1,vo.initiation.party.lou.07lpis4.1.mp3
29,CH6 THIS THING OF OURS,Initiation Cabin,52,BIG UNCLE LOU SPUTTHOLE,lou,You made it. Not everyone does. Don't look at the shirt by the truck. Look at me. You made it.,20,RUN — authored order,vo.initiation.party.lou.0hdtwmo.1,vo.initiation.party.lou.0hdtwmo.1.mp3
29,CH6 THIS THING OF OURS,Initiation Cabin,53,BIG UNCLE LOU SPUTTHOLE,lou,You keep checking your waistband. Cold night? Or is there a reason your hand keeps going there.,17,RUN — authored order,vo.initiation.party.lou.17d1pwa.1,vo.initiation.party.lou.17d1pwa.1.mp3
29,CH6 THIS THING OF OURS,Initiation Cabin,54,BIG UNCLE LOU SPUTTHOLE,lou,"I like you. So I'm going to say this once, friendly: whatever you're carrying, put it down before Booski's toast.",20,RUN — authored order,vo.initiation.party.lou.1rsa6dq.1,vo.initiation.party.lou.1rsa6dq.1.mp3
29,CH6 THIS THING OF OURS,Initiation Cabin,55,Rippinflow,rippinflow,…You did good.,3,RUN — authored order,vo.initiation.party.rippinflow.044fod8.1,vo.initiation.party.rippinflow.044fod8.1.mp3
29,CH6 THIS THING OF OURS,Initiation Cabin,56,Rippinflow,rippinflow,You didn't run. Smart. Nobody outruns the tree line.,9,RUN — authored order,vo.initiation.party.rippinflow.06x0216.1,vo.initiation.party.rippinflow.06x0216.1.mp3
29,CH6 THIS THING OF OURS,Initiation Cabin,57,Rippinflow,rippinflow,I was gonna have to be the one. If you'd failed. Glad I didn't.,14,RUN — authored order,vo.initiation.party.rippinflow.1ktpe8w.1,vo.initiation.party.rippinflow.1ktpe8w.1.mp3
29,CH6 THIS THING OF OURS,Initiation Cabin,58,Rippinflow,rippinflow,You've got a shooter's hands. I noticed during the Gauntlet. You kept making a fist.,15,RUN — authored order,vo.initiation.party.rippinflow.0h4gx85.1,vo.initiation.party.rippinflow.0h4gx85.1.mp3
29,CH6 THIS THING OF OURS,Initiation Cabin,59,Rippinflow,rippinflow,Whatever you came here to do. …I hope it was join us.,12,RUN — authored order,vo.initiation.party.rippinflow.0mjhqor.1,vo.initiation.party.rippinflow.0mjhqor.1.mp3
29,CH6 THIS THING OF OURS,Initiation Cabin,60,The Shubenator,shubenator,"I'm not crying, it's — it's a smoky fire. It's a really smoky fire. Welcome, man.",16,RUN — authored order,vo.initiation.party.shubes.1cn6ytd.1,vo.initiation.party.shubes.1cn6ytd.1.mp3
29,CH6 THIS THING OF OURS,Initiation Cabin,61,The Shubenator,shubenator,I remember my initiation. I did NOT cry. Ape's lying. I want that on the record before you hear it.,20,RUN — authored order,vo.initiation.party.shubes.04d2y7j.1,vo.initiation.party.shubes.04d2y7j.1.mp3
29,CH6 THIS THING OF OURS,Initiation Cabin,62,The Shubenator,shubenator,You want a hit? It's going around. It helps with the — the this.,14,RUN — authored order,vo.initiation.party.shubes.1hhm04m.1,vo.initiation.party.shubes.1hhm04m.1.mp3
29,CH6 THIS THING OF OURS,Initiation Cabin,63,The Shubenator,shubenator,We're brothers now. That's not nothing. That's — okay I'm gonna need a second. It's the smoke.,17,RUN — authored order,vo.initiation.party.shubes.1f1xfoo.1,vo.initiation.party.shubes.1f1xfoo.1.mp3
29,CH6 THIS THING OF OURS,Initiation Cabin,64,The Shubenator,shubenator,When Booski said 'walk out a squatch' I felt that in my whole chest. Every time. Every single guy.,19,RUN — authored order,vo.initiation.party.shubes.1ls9vgm.1,vo.initiation.party.shubes.1ls9vgm.1.mp3
29,CH6 THIS THING OF OURS,Initiation Cabin,65,The Shubenator,shubenator,"You seem stressed. Are you stressed? Because I get stressed and it's usually — is everything okay, man? Genuinely.",19,RUN — authored order,vo.initiation.party.shubes.1vp41wb.1,vo.initiation.party.shubes.1vp41wb.1.mp3
29,CH6 THIS THING OF OURS,Initiation Cabin,66,The Shubenator,shubenator,Please don't do anything tonight. I don't know why I said that. I just — I get feelings. Please don't.,20,RUN — authored order,vo.initiation.party.shubes.1fj8r6h.1,vo.initiation.party.shubes.1fj8r6h.1.mp3
29,CH6 THIS THING OF OURS,Initiation Cabin,67,DeathMegatron,deathmegatron,Voice on this guy.,4,RUN — authored order,vo.initiation.party.deathmegatron.0jlv5p9.1,vo.initiation.party.deathmegatron.0jlv5p9.1.mp3
29,CH6 THIS THING OF OURS,Initiation Cabin,68,DeathMegatron,deathmegatron,Good hands tonight. Kept 'em down. That's the whole trick.,10,RUN — authored order,vo.initiation.party.deathmegatron.08rpeo6.1,vo.initiation.party.deathmegatron.08rpeo6.1.mp3
29,CH6 THIS THING OF OURS,Initiation Cabin,69,DeathMegatron,deathmegatron,I had my thumb on your windpipe for the Roar. In case. You roared. Good.,15,RUN — authored order,vo.initiation.party.deathmegatron.1mpvq3f.1,vo.initiation.party.deathmegatron.1mpvq3f.1.mp3
29,CH6 THIS THING OF OURS,Initiation Cabin,70,DeathMegatron,deathmegatron,Brother.,1,RUN — authored order,vo.initiation.party.deathmegatron.05h0ma9.1,vo.initiation.party.deathmegatron.05h0ma9.1.mp3
29,CH6 THIS THING OF OURS,Initiation Cabin,71,DeathMegatron,deathmegatron,You're tense. I can see it in the shoulders. I put things down when I'm tense. You should put things down.,21,RUN — authored order,vo.initiation.party.deathmegatron.0pyngtq.1,vo.initiation.party.deathmegatron.0pyngtq.1.mp3
29,CH6 THIS THING OF OURS,Initiation Cabin,72,Hog Mama,hogmama,"You eat? There's dogs on the fire. Real ones — hot dogs, relax. Don't make it weird.",17,RUN — authored order,vo.initiation.party.hogmama.1ahg85n.1,vo.initiation.party.hogmama.1ahg85n.1.mp3
29,CH6 THIS THING OF OURS,Initiation Cabin,73,Hog Mama,hogmama,"Sit down before you fall down. You lost blood tonight. Electrolytes. There's a warm Gatorade in the cooler, it's yours.",20,RUN — authored order,vo.initiation.party.hogmama.0kumwmd.1,vo.initiation.party.hogmama.0kumwmd.1.mp3
29,CH6 THIS THING OF OURS,Initiation Cabin,74,Hog Mama,hogmama,"Every man here I've patched up at least once. You're on the list now. Congratulations, I guess.",17,RUN — authored order,vo.initiation.party.hogmama.05xn58u.1,vo.initiation.party.hogmama.05xn58u.1.mp3
29,CH6 THIS THING OF OURS,Initiation Cabin,75,Hog Mama,hogmama,Don't step over by the truck. I haven't dealt with that yet and I don't want you tracking it around.,20,RUN — authored order,vo.initiation.party.hogmama.089tex1.1,vo.initiation.party.hogmama.089tex1.1.mp3
29,CH6 THIS THING OF OURS,Initiation Cabin,76,Hog Mama,hogmama,Boys get sentimental at these. I don't. Somebody has to remember where the shovels are.,15,RUN — authored order,vo.initiation.party.hogmama.1cldrhn.1,vo.initiation.party.hogmama.1cldrhn.1.mp3
29,CH6 THIS THING OF OURS,Initiation Cabin,77,Hog Mama,hogmama,You've got a look. I've seen that look. Last person with that look is a story I tell to scare prospects.,21,RUN — authored order,vo.initiation.party.hogmama.0tuh3wl.1,vo.initiation.party.hogmama.0tuh3wl.1.mp3
29,CH6 THIS THING OF OURS,Initiation Cabin,78,Hog Mama,hogmama,"Whatever you're planning, sweetheart — I do the cleanup. So do it somewhere with a tarp already down.",18,RUN — authored order,vo.initiation.party.hogmama.0k6wgxr.1,vo.initiation.party.hogmama.0k6wgxr.1.mp3
29,CH6 THIS THING OF OURS,Initiation Cabin,79,Ape,ape,You took thirty punches and cried less than Shubes did. That's the bar. You cleared the bar.,17,RUN — authored order,vo.initiation.party.ape.19628w6.1,vo.initiation.party.ape.19628w6.1.mp3
29,CH6 THIS THING OF OURS,Initiation Cabin,80,Ape,ape,"Congrats on the murder cult, dork. Beer's warm. So's the induction, apparently.",12,RUN — authored order,vo.initiation.party.ape.1i4431e.1,vo.initiation.party.ape.1i4431e.1.mp3
29,CH6 THIS THING OF OURS,Initiation Cabin,81,Ape,ape,I had money on you eating it at the log. You cost me forty bucks. I've never respected anyone more.,20,RUN — authored order,vo.initiation.party.ape.0ijq4on.1,vo.initiation.party.ape.0ijq4on.1.mp3
29,CH6 THIS THING OF OURS,Initiation Cabin,82,Ape,ape,You know they only shot the first guy because he was worse at trivia than you. Low bar. You limbo'd under it. Proud.,23,RUN — authored order,vo.initiation.party.ape.09wkzum.1,vo.initiation.party.ape.09wkzum.1.mp3
29,CH6 THIS THING OF OURS,Initiation Cabin,83,Ape,ape,Nine feet tall and still can't hold your beer. This is my favorite version of you.,16,RUN — authored order,vo.initiation.party.ape.1wv0asm.1,vo.initiation.party.ape.1wv0asm.1.mp3
29,CH6 THIS THING OF OURS,Initiation Cabin,84,Ape,ape,"Don't let Booski hug you, he'll cry on the fur and it never dries. Ask Shubes. Shubes is basically a sponge now.",22,RUN — authored order,vo.initiation.party.ape.0wbojf4.1,vo.initiation.party.ape.0wbojf4.1.mp3
29,CH6 THIS THING OF OURS,Initiation Cabin,85,Ape,ape,"You're weird tonight. Weirder. And I've seen you sober, so that's a real statement.",14,RUN — authored order,vo.initiation.party.ape.0igz9f6.1,vo.initiation.party.ape.0igz9f6.1.mp3
29,CH6 THIS THING OF OURS,Initiation Cabin,86,Ape,ape,"What's in the pants, hero. And don't say a gun, because then I have to care, and I'm four deep.",20,RUN — authored order,vo.initiation.party.ape.1gwjrcm.1,vo.initiation.party.ape.1gwjrcm.1.mp3
29,CH6 THIS THING OF OURS,Initiation Cabin,87,Irish's Deep Dives,irish,Nobody has answered my question about the eggs. You're new — YOU answer it. What is the egg situation.,19,RUN — authored order,vo.initiation.party.irish.0q73ftg.1,vo.initiation.party.irish.0q73ftg.1.mp3
29,CH6 THIS THING OF OURS,Initiation Cabin,88,Irish's Deep Dives,irish,I raised the parking thing at the last three meetings. Three. We're a forest death cult and we cannot organize a car pool.,23,RUN — authored order,vo.initiation.party.irish.0866paj.1,vo.initiation.party.irish.0866paj.1.mp3
29,CH6 THIS THING OF OURS,Initiation Cabin,89,Irish's Deep Dives,irish,"Did they shoot a lad earlier or did I imagine that. Because if they did, that's exactly the kind of thing that should be on the AGENDA.",27,RUN — authored order,vo.initiation.party.irish.1ln070f.1,vo.initiation.party.irish.1ln070f.1.mp3
29,CH6 THIS THING OF OURS,Initiation Cabin,90,Irish's Deep Dives,irish,"Welcome, whatever. Do you have opinions on the fire-pit can situation. Because I have a document.",16,RUN — authored order,vo.initiation.party.irish.1g5h1uf.1,vo.initiation.party.irish.1g5h1uf.1.mp3
29,CH6 THIS THING OF OURS,Initiation Cabin,91,Irish's Deep Dives,irish,"I'm not drunk, I'm CORRECT, and there's a difference, and it's in the minutes, which nobody reads.",17,RUN — authored order,vo.initiation.party.irish.03363if.1,vo.initiation.party.irish.03363if.1.mp3
29,CH6 THIS THING OF OURS,Initiation Cabin,92,Irish's Deep Dives,irish,"You're the only one not talking. Finally, a serious person. Are you a serious person? Do you want to see the document.",22,RUN — authored order,vo.initiation.party.irish.1ah08u7.1,vo.initiation.party.irish.1ah08u7.1.mp3
29,CH6 THIS THING OF OURS,Initiation Cabin,93,Eric,eric,"Welcome, brother. I saved you a chair and immediately lost track of which one. It is one of the wet ones.",21,RUN — authored order,vo.initiation.party.erican.1quboem.1,vo.initiation.party.erican.1quboem.1.mp3
29,CH6 THIS THING OF OURS,Initiation Cabin,94,Eric,eric,"To Tony. He survived the ceremony and, more impressively, the parking.",11,RUN — authored order,vo.initiation.party.erican.0f8chb3.1,vo.initiation.party.erican.0f8chb3.1.mp3
29,CH6 THIS THING OF OURS,Initiation Cabin,95,Eric,eric,You keep counting exits. I do that in airports. This is not an airport. What are you waiting to depart from?,21,RUN — authored order,vo.initiation.party.erican.125h9p0.1,vo.initiation.party.erican.125h9p0.1.mp3
29,CH6 THIS THING OF OURS,Initiation Cabin,96,Eric,eric,"Welcome, brother. My initiation was worse. Everybody says that. Mine actually was.",12,RUN — authored order,vo.initiation.party.erican.190z6i5.1,vo.initiation.party.erican.190z6i5.1.mp3
29,CH6 THIS THING OF OURS,Initiation Cabin,97,Eric,eric,To the new blood!,4,RUN — authored order,vo.initiation.party.erican.0bdemm4.1,vo.initiation.party.erican.0bdemm4.1.mp3
29,CH6 THIS THING OF OURS,Initiation Cabin,98,Eric,eric,You made it look easy. It's not easy. Ask the shirt by the truck. …too soon. Have a beer.,19,RUN — authored order,vo.initiation.party.erican.1o3ynaq.1,vo.initiation.party.erican.1o3ynaq.1.mp3
29,CH6 THIS THING OF OURS,Initiation Cabin,99,Eric,eric,"Good roar. I've heard bad ones. Bad ones we don't talk about, on account of the guy.",17,RUN — authored order,vo.initiation.party.erican.1jb6mll.1,vo.initiation.party.erican.1jb6mll.1.mp3
29,CH6 THIS THING OF OURS,Initiation Cabin,100,Eric,eric,You alright? You keep looking at Booski. We all love him but you're — you're really looking at him.,19,RUN — authored order,vo.initiation.party.erican.0npetxc.1,vo.initiation.party.erican.0npetxc.1.mp3
29,CH6 THIS THING OF OURS,Initiation Cabin,101,Gratin,gratin,"Welcome, brother. I put the tools away for the toast. Most of them.",13,RUN — authored order,vo.initiation.party.gratin.1u7jdro.1,vo.initiation.party.gratin.1u7jdro.1.mp3
29,CH6 THIS THING OF OURS,Initiation Cabin,102,Gratin,gratin,To Tony. May every difficult conversation end as politely as his did.,12,RUN — authored order,vo.initiation.party.gratin.1gjuuuf.1,vo.initiation.party.gratin.1gjuuuf.1.mp3
29,CH6 THIS THING OF OURS,Initiation Cabin,103,Gratin,gratin,You keep watching Booski. Would you mind telling me why before I have to ask impolitely?,16,RUN — authored order,vo.initiation.party.gratin.0cbcl75.1,vo.initiation.party.gratin.0cbcl75.1.mp3
29,CH6 THIS THING OF OURS,Initiation Cabin,104,Gratin,gratin,"Welcome, brother. My initiation was worse. Everybody says that. Mine actually was.",12,RUN — authored order,vo.initiation.party.gratin.190z6i5.1,vo.initiation.party.gratin.190z6i5.1.mp3
29,CH6 THIS THING OF OURS,Initiation Cabin,105,Gratin,gratin,To the new blood!,4,RUN — authored order,vo.initiation.party.gratin.0bdemm4.1,vo.initiation.party.gratin.0bdemm4.1.mp3
29,CH6 THIS THING OF OURS,Initiation Cabin,106,Gratin,gratin,You made it look easy. It's not easy. Ask the shirt by the truck. …too soon. Have a beer.,19,RUN — authored order,vo.initiation.party.gratin.1o3ynaq.1,vo.initiation.party.gratin.1o3ynaq.1.mp3
29,CH6 THIS THING OF OURS,Initiation Cabin,107,Gratin,gratin,"Good roar. I've heard bad ones. Bad ones we don't talk about, on account of the guy.",17,RUN — authored order,vo.initiation.party.gratin.1jb6mll.1,vo.initiation.party.gratin.1jb6mll.1.mp3
29,CH6 THIS THING OF OURS,Initiation Cabin,108,Gratin,gratin,You alright? You keep looking at Booski. We all love him but you're — you're really looking at him.,19,RUN — authored order,vo.initiation.party.gratin.0npetxc.1,vo.initiation.party.gratin.0npetxc.1.mp3
29,CH6 THIS THING OF OURS,Initiation Cabin,109,CAPTAIN LOU SASOLE,lou2,"Welcome aboard, brother. No safety card, no exits, and Booski has the only parachute.",14,RUN — authored order,vo.initiation.party.captain-lou-sasole.0qfagvp.1,vo.initiation.party.captain-lou-sasole.0qfagvp.1.mp3
29,CH6 THIS THING OF OURS,Initiation Cabin,110,CAPTAIN LOU SASOLE,lou2,To Tony. You walked in under your own power. Better arrival than most.,13,RUN — authored order,vo.initiation.party.captain-lou-sasole.1elly0l.1,vo.initiation.party.captain-lou-sasole.1elly0l.1.mp3
29,CH6 THIS THING OF OURS,Initiation Cabin,111,CAPTAIN LOU SASOLE,lou2,You checked the tree line four times. Either you expect company or you forgot where you parked. Which is it?,20,RUN — authored order,vo.initiation.party.captain-lou-sasole.0u88kvh.1,vo.initiation.party.captain-lou-sasole.0u88kvh.1.mp3
29,CH6 THIS THING OF OURS,Initiation Cabin,112,CAPTAIN LOU SASOLE,lou2,"Welcome, brother. My initiation was worse. Everybody says that. Mine actually was.",12,RUN — authored order,vo.initiation.party.captain-lou-sasole.190z6i5.1,vo.initiation.party.captain-lou-sasole.190z6i5.1.mp3
29,CH6 THIS THING OF OURS,Initiation Cabin,113,CAPTAIN LOU SASOLE,lou2,To the new blood!,4,RUN — authored order,vo.initiation.party.captain-lou-sasole.0bdemm4.1,vo.initiation.party.captain-lou-sasole.0bdemm4.1.mp3
29,CH6 THIS THING OF OURS,Initiation Cabin,114,CAPTAIN LOU SASOLE,lou2,You made it look easy. It's not easy. Ask the shirt by the truck. …too soon. Have a beer.,19,RUN — authored order,vo.initiation.party.captain-lou-sasole.1o3ynaq.1,vo.initiation.party.captain-lou-sasole.1o3ynaq.1.mp3
29,CH6 THIS THING OF OURS,Initiation Cabin,115,CAPTAIN LOU SASOLE,lou2,"Good roar. I've heard bad ones. Bad ones we don't talk about, on account of the guy.",17,RUN — authored order,vo.initiation.party.captain-lou-sasole.1jb6mll.1,vo.initiation.party.captain-lou-sasole.1jb6mll.1.mp3
29,CH6 THIS THING OF OURS,Initiation Cabin,116,CAPTAIN LOU SASOLE,lou2,You alright? You keep looking at Booski. We all love him but you're — you're really looking at him.,19,RUN — authored order,vo.initiation.party.captain-lou-sasole.0npetxc.1,vo.initiation.party.captain-lou-sasole.0npetxc.1.mp3
29,CH6 THIS THING OF OURS,Initiation Cabin,117,Snow,snow,"Welcome, brother. Stand left of the fire. I just got the blood off the right side.",16,RUN — authored order,vo.initiation.party.snow.077jokl.1,vo.initiation.party.snow.077jokl.1.mp3
29,CH6 THIS THING OF OURS,Initiation Cabin,118,Snow,snow,To Tony. One round left in the cylinder and none of it had your name on it.,17,RUN — authored order,vo.initiation.party.snow.1r2gyh5.1,vo.initiation.party.snow.1r2gyh5.1.mp3
29,CH6 THIS THING OF OURS,Initiation Cabin,119,Snow,snow,You keep watching my hands. Smart. Now tell me what yours are waiting to do.,15,RUN — authored order,vo.initiation.party.snow.0uf1hzj.1,vo.initiation.party.snow.0uf1hzj.1.mp3
29,CH6 THIS THING OF OURS,Initiation Cabin,120,Snow,snow,No hard feelings on the first guy. Job's a job. You I like — you knew the founders.,18,RUN — authored order,vo.initiation.party.snow.0l62w3g.1,vo.initiation.party.snow.0l62w3g.1.mp3
29,CH6 THIS THING OF OURS,Initiation Cabin,121,Snow,snow,You want to know if it gets easier. It got easier around number four. Cheers.,15,RUN — authored order,vo.initiation.party.snow.10xbalq.1,vo.initiation.party.snow.10xbalq.1.mp3
29,CH6 THIS THING OF OURS,Initiation Cabin,122,Snow,snow,I reloaded twice for that idiot. You? You I wouldn't have needed the second mag. Compliment.,16,RUN — authored order,vo.initiation.party.snow.1o6vqe0.1,vo.initiation.party.snow.1o6vqe0.1.mp3
29,CH6 THIS THING OF OURS,Initiation Cabin,123,Snow,snow,"You're not gonna make me work twice tonight, are you.",10,RUN — authored order,vo.initiation.party.snow.05ylq01.1,vo.initiation.party.snow.05ylq01.1.mp3
29,CH6 THIS THING OF OURS,Initiation Cabin,124,Snow,snow,"Welcome, brother. My initiation was worse. Everybody says that. Mine actually was.",12,RUN — authored order,vo.initiation.party.snow.190z6i5.1,vo.initiation.party.snow.190z6i5.1.mp3
29,CH6 THIS THING OF OURS,Initiation Cabin,125,Snow,snow,To the new blood!,4,RUN — authored order,vo.initiation.party.snow.0bdemm4.1,vo.initiation.party.snow.0bdemm4.1.mp3
29,CH6 THIS THING OF OURS,Initiation Cabin,126,Snow,snow,You made it look easy. It's not easy. Ask the shirt by the truck. …too soon. Have a beer.,19,RUN — authored order,vo.initiation.party.snow.1o3ynaq.1,vo.initiation.party.snow.1o3ynaq.1.mp3
29,CH6 THIS THING OF OURS,Initiation Cabin,127,Snow,snow,"Good roar. I've heard bad ones. Bad ones we don't talk about, on account of the guy.",17,RUN — authored order,vo.initiation.party.snow.1jb6mll.1,vo.initiation.party.snow.1jb6mll.1.mp3
29,CH6 THIS THING OF OURS,Initiation Cabin,128,Snow,snow,You alright? You keep looking at Booski. We all love him but you're — you're really looking at him.,19,RUN — authored order,vo.initiation.party.snow.0npetxc.1,vo.initiation.party.snow.0npetxc.1.mp3
29,CH6 THIS THING OF OURS,Initiation Cabin,129,Ape,ape,Shubes is crying again.,4,RUN — authored order,vo.initiation.ambient.ape.0419kfp.1,vo.initiation.ambient.ape.0419kfp.1.mp3
29,CH6 THIS THING OF OURS,Initiation Cabin,130,The Shubenator,shubenator,It's the SMOKE.,3,RUN — authored order,vo.initiation.ambient.shubes.1lxqviq.1,vo.initiation.ambient.shubes.1lxqviq.1.mp3
29,CH6 THIS THING OF OURS,Initiation Cabin,131,Ape,ape,There's no smoke over there. You're upwind.,7,RUN — authored order,vo.initiation.ambient.ape.1i3c879.1,vo.initiation.ambient.ape.1i3c879.1.mp3
29,CH6 THIS THING OF OURS,Initiation Cabin,132,The Shubenator,shubenator,…It's allergies.,2,RUN — authored order,vo.initiation.ambient.shubes.1axhvr8.1,vo.initiation.ambient.shubes.1axhvr8.1.mp3
29,CH6 THIS THING OF OURS,Initiation Cabin,133,Irish's Deep Dives,irish,Are we going to talk about the parking or not.,10,RUN — authored order,vo.initiation.ambient.irish.06l4y20.1,vo.initiation.ambient.irish.06l4y20.1.mp3
29,CH6 THIS THING OF OURS,Initiation Cabin,134,Hog Mama,hogmama,Not.,1,RUN — authored order,vo.initiation.ambient.hogmama.1ju8p58.1,vo.initiation.ambient.hogmama.1ju8p58.1.mp3
29,CH6 THIS THING OF OURS,Initiation Cabin,135,Irish's Deep Dives,irish,Noted. AGAIN.,2,RUN — authored order,vo.initiation.ambient.irish.1bru72z.1,vo.initiation.ambient.irish.1bru72z.1.mp3
29,CH6 THIS THING OF OURS,Initiation Cabin,136,Booski,booski,Best induction in years.,4,RUN — authored order,vo.initiation.ambient.booski.149u0w9.1,vo.initiation.ambient.booski.149u0w9.1.mp3
29,CH6 THIS THING OF OURS,Initiation Cabin,137,BIG UNCLE LOU SPUTTHOLE,lou,You said that about the last one.,7,RUN — authored order,vo.initiation.ambient.lou.08qn0k2.1,vo.initiation.ambient.lou.08qn0k2.1.mp3
29,CH6 THIS THING OF OURS,Initiation Cabin,138,Booski,booski,"The last one's a shirt now, Lou.",7,RUN — authored order,vo.initiation.ambient.booski.0osl56r.1,vo.initiation.ambient.booski.0osl56r.1.mp3
29,CH6 THIS THING OF OURS,Initiation Cabin,139,BIG UNCLE LOU SPUTTHOLE,lou,…Fair.,1,RUN — authored order,vo.initiation.ambient.lou.0fglkg3.1,vo.initiation.ambient.lou.0fglkg3.1.mp3
29,CH6 THIS THING OF OURS,Initiation Cabin,140,Ape,ape,"Deep. Real deep, big man.",5,RUN — authored order,vo.initiation.ambient.ape.1gb5hpx.1,vo.initiation.ambient.ape.1gb5hpx.1.mp3
29,CH6 THIS THING OF OURS,Initiation Cabin,141,Hog Mama,hogmama,Whose turn is the tarp this week.,7,RUN — authored order,vo.initiation.ambient.hogmama.091pd5g.1,vo.initiation.ambient.hogmama.091pd5g.1.mp3
29,CH6 THIS THING OF OURS,Initiation Cabin,142,Ape,ape,Rippinflow's.,1,RUN — authored order,vo.initiation.ambient.ape.0h7ii9x.1,vo.initiation.ambient.ape.0h7ii9x.1.mp3
29,CH6 THIS THING OF OURS,Initiation Cabin,143,Rippinflow,rippinflow,…I did last week.,4,RUN — authored order,vo.initiation.ambient.rippinflow.15loodx.1,vo.initiation.ambient.rippinflow.15loodx.1.mp3
29,CH6 THIS THING OF OURS,Initiation Cabin,144,Hog Mama,hogmama,"You're good at it, though.",5,RUN — authored order,vo.initiation.ambient.hogmama.0gs5hoq.1,vo.initiation.ambient.hogmama.0gs5hoq.1.mp3
29,CH6 THIS THING OF OURS,Initiation Cabin,145,BIG UNCLE LOU SPUTTHOLE,lou,"I'm not even meant to be here, technically. I'm at the airport.",12,RUN — authored order,vo.initiation.ambient.lou.12x3vpg.1,vo.initiation.ambient.lou.12x3vpg.1.mp3
29,CH6 THIS THING OF OURS,Initiation Cabin,146,Ape,ape,You've been 'at the airport' for six years.,8,RUN — authored order,vo.initiation.ambient.ape.1q4qhzc.1,vo.initiation.ambient.ape.1q4qhzc.1.mp3
29,CH6 THIS THING OF OURS,Initiation Cabin,147,BIG UNCLE LOU SPUTTHOLE,lou,And I'll be there six more.,6,RUN — authored order,vo.initiation.ambient.lou.03vfmoo.1,vo.initiation.ambient.lou.03vfmoo.1.mp3
29,CH6 THIS THING OF OURS,Initiation Cabin,148,Irish's Deep Dives,irish,Nobody. Answered. About the eggs.,5,RUN — authored order,vo.initiation.ambient.irish.0at9yb1.1,vo.initiation.ambient.irish.0at9yb1.1.mp3
29,CH6 THIS THING OF OURS,Initiation Cabin,149,The Shubenator,shubenator,What eggs?,2,RUN — authored order,vo.initiation.ambient.shubes.1l0547c.1,vo.initiation.ambient.shubes.1l0547c.1.mp3
29,CH6 THIS THING OF OURS,Initiation Cabin,150,Irish's Deep Dives,irish,EXACTLY.,1,RUN — authored order,vo.initiation.ambient.irish.1eu4g1z.1,vo.initiation.ambient.irish.1eu4g1z.1.mp3
29,CH6 THIS THING OF OURS,Initiation Cabin,151,Booski,booski,Rippinflow. Say something to the new blood.,7,RUN — authored order,vo.initiation.ambient.booski.06sn01i.1,vo.initiation.ambient.booski.06sn01i.1.mp3
29,CH6 THIS THING OF OURS,Initiation Cabin,152,Rippinflow,rippinflow,…Welcome.,1,RUN — authored order,vo.initiation.ambient.rippinflow.1tyksgj.1,vo.initiation.ambient.rippinflow.1tyksgj.1.mp3
29,CH6 THIS THING OF OURS,Initiation Cabin,153,Booski,booski,BEAUTIFUL. That's the most he's said since March.,8,RUN — authored order,vo.initiation.ambient.booski.0p8sqgg.1,vo.initiation.ambient.booski.0p8sqgg.1.mp3
29,CH6 THIS THING OF OURS,Initiation Cabin,154,Ape,ape,New guy's being weird.,4,RUN — authored order,vo.initiation.ambient.ape.1jvatuw.1,vo.initiation.ambient.ape.1jvatuw.1.mp3
29,CH6 THIS THING OF OURS,Initiation Cabin,155,Hog Mama,hogmama,I clocked it.,3,RUN — authored order,vo.initiation.ambient.hogmama.0u8bxi6.1,vo.initiation.ambient.hogmama.0u8bxi6.1.mp3
29,CH6 THIS THING OF OURS,Initiation Cabin,156,Ape,ape,…Should we—,2,RUN — authored order,vo.initiation.ambient.ape.1rrbwd2.1,vo.initiation.ambient.ape.1rrbwd2.1.mp3
29,CH6 THIS THING OF OURS,Initiation Cabin,157,Hog Mama,hogmama,Rippinflow's got it.,3,RUN — authored order,vo.initiation.ambient.hogmama.1gphmz6.1,vo.initiation.ambient.hogmama.1gphmz6.1.mp3
29,CH6 THIS THING OF OURS,Initiation Cabin,158,BIG UNCLE LOU SPUTTHOLE,lou,"Booski, do your toast where people can see your hands.",10,RUN — authored order,vo.initiation.ambient.lou.149wslz.1,vo.initiation.ambient.lou.149wslz.1.mp3
29,CH6 THIS THING OF OURS,Initiation Cabin,159,Booski,booski,Why.,1,RUN — authored order,vo.initiation.ambient.booski.0r5edhx.1,vo.initiation.ambient.booski.0r5edhx.1.mp3
29,CH6 THIS THING OF OURS,Initiation Cabin,160,BIG UNCLE LOU SPUTTHOLE,lou,Humor me.,2,RUN — authored order,vo.initiation.ambient.lou.1ckii4g.1,vo.initiation.ambient.lou.1ckii4g.1.mp3
29,CH6 THIS THING OF OURS,Initiation Cabin,161,Kittenboss,kittenboss,Do you know any of this?,6,RUN — authored order,vo.initiation.cabin.in-030-kittenboss.1ba2x2c.1,vo.initiation.cabin.in-030-kittenboss.1ba2x2c.1.mp3
29,CH6 THIS THING OF OURS,Initiation Cabin,162,Tony (the Prospect),player,No.,1,RUN — authored order,vo.initiation.cabin.in-031-prospect.0mtgzbw.1,vo.initiation.cabin.in-031-prospect.0mtgzbw.1.mp3
29,CH6 THIS THING OF OURS,Initiation Cabin,163,Kittenboss,kittenboss,"No, me neither.",3,RUN — authored order,vo.initiation.cabin.in-031-kittenboss.0gimm6v.1,vo.initiation.cabin.in-031-kittenboss.0gimm6v.1.mp3
29,CH6 THIS THING OF OURS,Initiation Cabin,164,Tony (the Prospect),player,Some of it.,3,RUN — authored order,vo.initiation.cabin.in-032-prospect.17hckpf.1,vo.initiation.cabin.in-032-prospect.17hckpf.1.mp3
29,CH6 THIS THING OF OURS,Initiation Cabin,165,Kittenboss,kittenboss,Which bit?,2,RUN — authored order,vo.initiation.cabin.in-032-kittenboss.0x0xloq.1,vo.initiation.cabin.in-032-kittenboss.0x0xloq.1.mp3
29,CH6 THIS THING OF OURS,Initiation Cabin,166,Kittenboss,kittenboss,Right.,1,RUN — authored order,vo.initiation.cabin.in-032-kittenboss.1psklkh.1,vo.initiation.cabin.in-032-kittenboss.1psklkh.1.mp3
29,CH6 THIS THING OF OURS,Initiation Cabin,167,Kittenboss,kittenboss,Fair enough.,2,RUN — authored order,vo.initiation.cabin.in-033-kittenboss.0h033a9.1,vo.initiation.cabin.in-033-kittenboss.0h033a9.1.mp3
29,CH6 THIS THING OF OURS,Initiation Cabin,168,Bing doorman,doorman,Can I have another go?,5,RUN — authored order,vo.initiation.cabin.in-060-prospect-one.00sjbgg.1,vo.initiation.cabin.in-060-prospect-one.00sjbgg.1.mp3
29,CH6 THIS THING OF OURS,Initiation Cabin,169,Bing doorman,doorman,Oh.,1,RUN — authored order,vo.initiation.cabin.in-060-prospect-one.0jcr2ck.1,vo.initiation.cabin.in-060-prospect-one.0jcr2ck.1.mp3
29,CH6 THIS THING OF OURS,Initiation Cabin,170,Kittenboss,kittenboss,"That’s not— that’s not standard, is it?",7,RUN — authored order,vo.initiation.cabin.in-075-kittenboss.1lqau7w.1,vo.initiation.cabin.in-075-kittenboss.1lqau7w.1.mp3
29,CH6 THIS THING OF OURS,Initiation Cabin,171,BIG UNCLE LOU SPUTTHOLE,lou,Willy gave them the strip. He did not give them this house.,12,RUN — authored order,vo.initiation.cabin.in-100-lou.18ykyue.1,vo.initiation.cabin.in-100-lou.18ykyue.1.mp3
29,CH6 THIS THING OF OURS,Initiation Cabin,172,Booski,booski,Sauce did. The palace proved it.,6,RUN — authored order,vo.initiation.cabin.in-100-booskibro.185kcop.1,vo.initiation.cabin.in-100-booskibro.185kcop.1.mp3
29,CH6 THIS THING OF OURS,Initiation Cabin,173,Booski,booski,Short Bus. Sauce signed it. One of tonight’s prospects countersigned the breach.,12,RUN — authored order,vo.initiation.cabin.in-100-booskibro.0apw1h4.1,vo.initiation.cabin.in-100-booskibro.0apw1h4.1.mp3
29,CH6 THIS THING OF OURS,Initiation Cabin,174,BIG UNCLE LOU SPUTTHOLE,lou,There is one place left. Five prospects are standing for it.,11,RUN — authored order,vo.initiation.cabin.in-100-lou.178c7be.1,vo.initiation.cabin.in-100-lou.178c7be.1.mp3
29,CH6 THIS THING OF OURS,Initiation Cabin,175,Booski,booski,We don’t put a question inside this family.,8,RUN — authored order,vo.initiation.cabin.in-100-booskibro.0jpbifj.1,vo.initiation.cabin.in-100-booskibro.0jpbifj.1.mp3
29,CH6 THIS THING OF OURS,Initiation Cabin,176,Booski,booski,Nuclear option.,2,RUN — authored order,vo.initiation.cabin.in-100-booskibro.00zrt0g.1,vo.initiation.cabin.in-100-booskibro.00zrt0g.1.mp3
29,CH6 THIS THING OF OURS,Initiation Cabin,177,Gratin,gratin,Kittenboss too?,2,RUN — authored order,vo.initiation.cabin.in-100-gratin.1wuj4z6.1,vo.initiation.cabin.in-100-gratin.1wuj4z6.1.mp3
29,CH6 THIS THING OF OURS,Initiation Cabin,178,BIG UNCLE LOU SPUTTHOLE,lou,We'll see.,2,RUN — authored order,vo.initiation.cabin.in-100-lou.1rt2hrp.1,vo.initiation.cabin.in-100-lou.1rt2hrp.1.mp3
29,CH6 THIS THING OF OURS,Initiation Cabin,179,Booski,booski,She has to go too.,5,RUN — authored order,vo.initiation.cabin.in-100-booskibro.19d4ob8.1,vo.initiation.cabin.in-100-booskibro.19d4ob8.1.mp3
29,CH6 THIS THING OF OURS,Initiation Cabin,180,Booski,booski,All prospects. On your knees.,5,RUN — authored order,vo.initiation.cabin.in-110-booskibro.100apah.1,vo.initiation.cabin.in-110-booskibro.100apah.1.mp3
29,CH6 THIS THING OF OURS,Initiation Cabin,181,Gratin,gratin,Face forward.,2,RUN — authored order,vo.initiation.cabin.in-110-gratin.1e0lw2d.1,vo.initiation.cabin.in-110-gratin.1e0lw2d.1.mp3
29,CH6 THIS THING OF OURS,Initiation Cabin,182,Disposable NPC (shared),npc-reserve-1,Nobody asked me a question.,5,RUN — authored order,vo.initiation.cabin.in-120-prospect-three.018unbp.1,vo.initiation.cabin.in-120-prospect-three.018unbp.1.mp3
29,CH6 THIS THING OF OURS,Initiation Cabin,183,Disposable NPC (shared),npc-reserve-1,Ask me the question.,4,RUN — authored order,vo.initiation.cabin.in-120-prospect-three.0mk6sxt.1,vo.initiation.cabin.in-120-prospect-three.0mk6sxt.1.mp3
29,CH6 THIS THING OF OURS,Initiation Cabin,184,RESERVED 2026-08-04,npc-reserve-2,Is Booski watching?,3,RUN — authored order,vo.initiation.cabin.in-145-prospect-five.0xrahxk.1,vo.initiation.cabin.in-145-prospect-five.0xrahxk.1.mp3
29,CH6 THIS THING OF OURS,Initiation Cabin,185,Gratin,gratin,He’s watching.,2,RUN — authored order,vo.initiation.cabin.in-145-gratin.146zxg7.1,vo.initiation.cabin.in-145-gratin.146zxg7.1.mp3
29,CH6 THIS THING OF OURS,Initiation Cabin,186,Kittenboss,kittenboss,"No, no, wait...",3,RUN — authored order,vo.initiation.cabin.in-150-kittenboss.1baf5ya.1,vo.initiation.cabin.in-150-kittenboss.1baf5ya.1.mp3
29,CH6 THIS THING OF OURS,Initiation Cabin,187,Gratin,gratin,Everybody remembers the night they joined the family. Nobody remembers the one who didn't.,14,RUN — authored order,vo.initiation.cabin.in-150-gratin.1usmj9t.1,vo.initiation.cabin.in-150-gratin.1usmj9t.1.mp3
29,CH6 THIS THING OF OURS,Initiation Cabin,188,BIG UNCLE LOU SPUTTHOLE,lou,Stop. This one is good.,5,RUN — authored order,vo.initiation.cabin.in-170-lou.15qwm4k.1,vo.initiation.cabin.in-170-lou.15qwm4k.1.mp3
29,CH6 THIS THING OF OURS,Initiation Cabin,189,Booski,booski,Get Tony up.,3,RUN — authored order,vo.initiation.cabin.in-170-booskibro.1ktte4c.1,vo.initiation.cabin.in-170-booskibro.1ktte4c.1.mp3
29,CH6 THIS THING OF OURS,Initiation Cabin,190,Booski,booski,"Come on, then.",3,RUN — authored order,vo.initiation.cabin.in-200-booskibro.17cff6h.1,vo.initiation.cabin.in-200-booskibro.17cff6h.1.mp3
29,CH6 THIS THING OF OURS,Initiation Cabin,191,Seff,seff,Colder than it was.,4,RUN — authored order,vo.initiation.cabin.in-210-seff.0nkza49.1,vo.initiation.cabin.in-210-seff.0nkza49.1.mp3
29,CH6 THIS THING OF OURS,Initiation Cabin,192,Lag,lag,It’s the wet.,3,RUN — authored order,vo.initiation.cabin.in-210-lag.0oz6emn.1,vo.initiation.cabin.in-210-lag.0oz6emn.1.mp3
29,CH6 THIS THING OF OURS,Initiation Cabin,193,Seff,seff,Mm.,1,RUN — authored order,vo.initiation.cabin.in-210-seff.1u7hwnn.1,vo.initiation.cabin.in-210-seff.1u7hwnn.1.mp3
29,CH6 THIS THING OF OURS,Initiation Cabin,194,Irish's Deep Dives,irish,Are we doing the thing with the card?,8,RUN — authored order,vo.initiation.cabin.in-220-irish.1snxq1h.1,vo.initiation.cabin.in-220-irish.1snxq1h.1.mp3
29,CH6 THIS THING OF OURS,Initiation Cabin,195,Hog Mama,hogmama,Yes.,1,RUN — authored order,vo.initiation.cabin.in-220-hogmama.1ssev5m.1,vo.initiation.cabin.in-220-hogmama.1ssev5m.1.mp3
29,CH6 THIS THING OF OURS,Initiation Cabin,196,Irish's Deep Dives,irish,Right. Only last time nobody brought a card.,8,RUN — authored order,vo.initiation.cabin.in-220-irish.037klvh.1,vo.initiation.cabin.in-220-irish.037klvh.1.mp3
29,CH6 THIS THING OF OURS,Initiation Cabin,197,Hog Mama,hogmama,Somebody brought a card.,4,RUN — authored order,vo.initiation.cabin.in-220-hogmama.116rlrr.1,vo.initiation.cabin.in-220-hogmama.116rlrr.1.mp3
29,CH6 THIS THING OF OURS,Initiation Cabin,198,Irish's Deep Dives,irish,Somebody brought a receipt.,4,RUN — authored order,vo.initiation.cabin.in-220-irish.1khl87n.1,vo.initiation.cabin.in-220-irish.1khl87n.1.mp3
29,CH6 THIS THING OF OURS,Initiation Cabin,199,The Shubenator,shubenator,It’s the smoke.,3,RUN — authored order,vo.initiation.cabin.in-230-shubenator.1nrrfvw.1,vo.initiation.cabin.in-230-shubenator.1nrrfvw.1.mp3
29,CH6 THIS THING OF OURS,Initiation Cabin,200,Numbskull,numbskull,Watch your feet through here.,5,RUN — authored order,vo.initiation.cabin.in-240-numbskull.0nyjs1k.1,vo.initiation.cabin.in-240-numbskull.0nyjs1k.1.mp3
29,CH6 THIS THING OF OURS,Initiation Cabin,201,Tony (the Prospect),player,…Thanks.,1,RUN — authored order,vo.initiation.cabin.in-240-prospect.0sljbim.1,vo.initiation.cabin.in-240-prospect.0sljbim.1.mp3
29,CH6 THIS THING OF OURS,Initiation Cabin,202,Numbskull,numbskull,"It gets you every time, that bit.",7,RUN — authored order,vo.initiation.cabin.in-240-numbskull.1y02bwa.1,vo.initiation.cabin.in-240-numbskull.1y02bwa.1.mp3
29,CH6 THIS THING OF OURS,Initiation Cabin,203,Tony (the Prospect),player,Where are we going?,4,RUN — authored order,vo.initiation.cabin.in-246-prospect.0ncowzt.1,vo.initiation.cabin.in-246-prospect.0ncowzt.1.mp3
29,CH6 THIS THING OF OURS,Initiation Cabin,204,Booski,booski,Up.,1,RUN — authored order,vo.initiation.cabin.in-246-booskibro.1mkgx7u.1,vo.initiation.cabin.in-246-booskibro.1mkgx7u.1.mp3
29,CH6 THIS THING OF OURS,Initiation Cabin,205,Tony (the Prospect),player,Is somebody going to tell me what that was?,9,RUN — authored order,vo.initiation.cabin.in-247-prospect.0tjyt2w.1,vo.initiation.cabin.in-247-prospect.0tjyt2w.1.mp3
29,CH6 THIS THING OF OURS,Initiation Cabin,206,Lag,lag,Probably not.,2,RUN — authored order,vo.initiation.cabin.in-247-lag.0ilit57.1,vo.initiation.cabin.in-247-lag.0ilit57.1.mp3
29,CH6 THIS THING OF OURS,Initiation Cabin,207,Booski,booski,In.,1,RUN — authored order,vo.initiation.cabin.in-260-booskibro.1gudewg.1,vo.initiation.cabin.in-260-booskibro.1gudewg.1.mp3
29,CH6 THIS THING OF OURS,Initiation Cabin,208,BIG UNCLE LOU SPUTTHOLE,lou,Come forward.,2,RUN — authored order,vo.initiation.cabin.in-310-lou.1t6766a.1,vo.initiation.cabin.in-310-lou.1t6766a.1.mp3
29,CH6 THIS THING OF OURS,Initiation Cabin,209,BIG UNCLE LOU SPUTTHOLE,lou,"All of the men in this room are bound by blood. This is a family. And in this thing of ours, we follow a code of honor. There’s a way of life... a brotherhood.",34,RUN — authored order,vo.initiation.cabin.in-320-lou.0p69cz0.1,vo.initiation.cabin.in-320-lou.0p69cz0.1.mp3
29,CH6 THIS THING OF OURS,Initiation Cabin,210,Booski,booski,You are here because of your deeds and the assertions of those who stand at your side.,17,RUN — authored order,vo.initiation.cabin.in-330-booskibro.09hb3ch.1,vo.initiation.cabin.in-330-booskibro.09hb3ch.1.mp3
29,CH6 THIS THING OF OURS,Initiation Cabin,211,Booski,booski,"You did what was asked. You kept your mouth shut. You handled yourself at the Bing. You flew the beef run. When it came time to stand up, you stood up.",31,RUN — authored order,vo.initiation.cabin.in-340-booskibro.08uea1h.1,vo.initiation.cabin.in-340-booskibro.08uea1h.1.mp3
29,CH6 THIS THING OF OURS,Initiation Cabin,212,Booski,booski,You carried Lou’s case. You held his house when they came for it. You walked into their palace alone and ended the war.,23,RUN — authored order,vo.initiation.cabin.in-340-booskibro.1fff3e2.1,vo.initiation.cabin.in-340-booskibro.1fff3e2.1.mp3
29,CH6 THIS THING OF OURS,Initiation Cabin,213,Rippinflow,rippinflow,"This life is one of secrecy. If you make a friend, meet a woman, live out there among regular people... they must not know about our thing.",27,RUN — authored order,vo.initiation.cabin.in-350-rippinflow.1hyk744.1,vo.initiation.cabin.in-350-rippinflow.1hyk744.1.mp3
29,CH6 THIS THING OF OURS,Initiation Cabin,214,BIG UNCLE LOU SPUTTHOLE,lou,It is binding. It is not forgiving. To betray one is to betray all.,14,RUN — authored order,vo.initiation.cabin.in-360-lou.1cj0ypn.1,vo.initiation.cabin.in-360-lou.1cj0ypn.1.mp3
29,CH6 THIS THING OF OURS,Initiation Cabin,215,BIG UNCLE LOU SPUTTHOLE,lou,You didn’t say anything out there.,6,RUN — authored order,vo.initiation.cabin.in-365-silent-lou.06zmzt5.1,vo.initiation.cabin.in-365-silent-lou.06zmzt5.1.mp3
29,CH6 THIS THING OF OURS,Initiation Cabin,216,BIG UNCLE LOU SPUTTHOLE,lou,Good.,1,RUN — authored order,vo.initiation.cabin.in-365-silent-lou.1hlgrfm.1,vo.initiation.cabin.in-365-silent-lou.1hlgrfm.1.mp3
29,CH6 THIS THING OF OURS,Initiation Cabin,217,BIG UNCLE LOU SPUTTHOLE,lou,Do you wish to commit yourself... your life... to this family?,11,RUN — authored order,vo.initiation.cabin.in-370-lou.1o1uo7u.1,vo.initiation.cabin.in-370-lou.1o1uo7u.1.mp3
29,CH6 THIS THING OF OURS,Initiation Cabin,218,Tony (the Prospect),player,Yes. I do.,3,RUN — authored order,vo.initiation.cabin.in-371-prospect.0v3lnxo.1,vo.initiation.cabin.in-371-prospect.0v3lnxo.1.mp3
29,CH6 THIS THING OF OURS,Initiation Cabin,219,Tony (the Prospect),player,No. I don’t.,3,RUN — authored order,vo.initiation.cabin.fail-b-prospect.0wv20kn.1,vo.initiation.cabin.fail-b-prospect.0wv20kn.1.mp3
29,CH6 THIS THING OF OURS,Initiation Cabin,220,BIG UNCLE LOU SPUTTHOLE,lou,Then before the eyes of all here present... join me.,10,RUN — authored order,vo.initiation.cabin.in-380-lou.1bwulo9.1,vo.initiation.cabin.in-380-lou.1bwulo9.1.mp3
29,CH6 THIS THING OF OURS,Initiation Cabin,221,BIG UNCLE LOU SPUTTHOLE,lou,Give me your hand.,4,RUN — authored order,vo.initiation.cabin.in-410-lou.0zn68ys.1,vo.initiation.cabin.in-410-lou.0zn68ys.1.mp3
29,CH6 THIS THING OF OURS,Initiation Cabin,222,BIG UNCLE LOU SPUTTHOLE,lou,To become a man of honor... repeat these words.,9,RUN — authored order,vo.initiation.cabin.in-430-lou.17nhb4i.1,vo.initiation.cabin.in-430-lou.17nhb4i.1.mp3
29,CH6 THIS THING OF OURS,Initiation Cabin,223,BIG UNCLE LOU SPUTTHOLE,lou,I swear my loyalty to this family.,7,RUN — authored order,vo.initiation.cabin.in-430-lou.1800mnn.1,vo.initiation.cabin.in-430-lou.1800mnn.1.mp3
29,CH6 THIS THING OF OURS,Initiation Cabin,224,Tony (the Prospect),player,I swear my loyalty to this family.,7,RUN — authored order,vo.initiation.cabin.in-430-prospect.1800mnn.1,vo.initiation.cabin.in-430-prospect.1800mnn.1.mp3
29,CH6 THIS THING OF OURS,Initiation Cabin,225,BIG UNCLE LOU SPUTTHOLE,lou,My flesh must burn in hell like this saint if I do not keep my oath.,16,RUN — authored order,vo.initiation.cabin.in-435-lou.0aarlpi.1,vo.initiation.cabin.in-435-lou.0aarlpi.1.mp3
29,CH6 THIS THING OF OURS,Initiation Cabin,226,Tony (the Prospect),player,My flesh must burn in hell like this saint if I do not keep my oath.,16,RUN — authored order,vo.initiation.cabin.in-435-prospect.0aarlpi.1,vo.initiation.cabin.in-435-prospect.0aarlpi.1.mp3
29,CH6 THIS THING OF OURS,Initiation Cabin,227,BIG UNCLE LOU SPUTTHOLE,lou,"From this day forward, your word is the word of this family. Your enemies are our enemies. Your loyalty is no longer yours alone — it belongs to all of us.",31,RUN — authored order,vo.initiation.cabin.in-450-lou.0qt3496.1,vo.initiation.cabin.in-450-lou.0qt3496.1.mp3
29,CH6 THIS THING OF OURS,Initiation Cabin,228,BIG UNCLE LOU SPUTTHOLE,lou,Welcome.,1,RUN — authored order,vo.initiation.cabin.in-460-lou.08jlcav.1,vo.initiation.cabin.in-460-lou.08jlcav.1.mp3
29,CH6 THIS THING OF OURS,Initiation Cabin,229,Booski,booski,Welcome.,1,RUN — authored order,vo.initiation.cabin.in-460-booskibro.08jlcav.1,vo.initiation.cabin.in-460-booskibro.08jlcav.1.mp3
29,CH6 THIS THING OF OURS,Initiation Cabin,230,Ape,ape,SALUD!,1,RUN — authored order,vo.initiation.cabin.in-500-ape.0juxi7h.1,vo.initiation.cabin.in-500-ape.0juxi7h.1.mp3
29,CH6 THIS THING OF OURS,Initiation Cabin,231,Hog Mama,hogmama,SALUD!,1,RUN — authored order,vo.initiation.cabin.in-500-hogmama.0juxi7h.1,vo.initiation.cabin.in-500-hogmama.0juxi7h.1.mp3
29,CH6 THIS THING OF OURS,Initiation Cabin,232,CAPTAIN LOU SASOLE,lou2,SALUD!,1,RUN — authored order,vo.initiation.cabin.in-500-sasole.0juxi7h.1,vo.initiation.cabin.in-500-sasole.0juxi7h.1.mp3
29,CH6 THIS THING OF OURS,Initiation Cabin,233,Eric,eric,"Salud, kid.",2,RUN — authored order,vo.initiation.cabin.in-510-eric.0gfm3yw.1,vo.initiation.cabin.in-510-eric.0gfm3yw.1.mp3
29,CH6 THIS THING OF OURS,Initiation Cabin,234,Snow,snow,You’re family now.,3,RUN — authored order,vo.initiation.cabin.in-510-snow.0k2r3sk.1,vo.initiation.cabin.in-510-snow.0k2r3sk.1.mp3
29,CH6 THIS THING OF OURS,Initiation Cabin,235,Irish's Deep Dives,irish,"That’s it, brother.",3,RUN — authored order,vo.initiation.cabin.in-510-irish.046pkld.1,vo.initiation.cabin.in-510-irish.046pkld.1.mp3
29,CH6 THIS THING OF OURS,Initiation Cabin,236,Numbskull,numbskull,He made it.,3,RUN — authored order,vo.initiation.cabin.in-510-numbskull.1u7dsrm.1,vo.initiation.cabin.in-510-numbskull.1u7dsrm.1.mp3
29,CH6 THIS THING OF OURS,Initiation Cabin,237,Seff,seff,Salud!,1,RUN — authored order,vo.initiation.cabin.in-510-seff.02uoq5p.1,vo.initiation.cabin.in-510-seff.02uoq5p.1.mp3
29,CH6 THIS THING OF OURS,Initiation Cabin,238,Hog Mama,hogmama,"Come here. Come here, baby.",5,RUN — authored order,vo.initiation.cabin.in-510-hogmama.1nr42bj.1,vo.initiation.cabin.in-510-hogmama.1nr42bj.1.mp3
29,CH6 THIS THING OF OURS,Initiation Cabin,239,Ape,ape,Look at his face. Look at it.,7,RUN — authored order,vo.initiation.cabin.in-510-ape.0xst0zj.1,vo.initiation.cabin.in-510-ape.0xst0zj.1.mp3
29,CH6 THIS THING OF OURS,Initiation Cabin,240,Ape,ape,He’s gone grey. He’s actually gone grey.,7,RUN — authored order,vo.initiation.cabin.in-510-ape.0zlwnzq.1,vo.initiation.cabin.in-510-ape.0zlwnzq.1.mp3
29,CH6 THIS THING OF OURS,Initiation Cabin,241,CAPTAIN LOU SASOLE,lou2,"Still top five, this one.",5,RUN — authored order,vo.initiation.cabin.in-510-sasole.0fiu2nk.1,vo.initiation.cabin.in-510-sasole.0fiu2nk.1.mp3
29,CH6 THIS THING OF OURS,Initiation Cabin,242,Lag,lag,Congrats. Genuinely.,2,RUN — authored order,vo.initiation.cabin.in-510-lag.1aak3yu.1,vo.initiation.cabin.in-510-lag.1aak3yu.1.mp3
29,CH6 THIS THING OF OURS,Initiation Cabin,243,Rippinflow,rippinflow,Good. Now sit down.,4,RUN — authored order,vo.initiation.cabin.in-510-rippinflow.1k732ys.1,vo.initiation.cabin.in-510-rippinflow.1k732ys.1.mp3
29,CH6 THIS THING OF OURS,Initiation Cabin,244,The Shubenator,shubenator,It’s the stove.,3,RUN — authored order,vo.initiation.cabin.in-510-shubenator.1kfql4w.1,vo.initiation.cabin.in-510-shubenator.1kfql4w.1.mp3
29,CH6 THIS THING OF OURS,Initiation Cabin,245,Gratin,gratin,There’s food. Nobody’s eating it.,5,RUN — authored order,vo.initiation.cabin.in-510-gratin.09pdb6x.1,vo.initiation.cabin.in-510-gratin.09pdb6x.1.mp3
29,CH6 THIS THING OF OURS,Initiation Cabin,246,Numbskull,numbskull,I said I liked him. I said that before.,9,RUN — authored order,vo.initiation.cabin.in-510-numbskull.1cws2gf.1,vo.initiation.cabin.in-510-numbskull.1cws2gf.1.mp3
29,CH6 THIS THING OF OURS,Initiation Cabin,247,Irish's Deep Dives,irish,"The card was fine, by the way. That was a proper card.",12,RUN — authored order,vo.initiation.cabin.in-510-irish.1puj0x9.1,vo.initiation.cabin.in-510-irish.1puj0x9.1.mp3
29,CH6 THIS THING OF OURS,Initiation Cabin,248,Booski,booski,SIT HIM DOWN. Somebody sit him down.,7,RUN — authored order,vo.initiation.cabin.in-510-booskibro.1ny7ol1.1,vo.initiation.cabin.in-510-booskibro.1ny7ol1.1.mp3
29,CH6 THIS THING OF OURS,Initiation Cabin,249,BIG UNCLE LOU SPUTTHOLE,lou,"Tonight, you became one of us. That means something.",9,RUN — authored order,vo.initiation.cabin.in-520-lou.13css28.1,vo.initiation.cabin.in-520-lou.13css28.1.mp3
29,CH6 THIS THING OF OURS,Initiation Cabin,250,BIG UNCLE LOU SPUTTHOLE,lou,It also means every move you make reflects on me... and on this family. So don’t embarrass us.,18,RUN — authored order,vo.initiation.cabin.in-520-lou.1yrqj63.1,vo.initiation.cabin.in-520-lou.1yrqj63.1.mp3
29,CH6 THIS THING OF OURS,Initiation Cabin,251,BIG UNCLE LOU SPUTTHOLE,lou,And don’t think this means you get to relax. You still got work to do.,15,RUN — authored order,vo.initiation.cabin.in-520-lou.0p8y88k.1,vo.initiation.cabin.in-520-lou.0p8y88k.1.mp3
29,CH6 THIS THING OF OURS,Initiation Cabin,252,Booski,booski,Drink. Tonight you earned it.,5,RUN — authored order,vo.initiation.cabin.in-530-booskibro.106nqi3.1,vo.initiation.cabin.in-530-booskibro.106nqi3.1.mp3
29,CH6 THIS THING OF OURS,Initiation Cabin,253,Tony (the Prospect),player,…Cheers.,1,RUN — authored order,vo.initiation.cabin.in-530-prospect.1dbsrar.1,vo.initiation.cabin.in-530-prospect.1dbsrar.1.mp3
R,ALL SCENES,97.8 THE SQUATCH (radio),1,97.8 station announcer,announcer,Ninety seven point EIGHT! THE SQUAAATCH!,6,"ROTATION — scheduled, not a conversation",radio.ident.squatch,radio.ident.squatch.mp3
R,ALL SCENES,97.8 THE SQUATCH (radio),2,98,uncle,Uncle Squatch Beats. Ninety eight point eight. Nobody here is qualified and nobody here is leaving.,16,"ROTATION — scheduled, not a conversation",radio.ident.uncle,radio.ident.uncle.mp3
R,ALL SCENES,97.8 THE SQUATCH (radio),3,101,ksqch,K-S-Q-C-H! One oh one point seven! Turn it UP!,9,"ROTATION — scheduled, not a conversation",radio.ident.ksqch,radio.ident.ksqch.mp3
R,ALL SCENES,97.8 THE SQUATCH (radio),4,Tony (the Prospect),player,"Oh, this is us. This is actually us.",8,RUN — authored order,vo.radio.song.1,vo.radio.song.1.mp3
R,ALL SCENES,97.8 THE SQUATCH (radio),5,Tony (the Prospect),player,Turn it up. Nobody's here. Turn it up.,8,RUN — authored order,vo.radio.song.2,vo.radio.song.2.mp3
R,ALL SCENES,97.8 THE SQUATCH (radio),6,Tony (the Prospect),player,I've heard this one about four hundred times.,8,RUN — authored order,vo.radio.ad.1,vo.radio.ad.1.mp3
R,ALL SCENES,97.8 THE SQUATCH (radio),7,Tony (the Prospect),player,I have heard this one about four hundred times.,9,RUN — authored order,vo.radio.ad.2,vo.radio.ad.2.mp3
R,ALL SCENES,97.8 THE SQUATCH (radio),8,Tony (the Prospect),player,Every host thinks he is the smartest man in the building.,11,RUN — authored order,vo.radio.ad.3,vo.radio.ad.3.mp3
R,ALL SCENES,97.8 THE SQUATCH (radio),9,Tony (the Prospect),player,Eat those pasture raised eggs. Yes. Alright.,7,RUN — authored order,vo.radio.ad.4,vo.radio.ad.4.mp3
R,ALL SCENES,97.8 THE SQUATCH (radio),10,Tony (the Prospect),player,"Hang on, this is us. This is actually us.",9,RUN — authored order,vo.radio.song.3,vo.radio.song.3.mp3
R,ALL SCENES,97.8 THE SQUATCH (radio),11,Tony (the Prospect),player,Somebody in this group made this. In a basement.,9,RUN — authored order,vo.radio.song.4,vo.radio.song.4.mp3
R,ALL SCENES,97.8 THE SQUATCH (radio),12,Tony (the Prospect),player,Turn that up.,3,RUN — authored order,vo.radio.song.5,vo.radio.song.5.mp3
R,ALL SCENES,97.8 THE SQUATCH (radio),13,Tony (the Prospect),player,This one still holds up.,5,RUN — authored order,vo.radio.song.6,vo.radio.song.6.mp3
R,ALL SCENES,97.8 THE SQUATCH (radio),14,97.8 station announcer,announcer,And in the community wire — a disturbance last night at a family restaurant on the east side. No arrests. The owner says he did not see anything and would like everybody to stop asking.,35,RUN — authored order,vo.news.radio.day_two.1,vo.news.radio.day_two.1.mp3
R,ALL SCENES,97.8 THE SQUATCH (radio),15,101,ksqch,"…the restaurant remains closed this morning. Staff describe a man who came in, did not order, and left. That is the whole description. That is what we have.",28,RUN — authored order,vo.news.tv.day_two.1,vo.news.tv.day_two.1.mp3
R,ALL SCENES,97.8 THE SQUATCH (radio),16,97.8 station announcer,announcer,"Wet one out there today. Also on the wire — that motel out on the county road. Fire crews were there before dawn. Nobody is saying what for, and the county road is shut both ways.",36,RUN — authored order,vo.news.radio.date.1,vo.news.radio.date.1.mp3
R,ALL SCENES,97.8 THE SQUATCH (radio),17,101,ksqch,"…the Jerky Motel. We are told there is nothing to tell. We have been told that four times this morning, by four different people, using the same four words.",29,RUN — authored order,vo.news.tv.date.1,vo.news.tv.date.1.mp3
R,ALL SCENES,97.8 THE SQUATCH (radio),18,97.8 station announcer,announcer,"Clear over downtown this morning. Traffic crews report lane work near Mercer, so give yourself time and mind the diversions.",20,RUN — authored order,vo.news.radio.heist_day.1,vo.news.radio.heist_day.1.mp3
R,ALL SCENES,97.8 THE SQUATCH (radio),19,101,ksqch,"A quiet opening downtown. Cumberland Fidelity begins commercial service at nine, and the city says the construction outside will not affect customers.",22,RUN — authored order,vo.news.tv.heist_day.1,vo.news.tv.heist_day.1.mp3
R,ALL SCENES,97.8 THE SQUATCH (radio),20,97.8 station announcer,announcer,"Downtown remains sealed after the robbery at Cumberland Fidelity. Police have not released names, faces, or a reliable count of the missing cash.",23,RUN — authored order,vo.news.radio.post_heist.1,vo.news.radio.post_heist.1.mp3
R,ALL SCENES,97.8 THE SQUATCH (radio),21,101,ksqch,Helicopter pictures show abandoned vehicles on Bank Avenue and Mercer Street. Investigators say the crew changed cars before leaving the industrial district.,22,RUN — authored order,vo.news.tv.post_heist.1,vo.news.tv.post_heist.1.mp3
R,ALL SCENES,97.8 THE SQUATCH (radio),22,97.8 station announcer,announcer,"Quiet week on the wire, which around here means somebody has had a word. Clear and warm tonight. Lovely evening for whatever you have got on.",26,RUN — authored order,vo.news.radio.big_night.1,vo.news.radio.big_night.1.mp3
R,ALL SCENES,97.8 THE SQUATCH (radio),23,101,ksqch,"…and no further comment from anybody about anything. Back to the weather, which is the only thing left that will talk to us.",23,RUN — authored order,vo.news.tv.big_night.1,vo.news.tv.big_night.1.mp3
R,ALL SCENES,97.8 THE SQUATCH (radio),24,97.8 station announcer,announcer,Next on 97.8 The Squatch — Lou & Lou. Two Lous. Zero preparation.,13,"ROTATION — scheduled, not a conversation",radio.vo.announcer.15n90um,radio.vo.announcer.15n90um.mp3
R,ALL SCENES,97.8 THE SQUATCH (radio),25,97.8 station announcer,announcer,Next on 97.8 The Squatch — The Rerun Hour. We could not fill it.,14,"ROTATION — scheduled, not a conversation",radio.vo.announcer.0vsq7pr,radio.vo.announcer.0vsq7pr.mp3
R,ALL SCENES,97.8 THE SQUATCH (radio),26,97.8 station announcer,announcer,Next on 97.8 The Squatch — Booski & Ape’s CS Gambling Show. Nonstop updates from all around the CS world.,20,"ROTATION — scheduled, not a conversation",radio.vo.announcer.1t10mwr,radio.vo.announcer.1t10mwr.mp3
R,ALL SCENES,97.8 THE SQUATCH (radio),27,97.8 station announcer,announcer,Next on 97.8 The Squatch — Irish’s Deep Dives. Real News You Can Trust.,14,"ROTATION — scheduled, not a conversation",radio.vo.announcer.0f5l8z4,radio.vo.announcer.0f5l8z4.mp3
R,ALL SCENES,97.8 THE SQUATCH (radio),28,97.8 station announcer,announcer,Next on 97.8 The Squatch — What’s Happening in India! With Eric & Gratin.,14,"ROTATION — scheduled, not a conversation",radio.vo.announcer.1gbemtl,radio.vo.announcer.1gbemtl.mp3
R,ALL SCENES,97.8 THE SQUATCH (radio),29,97.8 station announcer,announcer,"Next on 97.8 The Squatch — The Squatch Evening Desk. One man, one desk, no material.",16,"ROTATION — scheduled, not a conversation",radio.vo.announcer.08ovzxi,radio.vo.announcer.08ovzxi.mp3
R,ALL SCENES,97.8 THE SQUATCH (radio),30,97.8 station announcer,announcer,Next on 97.8 The Squatch — Hog Mama’s Late Night Improv. No script. No plan.,15,"ROTATION — scheduled, not a conversation",radio.vo.announcer.1bd9dp7,radio.vo.announcer.1bd9dp7.mp3
R,ALL SCENES,97.8 THE SQUATCH (radio),31,97.8 station announcer,announcer,Next on 97.8 The Squatch — Automated Overnight. Nobody is in the building.,13,"ROTATION — scheduled, not a conversation",radio.vo.announcer.10edjwf,radio.vo.announcer.10edjwf.mp3
R,ALL SCENES,97.8 THE SQUATCH (radio),32,CAPTAIN LOU SASOLE,lou2,"Morning. If you are only just getting up, that is fine. Nobody is counting.",14,"ROTATION — scheduled, not a conversation",radio.vo.lou2.1vvestx,radio.vo.lou2.1vvestx.mp3
R,ALL SCENES,97.8 THE SQUATCH (radio),33,BIG UNCLE LOU SPUTTHOLE,lou1,"If you are eating breakfast right now, you are ahead of most of our audience.",15,"ROTATION — scheduled, not a conversation",radio.vo.lou1.0d4c90q,radio.vo.lou1.0d4c90q.mp3
R,ALL SCENES,97.8 THE SQUATCH (radio),34,CAPTAIN LOU SASOLE,lou2,"If you are not eating breakfast right now, we are not going to make a thing of it.",18,"ROTATION — scheduled, not a conversation",radio.vo.lou2.1a057jc,radio.vo.lou2.1a057jc.mp3
R,ALL SCENES,97.8 THE SQUATCH (radio),35,CAPTAIN LOU SASOLE,lou2,…and that is why you never trust a man who owns two planes.,13,"ROTATION — scheduled, not a conversation",radio.vo.lou2.17jd61p,radio.vo.lou2.17jd61p.mp3
R,ALL SCENES,97.8 THE SQUATCH (radio),36,BIG UNCLE LOU SPUTTHOLE,lou1,I own two planes.,4,"ROTATION — scheduled, not a conversation",radio.vo.lou1.1ixqrjg,radio.vo.lou1.1ixqrjg.mp3
R,ALL SCENES,97.8 THE SQUATCH (radio),37,CAPTAIN LOU SASOLE,lou2,I know. That is what I am telling you.,9,"ROTATION — scheduled, not a conversation",radio.vo.lou2.096re3b,radio.vo.lou2.096re3b.mp3
R,ALL SCENES,97.8 THE SQUATCH (radio),38,BIG UNCLE LOU SPUTTHOLE,lou1,I want to open with a correction. Not to anything. Just as a format.,14,"ROTATION — scheduled, not a conversation",radio.vo.lou1.1greqi9,radio.vo.lou1.1greqi9.mp3
R,ALL SCENES,97.8 THE SQUATCH (radio),39,CAPTAIN LOU SASOLE,lou2,The other Lou is not here yet. I am both Lous this morning.,13,"ROTATION — scheduled, not a conversation",radio.vo.lou2.1kv3xuq,radio.vo.lou2.1kv3xuq.mp3
R,ALL SCENES,97.8 THE SQUATCH (radio),40,BIG UNCLE LOU SPUTTHOLE,lou1,He has walked in. He has heard that. He is making a face.,13,"ROTATION — scheduled, not a conversation",radio.vo.lou1.06a6vky,radio.vo.lou1.06a6vky.mp3
R,ALL SCENES,97.8 THE SQUATCH (radio),41,CAPTAIN LOU SASOLE,lou2,Aviation corner. Today: a plane I like. That is the whole segment.,12,"ROTATION — scheduled, not a conversation",radio.vo.lou2.1cw0ew7,radio.vo.lou2.1cw0ew7.mp3
R,ALL SCENES,97.8 THE SQUATCH (radio),42,BIG UNCLE LOU SPUTTHOLE,lou1,You cannot land there. I want to be clear that you cannot land there.,14,"ROTATION — scheduled, not a conversation",radio.vo.lou1.1ianp2b,radio.vo.lou1.1ianp2b.mp3
R,ALL SCENES,97.8 THE SQUATCH (radio),43,CAPTAIN LOU SASOLE,lou2,I have landed there.,4,"ROTATION — scheduled, not a conversation",radio.vo.lou2.141qlvm,radio.vo.lou2.141qlvm.mp3
R,ALL SCENES,97.8 THE SQUATCH (radio),44,CAPTAIN LOU SASOLE,lou2,Friendslop segment. Who is upset today. Start at the top.,10,"ROTATION — scheduled, not a conversation",radio.vo.lou2.1gkjfpf,radio.vo.lou2.1gkjfpf.mp3
R,ALL SCENES,97.8 THE SQUATCH (radio),45,BIG UNCLE LOU SPUTTHOLE,lou1,"A man has written in to say we have never once helped him. Noted, and kept.",16,"ROTATION — scheduled, not a conversation",radio.vo.lou1.0metb4f,radio.vo.lou1.0metb4f.mp3
R,ALL SCENES,97.8 THE SQUATCH (radio),46,CAPTAIN LOU SASOLE,lou2,I have got an app now. You point it at food and it scores it out of a hundred.,19,"ROTATION — scheduled, not a conversation",radio.vo.lou2.03jk2gz,radio.vo.lou2.03jk2gz.mp3
R,ALL SCENES,97.8 THE SQUATCH (radio),47,BIG UNCLE LOU SPUTTHOLE,lou1,What did the eggs get.,5,"ROTATION — scheduled, not a conversation",radio.vo.lou1.1ieewiu,radio.vo.lou1.1ieewiu.mp3
R,ALL SCENES,97.8 THE SQUATCH (radio),48,CAPTAIN LOU SASOLE,lou2,I have not done the eggs. I am not doing the eggs.,12,"ROTATION — scheduled, not a conversation",radio.vo.lou2.05qlf20,radio.vo.lou2.05qlf20.mp3
R,ALL SCENES,97.8 THE SQUATCH (radio),49,BIG UNCLE LOU SPUTTHOLE,lou1,You are frightened of what the eggs are going to say.,11,"ROTATION — scheduled, not a conversation",radio.vo.lou1.1sjw0yd,radio.vo.lou1.1sjw0yd.mp3
R,ALL SCENES,97.8 THE SQUATCH (radio),50,BIG UNCLE LOU SPUTTHOLE,lou1,There is a second app and this one is specifically about the seed oils.,14,"ROTATION — scheduled, not a conversation",radio.vo.lou1.0hkbfrf,radio.vo.lou1.0hkbfrf.mp3
R,ALL SCENES,97.8 THE SQUATCH (radio),51,CAPTAIN LOU SASOLE,lou2,Finds them where.,3,"ROTATION — scheduled, not a conversation",radio.vo.lou2.1b28nza,radio.vo.lou2.1b28nza.mp3
R,ALL SCENES,97.8 THE SQUATCH (radio),52,BIG UNCLE LOU SPUTTHOLE,lou1,"In everything, Lou. That is the entire point. It is a first-class signal.",13,"ROTATION — scheduled, not a conversation",radio.vo.lou1.1kfpsm2,radio.vo.lou1.1kfpsm2.mp3
R,ALL SCENES,97.8 THE SQUATCH (radio),53,CAPTAIN LOU SASOLE,lou2,What is a first-class signal.,5,"ROTATION — scheduled, not a conversation",radio.vo.lou2.08ajk1z,radio.vo.lou2.08ajk1z.mp3
R,ALL SCENES,97.8 THE SQUATCH (radio),54,BIG UNCLE LOU SPUTTHOLE,lou1,I do not know. It says it on the website.,10,"ROTATION — scheduled, not a conversation",radio.vo.lou1.14mtsx7,radio.vo.lou1.14mtsx7.mp3
R,ALL SCENES,97.8 THE SQUATCH (radio),55,CAPTAIN LOU SASOLE,lou2,I scanned a tin of soup this morning and it gave me a little face.,15,"ROTATION — scheduled, not a conversation",radio.vo.lou2.1udwvjh,radio.vo.lou2.1udwvjh.mp3
R,ALL SCENES,97.8 THE SQUATCH (radio),56,BIG UNCLE LOU SPUTTHOLE,lou1,A good face or a bad face.,7,"ROTATION — scheduled, not a conversation",radio.vo.lou1.1jwngnh,radio.vo.lou1.1jwngnh.mp3
R,ALL SCENES,97.8 THE SQUATCH (radio),57,CAPTAIN LOU SASOLE,lou2,A disappointed face.,3,"ROTATION — scheduled, not a conversation",radio.vo.lou2.0tcr6a5,radio.vo.lou2.0tcr6a5.mp3
R,ALL SCENES,97.8 THE SQUATCH (radio),58,BIG UNCLE LOU SPUTTHOLE,lou1,"Then that is the soup sorted, and we never speak of it again.",13,"ROTATION — scheduled, not a conversation",radio.vo.lou1.1fompl6,radio.vo.lou1.1fompl6.mp3
R,ALL SCENES,97.8 THE SQUATCH (radio),59,BIG UNCLE LOU SPUTTHOLE,lou1,Four hours. Four hours of this. And we have not read one news item.,14,"ROTATION — scheduled, not a conversation",radio.vo.lou1.04n7oyl,radio.vo.lou1.04n7oyl.mp3
R,ALL SCENES,97.8 THE SQUATCH (radio),60,CAPTAIN LOU SASOLE,lou2,There is a news wire in this building. I have seen it. I have never read it.,17,"ROTATION — scheduled, not a conversation",radio.vo.lou2.0cqixr2,radio.vo.lou2.0cqixr2.mp3
R,ALL SCENES,97.8 THE SQUATCH (radio),61,BIG UNCLE LOU SPUTTHOLE,lou1,Producer says we have to do a news item. Fine. Something happened. Moving on.,14,"ROTATION — scheduled, not a conversation",radio.vo.lou1.16sis6l,radio.vo.lou1.16sis6l.mp3
R,ALL SCENES,97.8 THE SQUATCH (radio),62,BIG UNCLE LOU SPUTTHOLE,lou1,The chat wants the fart segment. The chat always wants the fart segment.,13,"ROTATION — scheduled, not a conversation",radio.vo.lou1.0rl52pp,radio.vo.lou1.0rl52pp.mp3
R,ALL SCENES,97.8 THE SQUATCH (radio),63,CAPTAIN LOU SASOLE,lou2,We are not doing the fart segment before eight. We have standards until eight.,14,"ROTATION — scheduled, not a conversation",radio.vo.lou2.1f75e6t,radio.vo.lou2.1f75e6t.mp3
R,ALL SCENES,97.8 THE SQUATCH (radio),64,BIG UNCLE LOU SPUTTHOLE,lou1,It is eight.,3,"ROTATION — scheduled, not a conversation",radio.vo.lou1.0ftvj3g,radio.vo.lou1.0ftvj3g.mp3
R,ALL SCENES,97.8 THE SQUATCH (radio),65,BIG UNCLE LOU SPUTTHOLE,lou1,"Caller, you are on The Squatch. Go ahead. …Caller? They have gone.",12,"ROTATION — scheduled, not a conversation",radio.vo.lou1.0op3f7n,radio.vo.lou1.0op3f7n.mp3
R,ALL SCENES,97.8 THE SQUATCH (radio),66,CAPTAIN LOU SASOLE,lou2,Was that you? …It was the desk. The desk did that.,11,"ROTATION — scheduled, not a conversation",radio.vo.lou2.1iviix3,radio.vo.lou2.1iviix3.mp3
R,ALL SCENES,97.8 THE SQUATCH (radio),67,BIG UNCLE LOU SPUTTHOLE,lou1,"Somebody in the chat says we are ""just two guys called Lou"". Correct.",13,"ROTATION — scheduled, not a conversation",radio.vo.lou1.0w7k19f,radio.vo.lou1.0w7k19f.mp3
R,ALL SCENES,97.8 THE SQUATCH (radio),68,CAPTAIN LOU SASOLE,lou2,The airport says we are not allowed back. We will fight it on air.,14,"ROTATION — scheduled, not a conversation",radio.vo.lou2.0pw7mlf,radio.vo.lou2.0pw7mlf.mp3
R,ALL SCENES,97.8 THE SQUATCH (radio),69,BIG UNCLE LOU SPUTTHOLE,lou1,Weather: it is doing something out there. Look out of a window.,12,"ROTATION — scheduled, not a conversation",radio.vo.lou1.0tvxvit,radio.vo.lou1.0tvxvit.mp3
R,ALL SCENES,97.8 THE SQUATCH (radio),70,CAPTAIN LOU SASOLE,lou2,Traffic report. There is traffic. It is on the roads.,10,"ROTATION — scheduled, not a conversation",radio.vo.lou2.03pzjqz,radio.vo.lou2.03pzjqz.mp3
R,ALL SCENES,97.8 THE SQUATCH (radio),71,BIG UNCLE LOU SPUTTHOLE,lou1,Quick reminder that this show is four hours long and nobody made us do that.,15,"ROTATION — scheduled, not a conversation",radio.vo.lou1.101vvnz,radio.vo.lou1.101vvnz.mp3
R,ALL SCENES,97.8 THE SQUATCH (radio),72,CAPTAIN LOU SASOLE,lou2,"We are going to a break, which for us means one of us stops talking.",15,"ROTATION — scheduled, not a conversation",radio.vo.lou2.06egb18,radio.vo.lou2.06egb18.mp3
R,ALL SCENES,97.8 THE SQUATCH (radio),73,97.8 station announcer,announcer,"The Rerun Hour. Two hours the station could not fill, filled.",11,"ROTATION — scheduled, not a conversation",radio.vo.announcer.1yuhyw6,radio.vo.announcer.1yuhyw6.mp3
R,ALL SCENES,97.8 THE SQUATCH (radio),74,97.8 station announcer,announcer,Nobody is in the studio. The tape is doing this by itself.,12,"ROTATION — scheduled, not a conversation",radio.vo.announcer.147epyh,radio.vo.announcer.147epyh.mp3
R,ALL SCENES,97.8 THE SQUATCH (radio),75,97.8 station announcer,announcer,"If you have just tuned in: you have missed nothing, ever.",11,"ROTATION — scheduled, not a conversation",radio.vo.announcer.1rvx2wq,radio.vo.announcer.1rvx2wq.mp3
R,ALL SCENES,97.8 THE SQUATCH (radio),76,BIG UNCLE LOU SPUTTHOLE,lou1,…and that is why you never trust a man who owns two planes.,13,"ROTATION — scheduled, not a conversation",radio.vo.lou1.0s3r5ww,radio.vo.lou1.0s3r5ww.mp3
R,ALL SCENES,97.8 THE SQUATCH (radio),77,97.8 station announcer,announcer,That was from this morning. Four hours ago. We are aware.,11,"ROTATION — scheduled, not a conversation",radio.vo.announcer.183j44c,radio.vo.announcer.183j44c.mp3
R,ALL SCENES,97.8 THE SQUATCH (radio),78,Hog Mama,hogmama,New scene. Same bus. I am now the bus.,9,"ROTATION — scheduled, not a conversation",radio.vo.hogmama.0cpuis1,radio.vo.hogmama.0cpuis1.mp3
R,ALL SCENES,97.8 THE SQUATCH (radio),79,97.8 station announcer,announcer,We have been asked not to explain that one.,9,"ROTATION — scheduled, not a conversation",radio.vo.announcer.0qx6b0o,radio.vo.announcer.0qx6b0o.mp3
R,ALL SCENES,97.8 THE SQUATCH (radio),80,Irish's Deep Dives,irish,There is string on the whiteboard.,6,"ROTATION — scheduled, not a conversation",radio.vo.irish.1qiudli,radio.vo.irish.1qiudli.mp3
R,ALL SCENES,97.8 THE SQUATCH (radio),81,97.8 station announcer,announcer,"There is, in fairness, string on the whiteboard.",8,"ROTATION — scheduled, not a conversation",radio.vo.announcer.1bqqwwg,radio.vo.announcer.1bqqwwg.mp3
R,ALL SCENES,97.8 THE SQUATCH (radio),82,Booski,booski,Ask me how that is going.,6,"ROTATION — scheduled, not a conversation",radio.vo.booski.1jrobac,radio.vo.booski.1jrobac.mp3
R,ALL SCENES,97.8 THE SQUATCH (radio),83,97.8 station announcer,announcer,We did ask. It went badly.,6,"ROTATION — scheduled, not a conversation",radio.vo.announcer.01pa0hb,radio.vo.announcer.01pa0hb.mp3
R,ALL SCENES,97.8 THE SQUATCH (radio),84,97.8 station announcer,announcer,"Mid-morning on 97.8. Statistically, you should be at work.",9,"ROTATION — scheduled, not a conversation",radio.vo.announcer.019vh3l,radio.vo.announcer.019vh3l.mp3
R,ALL SCENES,97.8 THE SQUATCH (radio),85,97.8 station announcer,announcer,A listener asks if the Rerun Hour is ever going to be new. No.,14,"ROTATION — scheduled, not a conversation",radio.vo.announcer.0bdknc0,radio.vo.announcer.0bdknc0.mp3
R,ALL SCENES,97.8 THE SQUATCH (radio),86,97.8 station announcer,announcer,Coming up at noon: two men and a betting slip.,10,"ROTATION — scheduled, not a conversation",radio.vo.announcer.1s5l4d2,radio.vo.announcer.1s5l4d2.mp3
R,ALL SCENES,97.8 THE SQUATCH (radio),87,97.8 station announcer,announcer,Eat those pasture raised eggs folks. That one is live. That one we mean.,14,"ROTATION — scheduled, not a conversation",radio.vo.announcer.0cbpm0j,radio.vo.announcer.0cbpm0j.mp3
R,ALL SCENES,97.8 THE SQUATCH (radio),88,97.8 station announcer,announcer,97.8 The Squatch. This hour brought to you by having nothing else.,12,"ROTATION — scheduled, not a conversation",radio.vo.announcer.1sy134f,radio.vo.announcer.1sy134f.mp3
R,ALL SCENES,97.8 THE SQUATCH (radio),89,Booski,booski,Is Team Liquid an NA team? We have forty minutes on this.,12,"ROTATION — scheduled, not a conversation",radio.vo.booski.1ofq291,radio.vo.booski.1ofq291.mp3
R,ALL SCENES,97.8 THE SQUATCH (radio),90,Booski,booski,Is Team Liquid an NA team. We are forty minutes in. No progress.,13,"ROTATION — scheduled, not a conversation",radio.vo.booski.1893doy,radio.vo.booski.1893doy.mp3
R,ALL SCENES,97.8 THE SQUATCH (radio),91,Ape,ape,I want to note that neither of us has ever been to North America.,14,"ROTATION — scheduled, not a conversation",radio.vo.ape.1tp6k1k,radio.vo.ape.1tp6k1k.mp3
R,ALL SCENES,97.8 THE SQUATCH (radio),92,Booski,booski,I have put my rent on a Silver lobby. Ask me how that is going.,15,"ROTATION — scheduled, not a conversation",radio.vo.booski.00ap4ga,radio.vo.booski.00ap4ga.mp3
R,ALL SCENES,97.8 THE SQUATCH (radio),93,Ape,ape,Do not ask him how that is going.,8,"ROTATION — scheduled, not a conversation",radio.vo.ape.1vbtzbx,radio.vo.ape.1vbtzbx.mp3
R,ALL SCENES,97.8 THE SQUATCH (radio),94,Booski,booski,Nobody on this show has ever been up.,8,"ROTATION — scheduled, not a conversation",radio.vo.booski.0elwqby,radio.vo.booski.0elwqby.mp3
R,ALL SCENES,97.8 THE SQUATCH (radio),95,Ape,ape,"Correction: Booski was up, once, in 2019, for about forty minutes.",11,"ROTATION — scheduled, not a conversation",radio.vo.ape.1n0f64l,radio.vo.ape.1n0f64l.mp3
R,ALL SCENES,97.8 THE SQUATCH (radio),96,Booski,booski,Best forty minutes of my life and I gave it all back before dinner.,14,"ROTATION — scheduled, not a conversation",radio.vo.booski.0xga563,radio.vo.booski.0xga563.mp3
R,ALL SCENES,97.8 THE SQUATCH (radio),97,Booski,booski,The lobby last night had a guy pre-firing every angle. Every single one.,13,"ROTATION — scheduled, not a conversation",radio.vo.booski.17mnqjg,radio.vo.booski.17mnqjg.mp3
R,ALL SCENES,97.8 THE SQUATCH (radio),98,Ape,ape,"Was he cheating, or are you just slow? We open the phones.",12,"ROTATION — scheduled, not a conversation",radio.vo.ape.1nv6sd0,radio.vo.ape.1nv6sd0.mp3
R,ALL SCENES,97.8 THE SQUATCH (radio),99,Booski,booski,Do not open the phones.,5,"ROTATION — scheduled, not a conversation",radio.vo.booski.0we71e6,radio.vo.booski.0we71e6.mp3
R,ALL SCENES,97.8 THE SQUATCH (radio),100,Booski,booski,A knife opened for me last night. Blue gem. Wrong pattern. Worth nothing.,13,"ROTATION — scheduled, not a conversation",radio.vo.booski.1dv87p9,radio.vo.booski.1dv87p9.mp3
R,ALL SCENES,97.8 THE SQUATCH (radio),101,Ape,ape,It is worth something. It is worth about as much as a knife.,13,"ROTATION — scheduled, not a conversation",radio.vo.ape.0s9mb0h,radio.vo.ape.0s9mb0h.mp3
R,ALL SCENES,97.8 THE SQUATCH (radio),102,Ape,ape,"Today’s slate: one match, in a region we cannot pronounce, at 4 AM.",13,"ROTATION — scheduled, not a conversation",radio.vo.ape.180wvl3,radio.vo.ape.180wvl3.mp3
R,ALL SCENES,97.8 THE SQUATCH (radio),103,Booski,booski,I will be up for it. I am always up for it. That is the problem.,16,"ROTATION — scheduled, not a conversation",radio.vo.booski.0wf752r,radio.vo.booski.0wf752r.mp3
R,ALL SCENES,97.8 THE SQUATCH (radio),104,Ape,ape,"We have a caller who says he is ""up"". He is not up. He is down.",16,"ROTATION — scheduled, not a conversation",radio.vo.ape.05w2wxf,radio.vo.ape.05w2wxf.mp3
R,ALL SCENES,97.8 THE SQUATCH (radio),105,Ape,ape,"A listener writes in: ""how do I stop"". We do not have that information.",14,"ROTATION — scheduled, not a conversation",radio.vo.ape.1ra7oiw,radio.vo.ape.1ra7oiw.mp3
R,ALL SCENES,97.8 THE SQUATCH (radio),106,Booski,booski,A listener says he has stopped. Genuinely stopped. We wish him well.,12,"ROTATION — scheduled, not a conversation",radio.vo.booski.0ezdueh,radio.vo.booski.0ezdueh.mp3
R,ALL SCENES,97.8 THE SQUATCH (radio),107,Ape,ape,We wish him well and we will never hear from him again.,12,"ROTATION — scheduled, not a conversation",radio.vo.ape.1mlnkzr,radio.vo.ape.1mlnkzr.mp3
R,ALL SCENES,97.8 THE SQUATCH (radio),108,Ape,ape,Should you bet the house on Spirit? Legally I have to say no.,13,"ROTATION — scheduled, not a conversation",radio.vo.ape.13mrhba,radio.vo.ape.13mrhba.mp3
R,ALL SCENES,97.8 THE SQUATCH (radio),109,Booski,booski,The odds are the odds. The odds have never once been my friend.,13,"ROTATION — scheduled, not a conversation",radio.vo.booski.14lhuqa,radio.vo.booski.14lhuqa.mp3
R,ALL SCENES,97.8 THE SQUATCH (radio),110,Booski,booski,Someone in the lobby had a 94% headshot rate. We contacted Valve. Nothing.,13,"ROTATION — scheduled, not a conversation",radio.vo.booski.1w1br50,radio.vo.booski.1w1br50.mp3
R,ALL SCENES,97.8 THE SQUATCH (radio),111,Booski,booski,Big news out of the major: nothing. Nothing has happened. Back after this.,13,"ROTATION — scheduled, not a conversation",radio.vo.booski.0rfyzi2,radio.vo.booski.0rfyzi2.mp3
R,ALL SCENES,97.8 THE SQUATCH (radio),112,Ape,ape,Here is the thing about Spirit. …I have lost it. I had a thing about Spirit.,16,"ROTATION — scheduled, not a conversation",radio.vo.ape.1sg3xkj,radio.vo.ape.1sg3xkj.mp3
R,ALL SCENES,97.8 THE SQUATCH (radio),113,Ape,ape,Sponsor read. We do not have a sponsor. That was the read.,12,"ROTATION — scheduled, not a conversation",radio.vo.ape.0rxsr01,radio.vo.ape.0rxsr01.mp3
R,ALL SCENES,97.8 THE SQUATCH (radio),114,Ape,ape,"If you are hearing this at work, get back to work.",11,"ROTATION — scheduled, not a conversation",radio.vo.ape.1twzob4,radio.vo.ape.1twzob4.mp3
R,ALL SCENES,97.8 THE SQUATCH (radio),115,Booski,booski,"If you play this game and you have fun, please write in, because we are curious.",16,"ROTATION — scheduled, not a conversation",radio.vo.booski.0nkxxtz,radio.vo.booski.0nkxxtz.mp3
R,ALL SCENES,97.8 THE SQUATCH (radio),116,Ape,ape,Back after this with more of exactly this.,8,"ROTATION — scheduled, not a conversation",radio.vo.ape.04r2ni8,radio.vo.ape.04r2ni8.mp3
R,ALL SCENES,97.8 THE SQUATCH (radio),117,Irish's Deep Dives,irish,Tonight: is Big Egg suppressing the pasture-raised truth?,8,"ROTATION — scheduled, not a conversation",radio.vo.irish.072pe3d,radio.vo.irish.072pe3d.mp3
R,ALL SCENES,97.8 THE SQUATCH (radio),118,Irish's Deep Dives,irish,We investigate. For way longer than necessary.,7,"ROTATION — scheduled, not a conversation",radio.vo.irish.0rt6h1o,radio.vo.irish.0rt6h1o.mp3
R,ALL SCENES,97.8 THE SQUATCH (radio),119,Irish's Deep Dives,irish,I have a whiteboard. There is string on the whiteboard.,10,"ROTATION — scheduled, not a conversation",radio.vo.irish.07vav2n,radio.vo.irish.07vav2n.mp3
R,ALL SCENES,97.8 THE SQUATCH (radio),120,Irish's Deep Dives,irish,"The carton says ""certified humane"". Certified by whom? Answer me.",10,"ROTATION — scheduled, not a conversation",radio.vo.irish.1r7kisx,radio.vo.irish.1r7kisx.mp3
R,ALL SCENES,97.8 THE SQUATCH (radio),121,Irish's Deep Dives,irish,I rang the number on the carton. A man answered. He was very nice. Suspicious.,15,"ROTATION — scheduled, not a conversation",radio.vo.irish.04wrgzo,radio.vo.irish.04wrgzo.mp3
R,ALL SCENES,97.8 THE SQUATCH (radio),122,Irish's Deep Dives,irish,"Part fourteen of this investigation. Yes, fourteen. We are close.",10,"ROTATION — scheduled, not a conversation",radio.vo.irish.1bjuo9p,radio.vo.irish.1bjuo9p.mp3
R,ALL SCENES,97.8 THE SQUATCH (radio),123,Irish's Deep Dives,irish,They do not want you eating the good eggs. That is all I am saying. That is all.,18,"ROTATION — scheduled, not a conversation",radio.vo.irish.1e9kpbb,radio.vo.irish.1e9kpbb.mp3
R,ALL SCENES,97.8 THE SQUATCH (radio),124,Irish's Deep Dives,irish,Coming up after the break: more of this.,8,"ROTATION — scheduled, not a conversation",radio.vo.irish.1fd458e,radio.vo.irish.1fd458e.mp3
R,ALL SCENES,97.8 THE SQUATCH (radio),125,Irish's Deep Dives,irish,"""Pasture raised."" Pasture. Raised. Say it slowly and tell me it sounds normal.",13,"ROTATION — scheduled, not a conversation",radio.vo.irish.0ndnk0c,radio.vo.irish.0ndnk0c.mp3
R,ALL SCENES,97.8 THE SQUATCH (radio),126,Irish's Deep Dives,irish,I have been to a pasture. I have never once seen it raising anything.,14,"ROTATION — scheduled, not a conversation",radio.vo.irish.1fu1nvy,radio.vo.irish.1fu1nvy.mp3
R,ALL SCENES,97.8 THE SQUATCH (radio),127,Irish's Deep Dives,irish,A producer has asked me to move on. Note who asked. Note it.,13,"ROTATION — scheduled, not a conversation",radio.vo.irish.1yxxzv5,radio.vo.irish.1yxxzv5.mp3
R,ALL SCENES,97.8 THE SQUATCH (radio),128,Irish's Deep Dives,irish,Twelve eggs. Always twelve. Why twelve. Nobody will tell me why twelve.,12,"ROTATION — scheduled, not a conversation",radio.vo.irish.11pzvev,radio.vo.irish.11pzvev.mp3
R,ALL SCENES,97.8 THE SQUATCH (radio),129,Irish's Deep Dives,irish,I bought a carton from four different shops. Same carton. Same twelve.,12,"ROTATION — scheduled, not a conversation",radio.vo.irish.104t2v0,radio.vo.irish.104t2v0.mp3
R,ALL SCENES,97.8 THE SQUATCH (radio),130,Irish's Deep Dives,irish,We had a whistleblower. He now says he was talking about a different egg.,14,"ROTATION — scheduled, not a conversation",radio.vo.irish.1r3qogs,radio.vo.irish.1r3qogs.mp3
R,ALL SCENES,97.8 THE SQUATCH (radio),131,Irish's Deep Dives,irish,They got to him. Or he was talking about a different egg. I accept both.,15,"ROTATION — scheduled, not a conversation",radio.vo.irish.1quzq60,radio.vo.irish.1quzq60.mp3
R,ALL SCENES,97.8 THE SQUATCH (radio),132,Irish's Deep Dives,irish,Somebody has emailed to say I am describing normal farming. Sent from a work address.,15,"ROTATION — scheduled, not a conversation",radio.vo.irish.0h2xwb3,radio.vo.irish.0h2xwb3.mp3
R,ALL SCENES,97.8 THE SQUATCH (radio),133,Irish's Deep Dives,irish,I am not saying the hens are in on it. The hens are victims here.,15,"ROTATION — scheduled, not a conversation",radio.vo.irish.1ubioot,radio.vo.irish.1ubioot.mp3
R,ALL SCENES,97.8 THE SQUATCH (radio),134,Irish's Deep Dives,irish,New string on the board today. Red string. Red is for the serious connections.,14,"ROTATION — scheduled, not a conversation",radio.vo.irish.1eao9gs,radio.vo.irish.1eao9gs.mp3
R,ALL SCENES,97.8 THE SQUATCH (radio),135,Irish's Deep Dives,irish,The board is now larger than the studio door. We have discussed this at length.,15,"ROTATION — scheduled, not a conversation",radio.vo.irish.1qdrvmg,radio.vo.irish.1qdrvmg.mp3
R,ALL SCENES,97.8 THE SQUATCH (radio),136,Irish's Deep Dives,irish,"If I stop broadcasting suddenly, it was the eggs. Put that in writing somewhere.",14,"ROTATION — scheduled, not a conversation",radio.vo.irish.1ig6aqa,radio.vo.irish.1ig6aqa.mp3
R,ALL SCENES,97.8 THE SQUATCH (radio),137,Irish's Deep Dives,irish,Part fifteen is recorded. Legal has asked to hear it first. Interesting.,12,"ROTATION — scheduled, not a conversation",radio.vo.irish.0oaeogj,radio.vo.irish.0oaeogj.mp3
R,ALL SCENES,97.8 THE SQUATCH (radio),138,Irish's Deep Dives,irish,"Real News You Can Trust. That is not a slogan, that is a promise, and it is both.",18,"ROTATION — scheduled, not a conversation",radio.vo.irish.0msv067,radio.vo.irish.0msv067.mp3
R,ALL SCENES,97.8 THE SQUATCH (radio),139,Irish's Deep Dives,irish,"We will be right back, unless we are not, in which case: the eggs.",14,"ROTATION — scheduled, not a conversation",radio.vo.irish.02vlyg2,radio.vo.irish.02vlyg2.mp3
R,ALL SCENES,97.8 THE SQUATCH (radio),140,Eric,eric,"Headlines, cricket scores, technology, food. In that order. Usually.",9,"ROTATION — scheduled, not a conversation",radio.vo.eric.0ag3tlg,radio.vo.eric.0ag3tlg.mp3
R,ALL SCENES,97.8 THE SQUATCH (radio),141,Gratin,gratin,"The scores first. Then, inevitably, butter chicken.",7,"ROTATION — scheduled, not a conversation",radio.vo.gratin.11vg89r,radio.vo.gratin.11vg89r.mp3
R,ALL SCENES,97.8 THE SQUATCH (radio),142,Eric,eric,We are not going to talk about butter chicken today.,10,"ROTATION — scheduled, not a conversation",radio.vo.eric.0p64d4x,radio.vo.eric.0p64d4x.mp3
R,ALL SCENES,97.8 THE SQUATCH (radio),143,Gratin,gratin,We are going to talk about butter chicken today.,9,"ROTATION — scheduled, not a conversation",radio.vo.gratin.0vq9wmw,radio.vo.gratin.0vq9wmw.mp3
R,ALL SCENES,97.8 THE SQUATCH (radio),144,Eric,eric,"An enormous tech story out of Bengaluru, and we have four minutes.",12,"ROTATION — scheduled, not a conversation",radio.vo.eric.08sy7wy,radio.vo.eric.08sy7wy.mp3
R,ALL SCENES,97.8 THE SQUATCH (radio),145,Gratin,gratin,Make it two. I want to get to the butter chicken.,11,"ROTATION — scheduled, not a conversation",radio.vo.gratin.11tbi9u,radio.vo.gratin.11tbi9u.mp3
R,ALL SCENES,97.8 THE SQUATCH (radio),146,Eric,eric,A listener has sent in a recipe. Gratin has already left the studio.,13,"ROTATION — scheduled, not a conversation",radio.vo.eric.1g63ily,radio.vo.eric.1g63ily.mp3
R,ALL SCENES,97.8 THE SQUATCH (radio),147,Gratin,gratin,I am in the car park. I am fine. Read the recipe.,12,"ROTATION — scheduled, not a conversation",radio.vo.gratin.0x93c4r,radio.vo.gratin.0x93c4r.mp3
R,ALL SCENES,97.8 THE SQUATCH (radio),148,Eric,eric,"Drive time on 97.8. If you are driving, this is your show. If not, also.",15,"ROTATION — scheduled, not a conversation",radio.vo.eric.0isky6u,radio.vo.eric.0isky6u.mp3
R,ALL SCENES,97.8 THE SQUATCH (radio),149,Gratin,gratin,Cricket first. Somebody scored a lot of runs. It was very good.,12,"ROTATION — scheduled, not a conversation",radio.vo.gratin.1wry2cb,radio.vo.gratin.1wry2cb.mp3
R,ALL SCENES,97.8 THE SQUATCH (radio),150,Eric,eric,"That is the whole report. He does not follow it, he just likes the numbers.",15,"ROTATION — scheduled, not a conversation",radio.vo.eric.0l8waiu,radio.vo.eric.0l8waiu.mp3
R,ALL SCENES,97.8 THE SQUATCH (radio),151,Gratin,gratin,I like the numbers. The numbers go up. It is a good sport.,13,"ROTATION — scheduled, not a conversation",radio.vo.gratin.1moi2b0,radio.vo.gratin.1moi2b0.mp3
R,ALL SCENES,97.8 THE SQUATCH (radio),152,Eric,eric,"Mumbai traffic update, for our listeners in Mumbai, of whom there are none.",13,"ROTATION — scheduled, not a conversation",radio.vo.eric.0k4x5j7,radio.vo.eric.0k4x5j7.mp3
R,ALL SCENES,97.8 THE SQUATCH (radio),153,Gratin,gratin,"There is one. He writes in every week. Hello, Sanjay.",10,"ROTATION — scheduled, not a conversation",radio.vo.gratin.18zagup,radio.vo.gratin.18zagup.mp3
R,ALL SCENES,97.8 THE SQUATCH (radio),154,Eric,eric,Sanjay says the traffic update is inaccurate and he has stopped listening.,12,"ROTATION — scheduled, not a conversation",radio.vo.eric.1xc79q8,radio.vo.eric.1xc79q8.mp3
R,ALL SCENES,97.8 THE SQUATCH (radio),155,Gratin,gratin,"Hello anyway, Sanjay.",3,"ROTATION — scheduled, not a conversation",radio.vo.gratin.1fyfxb5,radio.vo.gratin.1fyfxb5.mp3
R,ALL SCENES,97.8 THE SQUATCH (radio),156,Eric,eric,Tech story: a company in Hyderabad has done something clever with batteries.,12,"ROTATION — scheduled, not a conversation",radio.vo.eric.16d13f8,radio.vo.eric.16d13f8.mp3
R,ALL SCENES,97.8 THE SQUATCH (radio),157,Gratin,gratin,Does it cook anything?,4,"ROTATION — scheduled, not a conversation",radio.vo.gratin.1oyce4n,radio.vo.gratin.1oyce4n.mp3
R,ALL SCENES,97.8 THE SQUATCH (radio),158,Eric,eric,It does not cook anything.,5,"ROTATION — scheduled, not a conversation",radio.vo.eric.15r0j6n,radio.vo.eric.15r0j6n.mp3
R,ALL SCENES,97.8 THE SQUATCH (radio),159,Gratin,gratin,Then I have no follow-up questions.,6,"ROTATION — scheduled, not a conversation",radio.vo.gratin.1i7jnn3,radio.vo.gratin.1i7jnn3.mp3
R,ALL SCENES,97.8 THE SQUATCH (radio),160,Eric,eric,I am going to get through one headline today without food coming up.,13,"ROTATION — scheduled, not a conversation",radio.vo.eric.0jjnx2s,radio.vo.eric.0jjnx2s.mp3
R,ALL SCENES,97.8 THE SQUATCH (radio),161,Gratin,gratin,A new bridge has opened. Near a restaurant. A very good restaurant.,12,"ROTATION — scheduled, not a conversation",radio.vo.gratin.1x4vx7s,radio.vo.gratin.1x4vx7s.mp3
R,ALL SCENES,97.8 THE SQUATCH (radio),162,Eric,eric,We were four seconds from it. Four.,7,"ROTATION — scheduled, not a conversation",radio.vo.eric.1ozuj33,radio.vo.eric.1ozuj33.mp3
R,ALL SCENES,97.8 THE SQUATCH (radio),163,Gratin,gratin,"If you are heading out this evening, eat first. That is not news, it is advice.",16,"ROTATION — scheduled, not a conversation",radio.vo.gratin.0vfnwgm,radio.vo.gratin.0vfnwgm.mp3
R,ALL SCENES,97.8 THE SQUATCH (radio),164,Eric,eric,Some of our audience are getting ready to go somewhere right now. Godspeed.,13,"ROTATION — scheduled, not a conversation",radio.vo.eric.0tbrfgb,radio.vo.eric.0tbrfgb.mp3
R,ALL SCENES,97.8 THE SQUATCH (radio),165,Gratin,gratin,Shower. Clean shirt. Eat. In that order. It is not complicated.,11,"ROTATION — scheduled, not a conversation",radio.vo.gratin.1tn1vig,radio.vo.gratin.1tn1vig.mp3
R,ALL SCENES,97.8 THE SQUATCH (radio),166,Ape,ape,Evening. It is me. It is just me. Everyone else has gone home.,13,"ROTATION — scheduled, not a conversation",radio.vo.ape.0pximyr,radio.vo.ape.0pximyr.mp3
R,ALL SCENES,97.8 THE SQUATCH (radio),167,Ape,ape,This slot has no format. They gave me two hours and a chair.,13,"ROTATION — scheduled, not a conversation",radio.vo.ape.07d3ee8,radio.vo.ape.07d3ee8.mp3
R,ALL SCENES,97.8 THE SQUATCH (radio),168,Ape,ape,I am going to read out things people have sent in. Some of it is not for radio.,18,"ROTATION — scheduled, not a conversation",radio.vo.ape.0sbiptz,radio.vo.ape.0sbiptz.mp3
R,ALL SCENES,97.8 THE SQUATCH (radio),169,Ape,ape,"""Dear Squatch, is it normal to have a beer while you get ready."" Yes. Next.",15,"ROTATION — scheduled, not a conversation",radio.vo.ape.1bxl6lp,radio.vo.ape.1bxl6lp.mp3
R,ALL SCENES,97.8 THE SQUATCH (radio),170,Ape,ape,"""Dear Squatch, is it normal to have four."" That is a different letter.",13,"ROTATION — scheduled, not a conversation",radio.vo.ape.1b42ni8,radio.vo.ape.1b42ni8.mp3
R,ALL SCENES,97.8 THE SQUATCH (radio),171,Ape,ape,The building is empty. The lights are on a timer and the timer has opinions.,15,"ROTATION — scheduled, not a conversation",radio.vo.ape.06u9dd0,radio.vo.ape.06u9dd0.mp3
R,ALL SCENES,97.8 THE SQUATCH (radio),172,Ape,ape,"If you are getting an early night, good for you, genuinely.",11,"ROTATION — scheduled, not a conversation",radio.vo.ape.15mgbv2,radio.vo.ape.15mgbv2.mp3
R,ALL SCENES,97.8 THE SQUATCH (radio),173,Ape,ape,"If you are not, Hog Mama is on at ten and that is your own fault.",16,"ROTATION — scheduled, not a conversation",radio.vo.ape.15bndo4,radio.vo.ape.15bndo4.mp3
R,ALL SCENES,97.8 THE SQUATCH (radio),174,Ape,ape,"I have been handed a piece of paper. It says ""20 more minutes"". That is all it says.",18,"ROTATION — scheduled, not a conversation",radio.vo.ape.1979djq,radio.vo.ape.1979djq.mp3
R,ALL SCENES,97.8 THE SQUATCH (radio),175,Ape,ape,Music? No. This is a talk station. We are committed to the bit.,13,"ROTATION — scheduled, not a conversation",radio.vo.ape.1b1assm,radio.vo.ape.1b1assm.mp3
R,ALL SCENES,97.8 THE SQUATCH (radio),176,Ape,ape,Quiet evening out there. You can hear the city doing its thing.,12,"ROTATION — scheduled, not a conversation",radio.vo.ape.1vmtgcz,radio.vo.ape.1vmtgcz.mp3
R,ALL SCENES,97.8 THE SQUATCH (radio),177,Ape,ape,"Whatever you are supposed to be doing tonight, this is not stopping you.",13,"ROTATION — scheduled, not a conversation",radio.vo.ape.0ma2e29,radio.vo.ape.0ma2e29.mp3
R,ALL SCENES,97.8 THE SQUATCH (radio),178,Ape,ape,97.8. Still on the air. Still probably should not be.,10,"ROTATION — scheduled, not a conversation",radio.vo.ape.0pr4065,radio.vo.ape.0pr4065.mp3
R,ALL SCENES,97.8 THE SQUATCH (radio),179,Hog Mama,hogmama,Okay. Okay. Give me a location. …Nobody? Fine. A bus.,10,"ROTATION — scheduled, not a conversation",radio.vo.hogmama.1pvbi35,radio.vo.hogmama.1pvbi35.mp3
R,ALL SCENES,97.8 THE SQUATCH (radio),180,Hog Mama,hogmama,We are on the bus. I am a dentist. Why am I a dentist.,14,"ROTATION — scheduled, not a conversation",radio.vo.hogmama.164db6b,radio.vo.hogmama.164db6b.mp3
R,ALL SCENES,97.8 THE SQUATCH (radio),181,Hog Mama,hogmama,…Still on the bus.,4,"ROTATION — scheduled, not a conversation",radio.vo.hogmama.0ht1tgl,radio.vo.hogmama.0ht1tgl.mp3
R,ALL SCENES,97.8 THE SQUATCH (radio),182,Hog Mama,hogmama,The engineer is shaking his head at me through the glass.,11,"ROTATION — scheduled, not a conversation",radio.vo.hogmama.17ytci9,radio.vo.hogmama.17ytci9.mp3
R,ALL SCENES,97.8 THE SQUATCH (radio),183,Hog Mama,hogmama,"If you are up at this hour, you are exactly my audience and I am sorry.",16,"ROTATION — scheduled, not a conversation",radio.vo.hogmama.11nkinf,radio.vo.hogmama.11nkinf.mp3
R,ALL SCENES,97.8 THE SQUATCH (radio),184,Hog Mama,hogmama,Somebody has called in. Do not put them through. Put them through.,12,"ROTATION — scheduled, not a conversation",radio.vo.hogmama.0wuklsh,radio.vo.hogmama.0wuklsh.mp3
R,ALL SCENES,97.8 THE SQUATCH (radio),185,Hog Mama,hogmama,That was on purpose.,4,"ROTATION — scheduled, not a conversation",radio.vo.hogmama.1bfmzow,radio.vo.hogmama.1bfmzow.mp3
R,ALL SCENES,97.8 THE SQUATCH (radio),186,Hog Mama,hogmama,"Give me an occupation. …The engineer says ""no"". I am a No.",12,"ROTATION — scheduled, not a conversation",radio.vo.hogmama.1qr257e,radio.vo.hogmama.1qr257e.mp3
R,ALL SCENES,97.8 THE SQUATCH (radio),187,Hog Mama,hogmama,Scene: a man cannot sleep. He is listening to a woman being a bus.,14,"ROTATION — scheduled, not a conversation",radio.vo.hogmama.0i4vajs,radio.vo.hogmama.0i4vajs.mp3
R,ALL SCENES,97.8 THE SQUATCH (radio),188,Hog Mama,hogmama,That is you. You are the man. Hello.,8,"ROTATION — scheduled, not a conversation",radio.vo.hogmama.05uiusz,radio.vo.hogmama.05uiusz.mp3
R,ALL SCENES,97.8 THE SQUATCH (radio),189,Hog Mama,hogmama,I am going to do an impression. Of the desk. …That is the impression.,14,"ROTATION — scheduled, not a conversation",radio.vo.hogmama.0gtrmr4,radio.vo.hogmama.0gtrmr4.mp3
R,ALL SCENES,97.8 THE SQUATCH (radio),190,Hog Mama,hogmama,Nobody has ever laughed at that and I do it every night.,12,"ROTATION — scheduled, not a conversation",radio.vo.hogmama.1jbq1f7,radio.vo.hogmama.1jbq1f7.mp3
R,ALL SCENES,97.8 THE SQUATCH (radio),191,Hog Mama,hogmama,New scene. Two people. Both me. They are arguing and I am losing.,13,"ROTATION — scheduled, not a conversation",radio.vo.hogmama.1cbt1pi,radio.vo.hogmama.1cbt1pi.mp3
R,ALL SCENES,97.8 THE SQUATCH (radio),192,Hog Mama,hogmama,…I am thinking. I am allowed to think.,8,"ROTATION — scheduled, not a conversation",radio.vo.hogmama.1pjiss8,radio.vo.hogmama.1pjiss8.mp3
R,ALL SCENES,97.8 THE SQUATCH (radio),193,Hog Mama,hogmama,The clock says it is late enough that this counts as art.,12,"ROTATION — scheduled, not a conversation",radio.vo.hogmama.0g0w0qx,radio.vo.hogmama.0g0w0qx.mp3
R,ALL SCENES,97.8 THE SQUATCH (radio),194,Hog Mama,hogmama,"Somebody in the chat has typed one word: ""why"". Fair. Good note.",12,"ROTATION — scheduled, not a conversation",radio.vo.hogmama.16r6qck,radio.vo.hogmama.16r6qck.mp3
R,ALL SCENES,97.8 THE SQUATCH (radio),195,Hog Mama,hogmama,I want to try something. It will not work. Here it is anyway.,13,"ROTATION — scheduled, not a conversation",radio.vo.hogmama.04fa4f3,radio.vo.hogmama.04fa4f3.mp3
R,ALL SCENES,97.8 THE SQUATCH (radio),196,Hog Mama,hogmama,Right. Yes. As predicted.,4,"ROTATION — scheduled, not a conversation",radio.vo.hogmama.1v3994k,radio.vo.hogmama.1v3994k.mp3
R,ALL SCENES,97.8 THE SQUATCH (radio),197,Hog Mama,hogmama,"If you have to be up in the morning, turn this off. I mean it. Go.",16,"ROTATION — scheduled, not a conversation",radio.vo.hogmama.12smkpl,radio.vo.hogmama.12smkpl.mp3
R,ALL SCENES,97.8 THE SQUATCH (radio),198,Hog Mama,hogmama,You are still here. Okay. Then we are doing the bus again.,12,"ROTATION — scheduled, not a conversation",radio.vo.hogmama.12c15xl,radio.vo.hogmama.12c15xl.mp3
R,ALL SCENES,97.8 THE SQUATCH (radio),199,Hog Mama,hogmama,I have been on this bus for four years. Nobody has ever got off.,14,"ROTATION — scheduled, not a conversation",radio.vo.hogmama.0rfi3kc,radio.vo.hogmama.0rfi3kc.mp3
R,ALL SCENES,97.8 THE SQUATCH (radio),200,Hog Mama,hogmama,Last one. Give me a location. …The apartment. Fine. The apartment.,11,"ROTATION — scheduled, not a conversation",radio.vo.hogmama.0mgmll0,radio.vo.hogmama.0mgmll0.mp3
R,ALL SCENES,97.8 THE SQUATCH (radio),201,97.8 station announcer,announcer,97.8 The Squatch. Nobody is in the building.,8,"ROTATION — scheduled, not a conversation",radio.vo.announcer.0gen8dz,radio.vo.announcer.0gen8dz.mp3
R,ALL SCENES,97.8 THE SQUATCH (radio),202,97.8 station announcer,announcer,This is an automated broadcast. There is nobody to complain to.,11,"ROTATION — scheduled, not a conversation",radio.vo.announcer.0y68wik,radio.vo.announcer.0y68wik.mp3
R,ALL SCENES,97.8 THE SQUATCH (radio),203,97.8 station announcer,announcer,The overnight tape has been running for eleven years.,9,"ROTATION — scheduled, not a conversation",radio.vo.announcer.0u9v7ne,radio.vo.announcer.0u9v7ne.mp3
R,ALL SCENES,97.8 THE SQUATCH (radio),204,97.8 station announcer,announcer,The following is a repeat. Everything is a repeat.,9,"ROTATION — scheduled, not a conversation",radio.vo.announcer.0twfsvf,radio.vo.announcer.0twfsvf.mp3
R,ALL SCENES,97.8 THE SQUATCH (radio),205,97.8 station announcer,announcer,A reminder that nothing on this station has ever been checked.,11,"ROTATION — scheduled, not a conversation",radio.vo.announcer.0bwdtn9,radio.vo.announcer.0bwdtn9.mp3
R,ALL SCENES,97.8 THE SQUATCH (radio),206,97.8 station announcer,announcer,Hog Mama has left the building. She left the microphone on.,11,"ROTATION — scheduled, not a conversation",radio.vo.announcer.1u2ak1b,radio.vo.announcer.1u2ak1b.mp3
R,ALL SCENES,97.8 THE SQUATCH (radio),207,97.8 station announcer,announcer,…That was the tape. The tape does that.,8,"ROTATION — scheduled, not a conversation",radio.vo.announcer.17jjafg,radio.vo.announcer.17jjafg.mp3
R,ALL SCENES,97.8 THE SQUATCH (radio),208,97.8 station announcer,announcer,"If you are awake, that is between you and the ceiling.",11,"ROTATION — scheduled, not a conversation",radio.vo.announcer.1vtvpq8,radio.vo.announcer.1vtvpq8.mp3
R,ALL SCENES,97.8 THE SQUATCH (radio),209,97.8 station announcer,announcer,"Whatever you were going to do tonight, you have done it now.",12,"ROTATION — scheduled, not a conversation",radio.vo.announcer.1rj3emp,radio.vo.announcer.1rj3emp.mp3
R,ALL SCENES,97.8 THE SQUATCH (radio),210,97.8 station announcer,announcer,97.8. Broadcasting to an empty city at an unreasonable hour.,10,"ROTATION — scheduled, not a conversation",radio.vo.announcer.0onxfz6,radio.vo.announcer.0onxfz6.mp3
R,ALL SCENES,97.8 THE SQUATCH (radio),211,97.8 station announcer,announcer,Lou & Lou at six. Both Lous. Allegedly.,8,"ROTATION — scheduled, not a conversation",radio.vo.announcer.1vxa4x4,radio.vo.announcer.1vxa4x4.mp3
R,ALL SCENES,97.8 THE SQUATCH (radio),212,97.8 station announcer,announcer,We’ll be back at six. Probably.,6,"ROTATION — scheduled, not a conversation",radio.vo.announcer.0mggvzp,radio.vo.announcer.0mggvzp.mp3
R,ALL SCENES,97.8 THE SQUATCH (radio),213,97.8 station announcer,announcer,If it’s on the air… it probably shouldn’t be.,9,"ROTATION — scheduled, not a conversation",radio.vo.announcer.0m4q0kv,radio.vo.announcer.0m4q0kv.mp3
R,ALL SCENES,97.8 THE SQUATCH (radio),214,97.8 station announcer,announcer,Eat those pasture raised eggs folks.,6,"ROTATION — scheduled, not a conversation",radio.vo.announcer.1fd40j6,radio.vo.announcer.1fd40j6.mp3
R,ALL SCENES,97.8 THE SQUATCH (radio),215,97.8 station announcer,announcer,"Tired of boring radio stations that care about ""facts"" and ""professionalism""?",11,"ROTATION — scheduled, not a conversation",radio.vo.announcer.1mxeyam,radio.vo.announcer.1mxeyam.mp3
R,ALL SCENES,97.8 THE SQUATCH (radio),216,97.8 station announcer,announcer,Then tune your dial to 97.8… THE SQUATCH!,8,"ROTATION — scheduled, not a conversation",radio.vo.announcer.10i0r0m,radio.vo.announcer.10i0r0m.mp3
R,ALL SCENES,97.8 THE SQUATCH (radio),217,97.8 station announcer,announcer,"Wake up every morning with Lou & Lou! Two Lous. Zero preparation. Four hours of farts, aviation, friendslop and more.",20,"ROTATION — scheduled, not a conversation",radio.vo.announcer.0wwm83w,radio.vo.announcer.0wwm83w.mp3
R,ALL SCENES,97.8 THE SQUATCH (radio),218,97.8 station announcer,announcer,"At Noon, it’s Booski & Ape’s CS Gambling Show!",9,"ROTATION — scheduled, not a conversation",radio.vo.announcer.0zspw0m,radio.vo.announcer.0zspw0m.mp3
R,ALL SCENES,97.8 THE SQUATCH (radio),219,97.8 station announcer,announcer,"""Is Team Liquid an NA team? Should you bet the house on Spirit? Nonstop updates and news from all around the CS world!""",23,"ROTATION — scheduled, not a conversation",radio.vo.announcer.1a16urd,radio.vo.announcer.1a16urd.mp3
R,ALL SCENES,97.8 THE SQUATCH (radio),220,97.8 station announcer,announcer,"At 3 PM, it’s Irish’s Deep Dives… bringing you Real News You Can Trust.",14,"ROTATION — scheduled, not a conversation",radio.vo.announcer.0l9km5t,radio.vo.announcer.0l9km5t.mp3
R,ALL SCENES,97.8 THE SQUATCH (radio),221,97.8 station announcer,announcer,"""Tonight: is Big Egg suppressing the pasture-raised truth? We investigate… for way longer than necessary.""",15,"ROTATION — scheduled, not a conversation",radio.vo.announcer.1pykcsl,radio.vo.announcer.1pykcsl.mp3
R,ALL SCENES,97.8 THE SQUATCH (radio),222,97.8 station announcer,announcer,"Then at 5 PM, don’t miss Eric & Gratin’s ""What’s Happening in India!""",13,"ROTATION — scheduled, not a conversation",radio.vo.announcer.04ofbcl,radio.vo.announcer.04ofbcl.mp3
R,ALL SCENES,97.8 THE SQUATCH (radio),223,97.8 station announcer,announcer,"Covering headlines, cricket scores, technology, food, and somehow always ending with a discussion about butter chicken.",16,"ROTATION — scheduled, not a conversation",radio.vo.announcer.1ob7c1m,radio.vo.announcer.1ob7c1m.mp3
R,ALL SCENES,97.8 THE SQUATCH (radio),224,97.8 station announcer,announcer,And when the sun goes down…,6,"ROTATION — scheduled, not a conversation",radio.vo.announcer.1m7fq8e,radio.vo.announcer.1m7fq8e.mp3
R,ALL SCENES,97.8 THE SQUATCH (radio),225,97.8 station announcer,announcer,It’s Hog Mama’s Late Night Improv! No script. No plan. No one knows what’s happening — including Hog Mama.,19,"ROTATION — scheduled, not a conversation",radio.vo.announcer.0o3o1tt,radio.vo.announcer.0o3o1tt.mp3
R,ALL SCENES,97.8 THE SQUATCH (radio),226,97.8 station announcer,announcer,97.8 THE SQUATCH.,3,"ROTATION — scheduled, not a conversation",radio.vo.announcer.0mpkoei,radio.vo.announcer.0mpkoei.mp3
R,ALL SCENES,97.8 THE SQUATCH (radio),227,97.8 station announcer,announcer,The only station where every host thinks they’re the smartest person in the building… and somehow they are.,18,"ROTATION — scheduled, not a conversation",radio.vo.announcer.08sys7m,radio.vo.announcer.08sys7m.mp3
R,ALL SCENES,97.8 THE SQUATCH (radio),228,97.8 station announcer,announcer,Eat those pasture raised eggs folks!,6,"ROTATION — scheduled, not a conversation",radio.vo.announcer.1g72tm3,radio.vo.announcer.1g72tm3.mp3
R,ALL SCENES,97.8 THE SQUATCH (radio),229,97.8 station announcer,announcer,"97.8 THE SQUATCH. ""If it’s on the air… it probably shouldn’t be.""",12,"ROTATION — scheduled, not a conversation",radio.vo.announcer.05i3ov7,radio.vo.announcer.05i3ov7.mp3
R,ALL SCENES,97.8 THE SQUATCH (radio),230,97.8 station announcer,announcer,A word about LOU’S ORIGINAL JERKY.,6,"ROTATION — scheduled, not a conversation",radio.vo.announcer.0abcdkw,radio.vo.announcer.0abcdkw.mp3
R,ALL SCENES,97.8 THE SQUATCH (radio),231,97.8 station announcer,announcer,"Three generations. One smokehouse. Same building on Route 9 since nineteen fifty-one, and the same recipe, because nobody has ever been allowed to write it down.",26,"ROTATION — scheduled, not a conversation",radio.vo.announcer.1aq9dos,radio.vo.announcer.1aq9dos.mp3
R,ALL SCENES,97.8 THE SQUATCH (radio),232,97.8 station announcer,announcer,Big Uncle Lou still comes in at four in the morning to check the racks himself. Ask anybody. They’ll tell you. They’ll tell you quickly.,25,"ROTATION — scheduled, not a conversation",radio.vo.announcer.09jz70p,radio.vo.announcer.09jz70p.mp3
R,ALL SCENES,97.8 THE SQUATCH (radio),233,97.8 station announcer,announcer,No fillers. No additives. Nothing in it that wasn’t walking around this county a week ago.,16,"ROTATION — scheduled, not a conversation",radio.vo.announcer.1l8loyg,radio.vo.announcer.1l8loyg.mp3
R,ALL SCENES,97.8 THE SQUATCH (radio),234,97.8 station announcer,announcer,"LOU’S ORIGINAL JERKY. Available at fine retailers, and at several retailers who have not been asked.",16,"ROTATION — scheduled, not a conversation",radio.vo.announcer.154eda9,radio.vo.announcer.154eda9.mp3
R,ALL SCENES,97.8 THE SQUATCH (radio),235,97.8 station announcer,announcer,Because family is everything.,4,"ROTATION — scheduled, not a conversation",radio.vo.announcer.1p4rsex,radio.vo.announcer.1p4rsex.mp3
R,ALL SCENES,97.8 THE SQUATCH (radio),236,97.8 station announcer,announcer,Have you been hurt? Have you hurt somebody? Either one. Call the number.,13,"ROTATION — scheduled, not a conversation",radio.vo.announcer.0xg2y3x,radio.vo.announcer.0xg2y3x.mp3
R,ALL SCENES,97.8 THE SQUATCH (radio),237,97.8 station announcer,announcer,"I’m Vincent Marrow, and for twenty-two years I have stood beside the people of this county at what I would describe as the worst moment of their lives.",28,"ROTATION — scheduled, not a conversation",radio.vo.announcer.12vwbcl,radio.vo.announcer.12vwbcl.mp3
R,ALL SCENES,97.8 THE SQUATCH (radio),238,97.8 station announcer,announcer,Slip and fall. Dog bite. Boating accident with an unclear number of people on the boat when it left and when it came back.,24,"ROTATION — scheduled, not a conversation",radio.vo.announcer.1i9iq1a,radio.vo.announcer.1i9iq1a.mp3
R,ALL SCENES,97.8 THE SQUATCH (radio),239,97.8 station announcer,announcer,I don’t judge. I have never judged. Judging is somebody else’s job in that building and frankly they are not good at it either.,24,"ROTATION — scheduled, not a conversation",radio.vo.announcer.1dts2dr,radio.vo.announcer.1dts2dr.mp3
R,ALL SCENES,97.8 THE SQUATCH (radio),240,97.8 station announcer,announcer,"No fee unless we win. No questions at all, ever, about anything, at any point in our relationship.",18,"ROTATION — scheduled, not a conversation",radio.vo.announcer.1r4nlag,radio.vo.announcer.1r4nlag.mp3
R,ALL SCENES,97.8 THE SQUATCH (radio),241,97.8 station announcer,announcer,MARROW AND ASSOCIATES. There are no associates.,7,"ROTATION — scheduled, not a conversation",radio.vo.announcer.14wolqi,radio.vo.announcer.14wolqi.mp3
R,ALL SCENES,97.8 THE SQUATCH (radio),242,97.8 station announcer,announcer,Do not talk to anyone. Talk to me.,8,"ROTATION — scheduled, not a conversation",radio.vo.announcer.1bsyh44,radio.vo.announcer.1bsyh44.mp3
R,ALL SCENES,97.8 THE SQUATCH (radio),243,97.8 station announcer,announcer,SUNDAY! SUNDAY! SUNDAY! at BUDDY GRAVES AUTOMOTIVE on the Old Post Road!,12,"ROTATION — scheduled, not a conversation",radio.vo.announcer.054iw8l,radio.vo.announcer.054iw8l.mp3
R,ALL SCENES,97.8 THE SQUATCH (radio),244,97.8 station announcer,announcer,EVERY TRUCK ON THE LOT! EVERY CAR ON THE LOT! EVERY VEHICLE MY WIFE’S BROTHER LEFT ON THE LOT!,19,"ROTATION — scheduled, not a conversation",radio.vo.announcer.0d1vxsw,radio.vo.announcer.0d1vxsw.mp3
R,ALL SCENES,97.8 THE SQUATCH (radio),245,97.8 station announcer,announcer,ZERO DOWN! ZERO INTEREST! ZERO CREDIT CHECK! ZERO PAPERWORK OF ANY KIND THAT COULD LATER BE PRODUCED!,17,"ROTATION — scheduled, not a conversation",radio.vo.announcer.09x693c,radio.vo.announcer.09x693c.mp3
R,ALL SCENES,97.8 THE SQUATCH (radio),246,97.8 station announcer,announcer,WE WILL BEAT ANY PRICE! WE WILL BEAT ANY OFFER! WE HAVE BEATEN OFFERS THAT WERE NEVER MADE!,18,"ROTATION — scheduled, not a conversation",radio.vo.announcer.03x8fj5,radio.vo.announcer.03x8fj5.mp3
R,ALL SCENES,97.8 THE SQUATCH (radio),247,97.8 station announcer,announcer,"IF YOU CAN GET HERE, YOU CAN DRIVE HOME! IF YOU CANNOT GET HERE, WE WILL COME AND GET YOU, AND WE HAVE.",23,"ROTATION — scheduled, not a conversation",radio.vo.announcer.1o1ovzn,radio.vo.announcer.1o1ovzn.mp3
R,ALL SCENES,97.8 THE SQUATCH (radio),248,97.8 station announcer,announcer,BUDDY GRAVES AUTOMOTIVE! OLD POST ROAD! SUNDAY!,7,"ROTATION — scheduled, not a conversation",radio.vo.announcer.1ehexkx,radio.vo.announcer.1ehexkx.mp3
R,ALL SCENES,97.8 THE SQUATCH (radio),249,97.8 station announcer,announcer,Come down and see me. Please. Anybody. Come down and see me on Sunday.,14,"ROTATION — scheduled, not a conversation",radio.vo.announcer.0tgxpfd,radio.vo.announcer.0tgxpfd.mp3
R,ALL SCENES,97.8 THE SQUATCH (radio),250,97.8 station announcer,announcer,The Silver Sasquatches weekly meeting is Wednesday. Tomorrow. Seven in the evening. Members only. Routine business.,16,"ROTATION — scheduled, not a conversation",radio.vo.announcer.170fb70,radio.vo.announcer.170fb70.mp3
R,ALL SCENES,97.8 THE SQUATCH (radio),251,97.8 station announcer,announcer,The news at the top of the hour. Police are asking for information about a man reported missing after a private party at a nightclub on the east side.,29,"ROTATION — scheduled, not a conversation",radio.vo.announcer.0g9ycag,radio.vo.announcer.0g9ycag.mp3
R,ALL SCENES,97.8 THE SQUATCH (radio),252,97.8 station announcer,announcer,"Guests describe a lively evening, a disagreement nobody saw, and a car park with one more car in it than there were owners to drive them home.",27,"ROTATION — scheduled, not a conversation",radio.vo.announcer.0pl2nhg,radio.vo.announcer.0pl2nhg.mp3
R,ALL SCENES,97.8 THE SQUATCH (radio),253,97.8 station announcer,announcer,"Staff say the night was completely ordinary. They say it in the same words, in the same order, every time they are asked.",23,"ROTATION — scheduled, not a conversation",radio.vo.announcer.0yk006u,radio.vo.announcer.0yk006u.mp3
R,ALL SCENES,97.8 THE SQUATCH (radio),254,97.8 station announcer,announcer,Anyone with information is asked to come forward. So far nobody has any. Sport after the break.,17,"ROTATION — scheduled, not a conversation",radio.vo.announcer.12bwuzg,radio.vo.announcer.12bwuzg.mp3
R,ALL SCENES,97.8 THE SQUATCH (radio),255,97.8 station announcer,announcer,"An update from the county road, where police spent the morning at a roadside motel and will not say why.",20,"ROTATION — scheduled, not a conversation",radio.vo.announcer.0ysnvxe,radio.vo.announcer.0ysnvxe.mp3
R,ALL SCENES,97.8 THE SQUATCH (radio),256,97.8 station announcer,announcer,"Officers removed what one witness describes as boxes, and what a second witness describes as a lot of boxes.",19,"ROTATION — scheduled, not a conversation",radio.vo.announcer.0n8zivc,radio.vo.announcer.0n8zivc.mp3
R,ALL SCENES,97.8 THE SQUATCH (radio),257,97.8 station announcer,announcer,"Rumors that the cargo was jerky remain unconfirmed. The smell, our reporter notes, does not.",15,"ROTATION — scheduled, not a conversation",radio.vo.announcer.1px0vn6,radio.vo.announcer.1px0vn6.mp3
R,ALL SCENES,97.8 THE SQUATCH (radio),258,97.8 station announcer,announcer,The motel says it is open for business. The county road is not.,13,"ROTATION — scheduled, not a conversation",radio.vo.announcer.1u90o1i,radio.vo.announcer.1u90o1i.mp3
R,ALL SCENES,97.8 THE SQUATCH (radio),259,97.8 station announcer,announcer,From the lake — the search has been suspended after a boating incident left one man unaccounted for.,18,"ROTATION — scheduled, not a conversation",radio.vo.announcer.1i92quw,radio.vo.announcer.1i92quw.mp3
R,ALL SCENES,97.8 THE SQUATCH (radio),260,97.8 station announcer,announcer,The vessel returned to the marina with fewer passengers than it left with. The remaining passengers describe a calm and pleasant afternoon.,22,"ROTATION — scheduled, not a conversation",radio.vo.announcer.0j0s8av,radio.vo.announcer.0j0s8av.mp3
R,ALL SCENES,97.8 THE SQUATCH (radio),261,97.8 station announcer,announcer,"Nobody on board recalls the missing man being on board, including the man who invited him.",16,"ROTATION — scheduled, not a conversation",radio.vo.announcer.0hk4r6y,radio.vo.announcer.0hk4r6y.mp3
R,ALL SCENES,97.8 THE SQUATCH (radio),262,97.8 station announcer,announcer,The lake has been asked for comment. The lake is calm.,11,"ROTATION — scheduled, not a conversation",radio.vo.announcer.0npqmix,radio.vo.announcer.0npqmix.mp3
R,ALL SCENES,97.8 THE SQUATCH (radio),263,97.8 station announcer,announcer,"Our top story remains the daylight robbery at Cumberland Fidelity, where an armed crew emptied the vault and shot their way out of downtown.",24,"ROTATION — scheduled, not a conversation",radio.vo.announcer.06cunix,radio.vo.announcer.06cunix.mp3
R,ALL SCENES,97.8 THE SQUATCH (radio),264,97.8 station announcer,announcer,"Every hostage walked out unharmed. Several describe the gunmen as polite, professional, and considerably larger than the doors.",18,"ROTATION — scheduled, not a conversation",radio.vo.announcer.0rp9kjo,radio.vo.announcer.0rp9kjo.mp3
R,ALL SCENES,97.8 THE SQUATCH (radio),265,97.8 station announcer,announcer,Witnesses describe the man carrying the duffel bags as an unidentified large gentleman. Witnesses describe the other four the same way.,21,"ROTATION — scheduled, not a conversation",radio.vo.announcer.0xnsees,radio.vo.announcer.0xnsees.mp3
R,ALL SCENES,97.8 THE SQUATCH (radio),266,97.8 station announcer,announcer,Police have released a description. The description is: large. Further details as they refuse to develop.,16,"ROTATION — scheduled, not a conversation",radio.vo.announcer.0ymg6a2,radio.vo.announcer.0ymg6a2.mp3
R,ALL SCENES,97.8 THE SQUATCH (radio),267,97.8 station announcer,announcer,"The bank reopens Monday. The vault, we are told, needs longer.",11,"ROTATION — scheduled, not a conversation",radio.vo.announcer.1xb04qh,radio.vo.announcer.1xb04qh.mp3
R,ALL SCENES,97.8 THE SQUATCH (radio),268,97.8 station announcer,announcer,"Police have confirmed an armed assault overnight on a private estate outside the city, repelled before officers arrived.",18,"ROTATION — scheduled, not a conversation",radio.vo.announcer.0jx3pgo,radio.vo.announcer.0jx3pgo.mp3
R,ALL SCENES,97.8 THE SQUATCH (radio),269,97.8 station announcer,announcer,"The homeowner, described as a retired businessman, declined to be interviewed, photographed, or approached.",14,"ROTATION — scheduled, not a conversation",radio.vo.announcer.1hwcfyz,radio.vo.announcer.1hwcfyz.mp3
R,ALL SCENES,97.8 THE SQUATCH (radio),270,97.8 station announcer,announcer,"Neighbors report roughly twenty minutes of sustained gunfire, which the estate’s groundskeeper attributes to raccoons.",15,"ROTATION — scheduled, not a conversation",radio.vo.announcer.0z1j2c4,radio.vo.announcer.0z1j2c4.mp3
R,ALL SCENES,97.8 THE SQUATCH (radio),271,97.8 station announcer,announcer,No arrests have been made. No attackers could be located to arrest.,12,"ROTATION — scheduled, not a conversation",radio.vo.announcer.0oa8zlv,radio.vo.announcer.0oa8zlv.mp3
R,ALL SCENES,97.8 THE SQUATCH (radio),272,97.8 station announcer,announcer,International news. Authorities overseas are investigating a large unexplained detonation outside a coastal city late last night.,17,"ROTATION — scheduled, not a conversation",radio.vo.announcer.13i20ak,radio.vo.announcer.13i20ak.mp3
R,ALL SCENES,97.8 THE SQUATCH (radio),273,97.8 station announcer,announcer,"Residents report a single aircraft, a very bright light, and a cloud one witness would only describe as historically shaped.",20,"ROTATION — scheduled, not a conversation",radio.vo.announcer.1mw08bf,radio.vo.announcer.1mw08bf.mp3
R,ALL SCENES,97.8 THE SQUATCH (radio),274,97.8 station announcer,announcer,"Air-defense batteries were active for most of an hour. Officials confirm they hit nothing, and have asked us to emphasize that they were close.",24,"ROTATION — scheduled, not a conversation",radio.vo.announcer.1tbxjjr,radio.vo.announcer.1tbxjjr.mp3
R,ALL SCENES,97.8 THE SQUATCH (radio),275,97.8 station announcer,announcer,No group has claimed responsibility. Aviation records show no aircraft of that size registered to anybody sensible.,17,"ROTATION — scheduled, not a conversation",radio.vo.announcer.1qmracr,radio.vo.announcer.1qmracr.mp3
R,ALL SCENES,97.8 THE SQUATCH (radio),276,97.8 station announcer,announcer,Overseas again — officials are investigating an outbreak of violence at a fortified private compound south of the border.,19,"ROTATION — scheduled, not a conversation",radio.vo.announcer.1dsn9l5,radio.vo.announcer.1dsn9l5.mp3
R,ALL SCENES,97.8 THE SQUATCH (radio),277,97.8 station announcer,announcer,"The compound belonged to a businessman described in the regional press as an agricultural exporter, with the quotation marks audible.",20,"ROTATION — scheduled, not a conversation",radio.vo.announcer.0c5i559,radio.vo.announcer.0c5i559.mp3
R,ALL SCENES,97.8 THE SQUATCH (radio),278,97.8 station announcer,announcer,"Sources report a change of leadership in the local organization. The new leadership has not been named, located, or seen.",20,"ROTATION — scheduled, not a conversation",radio.vo.announcer.11yz7vl,radio.vo.announcer.11yz7vl.mp3
R,ALL SCENES,97.8 THE SQUATCH (radio),279,97.8 station announcer,announcer,"Regional authorities have declared the matter internal, closed, and none of anyone’s business, in that order.",16,"ROTATION — scheduled, not a conversation",radio.vo.announcer.10wwqon,radio.vo.announcer.10wwqon.mp3
R,ALL SCENES,97.8 THE SQUATCH (radio),280,97.8 station announcer,announcer,A strange one from the wire. The families of several research scientists say they have been unable to reach them for days.,22,"ROTATION — scheduled, not a conversation",radio.vo.announcer.06vu9sz,radio.vo.announcer.06vu9sz.mp3
R,ALL SCENES,97.8 THE SQUATCH (radio),281,97.8 station announcer,announcer,Their employer cannot be reached either. Calls to the listed number reach a man who says there is no listed number.,21,"ROTATION — scheduled, not a conversation",radio.vo.announcer.0twgwum,radio.vo.announcer.0twgwum.mp3
R,ALL SCENES,97.8 THE SQUATCH (radio),282,97.8 station announcer,announcer,The scientists were last seen leaving for a private contract at an undisclosed residence. That is the entire sentence we have been given.,23,"ROTATION — scheduled, not a conversation",radio.vo.announcer.0qgoe7f,radio.vo.announcer.0qgoe7f.mp3
R,ALL SCENES,97.8 THE SQUATCH (radio),283,97.8 station announcer,announcer,"Police are not treating the matter as suspicious, on the grounds that they have not been told about it.",19,"ROTATION — scheduled, not a conversation",radio.vo.announcer.00eb7vf,radio.vo.announcer.00eb7vf.mp3
R,ALL SCENES,97.8 THE SQUATCH (radio),284,97.8 station announcer,announcer,That was one of ours. All of them are ours.,10,"ROTATION — scheduled, not a conversation",radio.vo.announcer.1v05271,radio.vo.announcer.1v05271.mp3
R,ALL SCENES,97.8 THE SQUATCH (radio),285,97.8 station announcer,announcer,Every record on this station was made by somebody in this group.,12,"ROTATION — scheduled, not a conversation",radio.vo.announcer.0rf28a0,radio.vo.announcer.0rf28a0.mp3
R,ALL SCENES,97.8 THE SQUATCH (radio),286,97.8 station announcer,announcer,That is not a boast. It is closer to a disclosure.,11,"ROTATION — scheduled, not a conversation",radio.vo.announcer.0cdawco,radio.vo.announcer.0cdawco.mp3
R,ALL SCENES,97.8 THE SQUATCH (radio),287,97.8 station announcer,announcer,Requests are open. Requests have always been open. Nobody has ever rung.,12,"ROTATION — scheduled, not a conversation",radio.vo.announcer.1keapkw,radio.vo.announcer.1keapkw.mp3
R,ALL SCENES,97.8 THE SQUATCH (radio),288,97.8 station announcer,announcer,This one charted. Internally. Among us.,6,"ROTATION — scheduled, not a conversation",radio.vo.announcer.11ryahr,radio.vo.announcer.11ryahr.mp3
R,ALL SCENES,97.8 THE SQUATCH (radio),289,97.8 station announcer,announcer,"If you know the words, you were probably there when it was written.",13,"ROTATION — scheduled, not a conversation",radio.vo.announcer.035km9h,radio.vo.announcer.035km9h.mp3
R,ALL SCENES,97.8 THE SQUATCH (radio),290,97.8 station announcer,announcer,Somebody mixed this in a basement on monitors that cost forty dollars.,12,"ROTATION — scheduled, not a conversation",radio.vo.announcer.0qdc8ax,radio.vo.announcer.0qdc8ax.mp3
R,ALL SCENES,97.8 THE SQUATCH (radio),291,97.8 station announcer,announcer,That was written in one night. You can tell. We are not hiding it.,14,"ROTATION — scheduled, not a conversation",radio.vo.announcer.10fsahj,radio.vo.announcer.10fsahj.mp3
R,ALL SCENES,97.8 THE SQUATCH (radio),292,97.8 station announcer,announcer,No royalties have ever been paid. No royalties have ever been owed.,12,"ROTATION — scheduled, not a conversation",radio.vo.announcer.0ttl6xr,radio.vo.announcer.0ttl6xr.mp3
R,ALL SCENES,97.8 THE SQUATCH (radio),293,97.8 station announcer,announcer,Turn it up. Nobody in this building is going to stop you.,12,"ROTATION — scheduled, not a conversation",radio.vo.announcer.0rc2fyr,radio.vo.announcer.0rc2fyr.mp3
R,ALL SCENES,97.8 THE SQUATCH (radio),294,97.8 station announcer,announcer,"97.8 The Squatch. The roster, on the roster.",8,"ROTATION — scheduled, not a conversation",radio.vo.announcer.02o73bt,radio.vo.announcer.02o73bt.mp3
R,ALL SCENES,97.8 THE SQUATCH (radio),295,97.8 station announcer,announcer,"Tape segment. A listener sent this in. Two wealthy men, left alone with their own laundry.",16,"ROTATION — scheduled, not a conversation",radio.vo.announcer.0calrbi,radio.vo.announcer.0calrbi.mp3
R,ALL SCENES,97.8 THE SQUATCH (radio),296,97.8 station announcer,announcer,One week a year. Every year. Our thoughts are with them.,11,"ROTATION — scheduled, not a conversation",radio.vo.announcer.1wvrx46,radio.vo.announcer.1wvrx46.mp3
R,ALL SCENES,97.8 THE SQUATCH (radio),297,unknown,unknown,— and he is still in the flat with y—,10,"ROTATION — scheduled, not a conversation",radio.vo.unknown.0atce2d,radio.vo.unknown.0atce2d.mp3
R,ALL SCENES,97.8 THE SQUATCH (radio),298,97.8 station announcer,announcer,…which is the traffic. Back to Lou.,7,"ROTATION — scheduled, not a conversation",radio.vo.announcer.0177le3,radio.vo.announcer.0177le3.mp3
